gp_code,panchayat_id,elevation_dem_m,slope_deg,aspect_sin,aspect_cos,terrain_roughness_m,relative_elevation_m,nearest_river,distance_to_river_m,sand_pct,clay_pct,silt_pct,soil_type
107001,WB_107001,171.54,0.67,-0.949,0.3154,2.51,0.93,Torsa,23762.444944707964,44.1,27.69,28.21,non_sandy
107002,WB_107002,170.84,0.68,0.9833,0.182,2.64,0.23,Torsa,21284.19640477241,44.17,27.67,28.16,non_sandy
107003,WB_107003,171.57,0.68,-0.5932,0.8051,2.47,0.96,Torsa,23541.83174030635,44.07,27.71,28.22,non_sandy
107004,WB_107004,171.01,0.67,-0.3179,0.9481,2.54,0.4,Torsa,23827.625617836526,44.13,27.66,28.21,non_sandy
107005,WB_107005,170.41,0.68,0.9355,0.3534,2.67,-0.2,Torsa,20092.88544235918,44.18,27.68,28.14,non_sandy
107006,WB_107006,170.38,0.68,-0.9831,0.1832,2.52,-0.23,Torsa,25931.74045992733,44.02,27.71,28.27,non_sandy
107007,WB_107007,170.12,0.68,0.9732,0.2301,2.66,-0.49,Torsa,21038.279681618544,44.22,27.64,28.14,non_sandy
107008,WB_107008,171.24,0.66,0.2629,0.9648,2.46,0.63,Torsa,21939.011594769097,44.09,27.72,28.19,non_sandy
107009,WB_107009,170.11,0.68,-0.7269,0.6868,2.51,-0.5,Teesta,25609.69839109065,44.06,27.68,28.26,non_sandy
107010,WB_107010,169.02,0.69,0.9637,0.267,2.64,-1.59,Torsa,18517.536303768666,44.25,27.65,28.1,non_sandy
107011,WB_107011,170.51,0.68,-0.975,0.222,2.52,-0.1,Torsa,25699.499622837287,43.99,27.74,28.27,non_sandy
107012,WB_107012,170.21,0.68,-0.6719,0.7407,2.55,-0.74,Torsa,8459.227331969727,44.35,27.72,27.93,non_sandy
107013,WB_107013,170.15,0.69,0.5114,0.8593,2.55,-0.8,Torsa,10780.31651557305,44.3,27.72,27.98,non_sandy
107014,WB_107014,170.7,0.69,-0.8006,0.5992,2.67,-0.25,Torsa,7199.410975625481,44.41,27.69,27.9,non_sandy
107015,WB_107015,170.66,0.67,0.1221,0.9925,2.53,-0.29,Torsa,9737.79125278531,44.29,27.74,27.97,non_sandy
107016,WB_107016,169.93,0.68,0.4106,0.9118,2.51,-1.02,Torsa,10478.370093417996,44.34,27.69,27.97,non_sandy
107017,WB_107017,171.66,0.69,-0.8237,0.5671,2.62,0.71,Torsa,5951.998869915676,44.41,27.7,27.89,non_sandy
107018,WB_107018,171.48,0.69,0.6085,0.7935,2.55,0.53,Torsa,12391.016222288867,44.23,27.75,28.02,non_sandy
107019,WB_107019,170.6,0.68,-0.7978,0.6029,2.68,-0.35,Torsa,7489.762623425414,44.44,27.67,27.89,non_sandy
107020,WB_107020,171.4,0.68,-0.6136,0.7896,2.55,0.45,Torsa,7807.286074247641,44.32,27.74,27.94,non_sandy
107021,WB_107021,171.18,0.67,0.9927,-0.1204,2.51,0.23,Torsa,12860.571418720994,44.27,27.71,28.02,non_sandy
107022,WB_107022,172.49,0.7,-0.8367,0.5477,2.62,1.54,Torsa,4611.037755399509,44.48,27.67,27.85,non_sandy
107023,WB_107023,173.74,0.67,0.9363,0.3511,2.44,0.66,Torsa,5401.152842422054,44.59,27.73,27.68,non_sandy
107024,WB_107024,173.77,0.67,-0.4704,-0.8825,2.44,0.69,Torsa,3820.3171022664064,44.52,27.76,27.72,non_sandy
107025,WB_107025,173.83,0.66,-0.9144,0.4048,2.47,0.75,Torsa,3744.298851222399,44.57,27.72,27.71,non_sandy
107026,WB_107026,173.08,0.68,0.9908,0.1356,2.59,-0.0,Torsa,6827.842207539972,44.61,27.74,27.65,non_sandy
107027,WB_107027,172.91,0.67,-0.9861,-0.1661,2.47,-0.17,Torsa,1593.9892821593066,44.47,27.77,27.76,non_sandy
107028,WB_107028,172.86,0.68,0.993,0.1177,2.59,-0.22,Torsa,6293.89955009829,44.65,27.7,27.65,non_sandy
107029,WB_107029,173.28,0.67,-0.5462,-0.8377,2.44,0.2,Torsa,5091.40828271016,44.53,27.77,27.7,non_sandy
107030,WB_107030,172.74,0.68,-0.8467,0.5321,2.47,-0.34,Torsa,1442.881907134676,44.51,27.73,27.76,non_sandy
107031,WB_107031,171.76,0.69,0.9972,0.0749,2.57,-1.32,Torsa,8597.817400849677,44.68,27.71,27.61,non_sandy
107032,WB_107032,172.91,0.67,-0.9968,-0.0794,2.47,-0.17,Torsa,1527.3681383927583,44.43,27.79,27.78,non_sandy
107033,WB_107033,173.04,0.67,0.212,0.9773,2.47,-0.04,Torsa,4530.624301238176,44.63,27.69,27.68,non_sandy
107034,WB_107034,172.89,0.69,-0.0619,0.9981,2.58,-0.46,Torsa,17899.354974654587,44.77,27.78,27.45,non_sandy
107035,WB_107035,172.25,0.69,0.1028,0.9947,2.53,-1.1,Torsa,17085.476763688584,44.78,27.76,27.46,non_sandy
107036,WB_107036,173.47,0.68,-0.7292,0.6843,2.64,0.12,Torsa,20218.18469603226,44.84,27.76,27.4,non_sandy
107037,WB_107037,173.49,0.68,0.3311,0.9436,2.61,0.14,Torsa,15735.968239106469,44.7,27.79,27.51,non_sandy
107038,WB_107038,172.46,0.69,-0.582,0.8132,2.65,-0.89,Torsa,19007.183452477697,44.85,27.73,27.42,non_sandy
107039,WB_107039,173.94,0.69,-0.1666,0.986,2.62,0.59,Torsa,19386.85758380263,44.78,27.79,27.43,non_sandy
107040,WB_107040,173.51,0.68,0.8155,0.5788,2.59,0.16,Torsa,14752.522066253337,44.71,27.77,27.52,non_sandy
107041,WB_107041,174.35,0.69,-0.9002,0.4355,2.64,1.0,Torsa,21708.785115406732,44.9,27.73,27.37,non_sandy
107042,WB_107042,174.09,0.68,0.2027,0.9792,2.54,0.74,Torsa,16039.784800941337,44.68,27.82,27.5,non_sandy
107043,WB_107043,172.18,0.68,0.2413,0.9705,2.53,-1.17,Torsa,17010.629923637603,44.82,27.73,27.45,non_sandy
107044,WB_107044,174.21,0.68,-0.7802,0.6255,2.64,0.86,Torsa,21854.338588568135,44.85,27.77,27.38,non_sandy
107045,WB_107045,176.23,0.67,-0.4268,-0.9044,2.44,0.8,Torsa,29313.945079047247,45.0,27.79,27.21,non_sandy
107046,WB_107046,175.67,0.68,0.9833,0.1823,2.51,0.24,Torsa,31342.811479107946,45.05,27.79,27.16,non_sandy
107047,WB_107047,175.6,0.67,-0.9021,-0.4315,2.52,0.17,Torsa,27647.35070467831,44.94,27.82,27.24,non_sandy
107048,WB_107048,176.06,0.68,0.5115,-0.8593,2.5,0.63,Torsa,30948.589319285027,45.06,27.76,27.18,non_sandy
107049,WB_107049,175.39,0.67,0.7245,-0.6892,2.5,-0.04,Torsa,30531.614859689093,45.01,27.81,27.18,non_sandy
107050,WB_107050,175.09,0.68,-1.0,-0.0065,2.54,-0.34,Torsa,26938.695313253837,44.94,27.8,27.26,non_sandy
107051,WB_107051,174.61,0.68,0.9666,0.2562,2.51,-0.82,Torsa,33283.870446854366,45.12,27.76,27.12,non_sandy
107052,WB_107052,175.3,0.67,-0.9718,-0.2357,2.5,-0.13,Torsa,27402.083396169233,44.91,27.84,27.25,non_sandy
107053,WB_107053,175.98,0.67,-0.5929,-0.8053,2.44,0.55,Torsa,29362.87086340006,45.03,27.76,27.21,non_sandy
107054,WB_107054,175.25,0.67,0.6289,-0.7775,2.5,-0.18,Torsa,32963.28939748043,45.08,27.79,27.13,non_sandy
107055,WB_107055,174.5,0.68,-0.9995,-0.0322,2.54,-0.93,Torsa,25165.289841934264,44.87,27.83,27.3,non_sandy
107056,WB_107056,175.24,0.7,0.3044,0.9526,2.65,-0.76,Torsa,39994.98728378307,45.21,27.82,26.97,non_sandy
107057,WB_107057,175.62,0.7,-0.2585,0.966,2.68,-0.38,Torsa,42529.986401866656,45.28,27.81,26.91,non_sandy
107058,WB_107058,176.26,0.69,0.3013,0.9535,2.67,0.26,Torsa,39345.150953372395,45.17,27.85,26.98,non_sandy
107059,WB_107059,174.55,0.7,0.0467,0.9989,2.53,-1.45,Torsa,40765.04911209331,45.25,27.8,26.95,non_sandy
107060,WB_107060,176.41,0.68,-0.188,0.9822,2.57,0.41,Torsa,42919.516000711315,45.27,27.82,26.91,non_sandy
107061,WB_107061,176.32,0.69,0.4123,0.911,2.67,0.32,Torsa,37487.07941874557,45.13,27.85,27.02,non_sandy
107062,WB_107062,175.73,0.68,-0.5235,0.852,2.59,-0.27,Torsa,43629.33406449326,45.33,27.78,26.89,non_sandy
107063,WB_107063,177.24,0.7,0.0374,0.9993,2.55,1.24,Torsa,40293.83306529635,45.17,27.86,26.97,non_sandy
107064,WB_107064,175.46,0.68,0.5188,0.8549,2.57,-0.54,Torsa,38556.71680514542,45.19,27.81,27.0,non_sandy
107065,WB_107065,176.71,0.69,-0.3111,0.9504,2.68,0.71,Torsa,45063.77541811384,45.34,27.8,26.86,non_sandy
107066,WB_107066,176.48,0.69,0.063,0.998,2.67,0.48,Torsa,36799.48614810579,45.09,27.87,27.04,non_sandy
107067,WB_107067,157.92,0.85,0.9484,-0.3172,3.55,1.16,Kangsabati,7836.779087661038,51.16,22.62,26.22,sandy
107068,WB_107068,158.47,0.85,0.3756,0.9268,3.65,1.71,Kangsabati,7752.52913953926,51.12,22.64,26.24,sandy
107069,WB_107069,157.05,0.78,-0.3092,0.951,3.64,0.29,Kangsabati,8734.639639538249,51.15,22.61,26.24,sandy
107070,WB_107070,156.02,0.84,0.976,-0.2177,3.55,-0.74,Kangsabati,7011.778765069439,51.16,22.63,26.21,sandy
107071,WB_107071,158.15,0.83,0.6197,0.7848,3.65,1.39,Kangsabati,8587.601554132361,51.1,22.64,26.26,sandy
107072,WB_107072,157.41,0.78,-0.5875,-0.8092,3.69,0.65,Kangsabati,8203.988882407364,51.19,22.6,26.21,sandy
107073,WB_107073,156.34,0.82,0.9434,-0.3315,3.59,-0.42,Kangsabati,6891.524971256516,51.13,22.65,26.22,sandy
107074,WB_107074,154.51,0.86,-0.5409,0.8411,3.64,-2.25,Kangsabati,9443.66987300306,51.12,22.62,26.26,sandy
107075,WB_107075,155.01,0.84,0.9872,-0.1595,3.55,-1.75,Kangsabati,6927.714859364551,51.2,22.61,26.19,sandy
107076,WB_107076,103.34,1.36,0.7704,-0.6375,6.25,-2.68,Kangsabati,1750.603944132303,51.2,22.66,26.14,sandy
107077,WB_107077,106.86,1.41,0.7545,-0.6563,7.66,0.84,Kangsabati,1980.4298828246597,51.17,22.68,26.15,sandy
107078,WB_107078,112.88,1.41,0.7843,-0.6204,7.42,6.86,Kangsabati,2589.3005019348257,51.21,22.65,26.14,sandy
107079,WB_107079,95.81,1.37,0.7659,-0.643,6.25,-10.21,Kangsabati,996.9492336636175,51.2,22.67,26.13,sandy
107080,WB_107080,117.78,1.41,0.7741,-0.6331,7.66,11.76,Kangsabati,2882.293037655068,51.16,22.67,26.17,sandy
107081,WB_107081,103.15,1.4,0.7976,-0.6032,7.9,-2.87,Kangsabati,1814.5966325303875,51.24,22.64,26.12,sandy
107082,WB_107082,99.12,1.39,0.7585,-0.6517,7.3,-6.9,Kangsabati,1232.573629749786,51.16,22.69,26.15,sandy
107083,WB_107083,123.48,1.43,0.7741,-0.633,7.42,17.46,Kangsabati,3428.060441125666,51.19,22.65,26.16,sandy
107084,WB_107084,91.77,1.35,0.7597,-0.6502,6.25,-14.25,Kangsabati,631.5215661368261,51.23,22.66,26.11,sandy
107085,WB_107085,89.1,1.15,-0.6596,0.7516,5.08,-1.82,Kangsabati,3807.1702058121055,51.25,22.69,26.06,sandy
107086,WB_107086,95.75,1.19,-0.6806,0.7327,5.8,4.83,Kangsabati,4598.592862202424,51.24,22.71,26.05,sandy
107087,WB_107087,85.63,1.15,-0.6868,0.7269,5.2,-5.29,Kangsabati,3197.2990655147128,51.22,22.7,26.08,sandy
107088,WB_107088,93.66,1.19,-0.6201,0.7845,6.02,2.74,Kangsabati,4408.006101911694,51.28,22.69,26.03,sandy
107089,WB_107089,93.64,1.18,-0.7193,0.6947,5.8,2.72,Kangsabati,4321.186906325545,51.2,22.72,26.08,sandy
107090,WB_107090,83.76,1.12,-0.6772,0.7358,5.04,-7.16,Kangsabati,2893.7536488962387,51.25,22.68,26.07,sandy
107091,WB_107091,102.59,1.25,-0.6851,0.7285,5.61,11.67,Kangsabati,5317.772764718889,51.26,22.7,26.04,sandy
107092,WB_107092,85.73,1.14,-0.6801,0.7331,5.2,-5.19,Kangsabati,3135.5725786800494,51.19,22.72,26.09,sandy
107093,WB_107093,88.44,1.2,-0.6256,0.7801,6.02,-2.48,Kangsabati,3782.3110092411653,51.29,22.67,26.04,sandy
107094,WB_107094,143.11,0.99,-0.6605,0.7508,4.28,0.45,Kangsabati,9804.130681597822,51.3,22.73,25.97,sandy
107095,WB_107095,145.4,0.95,-0.591,0.8067,4.12,2.74,Kangsabati,10566.21382087071,51.28,22.75,25.97,sandy
107096,WB_107096,140.12,0.99,-0.6166,0.7873,4.38,-2.54,Kangsabati,9161.989954432505,51.27,22.74,25.99,sandy
107097,WB_107097,144.57,0.94,-0.8029,0.5961,4.26,1.91,Kangsabati,10432.833474539078,51.32,22.73,25.95,sandy
107098,WB_107098,145.28,0.95,-0.4481,0.894,4.12,2.62,Kangsabati,10246.021191681979,51.25,22.76,25.99,sandy
107099,WB_107099,138.05,1.02,-0.6471,0.7624,4.25,-4.61,Kangsabati,8906.787477970107,51.3,22.72,25.98,sandy
107100,WB_107100,144.91,0.84,-0.4833,0.8755,3.88,2.25,Kangsabati,11310.411171592752,51.31,22.74,25.95,sandy
107101,WB_107101,139.81,1.0,-0.641,0.7675,4.38,-2.85,Kangsabati,9056.272833919707,51.24,22.75,26.01,sandy
107102,WB_107102,142.65,0.92,-0.7887,0.6148,4.26,-0.01,Kangsabati,9840.262765556083,51.34,22.71,25.95,sandy
107103,WB_107103,106.79,1.45,0.7726,-0.6349,7.07,0.95,Kangsabati,15842.697070568547,51.32,22.78,25.9,sandy
107104,WB_107104,108.41,1.44,0.7742,-0.6329,8.23,2.57,Kangsabati,15636.807419252107,51.35,22.76,25.89,sandy
107105,WB_107105,95.84,1.44,0.7675,-0.6411,7.36,-10.0,Kangsabati,16737.56827858601,51.33,22.79,25.88,sandy
107106,WB_107106,116.95,1.45,0.7729,-0.6345,7.07,11.11,Kangsabati,15013.704517281823,51.31,22.78,25.91,sandy
107107,WB_107107,98.36,1.44,0.7818,-0.6235,8.23,-7.48,Kangsabati,16421.0830851778,51.38,22.76,25.86,sandy
107108,WB_107108,101.74,1.44,0.7632,-0.6461,7.98,-4.1,Kangsabati,16319.016580158317,51.3,22.8,25.9,sandy
107109,WB_107109,118.98,1.45,0.7746,-0.6324,7.33,13.14,Kangsabati,14756.288756128226,51.35,22.76,25.89,sandy
107110,WB_107110,88.08,1.43,0.7701,-0.6379,7.36,-17.76,Kangsabati,17374.551030640796,51.36,22.78,25.86,sandy
107111,WB_107111,117.45,1.45,0.7733,-0.6341,7.07,11.61,Kangsabati,15043.445930750051,51.28,22.79,25.93,sandy
107112,WB_107112,70.61,0.99,-0.5721,0.8202,4.61,-1.99,Kangsabati,21579.29520988955,51.39,22.81,25.8,sandy
107113,WB_107113,75.57,1.05,-0.6597,0.7515,4.48,2.97,Kangsabati,22550.01987953586,51.4,22.81,25.79,sandy
107114,WB_107114,70.73,1.0,-0.6897,0.7241,4.45,-1.87,Kangsabati,21476.310441660607,51.35,22.82,25.83,sandy
107115,WB_107115,70.77,1.0,-0.5182,0.8553,4.52,-1.83,Kangsabati,21726.8665827468,51.42,22.8,25.78,sandy
107116,WB_107116,77.91,1.08,-0.6608,0.7506,4.48,5.31,Kangsabati,22833.560398485588,51.37,22.83,25.8,sandy
107117,WB_107117,69.22,0.91,-0.5729,0.8196,4.1,-3.38,Kangsabati,20668.074391754988,51.37,22.81,25.82,sandy
107118,WB_107118,77.2,1.03,-0.7101,0.7041,4.73,4.6,Kangsabati,22824.673091649256,51.43,22.8,25.77,sandy
107119,WB_107119,72.86,0.98,-0.7104,0.7038,4.45,0.26,Kangsabati,21944.545660599462,51.33,22.84,25.83,sandy
107120,WB_107120,68.54,0.97,-0.7015,0.7127,4.52,-4.06,Kangsabati,20842.725208145614,51.41,22.79,25.8,sandy
107121,WB_107121,123.8,1.14,-0.6684,0.7438,5.88,-1.12,Kangsabati,27518.703147007174,51.43,22.85,25.72,sandy
107122,WB_107122,129.39,1.1,-0.6841,0.7294,4.66,4.47,Kangsabati,28418.297429834256,51.45,22.85,25.7,sandy
107123,WB_107123,125.82,1.12,-0.625,0.7806,5.36,0.9,Kangsabati,27747.075832747734,51.4,22.87,25.73,sandy
107124,WB_107124,122.25,1.18,-0.706,0.7082,5.58,-2.67,Kangsabati,27359.57884945053,51.46,22.83,25.71,sandy
107125,WB_107125,132.0,1.06,-0.6594,0.7518,4.66,7.08,Kangsabati,28994.21623908898,51.43,22.86,25.71,sandy
107126,WB_107126,117.61,1.2,-0.6935,0.7204,5.72,-7.31,Kangsabati,26779.26019292123,51.4,22.86,25.74,sandy
107127,WB_107127,128.75,1.15,-0.6974,0.7167,5.71,3.83,Kangsabati,28367.866339875407,51.48,22.83,25.69,sandy
107128,WB_107128,130.35,1.14,-0.6574,0.7535,5.36,5.43,Kangsabati,28454.04454214586,51.39,22.88,25.73,sandy
107129,WB_107129,114.34,1.22,-0.6416,0.767,5.58,-10.58,Kangsabati,26481.671847885034,51.44,22.83,25.73,sandy
107130,WB_107130,102.53,1.44,0.7715,-0.6362,6.9,-0.97,Kangsabati,34010.37709460549,51.49,22.88,25.63,sandy
107131,WB_107131,102.21,1.41,0.7862,-0.618,7.99,-1.29,Kangsabati,34111.260264290926,51.46,22.9,25.64,sandy
107132,WB_107132,112.87,1.41,0.7635,-0.6458,7.21,9.37,Kangsabati,33112.75896917271,51.48,22.88,25.64,sandy
107133,WB_107133,92.47,1.44,0.7723,-0.6353,6.9,-11.03,Kangsabati,34836.07188298558,51.5,22.89,25.61,sandy
107134,WB_107134,112.22,1.42,0.7898,-0.6134,7.99,8.72,Kangsabati,33282.989241499075,51.44,22.9,25.66,sandy
107135,WB_107135,106.26,1.42,0.7519,-0.6593,7.88,2.76,Kangsabati,33628.20400732169,51.52,22.87,25.61,sandy
107136,WB_107136,91.78,1.44,0.7706,-0.6373,7.36,-11.72,Kangsabati,34975.07736287978,51.46,22.91,25.63,sandy
107137,WB_107137,120.39,1.38,0.7714,-0.6363,7.21,16.89,Kangsabati,32413.445894498233,51.46,22.88,25.66,sandy
107138,WB_107138,90.78,1.44,0.7739,-0.6333,6.9,-12.72,Kangsabati,34904.627034538884,51.53,22.87,25.6,sandy
107139,WB_107139,56.79,0.81,0.1528,0.9883,3.59,-1.21,Kangsabati,39505.71338238657,51.53,22.92,25.55,sandy
107140,WB_107140,58.41,0.86,-0.5119,0.8591,3.6,0.41,Kangsabati,40475.501973648294,51.54,22.93,25.53,sandy
107141,WB_107141,57.35,0.81,-0.53,0.848,3.58,-0.65,Kangsabati,39424.40445686834,51.5,22.94,25.56,sandy
107142,WB_107142,56.33,0.83,0.2692,0.9631,3.47,-1.67,Kangsabati,39633.42595733047,51.56,22.91,25.53,sandy
107143,WB_107143,60.02,0.89,-0.5441,0.839,3.6,2.02,Kangsabati,40779.633835169974,51.51,22.94,25.55,sandy
107144,WB_107144,58.74,0.81,0.989,-0.1481,3.4,0.74,Kangsabati,38602.368020406604,51.51,22.92,25.57,sandy
107145,WB_107145,59.04,0.83,-0.6544,0.7562,3.61,1.04,Kangsabati,40729.569665670504,51.57,22.91,25.52,sandy
107146,WB_107146,57.92,0.79,-0.5979,0.8016,3.58,-0.08,Kangsabati,39910.38211033842,51.47,22.95,25.58,sandy
107147,WB_107147,57.4,0.77,-0.4948,0.869,3.47,-0.6,Kangsabati,38746.23514008094,51.55,22.9,25.55,sandy
107148,WB_107148,108.45,1.24,-0.6833,0.7301,5.54,1.8,Damodar,36533.10471253547,51.56,22.97,25.47,sandy
107149,WB_107149,100.84,1.27,-0.6938,0.7202,6.34,-5.81,Damodar,37421.70875348339,51.58,22.96,25.46,sandy
107150,WB_107150,113.21,1.25,-0.6993,0.7148,5.74,6.56,Damodar,36131.5322442018,51.59,22.96,25.45,sandy
107151,WB_107151,102.85,1.27,-0.659,0.7521,6.56,-3.8,Damodar,36948.875614857105,51.54,22.98,25.48,sandy
107152,WB_107152,103.53,1.27,-0.7191,0.6949,6.34,-3.12,Damodar,37384.070295777456,51.61,22.94,25.45,sandy
107153,WB_107153,115.49,1.23,-0.6936,0.7203,5.57,8.84,Damodar,35599.3800915723,51.56,22.98,25.46,sandy
107154,WB_107154,93.23,1.32,-0.6945,0.7195,6.01,-13.42,Damodar,37962.44311628164,51.55,22.96,25.49,sandy
107155,WB_107155,113.45,1.24,-0.6944,0.7196,5.74,6.8,Damodar,36300.911964990126,51.62,22.95,25.43,sandy
107156,WB_107156,108.84,1.28,-0.6585,0.7526,6.56,2.19,Damodar,36195.090130975696,51.52,22.99,25.49,sandy
107157,WB_107157,101.36,1.38,0.7749,-0.6321,6.47,-0.56,Damodar,31061.83775600482,51.63,23.0,25.37,sandy
107158,WB_107158,101.63,1.31,0.8113,-0.5847,7.26,-0.29,Damodar,30742.481830411507,51.6,23.01,25.39,sandy
107159,WB_107159,110.02,1.32,0.7584,-0.6518,6.59,8.1,Damodar,31916.12551917038,51.63,22.99,25.38,sandy
107160,WB_107160,92.09,1.37,0.7771,-0.6294,6.47,-9.83,Damodar,30263.698144118294,51.64,23.0,25.36,sandy
107161,WB_107161,110.22,1.33,0.805,-0.5932,7.26,8.3,Damodar,31442.60617761107,51.58,23.01,25.41,sandy
107162,WB_107162,104.12,1.33,0.7324,-0.6809,7.24,2.2,Damodar,31627.536095381136,51.66,22.98,25.36,sandy
107163,WB_107163,92.06,1.37,0.7718,-0.6359,6.94,-9.86,Damodar,29879.494253539167,51.6,23.02,25.38,sandy
107164,WB_107164,115.82,1.26,0.7764,-0.6302,6.59,13.9,Damodar,32453.959880905848,51.6,23.0,25.4,sandy
107165,WB_107165,89.94,1.38,0.7817,-0.6237,6.47,-11.98,Damodar,30406.151260109542,51.67,22.99,25.34,sandy
107166,WB_107166,45.25,0.78,0.9993,-0.0361,3.41,-1.86,Damodar,25263.032104476442,51.68,23.04,25.28,sandy
107167,WB_107167,46.4,0.93,0.6219,-0.7831,4.33,-0.71,Damodar,25273.304397520904,51.64,23.05,25.31,sandy
107168,WB_107168,47.46,0.93,0.9409,-0.3386,4.39,0.35,Damodar,26129.271210897972,51.69,23.02,25.29,sandy
107169,WB_107169,45.42,0.79,0.8799,-0.4752,3.41,-1.69,Damodar,24472.118814679616,51.67,23.05,25.28,sandy
107170,WB_107170,50.34,0.93,0.8212,-0.5706,4.33,3.23,Damodar,26115.133273516676,51.64,23.05,25.31,sandy
107171,WB_107171,44.69,0.91,0.985,-0.1726,4.28,-2.42,Damodar,25534.498483995678,51.71,23.02,25.27,sandy
107172,WB_107172,45.77,0.85,0.6953,-0.7187,3.83,-1.34,Damodar,24459.341390330446,51.63,23.06,25.31,sandy
107173,WB_107173,52.76,0.99,0.7919,-0.6106,4.39,5.65,Damodar,26865.702662175816,51.67,23.02,25.31,sandy
107174,WB_107174,45.93,0.76,0.6735,-0.7392,3.41,-1.18,Damodar,24305.87941864089,51.71,23.03,25.26,sandy
107175,WB_107175,87.73,1.34,-0.6985,0.7156,6.07,1.74,Damodar,19502.991465442818,51.71,23.08,25.21,sandy
107176,WB_107176,79.01,1.36,-0.7012,0.713,6.8,-6.98,Damodar,20399.63454219405,51.72,23.07,25.21,sandy
107177,WB_107177,93.64,1.35,-0.7069,0.7073,6.3,7.65,Damodar,19121.939943765963,51.74,23.07,25.19,sandy
107178,WB_107178,81.44,1.35,-0.6928,0.7212,7.08,-4.55,Damodar,19900.452597002677,51.68,23.09,25.23,sandy
107179,WB_107179,81.8,1.35,-0.7102,0.704,6.8,-4.19,Damodar,20385.01956895795,51.75,23.06,25.19,sandy
107180,WB_107180,96.75,1.33,-0.7053,0.7089,6.07,10.76,Damodar,18568.64969059193,51.7,23.09,25.21,sandy
107181,WB_107181,71.27,1.37,-0.7023,0.7119,6.39,-14.72,Damodar,20922.50835690344,51.69,23.07,25.24,sandy
107182,WB_107182,93.94,1.34,-0.7054,0.7088,6.3,7.95,Damodar,19313.224448169996,51.77,23.06,25.17,sandy
107183,WB_107183,88.36,1.36,-0.689,0.7248,7.08,2.37,Damodar,19135.483875666836,51.66,23.1,25.24,sandy
107184,WB_107184,102.88,1.1,0.7749,-0.6321,4.95,2.57,Damodar,14246.345655043102,51.75,23.12,25.13,sandy
107185,WB_107185,100.31,1.22,0.7148,-0.6994,6.32,-0.0,Damodar,14272.021803721376,51.79,23.1,25.11,sandy
107186,WB_107186,96.25,1.22,0.8166,-0.5771,6.22,-4.06,Damodar,13376.211199936077,51.75,23.13,25.12,sandy
107187,WB_107187,106.96,1.12,0.7611,-0.6486,4.95,6.65,Damodar,15042.818057097065,51.76,23.11,25.13,sandy
107188,WB_107188,92.0,1.22,0.7723,-0.6352,6.32,-8.31,Damodar,13440.56388850714,51.8,23.11,25.09,sandy
107189,WB_107189,103.28,1.19,0.8442,-0.5361,6.37,2.97,Damodar,13940.986831522827,51.72,23.13,25.15,sandy
107190,WB_107190,104.94,1.16,0.7394,-0.6733,5.79,4.63,Damodar,15096.243597143895,51.8,23.09,25.11,sandy
107191,WB_107191,87.27,1.27,0.77,-0.6381,6.22,-13.04,Damodar,12657.07306902869,51.76,23.13,25.11,sandy
107192,WB_107192,108.92,1.09,0.742,-0.6704,4.95,8.61,Damodar,15176.208020228603,51.72,23.12,25.16,sandy
107193,WB_107193,37.09,1.11,0.7443,-0.6679,5.31,-3.07,Damodar,8020.773162112291,51.81,23.15,25.04,sandy
107194,WB_107194,43.69,1.13,0.7894,-0.6139,4.98,3.53,Damodar,8929.57592831034,51.79,23.15,25.06,sandy
107195,WB_107195,36.58,1.09,0.8315,-0.5555,5.02,-3.58,Damodar,8302.131375247547,51.84,23.14,25.02,sandy
107196,WB_107196,37.83,1.09,0.709,-0.7052,5.31,-2.33,Damodar,7813.654312160907,51.78,23.17,25.05,sandy
107197,WB_107197,46.66,1.16,0.7821,-0.6231,4.98,6.5,Damodar,9560.491891788732,51.82,23.13,25.05,sandy
107198,WB_107198,34.21,1.01,0.7733,-0.6341,5.02,-5.95,Damodar,7290.135336655809,51.83,23.15,25.02,sandy
107199,WB_107199,45.78,1.09,0.7929,-0.6093,5.31,5.62,Damodar,8830.73431009424,51.76,23.17,25.07,sandy
107200,WB_107200,39.45,1.06,0.8383,-0.5452,5.02,-0.71,Damodar,9059.07962430006,51.86,23.12,25.02,sandy
107201,WB_107201,62.05,1.38,-0.707,0.7072,7.49,-2.77,Damodar,3054.8320913852335,51.87,23.18,24.95,sandy
107202,WB_107202,72.43,1.38,-0.7082,0.706,6.85,7.61,Damodar,2063.7913152983742,51.86,23.19,24.95,sandy
107203,WB_107203,56.62,1.38,-0.7147,0.6995,6.69,-8.2,Damodar,3311.6180817686827,51.83,23.19,24.98,sandy
107204,WB_107204,67.74,1.37,-0.7109,0.7033,7.49,2.92,Damodar,2765.6078621359293,51.9,23.17,24.93,sandy
107205,WB_107205,71.15,1.38,-0.7079,0.7063,6.85,6.33,Damodar,1920.9475545251387,51.83,23.21,24.96,sandy
107206,WB_107206,51.4,1.37,-0.7159,0.6982,6.69,-13.42,Damodar,4034.290315440588,51.86,23.17,24.97,sandy
107207,WB_107207,79.33,1.37,-0.7105,0.7037,7.49,14.51,Damodar,1640.5891516592628,51.89,23.18,24.93,sandy
107208,WB_107208,57.83,1.38,-0.7149,0.6992,6.69,-6.99,Damodar,2961.441373381522,51.8,23.21,24.99,sandy
107209,WB_107209,96.03,0.96,0.8222,-0.5691,4.73,-0.95,Damodar,3327.34355925891,51.9,23.23,24.87,sandy
107210,WB_107210,99.66,0.94,0.7417,-0.6708,3.88,2.68,Damodar,2404.3965936558934,51.89,23.23,24.88,sandy
107211,WB_107211,95.8,0.98,0.682,-0.7313,4.64,-1.18,Damodar,3076.995592911922,51.94,23.21,24.85,sandy
107212,WB_107212,96.52,0.98,0.859,-0.512,4.73,-0.46,Damodar,3505.350140079988,51.87,23.24,24.89,sandy
107213,WB_107213,99.99,0.9,0.7575,-0.6529,3.88,3.01,Damodar,1797.8922755083975,51.92,23.21,24.87,sandy
107214,WB_107214,89.52,1.06,0.7658,-0.643,4.64,-7.46,Damodar,4080.8200150477487,51.93,23.23,24.84,sandy
107215,WB_107215,100.02,0.98,0.7424,-0.67,4.73,3.04,Damodar,2471.443438960395,51.85,23.24,24.91,sandy
107216,WB_107216,98.32,1.01,0.67,-0.7424,4.64,1.34,Damodar,2338.1175604178093,51.96,23.2,24.84,sandy
107217,WB_107217,38.26,1.23,0.7746,-0.6324,5.7,-3.86,Damodar,8786.866668087832,51.96,23.26,24.78,sandy
107218,WB_107218,40.75,1.24,0.677,-0.736,6.72,-1.37,Damodar,8796.522631853426,51.93,23.27,24.8,sandy
107219,WB_107219,45.78,1.24,0.774,-0.6331,6.54,3.66,Damodar,7865.873090196249,51.97,23.25,24.78,sandy
107220,WB_107220,33.4,1.18,0.7614,-0.6482,5.7,-8.72,Damodar,9628.904718970723,51.96,23.27,24.77,sandy
107221,WB_107221,49.9,1.25,0.7334,-0.6798,6.72,7.78,Damodar,7909.6098718546355,51.92,23.27,24.81,sandy
107222,WB_107222,38.25,1.26,0.7661,-0.6427,6.54,-3.87,Damodar,8479.634609194653,52.0,23.24,24.76,sandy
107223,WB_107223,35.22,1.22,0.7519,-0.6593,5.7,-6.9,Damodar,9665.69724000984,51.92,23.29,24.79,sandy
107224,WB_107224,55.36,1.29,0.7329,-0.6803,6.54,13.24,Damodar,7094.660268618564,51.95,23.25,24.8,sandy
107225,WB_107225,49.07,1.37,-0.7321,0.6812,7.37,-3.5,Damodar,13937.295594728603,52.01,23.29,24.7,sandy
107226,WB_107226,59.9,1.38,-0.7372,0.6757,6.67,7.33,Damodar,14939.85120130948,52.01,23.3,24.69,sandy
107227,WB_107227,44.98,1.35,-0.7482,0.6635,6.52,-7.59,Damodar,13819.712109078626,51.97,23.31,24.72,sandy
107228,WB_107228,53.66,1.36,-0.7202,0.6937,7.37,1.09,Damodar,14099.964172473541,52.04,23.28,24.68,sandy
107229,WB_107229,59.8,1.38,-0.741,0.6716,6.67,7.23,Damodar,15221.854972191953,51.97,23.32,24.71,sandy
107230,WB_107230,39.61,1.32,-0.7505,0.6609,6.52,-12.96,Damodar,12992.557417119273,51.99,23.29,24.72,sandy
107231,WB_107231,66.47,1.37,-0.7557,0.6549,7.37,13.9,Damodar,15234.07190842258,52.04,23.29,24.67,sandy
107232,WB_107232,47.09,1.35,-0.7535,0.6575,6.52,-5.48,Damodar,14293.8572716474,51.94,23.32,24.74,sandy
107233,WB_107233,99.61,0.77,-0.5598,-0.8287,3.42,0.8,Damodar,20067.226423859283,52.06,23.33,24.61,sandy
107234,WB_107234,100.0,0.81,0.598,0.8015,3.56,1.19,Damodar,20030.889172752442,52.02,23.35,24.63,sandy
107235,WB_107235,99.78,0.8,-0.7402,-0.6724,3.56,0.97,Damodar,19160.495747588353,52.07,23.32,24.61,sandy
107236,WB_107236,97.52,0.82,0.5104,-0.8599,3.42,-1.29,Damodar,20893.704505824542,52.05,23.35,24.6,sandy
107237,WB_107237,98.18,0.78,-0.7488,0.6628,3.56,-0.63,Damodar,19108.739355759877,52.02,23.34,24.64,sandy
107238,WB_107238,99.25,0.78,-0.9198,0.3924,3.56,0.44,Damodar,19806.212684859212,52.09,23.32,24.59,sandy
107239,WB_107239,99.24,0.76,0.959,-0.2836,3.42,0.43,Damodar,20839.68456456755,52.0,23.36,24.64,sandy
107240,WB_107240,96.92,0.82,-0.5066,0.8622,3.56,-1.89,Damodar,18375.00772701942,52.06,23.32,24.62,sandy
107241,WB_107241,53.02,1.33,0.7464,-0.6655,7.22,3.18,Damodar,24912.562043763577,52.1,23.37,24.53,sandy
107242,WB_107242,42.76,1.33,0.7388,-0.6739,6.04,-7.08,Damodar,25866.53223720251,52.1,23.37,24.53,sandy
107243,WB_107243,56.0,1.35,0.7368,-0.6761,6.64,6.16,Damodar,25054.770497687692,52.06,23.38,24.56,sandy
107244,WB_107244,49.78,1.34,0.7645,-0.6447,7.22,-0.06,Damodar,24835.177666622072,52.13,23.35,24.52,sandy
107245,WB_107245,41.51,1.32,0.7366,-0.6763,6.04,-8.33,Damodar,26380.60096050195,52.07,23.39,24.54,sandy
107246,WB_107246,64.52,1.38,0.7389,-0.6738,6.64,14.68,Damodar,24095.99912476351,52.08,23.36,24.56,sandy
107247,WB_107247,39.06,1.33,0.7207,-0.6933,7.22,-10.78,Damodar,25907.200242776617,52.14,23.36,24.5,sandy
107248,WB_107248,52.07,1.35,0.728,-0.6856,6.64,2.23,Damodar,25720.205132124796,52.04,23.4,24.56,sandy
107249,WB_107249,44.76,1.26,-0.7046,0.7097,6.05,2.07,Damodar,30783.06294744208,52.15,23.41,24.44,sandy
107250,WB_107250,43.28,1.22,-0.7978,0.6029,6.7,0.59,Damodar,31063.081420310613,52.12,23.42,24.46,sandy
107251,WB_107251,37.12,1.23,-0.7028,0.7114,6.23,-5.57,Damodar,29875.328318187072,52.15,23.4,24.45,sandy
107252,WB_107252,53.3,1.29,-0.7257,0.6881,6.05,10.61,Damodar,31627.87253926577,52.15,23.41,24.44,sandy
107253,WB_107253,35.83,1.24,-0.7673,0.6413,6.7,-6.86,Damodar,30295.732944438965,52.1,23.42,24.48,sandy
107254,WB_107254,43.34,1.21,-0.7049,0.7093,6.23,0.65,Damodar,30235.62587084275,52.19,23.39,24.42,sandy
107255,WB_107255,51.63,1.27,-0.719,0.695,6.05,8.94,Damodar,31969.216033680797,52.11,23.43,24.46,sandy
107256,WB_107256,32.27,1.17,-0.7484,0.6632,6.23,-10.42,Damodar,29269.91891354003,52.13,23.4,24.47,sandy
107257,WB_107257,116.29,0.67,0.1217,-0.9926,2.41,0.3,Damodar,18890.19054416121,43.78,26.87,29.35,non_sandy
107258,WB_107258,116.41,0.67,-0.2082,-0.9781,2.38,0.42,Damodar,18729.48071547792,43.85,26.85,29.3,non_sandy
107259,WB_107259,116.01,0.67,-0.1093,-0.994,2.41,0.02,Damodar,17435.80658576906,43.77,26.89,29.34,non_sandy
107260,WB_107260,116.09,0.67,-0.3943,-0.919,2.39,0.1,Damodar,20210.24902007266,43.8,26.85,29.35,non_sandy
107261,WB_107261,115.78,0.67,0.6404,-0.7681,2.38,-0.21,Damodar,17259.31209028617,43.87,26.85,29.28,non_sandy
107262,WB_107262,115.51,0.67,-0.6412,-0.7674,2.41,-0.48,Damodar,18563.767964270188,43.72,26.9,29.38,non_sandy
107263,WB_107263,116.18,0.67,0.6311,-0.7757,2.38,0.19,Damodar,20069.850780791596,43.88,26.82,29.3,non_sandy
107264,WB_107264,115.62,0.67,-0.0351,-0.9994,2.41,-0.37,Damodar,16117.395728387659,43.8,26.89,29.31,non_sandy
107265,WB_107265,117.14,0.69,0.9523,0.3051,2.62,0.71,Damodar,9458.694859559455,43.92,26.92,29.16,non_sandy
107266,WB_107266,116.47,0.69,0.9954,0.0958,2.62,0.04,Damodar,10547.02103299253,43.98,26.89,29.13,non_sandy
107267,WB_107267,116.19,0.69,0.9685,0.249,2.69,-0.24,Damodar,8282.399856854478,43.96,26.91,29.13,non_sandy
107268,WB_107268,117.54,0.69,0.9745,0.2244,2.62,1.11,Damodar,10650.591241650887,43.89,26.91,29.2,non_sandy
107269,WB_107269,115.11,0.69,0.9595,0.2818,2.63,-1.32,Damodar,9838.753364234333,44.03,26.87,29.1,non_sandy
107270,WB_107270,116.96,0.69,0.9984,0.057,2.61,0.53,Damodar,8109.697096923046,43.89,26.94,29.17,non_sandy
107271,WB_107271,116.83,0.69,0.9597,0.2809,2.62,0.4,Damodar,11853.977214264825,43.95,26.88,29.17,non_sandy
107272,WB_107272,115.17,0.69,0.9708,0.2399,2.63,-1.26,Damodar,7912.438854069962,44.02,26.9,29.08,non_sandy
107273,WB_107273,115.86,0.68,0.8131,0.5822,2.53,-0.61,Damodar,1621.4438237852012,44.11,26.93,28.96,non_sandy
107274,WB_107274,115.83,0.68,0.997,-0.0772,2.53,-0.64,Damodar,66.63700209582366,44.09,26.95,28.96,non_sandy
107275,WB_107275,117.1,0.69,0.9788,0.2049,2.67,0.63,Damodar,2050.4792833908905,44.05,26.95,29.0,non_sandy
107276,WB_107276,115.56,0.68,0.9327,0.3606,2.53,-0.91,Damodar,1143.6313535001018,44.16,26.92,28.92,non_sandy
107277,WB_107277,116.92,0.68,0.9673,0.2536,2.65,0.45,Damodar,132.1377530557338,44.03,26.98,28.99,non_sandy
107278,WB_107278,116.46,0.69,0.9674,0.2534,2.67,-0.01,Damodar,3166.568947951265,44.1,26.92,28.98,non_sandy
107279,WB_107279,115.9,0.68,0.8223,0.5691,2.53,-0.57,Damodar,622.1240089631469,44.15,26.94,28.91,non_sandy
107280,WB_107280,118.15,0.69,0.9808,0.1949,2.67,1.68,Damodar,1523.0582816618721,43.99,26.98,29.03,non_sandy
107281,WB_107281,117.0,0.67,-0.651,-0.7591,2.44,-0.12,Damodar,8326.50994593691,44.26,26.98,28.76,non_sandy
107282,WB_107282,116.53,0.68,-0.718,-0.6961,2.38,-0.59,Damodar,7796.053223080502,44.19,27.0,28.81,non_sandy
107283,WB_107283,117.09,0.67,-0.9458,-0.3246,2.44,-0.03,Damodar,6894.809232761564,44.27,26.96,28.77,non_sandy
107284,WB_107284,117.32,0.67,-0.9804,-0.1968,2.44,0.2,Damodar,9603.887083322817,44.24,26.99,28.77,non_sandy
107285,WB_107285,117.0,0.67,-0.4407,-0.8976,2.38,-0.12,Damodar,6279.869921606459,44.17,26.99,28.84,non_sandy
107286,WB_107286,117.83,0.68,-0.8695,-0.4939,2.44,0.71,Damodar,8367.830255553758,44.32,26.95,28.73,non_sandy
107287,WB_107287,116.84,0.67,-0.7027,-0.7115,2.38,-0.28,Damodar,9103.161758133301,44.16,27.02,28.82,non_sandy
107288,WB_107288,117.37,0.67,-0.5052,-0.863,2.44,0.25,Damodar,5367.868047612282,44.24,26.96,28.8,non_sandy
107289,WB_107289,119.08,0.69,-0.7558,0.6548,2.6,0.26,Damodar,18431.026132275067,44.37,27.03,28.6,non_sandy
107290,WB_107290,118.37,0.69,-0.9453,0.3262,2.66,-0.45,Damodar,16711.66105156108,44.35,27.02,28.63,non_sandy
107291,WB_107291,119.62,0.69,-0.8104,0.5859,2.6,0.8,Damodar,18765.981398295517,44.43,27.0,28.57,non_sandy
107292,WB_107292,118.08,0.69,-0.9992,0.0389,2.66,-0.74,Damodar,18030.597028271804,44.31,27.05,28.64,non_sandy
107293,WB_107293,118.54,0.68,-0.9373,0.3484,2.53,-0.28,Damodar,16356.787708808835,44.41,26.99,28.6,non_sandy
107294,WB_107294,120.26,0.69,-0.7338,0.6793,2.6,1.44,Damodar,20094.412717695835,44.4,27.03,28.57,non_sandy
107295,WB_107295,117.82,0.68,-0.9045,0.4264,2.66,-1.0,Damodar,16082.00649117388,44.29,27.04,28.67,non_sandy
107296,WB_107296,118.81,0.69,-0.5261,0.8504,2.6,-0.01,Damodar,18065.43790660244,44.48,26.98,28.54,non_sandy
107297,WB_107297,120.6,0.7,-0.0387,0.9993,2.62,0.52,Damodar,28084.07577403259,44.49,27.07,28.44,non_sandy
107298,WB_107298,119.54,0.69,-0.0672,0.9977,2.62,-0.54,Damodar,26864.561342803754,44.53,27.04,28.43,non_sandy
107299,WB_107299,120.73,0.7,-0.0536,0.9986,2.6,0.65,Damodar,29348.087736194288,44.55,27.06,28.39,non_sandy
107300,WB_107300,119.89,0.69,-0.2433,0.9699,2.62,-0.19,Damodar,26862.19489462635,44.45,27.08,28.47,non_sandy
107301,WB_107301,119.28,0.7,0.1131,0.9936,2.62,-0.8,Damodar,27605.840946923247,44.59,27.02,28.39,non_sandy
107302,WB_107302,121.4,0.7,0.0003,1.0,2.6,1.32,Damodar,29596.60368416882,44.48,27.09,28.43,non_sandy
107303,WB_107303,119.38,0.69,0.0088,1.0,2.62,-0.7,Damodar,25451.038171927317,44.48,27.05,28.47,non_sandy
107304,WB_107304,119.85,0.7,0.1245,0.9922,2.6,-0.23,Damodar,29717.04313256741,44.61,27.04,28.35,non_sandy
107305,WB_107305,121.01,0.68,0.1567,0.9876,2.49,0.44,Mayurakshi,24421.284118016625,44.64,27.11,28.25,non_sandy
107306,WB_107306,120.09,0.68,0.1168,0.9932,2.49,-0.48,Mayurakshi,26137.021602411885,44.65,27.09,28.26,non_sandy
107307,WB_107307,120.48,0.68,0.2215,0.9752,2.49,-0.09,Mayurakshi,23868.25785377365,44.71,27.09,28.2,non_sandy
107308,WB_107308,121.42,0.69,0.3602,0.9329,2.49,0.85,Mayurakshi,25020.72515413998,44.58,27.13,28.29,non_sandy
107309,WB_107309,120.12,0.67,0.1278,0.9918,2.49,-0.45,Mayurakshi,26279.470043784877,44.72,27.06,28.22,non_sandy
107310,WB_107310,120.78,0.67,0.3767,0.9263,2.49,0.21,Mayurakshi,22690.517574552,44.66,27.12,28.22,non_sandy
107311,WB_107311,120.11,0.68,-0.0547,0.9985,2.49,-0.46,Mayurakshi,26971.424127398102,44.58,27.1,28.32,non_sandy
107312,WB_107312,121.59,0.66,-0.9918,0.1281,2.47,-0.0,Mayurakshi,14966.635711539482,44.81,27.13,28.06,non_sandy
107313,WB_107313,121.48,0.66,-0.9739,0.2268,2.47,-0.11,Mayurakshi,15994.912620703728,44.75,27.15,28.1,non_sandy
107314,WB_107314,122.24,0.67,-0.5455,-0.8381,2.47,0.65,Mayurakshi,16142.390728273467,44.85,27.11,28.04,non_sandy
107315,WB_107315,121.13,0.67,-0.1554,-0.9879,2.47,-0.46,Mayurakshi,13945.355231832616,44.77,27.16,28.07,non_sandy
107316,WB_107316,120.9,0.67,-0.6845,0.729,2.47,-0.69,Mayurakshi,17557.54405087583,44.76,27.13,28.11,non_sandy
107317,WB_107317,121.78,1.02,0.2158,0.9764,8.64,0.19,Mayurakshi,14379.855954473804,44.89,27.11,28.0,non_sandy
107318,WB_107318,122.03,0.67,0.0354,0.9994,2.47,0.44,Mayurakshi,15041.727155559234,44.7,27.18,28.12,non_sandy
107319,WB_107319,24.47,0.25,-0.0854,0.9963,0.74,-0.01,Damodar,17463.979013541615,18.74,34.68,46.58,non_sandy
107320,WB_107320,24.53,0.25,-0.0086,1.0,0.74,0.05,Damodar,17626.510803097473,18.71,34.68,46.61,non_sandy
107321,WB_107321,24.12,0.25,-0.0748,0.9972,0.74,-0.36,Damodar,18016.40488247652,18.74,34.67,46.59,non_sandy
107322,WB_107322,24.83,0.25,-0.0826,0.9966,0.74,0.35,Damodar,16968.16879554734,18.73,34.69,46.58,non_sandy
107323,WB_107323,24.22,0.25,-0.0145,0.9999,0.76,-0.26,Damodar,18224.956520683736,18.71,34.68,46.61,non_sandy
107324,WB_107324,24.39,0.24,-0.1692,0.9856,0.77,-0.09,Damodar,17496.053990893073,18.76,34.67,46.57,non_sandy
107325,WB_107325,24.93,0.25,-0.0108,0.9999,0.72,0.45,Damodar,17135.942768356086,18.7,34.69,46.61,non_sandy
107326,WB_107326,23.87,0.25,-0.0466,0.9989,0.72,-0.61,Damodar,18575.24276360563,18.74,34.67,46.59,non_sandy
107327,WB_107327,24.86,0.25,-0.0726,0.9974,0.74,0.38,Damodar,16717.113864562256,18.75,34.68,46.57,non_sandy
107328,WB_107328,24.54,0.25,0.0358,0.9994,0.77,0.06,Damodar,17995.483727606235,18.69,34.69,46.62,non_sandy
107329,WB_107329,25.08,0.24,0.9998,0.0178,0.74,0.15,Damodar,13899.411814686157,18.78,34.7,46.52,non_sandy
107330,WB_107330,24.71,0.24,0.9832,-0.1826,0.74,-0.22,Damodar,13531.4296821841,18.8,34.7,46.5,non_sandy
107331,WB_107331,25.2,0.24,0.9996,-0.0269,0.74,0.27,Damodar,13458.089335431961,18.76,34.71,46.53,non_sandy
107332,WB_107332,25.0,0.24,0.9998,0.0212,0.73,0.07,Damodar,14282.394416632122,18.79,34.69,46.52,non_sandy
107333,WB_107333,24.58,0.24,0.9704,-0.2413,0.75,-0.35,Damodar,12959.357174523318,18.79,34.7,46.51,non_sandy
107334,WB_107334,25.46,0.24,0.9992,0.0411,0.71,0.53,Damodar,14089.079079236348,18.75,34.71,46.54,non_sandy
107335,WB_107335,24.68,0.23,0.9169,-0.3992,0.75,-0.25,Damodar,13879.732926825156,18.81,34.68,46.51,non_sandy
107336,WB_107336,25.04,0.24,0.9998,-0.0191,0.78,0.11,Damodar,12875.503256765101,18.76,34.72,46.52,non_sandy
107337,WB_107337,25.22,0.24,0.988,0.1545,0.73,0.29,Damodar,14704.39179083975,18.77,34.69,46.54,non_sandy
107338,WB_107338,24.32,0.24,0.9893,-0.1457,0.73,-0.61,Damodar,12978.159755288618,18.81,34.69,46.5,non_sandy
107339,WB_107339,24.23,0.24,-0.3914,0.9202,0.73,0.04,Damodar,9472.002569926071,18.83,34.72,46.45,non_sandy
107340,WB_107340,24.02,0.23,-0.2774,0.9608,0.69,-0.17,Damodar,10017.893949143161,18.82,34.72,46.46,non_sandy
107341,WB_107341,24.17,0.23,-0.4371,0.8994,0.7,-0.02,Damodar,9720.763853517099,18.85,34.71,46.44,non_sandy
107342,WB_107342,24.37,0.23,-0.3533,0.9355,0.7,0.18,Damodar,9274.727762779614,18.81,34.73,46.46,non_sandy
107343,WB_107343,23.85,0.23,-0.308,0.9514,0.67,-0.34,Damodar,10473.995657516076,18.83,34.71,46.46,non_sandy
107344,WB_107344,24.48,0.23,-0.4601,0.8879,0.71,0.29,Damodar,9058.98329028877,18.85,34.72,46.43,non_sandy
107345,WB_107345,24.2,0.23,-0.1384,0.9904,0.73,0.01,Damodar,9883.423239436628,18.8,34.73,46.47,non_sandy
107346,WB_107346,24.04,0.23,-0.5262,0.8504,0.7,-0.15,Damodar,10242.705995138798,18.86,34.7,46.44,non_sandy
107347,WB_107347,24.65,0.24,-0.2977,0.9547,0.7,0.46,Damodar,8722.091642578913,18.82,34.73,46.45,non_sandy
107348,WB_107348,23.89,0.23,-0.27,0.9629,0.69,-0.3,Damodar,10697.10016185884,18.81,34.72,46.47,non_sandy
107349,WB_107349,25.36,0.22,0.7567,-0.6538,0.64,0.07,Damodar,5943.872590245629,18.88,34.74,46.38,non_sandy
107350,WB_107350,25.25,0.23,0.6639,-0.7478,0.67,-0.04,Damodar,5752.773604842602,18.9,34.74,46.36,non_sandy
107351,WB_107351,25.31,0.23,0.9191,-0.394,0.68,0.02,Damodar,5402.300161044262,18.87,34.75,46.38,non_sandy
107352,WB_107352,25.41,0.22,0.8319,-0.5549,0.64,0.12,Damodar,6428.194868181205,18.89,34.73,46.38,non_sandy
107353,WB_107353,25.02,0.23,0.6886,-0.7252,0.67,-0.27,Damodar,5153.553090481697,18.9,34.74,46.36,non_sandy
107354,WB_107354,25.52,0.23,0.9762,-0.2168,0.67,0.23,Damodar,5941.081118666202,18.85,34.75,46.4,non_sandy
107355,WB_107355,25.43,0.23,0.1885,-0.9821,0.68,0.14,Damodar,6227.868838572276,18.91,34.73,46.36,non_sandy
107356,WB_107356,25.08,0.23,0.7386,-0.6742,0.68,-0.21,Damodar,4836.308781878484,18.87,34.75,46.38,non_sandy
107357,WB_107357,25.42,0.21,0.8976,-0.4409,0.64,0.13,Damodar,6703.811243426109,18.87,34.74,46.39,non_sandy
107358,WB_107358,25.1,0.23,0.5809,-0.814,0.68,-0.19,Damodar,5353.9549272086215,18.92,34.73,46.35,non_sandy
107359,WB_107359,24.15,0.22,-0.9814,0.192,0.66,-0.16,Damodar,2063.9785590072142,18.94,34.76,46.3,non_sandy
107360,WB_107360,24.37,0.23,-0.9579,0.287,0.7,0.06,Damodar,1457.7912650410042,18.95,34.76,46.29,non_sandy
107361,WB_107361,24.11,0.23,-0.942,0.3357,0.66,-0.2,Damodar,1843.6803318271263,18.92,34.77,46.31,non_sandy
107362,WB_107362,24.3,0.23,-0.9788,0.2046,0.69,-0.01,Damodar,2006.132192160049,18.96,34.75,46.29,non_sandy
107363,WB_107363,24.39,0.23,-0.9667,0.2557,0.7,0.08,Damodar,1065.8062287126163,18.93,34.77,46.3,non_sandy
107364,WB_107364,24.07,0.22,-0.9607,0.2776,0.65,-0.24,Damodar,2501.596418850074,18.92,34.76,46.32,non_sandy
107365,WB_107365,24.61,0.23,-0.994,0.1092,0.69,0.3,Damodar,1221.1430781812599,18.97,34.75,46.28,non_sandy
107366,WB_107366,24.24,0.23,-0.8296,0.5583,0.7,-0.07,Damodar,1336.0135316278054,18.91,34.78,46.31,non_sandy
107367,WB_107367,24.22,0.23,-0.9998,-0.02,0.69,-0.09,Damodar,2629.5742630332384,18.95,34.75,46.3,non_sandy
107368,WB_107368,24.68,0.23,-0.9098,0.4151,0.69,0.37,Damodar,746.28492648212,18.95,34.77,46.28,non_sandy
107369,WB_107369,25.8,0.23,-0.7856,-0.6188,0.68,-0.05,Damodar,2259.9628079791128,18.98,34.79,46.23,non_sandy
107370,WB_107370,25.99,0.23,-0.5865,-0.81,0.68,0.14,Damodar,2601.9030341207595,19.0,34.78,46.22,non_sandy
107371,WB_107371,25.71,0.22,-0.2909,-0.9567,0.66,-0.14,Damodar,2806.0503149114697,18.98,34.79,46.23,non_sandy
107372,WB_107372,25.83,0.23,-0.8668,-0.4987,0.68,-0.02,Damodar,1805.5467092765905,18.98,34.78,46.24,non_sandy
107373,WB_107373,25.89,0.23,-0.3068,-0.9518,0.7,0.04,Damodar,3231.211099645617,19.01,34.78,46.21,non_sandy
107374,WB_107374,25.73,0.22,-0.2454,-0.9694,0.66,-0.12,Damodar,2269.4193128161132,18.96,34.8,46.24,non_sandy
107375,WB_107375,26.13,0.23,-0.5622,-0.827,0.69,0.28,Damodar,2189.2376570652355,19.01,34.77,46.22,non_sandy
107376,WB_107376,25.58,0.23,-0.1382,-0.9904,0.69,-0.27,Damodar,3413.071095438217,18.99,34.79,46.22,non_sandy
107377,WB_107377,25.64,0.23,-0.8747,-0.4847,0.68,-0.21,Damodar,1448.0863308423743,18.96,34.79,46.25,non_sandy
107378,WB_107378,26.18,0.23,-0.4525,-0.8918,0.7,0.33,Damodar,3161.502630395615,19.03,34.77,46.2,non_sandy
107379,WB_107379,24.59,0.23,-0.5332,-0.846,0.69,-0.19,Damodar,6688.431687718212,19.03,34.81,46.16,non_sandy
107380,WB_107380,24.86,0.23,-0.8244,-0.5661,0.71,0.08,Damodar,6953.667420920416,19.06,34.8,46.14,non_sandy
107381,WB_107381,24.59,0.23,-0.829,-0.5593,0.69,-0.19,Damodar,7254.441032541575,19.03,34.81,46.16,non_sandy
107382,WB_107382,24.7,0.23,-0.6857,-0.7279,0.69,-0.08,Damodar,6190.764855491683,19.03,34.8,46.17,non_sandy
107383,WB_107383,25.02,0.23,-0.8812,-0.4727,0.71,0.24,Damodar,7593.740181978737,19.06,34.8,46.14,non_sandy
107384,WB_107384,24.42,0.23,-0.7972,-0.6038,0.67,-0.36,Damodar,6692.122196200939,19.01,34.82,46.17,non_sandy
107385,WB_107385,25.0,0.23,-0.7881,-0.6156,0.71,0.22,Damodar,6497.977322924392,19.06,34.79,46.15,non_sandy
107386,WB_107386,24.83,0.23,-0.936,-0.352,0.73,0.05,Damodar,7860.298263198841,19.04,34.81,46.15,non_sandy
107387,WB_107387,24.58,0.23,-0.528,-0.8492,0.69,-0.2,Damodar,5877.883248979711,19.01,34.81,46.18,non_sandy
107388,WB_107388,25.24,0.24,-0.8933,-0.4495,0.71,0.46,Damodar,7463.058390955154,19.08,34.79,46.13,non_sandy
107389,WB_107389,26.57,0.24,-0.9231,-0.3845,0.72,0.09,Damodar,11161.244694236644,19.1,34.82,46.08,non_sandy
107390,WB_107390,26.53,0.24,-0.8135,-0.5815,0.71,0.05,Damodar,11745.280613237675,19.1,34.83,46.07,non_sandy
107391,WB_107391,26.23,0.24,-0.9416,-0.3366,0.72,-0.25,Damodar,10765.968314914591,19.07,34.83,46.1,non_sandy
107392,WB_107392,26.85,0.24,-0.857,-0.5154,0.71,0.37,Damodar,11575.460936868025,19.12,34.81,46.07,non_sandy
107393,WB_107393,26.27,0.23,-0.8595,-0.5112,0.71,-0.21,Damodar,11611.070278310497,19.07,34.84,46.09,non_sandy
107394,WB_107394,26.39,0.24,-0.9647,-0.2633,0.75,-0.09,Damodar,10504.041724029123,19.09,34.82,46.09,non_sandy
107395,WB_107395,26.72,0.23,-0.7186,-0.6954,0.72,0.24,Damodar,12233.784752163061,19.12,34.82,46.06,non_sandy
107396,WB_107396,26.04,0.23,-0.8634,-0.5045,0.68,-0.44,Damodar,10800.042273221063,19.06,34.84,46.1,non_sandy
107397,WB_107397,26.92,0.24,-0.8464,-0.5326,0.71,0.44,Damodar,11128.35996286752,19.12,34.81,46.07,non_sandy
107398,WB_107398,26.3,0.24,-0.7575,-0.6528,0.71,-0.18,Damodar,12253.674979610718,19.09,34.84,46.07,non_sandy
107399,WB_107399,25.52,0.24,-0.4272,-0.9041,0.72,0.01,Damodar,15454.373883000086,19.14,34.84,46.02,non_sandy
107400,WB_107400,25.53,0.24,-0.5652,-0.825,0.74,0.02,Damodar,16178.62775114466,19.16,34.84,46.0,non_sandy
107401,WB_107401,25.23,0.24,-0.4886,-0.8725,0.72,-0.28,Damodar,15402.681763775236,19.12,34.85,46.03,non_sandy
107402,WB_107402,25.77,0.23,-0.3873,-0.922,0.71,0.26,Damodar,15565.792456043959,19.16,34.83,46.01,non_sandy
107403,WB_107403,25.28,0.24,-0.6,-0.8,0.74,-0.23,Damodar,16407.047461469054,19.14,34.86,46.0,non_sandy
107404,WB_107404,25.54,0.24,-0.2948,-0.9555,0.75,0.03,Damodar,14782.061775091574,19.12,34.85,46.03,non_sandy
107405,WB_107405,25.8,0.24,-0.466,-0.8848,0.72,0.29,Damodar,16389.841136197843,19.18,34.83,45.99,non_sandy
107406,WB_107406,24.98,0.24,-0.4475,-0.8943,0.72,-0.53,Damodar,15788.278716195466,19.11,34.86,46.03,non_sandy
107407,WB_107407,25.94,0.24,-0.3784,-0.9257,0.71,0.43,Damodar,14905.284090870131,19.16,34.83,46.01,non_sandy
107408,WB_107408,27.06,0.24,-0.9853,-0.1711,0.74,0.02,Damodar,20215.93656742573,19.19,34.87,45.94,non_sandy
107409,WB_107409,27.01,0.24,-0.9824,-0.1866,0.75,-0.03,Damodar,19689.947506188226,19.2,34.86,45.94,non_sandy
107410,WB_107410,27.39,0.24,-0.9897,-0.1431,0.74,0.35,Damodar,20734.134201688164,19.21,34.87,45.92,non_sandy
107411,WB_107411,26.67,0.24,-0.9941,-0.1086,0.74,-0.37,Damodar,19723.062393733064,19.17,34.88,45.95,non_sandy
107412,WB_107412,27.35,0.24,-0.9878,-0.1557,0.78,0.31,Damodar,19998.926254512535,19.22,34.85,45.93,non_sandy
107413,WB_107413,27.11,0.24,-0.9749,-0.2225,0.76,0.07,Damodar,20862.451656947527,19.19,34.88,45.93,non_sandy
107414,WB_107414,26.55,0.24,-0.9998,-0.0215,0.76,-0.49,Damodar,19106.199297854484,19.18,34.87,45.95,non_sandy
107415,WB_107415,27.6,0.24,-0.98,-0.1988,0.74,0.56,Damodar,20888.008219033047,19.23,34.86,45.91,non_sandy
107416,WB_107416,26.63,0.24,-0.9955,-0.0943,0.74,-0.41,Damodar,20138.33701404335,19.16,34.89,45.95,non_sandy
107417,WB_107417,26.27,0.24,-0.0184,-0.9998,0.73,-0.05,Damodar,24374.934165135946,19.24,34.89,45.87,non_sandy
107418,WB_107418,26.47,0.23,0.0337,-0.9994,0.7,0.15,Damodar,24462.45426464999,19.26,34.88,45.86,non_sandy
107419,WB_107419,26.09,0.23,-0.1315,-0.9913,0.7,-0.23,Damodar,25024.564387184993,19.24,34.89,45.87,non_sandy
107420,WB_107420,26.52,0.24,0.0471,-0.9989,0.73,0.2,Damodar,23785.862333188714,19.23,34.89,45.88,non_sandy
107421,WB_107421,26.35,0.23,0.1191,-0.9929,0.7,0.03,Damodar,25128.099651045424,19.28,34.88,45.84,non_sandy
107422,WB_107422,25.93,0.24,-0.2056,-0.9786,0.7,-0.39,Damodar,24524.53122396055,19.22,34.9,45.88,non_sandy
107423,WB_107423,26.74,0.24,0.0259,-0.9997,0.7,0.42,Damodar,23871.350028603094,19.26,34.87,45.87,non_sandy
107424,WB_107424,26.18,0.23,-0.293,-0.9561,0.7,-0.14,Damodar,25618.13528767331,19.26,34.89,45.85,non_sandy
107425,WB_107425,26.31,0.24,-0.0049,-1.0,0.73,-0.01,Damodar,23602.850673761674,19.21,34.9,45.89,non_sandy
107426,WB_107426,27.62,0.24,-0.9609,0.277,0.72,0.15,Damodar,29202.662666618344,19.3,34.91,45.79,non_sandy
107427,WB_107427,27.23,0.24,-0.9357,0.3529,0.73,-0.24,Damodar,28483.29227087428,19.29,34.91,45.8,non_sandy
107428,WB_107428,27.71,0.24,-0.9348,0.3551,0.72,0.24,Damodar,29236.283447080095,19.32,34.9,45.78,non_sandy
107429,WB_107429,27.42,0.24,-0.9605,0.2783,0.75,-0.05,Damodar,29145.234153975594,19.28,34.92,45.8,non_sandy
107430,WB_107430,27.2,0.24,-0.9556,0.2948,0.73,-0.27,Damodar,28227.08028641225,19.3,34.9,45.8,non_sandy
107431,WB_107431,27.9,0.24,-0.9355,0.3534,0.7,0.43,Hooghly/Ganga,29052.43953579329,19.32,34.91,45.77,non_sandy
107432,WB_107432,26.92,0.24,-0.9807,0.1954,0.74,-0.55,Damodar,28337.762882754756,19.26,34.92,45.82,non_sandy
107433,WB_107433,27.51,0.24,-0.8783,0.4782,0.72,0.04,Damodar,28860.954837824323,19.33,34.89,45.78,non_sandy
107434,WB_107434,27.68,0.24,-0.9815,0.1913,0.75,0.21,Hooghly/Ganga,29596.737214237954,19.29,34.92,45.79,non_sandy
107435,WB_107435,27.11,0.23,0.5446,-0.8387,0.7,0.05,Hooghly/Ganga,26538.644688669086,19.34,34.93,45.73,non_sandy
107436,WB_107436,27.09,0.23,0.7501,-0.6613,0.72,0.03,Hooghly/Ganga,26057.62832367202,19.36,34.92,45.72,non_sandy
107437,WB_107437,26.84,0.23,0.5847,-0.8112,0.71,-0.22,Hooghly/Ganga,26053.299882172414,19.34,34.94,45.72,non_sandy
107438,WB_107438,27.39,0.24,0.5695,-0.822,0.7,0.33,Hooghly/Ganga,26955.661485419034,19.34,34.93,45.73,non_sandy
107439,WB_107439,26.8,0.23,0.7943,-0.6075,0.72,-0.26,Hooghly/Ganga,25398.335325404438,19.38,34.92,45.7,non_sandy
107440,WB_107440,26.9,0.24,0.344,-0.939,0.72,-0.16,Hooghly/Ganga,26816.25058235509,19.32,34.94,45.74,non_sandy
107441,WB_107441,27.34,0.23,0.645,-0.7642,0.71,0.28,Hooghly/Ganga,26426.762252028493,19.36,34.91,45.73,non_sandy
107442,WB_107442,26.71,0.23,0.5658,-0.8245,0.71,-0.35,Hooghly/Ganga,25368.96373357615,19.36,34.93,45.71,non_sandy
107443,WB_107443,27.33,0.23,0.5281,-0.8492,0.7,0.27,Hooghly/Ganga,27490.72317666038,19.32,34.94,45.74,non_sandy
107444,WB_107444,27.62,0.24,-0.4686,0.8834,0.72,0.09,Hooghly/Ganga,22279.3032901951,19.41,34.95,45.64,non_sandy
107445,WB_107445,27.63,0.24,-0.6527,0.7576,0.76,0.1,Hooghly/Ganga,22738.270925652072,19.39,34.96,45.65,non_sandy
107446,WB_107446,27.27,0.24,-0.599,0.8008,0.74,-0.26,Hooghly/Ganga,22782.96366401149,19.41,34.94,45.65,non_sandy
107447,WB_107447,27.91,0.24,-0.5104,0.86,0.72,0.38,Hooghly/Ganga,21844.385000959912,19.41,34.95,45.64,non_sandy
107448,WB_107448,27.25,0.24,-0.7392,0.6735,0.76,-0.28,Hooghly/Ganga,23406.555672248673,19.37,34.96,45.67,non_sandy
107449,WB_107449,27.36,0.24,-0.4101,0.912,0.74,-0.17,Hooghly/Ganga,22027.503455933682,19.43,34.93,45.64,non_sandy
107450,WB_107450,27.91,0.24,-0.5823,0.813,0.73,0.38,Hooghly/Ganga,22347.89001905806,19.39,34.96,45.65,non_sandy
107451,WB_107451,27.03,0.24,-0.5678,0.8232,0.74,-0.5,Hooghly/Ganga,23470.19177741076,19.39,34.94,45.67,non_sandy
107452,WB_107452,27.8,0.24,-0.4353,0.9003,0.72,0.27,Hooghly/Ganga,21326.469801454936,19.44,34.94,45.62,non_sandy
107453,WB_107453,27.68,0.24,0.9565,-0.2916,0.71,0.14,Hooghly/Ganga,19096.611906217666,19.44,34.97,45.59,non_sandy
107454,WB_107454,27.45,0.24,0.9829,-0.1841,0.75,-0.09,Hooghly/Ganga,18642.64175020494,19.47,34.96,45.57,non_sandy
107455,WB_107455,27.38,0.24,0.9708,-0.24,0.75,-0.16,Hooghly/Ganga,18589.09038301855,19.45,34.98,45.57,non_sandy
107456,WB_107456,27.93,0.24,0.9296,-0.3686,0.71,0.39,Hooghly/Ganga,19535.37993410571,19.44,34.97,45.59,non_sandy
107457,WB_107457,27.04,0.24,0.991,-0.1336,0.75,-0.5,Hooghly/Ganga,17972.572183810877,19.48,34.96,45.56,non_sandy
107458,WB_107458,27.65,0.24,0.8933,-0.4494,0.76,0.11,Hooghly/Ganga,19342.572447319137,19.42,34.99,45.59,non_sandy
107459,WB_107459,27.67,0.24,0.9664,-0.2571,0.76,0.13,Hooghly/Ganga,19037.613997964927,19.47,34.96,45.57,non_sandy
107460,WB_107460,27.05,0.24,0.9688,-0.2477,0.75,-0.49,Hooghly/Ganga,17901.51355804471,19.47,34.97,45.56,non_sandy
107461,WB_107461,28.05,0.24,0.9418,-0.3361,0.71,0.51,Hooghly/Ganga,20049.29708803205,19.42,34.98,45.6,non_sandy
107462,WB_107462,27.28,0.24,-0.1382,0.9904,0.74,0.0,Hooghly/Ganga,15404.663905745972,19.5,34.99,45.51,non_sandy
107463,WB_107463,27.11,0.25,-0.0874,0.9962,0.78,-0.17,Hooghly/Ganga,14811.295832592352,19.52,34.98,45.5,non_sandy
107464,WB_107464,27.64,0.24,-0.1965,0.9805,0.74,0.36,Hooghly/Ganga,15036.779365271892,19.5,35.0,45.5,non_sandy
107465,WB_107465,26.98,0.24,-0.0974,0.9952,0.74,-0.3,Hooghly/Ganga,15708.169946385138,19.5,34.99,45.51,non_sandy
107466,WB_107466,27.41,0.25,-0.1126,0.9936,0.78,0.13,Hooghly/Ganga,14221.273809005517,19.53,34.99,45.48,non_sandy
107467,WB_107467,27.42,0.24,-0.3295,0.9442,0.75,0.14,Hooghly/Ganga,15821.94685551225,19.47,35.0,45.53,non_sandy
107468,WB_107468,26.72,0.25,-0.0858,0.9963,0.74,-0.56,Hooghly/Ganga,15049.23277107216,19.53,34.97,45.5,non_sandy
107469,WB_107469,27.88,0.24,-0.2264,0.974,0.74,0.6,Hooghly/Ganga,14387.269257993008,19.51,35.0,45.49,non_sandy
107470,WB_107470,27.04,0.24,-0.1008,0.9949,0.74,-0.24,Hooghly/Ganga,16326.490000695001,19.47,35.0,45.53,non_sandy
107471,WB_107471,27.62,0.25,0.9976,0.0688,0.76,-0.05,Hooghly/Ganga,11233.37678661877,19.57,35.01,45.42,non_sandy
107472,WB_107472,27.76,0.25,0.9958,0.0918,0.76,0.09,Hooghly/Ganga,11318.642589049512,19.55,35.02,45.43,non_sandy
107473,WB_107473,28.01,0.25,0.9991,0.0416,0.78,0.34,Hooghly/Ganga,11917.520071720855,19.55,35.01,45.44,non_sandy
107474,WB_107474,27.21,0.25,0.9968,0.0799,0.76,-0.46,Hooghly/Ganga,10612.976143683054,19.58,35.01,45.41,non_sandy
107475,WB_107475,28.17,0.25,0.9973,0.0728,0.79,0.5,Hooghly/Ganga,12013.939423873284,19.53,35.02,45.45,non_sandy
107476,WB_107476,27.59,0.25,0.9974,0.0715,0.81,-0.08,Hooghly/Ganga,11378.050693475676,19.57,35.0,45.43,non_sandy
107477,WB_107477,27.36,0.25,0.9984,0.0573,0.8,-0.31,Hooghly/Ganga,10689.937660017646,19.56,35.02,45.42,non_sandy
107478,WB_107478,28.35,0.24,0.9942,0.1078,0.78,0.68,Hooghly/Ganga,12543.23173612739,19.53,35.02,45.45,non_sandy
107479,WB_107479,26.98,0.25,0.9966,0.082,0.76,-0.69,Hooghly/Ganga,10409.943435401246,19.6,35.0,45.4,non_sandy
107480,WB_107480,26.73,0.25,0.0654,0.9979,0.77,-0.12,Hooghly/Ganga,7465.980726801346,19.62,35.03,45.35,non_sandy
107481,WB_107481,27.14,0.24,0.1458,0.9893,0.73,0.29,Hooghly/Ganga,7725.814422367126,19.6,35.04,45.36,non_sandy
107482,WB_107482,26.59,0.25,0.1721,0.9851,0.74,-0.26,Hooghly/Ganga,8091.832084417473,19.61,35.03,45.36,non_sandy
107483,WB_107483,26.95,0.25,0.0923,0.9957,0.77,0.1,Hooghly/Ganga,6908.456706650519,19.63,35.03,45.34,non_sandy
107484,WB_107484,27.11,0.24,0.0891,0.996,0.73,0.26,Hooghly/Ganga,8433.650309015067,19.58,35.04,45.38,non_sandy
107485,WB_107485,26.32,0.25,0.1732,0.9849,0.72,-0.53,Hooghly/Ganga,7433.881754541838,19.63,35.02,45.35,non_sandy
107486,WB_107486,27.43,0.25,0.0661,0.9978,0.74,0.58,Hooghly/Ganga,7183.941812295205,19.6,35.04,45.36,non_sandy
107487,WB_107487,26.77,0.24,0.2601,0.9656,0.74,-0.08,Hooghly/Ganga,8768.220728094784,19.58,35.03,45.39,non_sandy
107488,WB_107488,26.63,0.25,0.0675,0.9977,0.77,-0.22,Hooghly/Ganga,6553.62401913188,19.65,35.02,45.33,non_sandy
107489,WB_107489,27.64,0.24,0.9865,0.1639,0.73,-0.07,Hooghly/Ganga,3832.9510122949036,19.67,35.05,45.28,non_sandy
107490,WB_107490,27.79,0.25,0.9667,0.2559,0.75,0.08,Hooghly/Ganga,3839.4905606879147,19.65,35.06,45.29,non_sandy
107491,WB_107491,27.96,0.24,0.9453,0.3263,0.77,0.25,Hooghly/Ganga,4530.515856147173,19.65,35.05,45.3,non_sandy
107492,WB_107492,27.29,0.24,0.9855,0.1694,0.73,-0.42,Hooghly/Ganga,3195.949846703059,19.68,35.05,45.27,non_sandy
107493,WB_107493,28.24,0.25,0.9433,0.3321,0.78,0.53,Hooghly/Ganga,4516.6906189842775,19.63,35.07,45.3,non_sandy
107494,WB_107494,27.59,0.24,0.9593,0.2824,0.78,-0.12,Hooghly/Ganga,4053.1749625031516,19.67,35.04,45.29,non_sandy
107495,WB_107495,27.38,0.25,0.9957,0.0927,0.78,-0.33,Hooghly/Ganga,3183.74191395572,19.67,35.06,45.27,non_sandy
107496,WB_107496,28.31,0.24,0.9358,0.3525,0.77,0.6,Hooghly/Ganga,5122.523712297074,19.63,35.06,45.31,non_sandy
107497,WB_107497,27.16,0.24,0.9885,0.1513,0.73,-0.55,Hooghly/Ganga,3063.7054674738915,19.7,35.04,45.26,non_sandy
107498,WB_107498,26.56,0.24,0.4371,0.8994,0.72,0.02,Hooghly/Ganga,410.88305831153866,19.7,35.08,45.22,non_sandy
107499,WB_107499,26.24,0.24,0.3519,0.936,0.72,-0.3,Hooghly/Ganga,365.0256306176917,19.72,35.07,45.21,non_sandy
107500,WB_107500,26.6,0.24,0.244,0.9698,0.72,0.06,Hooghly/Ganga,280.6426234384978,19.72,35.08,45.2,non_sandy
107501,WB_107501,26.62,0.24,0.3673,0.9301,0.72,0.08,Hooghly/Ganga,1040.2241265236855,19.69,35.08,45.23,non_sandy
107502,WB_107502,26.15,0.24,0.286,0.9582,0.69,-0.39,Hooghly/Ganga,321.9398282213682,19.74,35.06,45.2,non_sandy
107503,WB_107503,26.92,0.24,0.2346,0.9721,0.71,0.38,Hooghly/Ganga,228.1704618031827,19.69,35.09,45.22,non_sandy
107504,WB_107504,26.31,0.24,0.4413,0.8974,0.73,-0.23,Hooghly/Ganga,1007.9760437764069,19.7,35.07,45.23,non_sandy
107505,WB_107505,26.52,0.24,0.1112,0.9938,0.72,-0.02,Hooghly/Ganga,890.0844444126524,19.74,35.07,45.19,non_sandy
107506,WB_107506,26.94,0.24,0.3811,0.9246,0.72,0.4,Hooghly/Ganga,1207.869925783429,19.67,35.09,45.24,non_sandy
107507,WB_107507,27.67,0.23,0.7808,0.6248,0.7,-0.05,Hooghly/Ganga,3535.127676565355,19.77,35.09,45.14,non_sandy
107508,WB_107508,27.74,0.23,0.9029,0.4299,0.71,0.02,Hooghly/Ganga,3677.5736862923154,19.76,35.1,45.14,non_sandy
107509,WB_107509,27.84,0.23,0.7582,0.6521,0.71,0.12,Hooghly/Ganga,2832.531079357595,19.75,35.09,45.16,non_sandy
107510,WB_107510,27.49,0.22,0.9863,0.1647,0.67,-0.23,Hooghly/Ganga,4184.933872110453,19.79,35.09,45.12,non_sandy
107511,WB_107511,28.1,0.24,0.8408,0.5413,0.73,0.38,Hooghly/Ganga,3054.316580694797,19.74,35.11,45.15,non_sandy
107512,WB_107512,27.6,0.23,0.7527,0.6584,0.7,-0.12,Hooghly/Ganga,3178.530623025497,19.77,35.08,45.15,non_sandy
107513,WB_107513,27.42,0.23,1.0,-0.0005,0.71,-0.3,Hooghly/Ganga,4365.323572248381,19.78,35.1,45.12,non_sandy
107514,WB_107514,28.13,0.23,0.8043,0.5942,0.71,0.41,Hooghly/Ganga,2321.483084351488,19.73,35.1,45.17,non_sandy
107515,WB_107515,27.51,0.22,0.9999,-0.0118,0.67,-0.21,Hooghly/Ganga,4179.527805815706,19.8,35.08,45.12,non_sandy
107516,WB_107516,26.32,0.22,0.4032,0.9151,0.67,-0.07,Hooghly/Ganga,7258.166857739003,19.81,35.12,45.07,non_sandy
107517,WB_107517,26.31,0.23,0.4915,0.8709,0.68,-0.08,Hooghly/Ganga,6707.568114693369,19.8,35.11,45.09,non_sandy
107518,WB_107518,26.26,0.22,0.4484,0.8938,0.65,-0.13,Hooghly/Ganga,7804.846662273564,19.83,35.11,45.06,non_sandy
107519,WB_107519,26.51,0.22,0.4897,0.8719,0.67,0.12,Hooghly/Ganga,6728.390907076635,19.79,35.13,45.08,non_sandy
107520,WB_107520,26.21,0.22,0.5413,0.8408,0.67,-0.18,Hooghly/Ganga,7018.954977657363,19.82,35.1,45.08,non_sandy
107521,WB_107521,26.45,0.22,0.2291,0.9734,0.67,0.06,Hooghly/Ganga,7933.261774254392,19.82,35.12,45.06,non_sandy
107522,WB_107522,26.58,0.23,0.7397,0.6729,0.68,0.19,Hooghly/Ganga,6091.986552778747,19.78,35.12,45.1,non_sandy
107523,WB_107523,26.24,0.22,0.0964,0.9953,0.65,-0.15,Hooghly/Ganga,7951.08824569383,19.85,35.1,45.05,non_sandy
107524,WB_107524,26.65,0.23,0.5111,0.8595,0.67,0.26,Hooghly/Ganga,7141.569689462276,19.79,35.13,45.08,non_sandy
107525,WB_107525,27.79,0.22,0.0127,0.9999,0.66,-0.02,Jalangi,8365.312974963377,19.86,35.14,45.0,non_sandy
107526,WB_107526,27.84,0.21,-0.1601,0.9871,0.64,0.03,Jalangi,7611.882412122666,19.88,35.13,44.99,non_sandy
107527,WB_107527,27.93,0.22,0.3649,0.9311,0.64,0.12,Jalangi,8557.484750144342,19.84,35.15,45.01,non_sandy
107528,WB_107528,27.73,0.22,-0.5798,0.8148,0.67,-0.08,Jalangi,8148.253466126159,19.87,35.13,45.0,non_sandy
107529,WB_107529,27.79,0.21,0.9883,0.1523,0.64,-0.02,Jalangi,7500.378668082312,19.88,35.14,44.98,non_sandy
107530,WB_107530,27.81,0.22,-0.0889,0.996,0.67,-0.0,Jalangi,9108.932560629242,19.83,35.14,45.03,non_sandy
107531,WB_107531,27.93,0.22,-0.9763,0.2165,0.66,0.12,Jalangi,7293.019919918041,19.9,35.12,44.98,non_sandy
107532,WB_107532,27.96,0.22,0.2173,0.9761,0.64,0.15,Jalangi,8288.761822896658,19.85,35.15,45.0,non_sandy
107533,WB_107533,27.52,0.23,-0.5439,0.8392,0.67,-0.29,Jalangi,8814.204041011582,19.85,35.13,45.02,non_sandy
107534,WB_107534,82.97,0.64,0.5943,0.8042,1.98,0.11,Damodar,14825.078062726692,43.16,27.66,29.18,non_sandy
107535,WB_107535,82.67,0.63,0.6561,0.7546,1.98,-0.19,Damodar,15171.198748796825,43.18,27.65,29.17,non_sandy
107536,WB_107536,83.53,0.64,0.7548,0.656,1.97,0.67,Damodar,15865.813875076707,43.13,27.68,29.19,non_sandy
107537,WB_107537,82.31,0.63,0.2861,0.9582,2.01,-0.55,Damodar,13893.202820308528,43.18,27.64,29.18,non_sandy
107538,WB_107538,82.88,0.63,0.8269,0.5623,1.98,0.02,Damodar,16314.353776376,43.17,27.67,29.16,non_sandy
107539,WB_107539,83.41,0.64,0.6008,0.7994,1.98,0.55,Damodar,14849.514601173103,43.13,27.67,29.2,non_sandy
107540,WB_107540,82.21,0.62,0.4347,0.9006,1.96,-0.65,Damodar,14254.372577178572,43.21,27.63,29.16,non_sandy
107541,WB_107541,83.53,0.63,0.7856,0.6187,1.97,0.67,Damodar,16941.394802487284,43.12,27.69,29.19,non_sandy
107542,WB_107542,82.21,0.63,0.1594,0.9872,2.01,-0.65,Damodar,13383.148266124355,43.16,27.64,29.2,non_sandy
107543,WB_107543,83.12,0.64,0.0382,0.9993,2.01,-0.15,Damodar,21510.20707032425,43.15,27.73,29.12,non_sandy
107544,WB_107544,83.47,0.64,-0.0889,0.996,2.05,0.2,Damodar,22265.814520944696,43.17,27.73,29.1,non_sandy
107545,WB_107545,83.75,0.64,-0.1696,0.9855,2.08,0.48,Damodar,22309.691474776817,43.12,27.75,29.13,non_sandy
107546,WB_107546,82.42,0.64,0.0586,0.9983,2.01,-0.85,Damodar,20821.321227257864,43.18,27.71,29.11,non_sandy
107547,WB_107547,84.33,0.64,-0.1854,0.9827,2.04,1.06,Damodar,23337.269559268185,43.14,27.75,29.11,non_sandy
107548,WB_107548,83.09,0.63,0.0216,0.9998,2.01,-0.18,Damodar,21086.11049667775,43.13,27.73,29.14,non_sandy
107549,WB_107549,82.72,0.64,0.0852,0.9964,2.01,-0.55,Damodar,21651.134613863574,43.2,27.71,29.09,non_sandy
107550,WB_107550,84.36,0.63,-0.1179,0.993,2.04,1.09,Damodar,23415.980358528825,43.1,27.77,29.13,non_sandy
107551,WB_107551,82.2,0.63,0.0669,0.9978,2.01,-1.07,Damodar,19974.058503587756,43.17,27.7,29.13,non_sandy
107552,WB_107552,83.99,0.61,0.7505,-0.6608,1.85,0.01,Damodar,29144.742241899254,43.13,27.81,29.06,non_sandy
107553,WB_107553,84.23,0.62,0.9159,-0.4014,1.87,0.25,Damodar,27919.60841131149,43.15,27.79,29.06,non_sandy
107554,WB_107554,83.94,0.61,0.9993,-0.0379,1.83,-0.04,Damodar,29370.77364052818,43.15,27.8,29.05,non_sandy
107555,WB_107555,83.99,0.61,0.0164,-0.9999,1.88,0.01,Damodar,28870.83254035308,43.11,27.82,29.07,non_sandy
107556,WB_107556,83.95,0.62,0.9912,-0.1326,1.87,-0.03,Damodar,27654.634038944954,43.18,27.78,29.04,non_sandy
107557,WB_107557,83.95,0.6,0.9052,-0.4249,1.85,-0.03,Damodar,30325.87859114717,43.12,27.83,29.05,non_sandy
107558,WB_107558,84.51,0.62,0.9294,-0.3692,1.87,0.53,Damodar,27482.620096756116,43.13,27.8,29.07,non_sandy
107559,WB_107559,83.67,0.62,0.9552,-0.2961,1.87,-0.31,Damodar,28860.915268684927,43.18,27.78,29.04,non_sandy
107560,WB_107560,83.61,0.62,-0.1094,-0.994,1.88,-0.37,Damodar,29969.315501471523,43.08,27.84,29.08,non_sandy
107561,WB_107561,85.54,0.63,-0.2382,-0.9712,1.93,0.07,Mayurakshi,28186.988614187263,43.13,27.88,28.99,non_sandy
107562,WB_107562,85.63,0.62,-0.2339,-0.9723,1.88,0.16,Mayurakshi,29063.89904286604,43.12,27.87,29.01,non_sandy
107563,WB_107563,85.87,0.62,-0.6629,-0.7487,1.86,0.4,Mayurakshi,28899.791255789965,43.16,27.86,28.98,non_sandy
107564,WB_107564,85.1,0.62,-0.1499,-0.9887,1.93,-0.37,Mayurakshi,27583.9170910671,43.1,27.9,29.0,non_sandy
107565,WB_107565,85.79,0.61,-0.4754,-0.8798,1.86,0.32,Mayurakshi,30099.49106098742,43.15,27.85,29.0,non_sandy
107566,WB_107566,85.42,0.62,-0.2028,-0.9792,1.93,-0.05,Mayurakshi,27625.069666725118,43.14,27.88,28.98,non_sandy
107567,WB_107567,85.25,0.62,-0.2136,-0.9769,1.93,-0.22,Mayurakshi,28552.908199541343,43.09,27.89,29.02,non_sandy
107568,WB_107568,85.89,0.61,-0.424,-0.9057,1.86,0.42,Mayurakshi,30002.36056796891,43.18,27.84,28.98,non_sandy
107569,WB_107569,84.7,0.63,-0.1509,-0.9885,1.93,-0.77,Mayurakshi,26639.55617343443,43.1,27.91,28.99,non_sandy
107570,WB_107570,85.13,0.64,-0.9848,0.1735,1.97,-0.1,Mayurakshi,22351.2758246933,43.13,27.94,28.93,non_sandy
107571,WB_107571,85.54,0.64,-0.9718,0.2359,1.96,0.31,Mayurakshi,21126.047201813995,43.12,27.95,28.93,non_sandy
107572,WB_107572,84.72,0.64,-0.9699,0.2435,1.93,-0.51,Mayurakshi,22272.654956804654,43.1,27.95,28.95,non_sandy
107573,WB_107573,85.57,0.64,-0.9877,0.1563,1.97,0.34,Mayurakshi,22355.647454060378,43.16,27.93,28.91,non_sandy
107574,WB_107574,85.4,0.64,-0.9664,0.2572,1.96,0.17,Mayurakshi,20566.36163613316,43.08,27.97,28.95,non_sandy
107575,WB_107575,84.66,0.64,-0.9713,0.238,1.93,-0.57,Mayurakshi,23433.778126855148,43.13,27.92,28.95,non_sandy
107576,WB_107576,85.98,0.64,-0.9674,0.2534,1.96,0.75,Mayurakshi,20975.922248954823,43.14,27.94,28.92,non_sandy
107577,WB_107577,84.8,0.63,-0.95,0.3123,1.98,-0.43,Mayurakshi,21505.715958027675,43.07,27.97,28.96,non_sandy
107578,WB_107578,85.23,0.64,-0.9819,0.1894,1.97,0.0,Mayurakshi,23509.279359582197,43.17,27.91,28.92,non_sandy
107579,WB_107579,84.68,0.6,-0.9888,0.1491,1.81,-0.24,Mayurakshi,14833.661373882092,43.11,28.02,28.87,non_sandy
107580,WB_107580,84.7,0.61,-0.989,0.148,1.8,-0.22,Mayurakshi,15005.532200432177,43.09,28.02,28.89,non_sandy
107581,WB_107581,84.89,0.61,0.2442,-0.9697,1.84,-0.03,Mayurakshi,15948.468083304675,43.14,28.0,28.86,non_sandy
107582,WB_107582,84.88,0.6,-0.5673,0.8235,1.82,-0.04,Mayurakshi,13824.51164947029,43.09,28.03,28.88,non_sandy
107583,WB_107583,84.87,0.61,-0.4272,-0.9042,1.84,-0.05,Mayurakshi,16151.605035130242,43.1,28.01,28.89,non_sandy
107584,WB_107584,84.89,0.6,-0.9666,0.2563,1.81,-0.03,Mayurakshi,15039.587161986356,43.15,28.0,28.85,non_sandy
107585,WB_107585,85.01,0.61,0.0251,0.9997,1.82,0.09,Mayurakshi,13986.98206893548,43.06,28.05,28.89,non_sandy
107586,WB_107586,85.26,0.61,-0.0631,-0.998,1.84,0.34,Mayurakshi,16986.953483436882,43.14,27.98,28.88,non_sandy
107587,WB_107587,85.06,0.61,-0.8058,0.5922,1.82,0.14,Mayurakshi,13463.094818334073,43.11,28.03,28.86,non_sandy
107588,WB_107588,86.51,0.63,0.9976,-0.0694,1.92,-0.12,Mayurakshi,8249.07472359923,43.11,28.08,28.81,non_sandy
107589,WB_107589,86.95,0.63,0.991,0.134,1.93,0.32,Mayurakshi,7912.185412188322,43.07,28.1,28.83,non_sandy
107590,WB_107590,86.64,0.62,0.9957,0.0931,1.92,0.01,Mayurakshi,9392.307901651726,43.12,28.07,28.81,non_sandy
107591,WB_107591,86.37,0.63,0.9979,-0.065,1.94,-0.26,Mayurakshi,7185.968822923081,43.1,28.1,28.8,non_sandy
107592,WB_107592,87.12,0.63,0.9874,0.1585,1.88,0.49,Mayurakshi,8884.886826011538,43.07,28.09,28.84,non_sandy
107593,WB_107593,86.46,0.62,0.9988,-0.0491,1.92,-0.17,Mayurakshi,8924.283595740815,43.14,28.06,28.8,non_sandy
107594,WB_107594,86.98,0.63,0.9854,0.1704,1.93,0.35,Mayurakshi,6773.833872581191,43.06,28.12,28.82,non_sandy
107595,WB_107595,86.64,0.62,0.9298,0.3681,1.92,0.01,Mayurakshi,10163.841533495888,43.11,28.06,28.83,non_sandy
107596,WB_107596,86.01,0.63,1.0,0.0043,1.91,-0.62,Mayurakshi,7292.513162699247,43.12,28.09,28.79,non_sandy
107597,WB_107597,87.73,0.64,-0.0074,1.0,2.06,-0.12,Mayurakshi,1996.7160691095078,43.09,28.15,28.76,non_sandy
107598,WB_107598,87.94,0.64,0.0532,0.9986,2.04,0.09,Mayurakshi,1342.863439573987,43.1,28.15,28.75,non_sandy
107599,WB_107599,88.59,0.64,0.2139,0.9769,2.1,0.74,Mayurakshi,1097.714165248329,43.06,28.17,28.77,non_sandy
107600,WB_107600,86.95,0.64,-0.0068,1.0,2.06,-0.9,Mayurakshi,2782.1367568065807,43.12,28.13,28.75,non_sandy
107601,WB_107601,88.68,0.64,0.1182,0.993,2.06,0.83,Mayurakshi,215.32080573339954,43.08,28.17,28.75,non_sandy
107602,WB_107602,87.78,0.64,0.0087,1.0,2.06,-0.07,Mayurakshi,2296.5269366954785,43.06,28.16,28.78,non_sandy
107603,WB_107603,87.28,0.64,-0.0522,0.9986,2.08,-0.57,Mayurakshi,2069.890815870292,43.14,28.13,28.73,non_sandy
107604,WB_107604,89.2,0.64,0.0806,0.9967,2.06,1.35,Mayurakshi,34.313899150287305,43.04,28.19,28.77,non_sandy
107605,WB_107605,86.54,0.64,-0.0165,0.9999,2.06,-1.31,Mayurakshi,3552.759321144441,43.11,28.13,28.76,non_sandy
107606,WB_107606,88.08,0.63,0.2218,0.9751,1.94,-0.13,Mayurakshi,5219.395347741763,43.09,28.22,28.69,non_sandy
107607,WB_107607,88.46,0.62,0.064,0.998,1.92,0.25,Mayurakshi,5701.178540418646,43.05,28.24,28.71,non_sandy
107608,WB_107608,87.77,0.62,0.4737,0.8807,1.92,-0.44,Mayurakshi,4113.046832385042,43.1,28.21,28.69,non_sandy
107609,WB_107609,88.62,0.63,0.0365,0.9993,1.97,0.41,Mayurakshi,6248.153879424481,43.08,28.24,28.68,non_sandy
107610,WB_107610,88.33,0.62,0.2144,0.9767,1.93,0.12,Mayurakshi,4807.442732435977,43.05,28.23,28.72,non_sandy
107611,WB_107611,87.41,0.63,0.5249,0.8511,1.93,-0.8,Mayurakshi,4152.212033287957,43.12,28.2,28.68,non_sandy
107612,WB_107612,88.91,0.62,0.1365,0.9906,1.92,0.7,Mayurakshi,6839.040966159746,43.04,28.26,28.7,non_sandy
107613,WB_107613,88.03,0.62,0.7337,0.6795,1.92,-0.18,Mayurakshi,3441.0228455316474,43.09,28.21,28.7,non_sandy
107614,WB_107614,88.26,0.63,0.0529,0.9986,1.99,0.05,Mayurakshi,5705.057300834112,43.11,28.22,28.67,non_sandy
107615,WB_107615,90.02,0.62,0.9661,-0.2583,1.88,0.26,Mayurakshi,10821.11893764428,43.08,28.29,28.63,non_sandy
107616,WB_107616,89.59,0.62,0.4898,-0.8718,1.88,-0.17,Mayurakshi,11946.947008673838,43.07,28.3,28.63,non_sandy
107617,WB_107617,90.0,0.63,0.6953,-0.7187,1.91,0.24,Mayurakshi,11345.621446623196,43.05,28.3,28.65,non_sandy
107618,WB_107618,89.81,0.62,0.9129,-0.4083,1.88,0.05,Mayurakshi,10403.858931381887,43.1,28.28,28.62,non_sandy
107619,WB_107619,89.27,0.62,0.5678,-0.8232,1.88,-0.49,Mayurakshi,12898.61300144183,43.04,28.32,28.64,non_sandy
107620,WB_107620,90.29,0.62,0.9451,-0.3269,1.88,0.53,Mayurakshi,9973.084592381201,43.07,28.28,28.65,non_sandy
107621,WB_107621,89.44,0.62,0.5771,-0.8166,1.88,-0.32,Mayurakshi,11658.958290041246,43.1,28.29,28.61,non_sandy
107622,WB_107622,89.5,0.62,0.3573,-0.934,1.92,-0.26,Mayurakshi,12431.71735114306,43.02,28.32,28.66,non_sandy
107623,WB_107623,89.9,0.62,0.9816,-0.1909,1.88,0.14,Mayurakshi,9262.044625923667,43.12,28.26,28.62,non_sandy
107624,WB_107624,90.54,0.63,-0.9992,0.04,1.93,0.04,Mayurakshi,17335.673788665335,43.05,28.37,28.58,non_sandy
107625,WB_107625,90.9,0.64,-0.9991,0.0433,1.93,0.4,Mayurakshi,16823.030501193214,43.08,28.36,28.56,non_sandy
107626,WB_107626,90.54,0.63,-0.9976,-0.069,1.93,0.04,Mayurakshi,18526.71397455214,43.03,28.39,28.58,non_sandy
107627,WB_107627,90.33,0.63,-0.9936,0.1133,1.94,-0.17,Mayurakshi,16219.203399477045,43.07,28.35,28.58,non_sandy
107628,WB_107628,91.04,0.63,-0.983,-0.1838,1.89,0.54,Mayurakshi,17772.6267723051,43.08,28.37,28.55,non_sandy
107629,WB_107629,90.2,0.62,-0.9952,-0.0977,1.93,-0.3,Mayurakshi,18185.3975858953,43.01,28.39,28.6,non_sandy
107630,WB_107630,90.58,0.63,-0.9755,0.22,1.94,0.08,Mayurakshi,15607.495939715629,43.1,28.34,28.56,non_sandy
107631,WB_107631,90.5,0.62,-0.9303,-0.3668,1.89,-0.0,Mayurakshi,19238.054711288143,43.04,28.39,28.57,non_sandy
107632,WB_107632,89.88,0.63,-0.9919,0.1266,1.9,-0.62,Mayurakshi,16480.632009513705,43.04,28.36,28.6,non_sandy
107633,WB_107633,89.38,0.63,-0.9984,0.057,1.91,-0.27,Mayurakshi,23378.141259899596,43.04,28.44,28.52,non_sandy
107634,WB_107634,89.77,0.62,-0.9981,0.0617,1.91,0.12,Mayurakshi,22855.183859680517,43.07,28.43,28.5,non_sandy
107635,WB_107635,89.68,0.63,-0.9917,0.1286,1.94,0.03,Mayurakshi,24566.41915259611,43.02,28.46,28.52,non_sandy
107636,WB_107636,89.42,0.63,-1.0,0.0077,1.92,-0.23,Mayurakshi,22263.627541590005,43.05,28.42,28.53,non_sandy
107637,WB_107637,90.16,0.63,-0.9831,0.1833,1.92,0.51,Mayurakshi,23798.036202276722,43.07,28.44,28.49,non_sandy
107638,WB_107638,89.27,0.63,-0.9889,0.1488,1.94,-0.38,Mayurakshi,24236.297019923426,43.0,28.46,28.54,non_sandy
107639,WB_107639,89.85,0.63,-0.999,-0.0447,1.92,0.2,Mayurakshi,21640.36370158643,43.09,28.41,28.5,non_sandy
107640,WB_107640,90.2,0.63,-0.9725,0.2328,1.92,0.55,Mayurakshi,25269.532117116425,43.03,28.46,28.51,non_sandy
107641,WB_107641,89.16,0.62,-0.9998,-0.0176,1.87,-0.49,Mayurakshi,22535.148740367873,43.03,28.43,28.54,non_sandy
107642,WB_107642,90.26,0.62,0.9534,-0.3018,1.9,-0.13,Hooghly/Ganga,29364.99493046278,43.02,28.52,28.46,non_sandy
107643,WB_107643,90.5,0.62,0.8412,-0.5408,1.89,0.11,Mayurakshi,28574.365019389064,43.06,28.49,28.45,non_sandy
107644,WB_107644,89.99,0.62,0.8566,-0.516,1.89,-0.4,Hooghly/Ganga,28582.07958109627,43.03,28.52,28.45,non_sandy
107645,WB_107645,90.6,0.62,0.7643,-0.6448,1.89,0.21,Mayurakshi,29030.66418649672,43.02,28.51,28.47,non_sandy
107646,WB_107646,90.34,0.62,0.6113,-0.7914,1.91,-0.05,Hooghly/Ganga,28615.426706539027,43.08,28.49,28.43,non_sandy
107647,WB_107647,90.31,0.62,0.9674,-0.2534,1.9,-0.08,Hooghly/Ganga,29106.146934461674,42.99,28.54,28.47,non_sandy
107648,WB_107648,90.9,0.62,0.8169,-0.5768,1.89,0.51,Mayurakshi,27683.696511233884,43.06,28.48,28.46,non_sandy
107649,WB_107649,89.89,0.62,0.8474,-0.5309,1.87,-0.5,Hooghly/Ganga,27924.97067596465,43.05,28.51,28.44,non_sandy
107650,WB_107650,90.75,0.62,0.9586,-0.2847,1.9,0.36,Mayurakshi,29994.961561445452,42.99,28.53,28.48,non_sandy
107651,WB_107651,92.2,0.63,0.85,0.5267,1.93,0.06,Hooghly/Ganga,23910.862625359427,43.03,28.58,28.39,non_sandy
107652,WB_107652,92.29,0.63,0.5248,0.8512,1.97,0.15,Hooghly/Ganga,24741.587216806187,43.01,28.58,28.41,non_sandy
107653,WB_107653,91.83,0.62,0.2947,0.9556,1.94,-0.31,Hooghly/Ganga,23987.406606151628,43.06,28.56,28.38,non_sandy
107654,WB_107654,92.65,0.63,0.8145,0.5802,1.93,0.51,Hooghly/Ganga,23886.598410206836,43.0,28.6,28.4,non_sandy
107655,WB_107655,91.61,0.63,0.2302,0.9731,1.98,-0.53,Hooghly/Ganga,25143.62477700532,43.03,28.56,28.41,non_sandy
107656,WB_107656,91.91,0.63,0.8309,0.5564,1.93,-0.23,Hooghly/Ganga,23184.45867283874,43.05,28.57,28.38,non_sandy
107657,WB_107657,92.93,0.64,0.7198,0.6941,1.95,0.79,Hooghly/Ganga,24821.361049732895,42.98,28.6,28.42,non_sandy
107658,WB_107658,91.48,0.62,0.5951,0.8037,1.98,-0.66,Hooghly/Ganga,24527.001775208722,43.07,28.54,28.39,non_sandy
107659,WB_107659,92.33,0.63,0.9051,0.4252,1.93,0.19,Hooghly/Ganga,23100.279372616526,43.01,28.6,28.39,non_sandy
107660,WB_107660,92.5,0.64,0.0692,0.9976,2.02,0.01,Hooghly/Ganga,19537.07787878707,43.01,28.65,28.34,non_sandy
107661,WB_107661,91.93,0.64,0.157,0.9876,2.06,-0.56,Hooghly/Ganga,19100.08896529489,43.04,28.63,28.33,non_sandy
107662,WB_107662,93.34,0.64,0.0499,0.9988,2.05,0.85,Hooghly/Ganga,18917.720672678985,42.99,28.67,28.34,non_sandy
107663,WB_107663,91.81,0.64,0.0829,0.9966,2.04,-0.68,Hooghly/Ganga,20078.984108308297,43.02,28.64,28.34,non_sandy
107664,WB_107664,92.54,0.64,0.0137,0.9999,2.08,0.05,Hooghly/Ganga,18328.587770604325,43.04,28.64,28.32,non_sandy
107665,WB_107665,93.17,0.64,-0.0574,0.9984,2.06,0.68,Hooghly/Ganga,19731.384125504468,42.97,28.67,28.36,non_sandy
107666,WB_107666,91.2,0.64,0.0934,0.9956,2.06,-1.29,Hooghly/Ganga,19603.479679213047,43.06,28.62,28.32,non_sandy
107667,WB_107667,93.73,0.64,0.0271,0.9996,2.05,1.24,Hooghly/Ganga,18145.588589293293,43.0,28.67,28.33,non_sandy
107668,WB_107668,92.23,0.64,0.1595,0.9872,2.1,-0.26,Hooghly/Ganga,20597.335093318874,42.99,28.65,28.36,non_sandy
107669,WB_107669,93.37,0.62,1.0,-0.0063,1.89,-0.16,Hooghly/Ganga,14257.276784861313,43.02,28.71,28.27,non_sandy
107670,WB_107670,93.5,0.62,0.9925,0.1221,1.89,-0.03,Hooghly/Ganga,13893.583100707561,42.99,28.73,28.28,non_sandy
107671,WB_107671,93.8,0.63,0.9965,-0.0838,1.89,0.27,Hooghly/Ganga,15058.79168769126,43.0,28.71,28.29,non_sandy
107672,WB_107672,93.06,0.62,0.9836,0.1804,1.85,-0.47,Hooghly/Ganga,13504.927191724497,43.04,28.71,28.25,non_sandy
107673,WB_107673,93.56,0.61,0.9691,-0.2467,1.89,0.03,Hooghly/Ganga,14525.115027100252,42.96,28.74,28.3,non_sandy
107674,WB_107674,93.39,0.62,0.9972,0.0749,1.89,-0.14,Hooghly/Ganga,14846.017022671647,43.04,28.69,28.27,non_sandy
107675,WB_107675,93.52,0.62,0.8879,0.46,1.89,-0.01,Hooghly/Ganga,13072.25592962869,43.0,28.73,28.27,non_sandy
107676,WB_107676,94.01,0.63,1.0,-0.0099,1.89,0.48,Hooghly/Ganga,15526.718242100682,42.97,28.73,28.3,non_sandy
107677,WB_107677,95.47,0.61,-0.9237,-0.383,1.81,0.26,Hooghly/Ganga,9201.218523063946,43.01,28.78,28.21,non_sandy
107678,WB_107678,95.18,0.61,-0.3572,-0.934,1.85,-0.03,Hooghly/Ganga,9042.68854135974,42.98,28.8,28.22,non_sandy
107679,WB_107679,95.41,0.61,-0.0947,-0.9955,1.81,0.2,Hooghly/Ganga,10035.431747836352,43.0,28.78,28.22,non_sandy
107680,WB_107680,95.3,0.61,-0.4986,-0.8668,1.85,0.09,Hooghly/Ganga,8430.306654602231,43.02,28.78,28.2,non_sandy
107681,WB_107681,95.09,0.61,-0.1346,-0.9909,1.85,-0.12,Hooghly/Ganga,9790.36412153811,42.95,28.81,28.24,non_sandy
107682,WB_107682,95.22,0.6,-0.9252,0.3796,1.81,0.01,Hooghly/Ganga,9614.998407956822,43.04,28.76,28.2,non_sandy
107683,WB_107683,94.82,0.62,-0.1703,-0.9854,1.85,-0.39,Hooghly/Ganga,8240.853244433361,42.98,28.81,28.21,non_sandy
107684,WB_107684,95.21,0.61,-0.8058,-0.5921,1.81,-0.0,Hooghly/Ganga,10648.283232746784,42.97,28.79,28.24,non_sandy
107685,WB_107685,95.04,0.64,-0.981,0.1938,1.98,0.15,Hooghly/Ganga,4377.222717593928,43.0,28.85,28.15,non_sandy
107686,WB_107686,95.13,0.64,-0.9858,0.1678,2.01,0.24,Hooghly/Ganga,4129.321531347486,42.97,28.87,28.16,non_sandy
107687,WB_107687,94.48,0.64,-0.9817,0.1903,1.98,-0.41,Hooghly/Ganga,5191.848340534324,42.98,28.85,28.17,non_sandy
107688,WB_107688,95.56,0.64,-0.9864,0.1641,1.95,0.67,Hooghly/Ganga,3619.2775898521136,43.01,28.85,28.14,non_sandy
107689,WB_107689,94.63,0.64,-0.986,0.1669,2.01,-0.26,Hooghly/Ganga,4819.23924529298,42.94,28.88,28.18,non_sandy
107690,WB_107690,94.69,0.64,-0.9748,0.223,1.98,-0.2,Hooghly/Ganga,4865.488693910104,43.02,28.83,28.15,non_sandy
107691,WB_107691,95.57,0.64,-0.9932,0.1163,2.01,0.68,Hooghly/Ganga,3316.8375232117914,42.98,28.88,28.14,non_sandy
107692,WB_107692,94.05,0.64,-0.9794,0.2019,1.98,-0.84,Hooghly/Ganga,5737.055305155996,42.95,28.86,28.19,non_sandy
107693,WB_107693,94.19,0.62,-0.8996,-0.4367,1.85,-0.32,Hooghly/Ganga,216.08360306153335,42.96,28.93,28.11,non_sandy
107694,WB_107694,94.64,0.62,-0.6526,-0.7577,1.89,0.13,Hooghly/Ganga,237.7439279443249,43.0,28.91,28.09,non_sandy
107695,WB_107695,94.28,0.61,-0.6843,-0.7292,1.85,-0.23,Hooghly/Ganga,1030.4739433179573,42.97,28.94,28.09,non_sandy
107696,WB_107696,94.37,0.62,-0.6461,-0.7633,1.9,-0.14,Hooghly/Ganga,526.8910966962947,42.96,28.93,28.11,non_sandy
107697,WB_107697,94.73,0.61,-0.4765,-0.8792,1.89,0.22,Hooghly/Ganga,1034.0266484589047,43.02,28.91,28.07,non_sandy
107698,WB_107698,94.21,0.61,-0.8635,-0.5043,1.85,-0.3,Hooghly/Ganga,460.551498255511,42.93,28.96,28.11,non_sandy
107699,WB_107699,95.06,0.62,-0.5011,-0.8654,1.89,0.55,Hooghly/Ganga,525.4051635964746,43.0,28.9,28.1,non_sandy
107700,WB_107700,94.61,0.62,-0.8808,-0.4736,1.85,0.1,Hooghly/Ganga,1729.674407741105,42.99,28.93,28.08,non_sandy
107701,WB_107701,56.89,0.31,0.5701,-0.8216,1.01,-0.46,Teesta,30167.652800939784,40.35,27.99,31.66,non_sandy
107702,WB_107702,57.05,0.31,-0.3664,-0.9305,1.07,-0.3,Teesta,29674.89339355665,40.4,27.97,31.63,non_sandy
107703,WB_107703,56.82,0.31,-0.7806,-0.625,1.03,-0.53,Teesta,28810.95653792495,40.37,27.99,31.64,non_sandy
107704,WB_107704,57.38,0.31,0.9315,-0.3638,1.11,0.03,Teesta,31380.21141008151,40.34,27.98,31.68,non_sandy
107705,WB_107705,57.53,0.32,-0.773,-0.6344,1.07,0.18,Teesta,28168.091973404724,40.44,27.96,31.6,non_sandy
107706,WB_107706,57.2,0.32,0.897,-0.442,1.1,-0.15,Teesta,30173.28392611849,40.31,28.01,31.68,non_sandy
107707,WB_107707,57.44,0.32,-0.4331,-0.9013,1.07,0.09,Teesta,30862.618736177985,40.4,27.96,31.64,non_sandy
107708,WB_107708,57.49,0.31,-0.9931,-0.1174,1.07,0.14,Teesta,27385.017786849974,40.41,27.99,31.6,non_sandy
107709,WB_107709,58.13,0.32,0.9765,-0.2155,1.1,0.78,Teesta,32083.552041670977,40.29,28.0,31.71,non_sandy
107710,WB_107710,57.8,0.32,-0.7963,-0.6049,1.07,0.45,Teesta,28666.795000547663,40.46,27.94,31.6,non_sandy
107711,WB_107711,57.11,0.3,-0.9097,-0.4153,1.01,-0.24,Teesta,28729.606044548655,40.33,28.02,31.65,non_sandy
107712,WB_107712,57.92,0.33,-0.9891,-0.1473,1.18,-0.36,Teesta,19277.220476631985,40.51,28.02,31.47,non_sandy
107713,WB_107713,58.1,0.32,-0.8117,-0.5841,1.12,-0.18,Teesta,20233.4556409276,40.52,28.0,31.48,non_sandy
107714,WB_107714,58.8,0.32,-0.9659,0.259,1.15,0.52,Teesta,17965.73930081339,40.56,28.0,31.44,non_sandy
107715,WB_107715,57.36,0.33,-0.8381,-0.5456,1.15,-0.92,Teesta,20528.019697564785,40.47,28.03,31.5,non_sandy
107716,WB_107716,58.38,0.31,-0.9984,0.0574,1.07,0.1,Teesta,19342.407252780376,40.57,27.98,31.45,non_sandy
107717,WB_107717,58.41,0.33,-0.9743,-0.2254,1.29,0.13,Teesta,17987.424136723745,40.52,28.02,31.46,non_sandy
107718,WB_107718,57.99,0.32,-0.2442,-0.9697,1.14,-0.29,Teesta,21643.523992481696,40.48,28.01,31.51,non_sandy
107719,WB_107719,58.95,0.32,-0.8929,0.4502,1.15,0.67,Teesta,17406.272246768527,40.61,27.98,31.41,non_sandy
107720,WB_107720,57.08,0.33,-0.7703,-0.6377,1.17,-1.2,Teesta,19875.8023528913,40.45,28.04,31.51,non_sandy
107721,WB_107721,58.54,0.32,-0.7403,-0.6722,1.12,0.26,Teesta,20814.041179100783,40.55,27.98,31.47,non_sandy
107722,WB_107722,59.52,0.33,-0.9218,0.3877,1.15,1.24,Teesta,16591.78681578139,40.57,28.01,31.42,non_sandy
107723,WB_107723,58.28,0.33,0.1978,0.9802,1.13,-0.3,Teesta,9161.925213641105,40.69,28.02,31.29,non_sandy
107724,WB_107724,58.96,0.33,-0.0366,0.9993,1.13,0.38,Teesta,8145.022414544205,40.68,28.04,31.28,non_sandy
107725,WB_107725,58.51,0.31,0.079,0.9969,1.06,-0.07,Teesta,10437.592552844713,40.64,28.04,31.32,non_sandy
107726,WB_107726,58.19,0.33,0.187,0.9824,1.23,-0.39,Teesta,7940.240416720038,40.74,28.01,31.25,non_sandy
107727,WB_107727,58.92,0.32,-0.3789,0.9254,1.14,0.34,Teesta,8977.317789898514,40.63,28.06,31.31,non_sandy
107728,WB_107728,58.09,0.32,0.3505,0.9366,1.12,-0.49,Teesta,10495.13692023143,40.68,28.02,31.3,non_sandy
107729,WB_107729,59.0,0.33,-0.1129,0.9936,1.22,0.42,Teesta,6757.475670076632,40.73,28.03,31.24,non_sandy
107730,WB_107730,58.43,0.31,-0.6015,0.7988,1.06,-0.15,Teesta,10931.75377789131,40.59,28.06,31.35,non_sandy
107731,WB_107731,57.53,0.34,0.1588,0.9873,1.14,-1.05,Teesta,8655.201469337495,40.75,28.0,31.25,non_sandy
107732,WB_107732,59.62,0.33,-0.0204,0.9998,1.13,1.04,Teesta,7486.146688593059,40.66,28.06,31.28,non_sandy
107733,WB_107733,58.84,0.31,0.9053,0.4247,1.06,0.26,Teesta,11852.68797907702,40.63,28.03,31.34,non_sandy
107734,WB_107734,57.72,0.33,-0.5853,0.8108,1.13,-0.45,Teesta,1100.6835273083796,40.84,28.05,31.11,non_sandy
107735,WB_107735,58.37,0.32,-0.6429,0.766,1.09,0.2,Teesta,2270.2381912593855,40.84,28.06,31.1,non_sandy
107736,WB_107736,57.71,0.33,-0.0418,0.9991,1.12,-0.46,Teesta,64.13403913657238,40.79,28.07,31.14,non_sandy
107737,WB_107737,58.38,0.33,-0.8205,0.5717,1.17,0.21,Teesta,2229.5032643735285,40.89,28.04,31.07,non_sandy
107738,WB_107738,58.62,0.33,-0.0345,0.9994,1.17,0.45,Teesta,1605.3652824571077,40.79,28.08,31.13,non_sandy
107739,WB_107739,57.23,0.33,-0.227,0.9739,1.08,-0.94,Teesta,334.6398791932668,40.82,28.04,31.14,non_sandy
107740,WB_107740,58.79,0.32,-0.5573,0.8303,1.09,0.62,Teesta,3581.359891733767,40.89,28.05,31.06,non_sandy
107741,WB_107741,58.31,0.33,0.0361,0.9993,1.12,0.14,Teesta,377.5387668827563,40.74,28.09,31.17,non_sandy
107742,WB_107742,58.06,0.32,-0.8446,0.5354,1.14,-0.11,Teesta,1352.50136272327,40.9,28.02,31.08,non_sandy
107743,WB_107743,58.89,0.32,-0.5276,0.8495,1.12,0.72,Teesta,3133.4000561993503,40.82,28.08,31.1,non_sandy
107744,WB_107744,57.78,0.33,0.2284,0.9736,1.12,-0.39,Teesta,1574.1905421149497,40.77,28.06,31.17,non_sandy
107745,WB_107745,59.41,0.33,-0.9959,-0.0908,1.22,0.44,Teesta,11774.724144329559,41.0,28.07,30.93,non_sandy
107746,WB_107746,59.17,0.33,-0.9987,0.05,1.24,0.2,Teesta,12205.542133195198,40.97,28.09,30.94,non_sandy
107747,WB_107747,58.23,0.34,-0.9946,0.1042,1.23,-0.74,Teesta,10292.317177539828,40.96,28.08,30.96,non_sandy
107748,WB_107748,60.14,0.33,-0.9992,-0.0404,1.22,1.17,Teesta,13152.971750847903,41.04,28.07,30.89,non_sandy
107749,WB_107749,58.23,0.33,-0.9951,0.0989,1.21,-0.74,Teesta,10942.04991893512,40.92,28.11,30.97,non_sandy
107750,WB_107750,59.17,0.33,-0.9999,-0.0154,1.29,0.2,Teesta,10904.557662403895,41.01,28.06,30.93,non_sandy
107751,WB_107751,59.7,0.32,-0.9812,-0.1927,1.15,0.73,Teesta,13680.449886089564,41.0,28.09,30.91,non_sandy
107752,WB_107752,57.47,0.33,-0.9965,0.0835,1.19,-1.5,Teesta,9288.655285583553,40.91,28.1,30.99,non_sandy
107753,WB_107753,60.26,0.33,-1.0,0.004,1.22,1.29,Teesta,13020.54300250157,41.07,28.05,30.88,non_sandy
107754,WB_107754,58.77,0.33,-0.9862,0.1658,1.26,-0.2,Teesta,12156.396905205615,40.93,28.12,30.95,non_sandy
107755,WB_107755,58.08,0.33,-0.9981,0.062,1.23,-0.89,Teesta,9326.915430926076,40.97,28.06,30.97,non_sandy
107756,WB_107756,60.18,0.32,-0.8639,0.5037,1.1,0.4,Torsa,19670.63668192922,41.12,28.11,30.77,non_sandy
107757,WB_107757,60.19,0.31,0.8433,0.5374,1.08,0.41,Torsa,18131.264189728125,41.17,28.1,30.73,non_sandy
107758,WB_107758,60.22,0.33,-0.7576,0.6527,1.13,0.44,Torsa,19417.664862538615,41.09,28.13,30.78,non_sandy
107759,WB_107759,59.85,0.31,-0.6379,0.7701,1.08,0.07,Torsa,19868.272614594913,41.15,28.09,30.76,non_sandy
107760,WB_107760,60.19,0.32,0.4176,0.9086,1.09,0.41,Torsa,17220.766165150944,41.16,28.11,30.73,non_sandy
107761,WB_107761,59.33,0.32,-0.9493,0.3144,1.13,-0.45,Teesta,20086.04007763638,41.06,28.12,30.82,non_sandy
107762,WB_107762,59.63,0.31,0.7966,0.6045,1.07,-0.15,Torsa,18206.79674496069,41.21,28.08,30.71,non_sandy
107763,WB_107763,60.35,0.32,-0.7589,0.6512,1.13,0.57,Torsa,18313.593930417883,41.1,28.14,30.76,non_sandy
107764,WB_107764,59.33,0.32,-0.9246,0.3809,1.12,-0.45,Teesta,19665.664231414863,41.11,28.1,30.79,non_sandy
107765,WB_107765,59.25,0.32,0.9182,0.3961,1.08,-0.53,Torsa,16386.417647832273,41.22,28.09,30.69,non_sandy
107766,WB_107766,59.11,0.33,-0.9773,0.2117,1.13,-0.67,Teesta,20434.907574958303,41.03,28.14,30.83,non_sandy
107767,WB_107767,59.3,0.32,0.4988,0.8667,1.12,-0.04,Torsa,8762.553183810825,41.3,28.12,30.58,non_sandy
107768,WB_107768,59.4,0.32,0.8756,0.4829,1.17,0.06,Torsa,7882.391896595298,41.29,28.14,30.57,non_sandy
107769,WB_107769,59.63,0.33,0.4272,0.9042,1.13,0.29,Torsa,10122.406402454058,41.25,28.14,30.61,non_sandy
107770,WB_107770,58.88,0.31,0.9127,0.4086,1.09,-0.46,Torsa,7576.291117778978,41.34,28.11,30.55,non_sandy
107771,WB_107771,60.26,0.33,0.6004,0.7997,1.1,0.92,Torsa,8983.168072491075,41.23,28.16,30.61,non_sandy
107772,WB_107772,58.99,0.31,0.2087,0.978,1.02,-0.35,Torsa,10016.97029974682,41.3,28.11,30.59,non_sandy
107773,WB_107773,58.46,0.33,0.9856,-0.1693,1.17,-0.88,Torsa,6453.9531484876,41.33,28.13,30.54,non_sandy
107774,WB_107774,60.04,0.33,0.3654,0.9309,1.13,0.7,Torsa,10903.26369653892,41.2,28.16,30.64,non_sandy
107775,WB_107775,59.14,0.31,0.7477,-0.6641,1.08,-0.2,Torsa,8328.267858086752,41.36,28.1,30.54,non_sandy
107776,WB_107776,59.72,0.32,0.8887,0.4584,1.17,0.38,Torsa,7550.821266644697,41.25,28.16,30.59,non_sandy
107785,WB_107785,58.97,0.33,0.2234,0.9747,1.13,-0.37,Torsa,11429.019858144413,41.24,28.13,30.63,non_sandy
107786,WB_107786,59.3,0.31,-0.3674,-0.9301,1.08,-0.01,Torsa,894.3228651019052,41.41,28.16,30.43,non_sandy
107787,WB_107787,59.7,0.33,-0.2058,-0.9786,1.09,0.39,Torsa,896.8873233023762,41.47,28.14,30.39,non_sandy
107788,WB_107788,58.91,0.32,0.4612,-0.8873,1.08,-0.4,Torsa,1939.121662186877,41.42,28.17,30.41,non_sandy
107789,WB_107789,59.32,0.31,-0.733,-0.6803,1.09,0.01,Torsa,164.23329782118023,41.42,28.15,30.43,non_sandy
107790,WB_107790,59.3,0.33,-0.0119,-0.9999,1.16,-0.01,Torsa,2018.671450126816,41.5,28.14,30.36,non_sandy
107791,WB_107791,59.37,0.3,-0.1427,-0.9898,1.02,0.06,Torsa,102.89795258562434,41.37,28.19,30.44,non_sandy
107792,WB_107792,60.11,0.33,-0.1481,-0.989,1.09,0.8,Torsa,193.95369487024922,41.48,28.13,30.39,non_sandy
107793,WB_107793,58.48,0.33,0.2726,-0.9621,1.11,-0.83,Torsa,3031.6767689866538,41.45,28.17,30.38,non_sandy
107794,WB_107794,58.99,0.32,-0.7848,-0.6197,1.08,-0.32,Torsa,1148.368601579178,41.36,28.17,30.47,non_sandy
107795,WB_107795,59.83,0.33,-0.0075,-1.0,1.16,0.52,Torsa,1303.9404821740486,41.53,28.12,30.35,non_sandy
107796,WB_107796,59.1,0.31,0.998,-0.0627,1.04,-0.21,Torsa,1071.08521973218,41.37,28.2,30.43,non_sandy
107797,WB_107797,60.14,0.33,0.5898,-0.8076,1.14,0.22,Torsa,9712.251250696152,41.61,28.18,30.21,non_sandy
107798,WB_107798,60.03,0.33,0.1016,-0.9948,1.11,0.11,Torsa,9862.348822705419,41.55,28.2,30.25,non_sandy
107799,WB_107799,60.7,0.33,0.2776,-0.9607,1.09,0.78,Torsa,8486.460236128858,41.6,28.17,30.23,non_sandy
107800,WB_107800,59.63,0.32,0.6485,-0.7612,1.14,-0.29,Torsa,10697.21734570427,41.62,28.18,30.2,non_sandy
107801,WB_107801,60.15,0.32,-0.0035,-1.0,1.13,0.23,Torsa,8736.22965633069,41.52,28.2,30.28,non_sandy
107802,WB_107802,59.75,0.32,0.7898,-0.6134,1.14,-0.17,Torsa,8790.18852904159,41.66,28.15,30.19,non_sandy
107803,WB_107803,59.38,0.33,0.0573,-0.9984,1.11,-0.54,Torsa,11044.234831815002,41.55,28.21,30.24,non_sandy
107804,WB_107804,60.66,0.32,-0.0722,-0.9974,1.13,0.74,Torsa,7538.597024074956,41.56,28.17,30.27,non_sandy
107805,WB_107805,59.11,0.33,0.6261,-0.7797,1.14,-0.81,Torsa,9770.822943991492,41.67,28.16,30.17,non_sandy
107806,WB_107806,59.61,0.32,-0.0532,-0.9986,1.13,-0.31,Torsa,9135.64186983088,41.49,28.22,30.29,non_sandy
107807,WB_107807,59.58,0.34,0.9976,0.0691,1.26,0.17,Torsa,12944.512796136867,41.74,28.2,30.06,non_sandy
107808,WB_107808,58.73,0.33,0.9965,0.0835,1.14,-0.68,Torsa,13439.944629355876,41.76,28.21,30.03,non_sandy
107809,WB_107809,60.51,0.34,1.0,-0.0082,1.24,1.1,Torsa,13970.27300747085,41.69,28.22,30.09,non_sandy
107810,WB_107810,58.65,0.33,0.958,0.2868,1.14,-0.76,Torsa,12042.90075955762,41.79,28.18,30.03,non_sandy
107811,WB_107811,59.36,0.33,0.9899,0.1415,1.26,-0.05,Torsa,14593.144242157883,41.72,28.23,30.05,non_sandy
107812,WB_107812,60.63,0.34,0.9992,-0.0402,1.25,1.22,Torsa,12853.863995445035,41.7,28.2,30.1,non_sandy
107813,WB_107813,58.09,0.33,0.9811,0.1936,1.14,-1.32,Torsa,12729.296714803106,41.82,28.19,29.99,non_sandy
107814,WB_107814,60.43,0.33,0.9931,-0.1173,1.24,1.02,Torsa,15102.958388984582,41.66,28.24,30.1,non_sandy
107815,WB_107815,59.32,0.33,0.9961,0.0885,1.34,-0.09,Torsa,11412.295468824013,41.78,28.17,30.05,non_sandy
107816,WB_107816,58.77,0.33,0.9114,0.4116,1.27,-0.64,Torsa,14431.610351289353,41.77,28.22,30.01,non_sandy
107817,WB_107817,58.59,0.33,0.6383,-0.7698,1.13,-0.32,Torsa,18719.377981132824,41.87,28.24,29.89,non_sandy
107818,WB_107818,58.53,0.31,-0.2513,-0.9679,1.06,-0.38,Torsa,18723.793001463477,41.93,28.22,29.85,non_sandy
107819,WB_107819,58.33,0.32,0.3261,-0.9453,1.07,-0.58,Torsa,19873.49123909342,41.86,28.25,29.89,non_sandy
107820,WB_107820,59.01,0.32,0.8654,-0.501,1.13,0.1,Torsa,17661.995702594937,41.88,28.22,29.9,non_sandy
107821,WB_107821,58.72,0.31,-0.4308,-0.9024,1.07,-0.19,Torsa,19909.418244570283,41.95,28.22,29.83,non_sandy
107822,WB_107822,59.37,0.32,0.9936,-0.1132,1.15,0.46,Torsa,19231.142341897412,41.81,28.26,29.93,non_sandy
107823,WB_107823,59.05,0.31,-0.4069,-0.9135,1.06,0.14,Torsa,17639.61080435558,41.94,28.2,29.86,non_sandy
107824,WB_107824,58.38,0.31,-0.578,-0.8161,1.07,-0.53,Torsa,20848.816600155864,41.89,28.25,29.86,non_sandy
107825,WB_107825,59.76,0.32,0.7255,-0.6882,1.13,0.85,Torsa,17626.803731335433,41.82,28.24,29.94,non_sandy
107826,WB_107826,59.35,0.32,-0.6781,-0.735,1.07,0.44,Torsa,19335.598393893702,41.99,28.2,29.81,non_sandy
107827,WB_107827,59.54,0.32,-0.5505,-0.8348,1.07,-0.11,Torsa,26941.105702586316,42.04,28.25,29.71,non_sandy
107828,WB_107828,59.81,0.32,-0.9433,-0.3319,1.09,0.16,Torsa,28358.215418513275,42.06,28.25,29.69,non_sandy
107829,WB_107829,59.0,0.32,-0.6605,-0.7508,1.14,-0.65,Torsa,26871.19818592092,41.99,28.27,29.74,non_sandy
107830,WB_107830,59.8,0.32,-1.0,0.0051,1.09,0.15,Torsa,27162.624179723894,42.09,28.23,29.68,non_sandy
107831,WB_107831,59.27,0.32,-0.9084,-0.4182,1.19,-0.38,Torsa,28797.91462961154,42.02,28.28,29.7,non_sandy
107832,WB_107832,59.74,0.32,-0.1346,-0.9909,1.14,0.09,Torsa,25656.86902235395,42.0,28.25,29.75,non_sandy
107833,WB_107833,60.29,0.32,-0.9577,-0.2879,1.09,0.64,Torsa,28808.037574266367,42.12,28.24,29.64,non_sandy
107834,WB_107834,58.55,0.32,-0.6192,-0.7852,1.14,-1.1,Torsa,27643.127639554365,41.96,28.29,29.75,non_sandy
107835,WB_107835,60.05,0.32,-0.6652,-0.7467,1.09,0.4,Torsa,25856.891043152656,42.08,28.22,29.7,non_sandy
107836,WB_107836,60.47,0.32,-0.9484,0.317,1.14,0.82,Torsa,29852.633407881676,42.07,28.27,29.66,non_sandy
107837,WB_107837,31.43,0.22,-0.1773,0.9842,0.81,-0.14,Mahananda,41351.88301691077,29.34,35.61,35.05,non_sandy
107838,WB_107838,31.45,0.23,-0.2754,0.9613,0.79,-0.12,Mahananda,39743.06972006011,29.29,35.63,35.08,non_sandy
107839,WB_107839,31.11,0.23,-0.2564,0.9666,0.77,-0.46,Mahananda,41083.45239918073,29.36,35.59,35.05,non_sandy
107840,WB_107840,31.97,0.23,-0.355,0.9349,0.78,0.4,Mahananda,41508.58542391511,29.32,35.63,35.05,non_sandy
107841,WB_107841,31.37,0.23,0.0867,0.9962,0.79,-0.2,Mahananda,38848.2328335512,29.28,35.62,35.1,non_sandy
107842,WB_107842,32.0,0.23,-0.8229,0.5682,0.77,0.43,Mahananda,42719.839772238774,29.39,35.59,35.02,non_sandy
107843,WB_107843,32.16,0.23,0.1549,0.9879,0.79,0.59,Mahananda,39701.70713356804,29.26,35.65,35.09,non_sandy
107844,WB_107844,31.05,0.22,-0.5776,0.8164,0.77,-0.52,Mahananda,39936.95237250451,29.34,35.59,35.07,non_sandy
107845,WB_107845,31.61,0.22,-0.9762,0.2167,0.78,-0.05,Mahananda,48488.56252900447,29.45,35.64,34.91,non_sandy
107846,WB_107846,31.26,0.23,-0.8561,-0.5167,0.75,-0.4,Mahananda,47461.28669474761,29.4,35.66,34.94,non_sandy
107847,WB_107847,31.42,0.22,-0.9885,0.1509,0.78,-0.24,Mahananda,47385.50308562143,29.44,35.64,34.92,non_sandy
107848,WB_107848,32.2,0.23,-0.9951,0.0988,0.78,0.54,Mahananda,49439.78058430565,29.46,35.65,34.89,non_sandy
107849,WB_107849,31.29,0.22,-0.9993,-0.0374,0.75,-0.37,Mahananda,45989.01576591244,29.37,35.67,34.96,non_sandy
107850,WB_107850,32.12,0.23,-0.9625,-0.2712,0.76,0.46,Mahananda,49060.0876104154,29.49,35.62,34.89,non_sandy
107851,WB_107851,31.82,0.23,-0.9919,0.1271,0.78,0.16,Mahananda,48312.125756817375,29.41,35.68,34.91,non_sandy
107852,WB_107852,31.56,0.22,-0.7632,-0.6461,0.74,-0.1,Mahananda,45867.73044293464,29.4,35.64,34.96,non_sandy
107853,WB_107853,32.13,0.23,-0.7337,-0.6795,0.82,-0.05,Mahananda,54910.62262256695,29.54,35.68,34.78,non_sandy
107854,WB_107854,32.39,0.23,-0.9241,-0.3822,0.9,0.21,Mahananda,56035.22023175266,29.56,35.68,34.76,non_sandy
107855,WB_107855,31.6,0.23,-0.7726,-0.6349,0.82,-0.58,Mahananda,53628.50268600814,29.49,35.7,34.81,non_sandy
107856,WB_107856,32.63,0.23,-0.8703,-0.4926,0.85,0.45,Mahananda,56144.114745435225,29.59,35.66,34.75,non_sandy
107857,WB_107857,31.81,0.23,-0.8528,-0.5222,0.9,-0.37,Mahananda,55239.11911650856,29.51,35.71,34.78,non_sandy
107858,WB_107858,32.33,0.23,-0.4836,-0.8753,0.82,0.15,Mahananda,53477.85306249479,29.51,35.67,34.82,non_sandy
107859,WB_107859,33.23,0.24,-0.8279,-0.5608,0.85,1.05,Mahananda,57448.552701386914,29.61,35.67,34.72,non_sandy
107860,WB_107860,31.33,0.23,-0.6739,-0.7389,0.82,-0.85,Mahananda,53190.4405762853,29.46,35.72,34.82,non_sandy
107861,WB_107861,32.81,0.22,-0.2324,-0.9726,0.74,0.03,Mahananda,62799.71829624922,29.66,35.72,34.62,non_sandy
107862,WB_107862,32.61,0.23,-0.2056,-0.9786,0.81,-0.17,Mahananda,61129.8265058027,29.61,35.73,34.66,non_sandy
107863,WB_107863,32.88,0.22,0.1084,-0.9941,0.74,0.1,Mahananda,63187.70440064386,29.69,35.7,34.61,non_sandy
107864,WB_107864,32.46,0.23,-0.4123,-0.9111,0.81,-0.32,Mahananda,62353.39471343879,29.62,35.74,34.64,non_sandy
107865,WB_107865,33.31,0.23,0.2014,-0.9795,0.81,0.53,Mahananda,60845.6936725766,29.63,35.71,34.66,non_sandy
107866,WB_107866,33.11,0.22,-0.5346,-0.8451,0.74,0.33,Mahananda,64435.57905692885,29.71,35.7,34.59,non_sandy
107867,WB_107867,31.96,0.23,-0.42,-0.9075,0.81,-0.82,Mahananda,60459.16230140376,29.57,35.75,34.68,non_sandy
107868,WB_107868,33.12,0.22,-0.2245,-0.9745,0.74,0.34,Mahananda,62559.968045146,29.69,35.68,34.63,non_sandy
107869,WB_107869,33.33,0.23,0.9168,-0.3994,0.79,0.21,Mahananda,68241.32361746689,29.73,35.76,34.51,non_sandy
107870,WB_107870,32.83,0.23,0.9175,0.3977,0.79,-0.29,Mahananda,69657.10588407115,29.78,35.73,34.49,non_sandy
107871,WB_107871,33.05,0.22,0.9162,-0.4007,0.79,-0.07,Mahananda,68904.85160234307,29.74,35.77,34.49,non_sandy
107872,WB_107872,33.85,0.24,0.8366,-0.5478,0.79,0.73,Mahananda,67712.84630477094,29.73,35.74,34.53,non_sandy
107873,WB_107873,32.57,0.23,0.9587,0.2844,0.79,-0.55,Teesta,68753.71194808152,29.81,35.74,34.45,non_sandy
107874,WB_107874,32.97,0.22,-0.3169,-0.9485,0.76,-0.15,Mahananda,67176.30618243755,29.68,35.78,34.54,non_sandy
107875,WB_107875,33.07,0.23,0.9734,-0.2292,0.79,-0.05,Mahananda,69291.1359038089,29.79,35.72,34.49,non_sandy
107876,WB_107876,33.31,0.22,-0.0644,0.9979,0.72,0.19,Teesta,68209.44703122895,29.77,35.76,34.47,non_sandy
107877,WB_107877,33.26,0.24,0.9986,0.0523,0.94,0.25,Teesta,61638.41681654901,29.84,35.79,34.37,non_sandy
107878,WB_107878,33.05,0.25,0.9952,0.0979,0.94,0.04,Teesta,62161.60109631553,29.87,35.77,34.36,non_sandy
107879,WB_107879,32.56,0.24,0.9823,0.1871,0.94,-0.45,Teesta,60205.65541850734,29.88,35.79,34.33,non_sandy
107880,WB_107880,34.07,0.24,0.9971,0.0766,0.94,1.06,Teesta,62976.305037950406,29.81,35.8,34.39,non_sandy
107881,WB_107881,32.03,0.25,0.975,0.2224,0.93,-0.98,Teesta,60982.21730574637,29.92,35.76,34.32,non_sandy
107882,WB_107882,33.19,0.24,0.9959,0.0909,0.94,0.18,Teesta,60700.83700610069,29.82,35.81,34.37,non_sandy
107883,WB_107883,33.97,0.25,0.9995,0.0328,0.94,0.96,Teesta,63606.82755441341,29.84,35.77,34.39,non_sandy
107884,WB_107884,31.98,0.24,0.9674,0.2531,0.94,-1.03,Teesta,59296.33147514558,29.93,35.77,34.3,non_sandy
107885,WB_107885,33.08,0.24,0.9991,-0.0414,0.9,0.29,Teesta,52984.93643262931,29.94,35.82,34.24,non_sandy
107886,WB_107886,32.64,0.24,0.9993,0.0375,0.9,-0.15,Teesta,53031.69018194765,29.99,35.8,34.21,non_sandy
107887,WB_107887,32.3,0.24,0.9846,-0.1747,0.94,-0.49,Teesta,51527.75630894432,29.97,35.83,34.2,non_sandy
107888,WB_107888,33.85,0.24,0.9995,-0.0301,0.9,1.06,Teesta,54318.98319537065,29.92,35.82,34.26,non_sandy
107889,WB_107889,32.0,0.24,0.9995,-0.03,0.93,-0.79,Teesta,51640.62860640409,30.03,35.79,34.18,non_sandy
107890,WB_107890,33.32,0.24,0.9989,0.0469,0.91,0.53,Teesta,52470.184269596524,29.91,35.85,34.24,non_sandy
107891,WB_107891,33.26,0.24,0.9998,0.0196,0.9,0.47,Teesta,54412.789673036124,29.97,35.8,34.23,non_sandy
107892,WB_107892,31.87,0.23,0.9983,0.0579,0.88,-0.92,Teesta,50325.502747332845,30.02,35.81,34.17,non_sandy
107893,WB_107893,32.69,0.24,0.699,-0.7151,0.87,-0.24,Teesta,43709.200140134955,30.06,35.86,34.08,non_sandy
107894,WB_107894,33.17,0.23,0.8103,-0.5861,0.87,0.24,Teesta,44805.784363812556,30.07,35.84,34.09,non_sandy
107895,WB_107895,32.27,0.24,0.6724,-0.7401,0.84,-0.66,Teesta,42532.63249990719,30.11,35.84,34.05,non_sandy
107896,WB_107896,33.54,0.24,0.9222,-0.3867,0.87,0.61,Teesta,44844.46056315171,30.02,35.87,34.11,non_sandy
107897,WB_107897,33.27,0.23,0.4203,-0.9074,0.85,0.34,Teesta,44100.62331699306,30.12,35.82,34.06,non_sandy
107898,WB_107898,32.15,0.24,0.6213,-0.7836,0.84,-0.78,Teesta,42336.238009301465,30.07,35.87,34.06,non_sandy
107899,WB_107899,33.6,0.23,0.7108,-0.7034,0.87,0.67,Teesta,46114.4763877226,30.02,35.85,34.13,non_sandy
107900,WB_107900,32.73,0.23,0.4637,-0.886,0.84,-0.2,Teesta,42167.20249951985,30.15,35.82,34.03,non_sandy
107901,WB_107901,905.8,10.32,-0.1241,0.9923,72.09,18.5,Mahananda,31834.54967440279,48.24,23.0,28.76,non_sandy
107902,WB_107902,911.17,9.91,-0.2297,0.9733,72.14,23.87,Mahananda,33263.30306494216,48.19,23.02,28.79,non_sandy
107903,WB_107903,803.5,10.29,-0.0749,0.9972,75.24,-83.8,Mahananda,31633.193004948633,48.27,22.97,28.76,non_sandy
107904,WB_107904,985.25,10.47,-0.2824,0.9593,72.12,97.95,Mahananda,32097.208146296423,48.22,23.02,28.76,non_sandy
107905,WB_107905,841.38,9.71,-0.1058,0.9944,72.98,-45.92,Mahananda,33632.73744358062,48.2,23.0,28.8,non_sandy
107906,WB_107906,841.55,10.24,-0.0306,0.9995,79.6,-45.75,Mahananda,30477.130508696533,48.3,22.97,28.73,non_sandy
107907,WB_107907,966.2,9.71,-0.3887,0.9214,72.14,78.9,Mahananda,33714.18591409349,48.16,23.04,28.8,non_sandy
107908,WB_107908,757.09,10.01,-0.0894,0.996,75.24,-130.21,Mahananda,32280.582532790795,48.26,22.96,28.78,non_sandy
107909,WB_107909,973.8,10.07,-0.2393,0.9709,72.12,86.5,Mahananda,30805.0371819828,48.26,23.01,28.73,non_sandy
107910,WB_107910,941.24,9.33,-0.0558,0.9984,64.07,-12.23,Mahananda,27000.20522518225,48.26,23.08,28.66,non_sandy
107911,WB_107911,1008.64,9.94,-0.5431,0.8397,61.8,55.17,Mahananda,25426.513656502215,48.26,23.09,28.65,non_sandy
107912,WB_107912,954.91,8.8,-0.3847,0.923,62.1,1.44,Mahananda,27284.027725473,48.21,23.1,28.69,non_sandy
107913,WB_107913,898.32,9.7,0.1372,0.9905,64.07,-55.15,Mahananda,26654.117676244947,48.31,23.06,28.63,non_sandy
107914,WB_107914,1041.41,9.78,-0.4738,0.8806,61.8,87.94,Mahananda,25079.8649121794,48.21,23.12,28.67,non_sandy
107915,WB_107915,936.94,8.31,0.4883,0.8727,62.39,-16.53,Mahananda,28515.412987400967,48.25,23.07,28.68,non_sandy
107916,WB_107916,988.36,9.52,-0.2755,0.9613,69.78,34.89,Mahananda,24871.16211598792,48.31,23.07,28.62,non_sandy
107917,WB_107917,956.32,8.67,-0.859,0.512,57.99,2.85,Mahananda,26623.402074724327,48.17,23.13,28.7,non_sandy
107918,WB_107918,855.13,9.47,-0.0167,0.9999,64.07,-98.34,Mahananda,27828.617134606997,48.32,23.04,28.64,non_sandy
107919,WB_107919,1104.26,7.81,-0.9885,-0.1513,48.49,-0.95,Mahananda,16668.851206584695,48.25,23.19,28.56,non_sandy
107920,WB_107920,1103.68,7.8,0.6958,0.7183,51.57,-1.53,Mahananda,17563.83446122656,48.3,23.16,28.54,non_sandy
107921,WB_107921,1125.95,8.02,-0.2627,0.9649,49.81,20.74,Mahananda,15372.238910179633,48.28,23.19,28.53,non_sandy
107922,WB_107922,1110.69,7.82,-0.624,-0.7814,50.06,5.48,Mahananda,17902.844025847033,48.23,23.18,28.59,non_sandy
107923,WB_107923,1061.52,8.67,0.6966,0.7175,51.57,-43.69,Mahananda,16662.871748060275,48.34,23.14,28.52,non_sandy
107924,WB_107924,1107.87,7.8,-0.9995,0.0329,48.49,2.66,Mahananda,15480.536803492572,48.22,23.22,28.56,non_sandy
107925,WB_107925,1140.03,8.12,0.6052,-0.7961,53.05,34.82,Mahananda,18948.896466066355,48.28,23.15,28.57,non_sandy
107926,WB_107926,1122.93,7.91,-0.485,0.8745,49.81,17.72,Mahananda,14790.356237882812,48.32,23.17,28.51,non_sandy
107927,WB_107927,1069.92,8.35,-0.8544,-0.5196,50.06,-35.29,Mahananda,17373.726236956398,48.19,23.21,28.6,non_sandy
107928,WB_107928,1301.92,7.89,0.6562,-0.7546,49.53,1.97,Mahananda,6733.35220844991,48.31,23.26,28.43,non_sandy
107929,WB_107929,1288.92,8.39,-0.0001,-1.0,53.41,-11.03,Mahananda,7591.876337327799,48.26,23.28,28.46,non_sandy
107930,WB_107930,1330.75,8.38,0.5905,-0.807,53.02,30.8,Mahananda,7926.77526696921,48.33,23.24,28.43,non_sandy
107931,WB_107931,1280.17,7.84,0.3115,-0.9502,51.26,-19.78,Mahananda,5899.045373279431,48.29,23.28,28.43,non_sandy
107932,WB_107932,1325.99,8.43,0.3736,-0.9276,56.83,26.04,Mahananda,8856.099295299047,48.26,23.27,28.47,non_sandy
107933,WB_107933,1282.75,8.33,0.9598,-0.2806,52.89,-17.2,Mahananda,6596.425881403112,48.36,23.23,28.41,non_sandy
107934,WB_107934,1245.31,8.56,-0.068,-0.9977,53.41,-54.64,Mahananda,7118.007714243368,48.23,23.31,28.46,non_sandy
107935,WB_107935,1353.86,8.38,0.6953,-0.7187,53.02,53.91,Mahananda,9311.043959939454,48.32,23.23,28.45,non_sandy
107936,WB_107936,1289.86,7.92,-0.3015,-0.9535,51.85,-10.09,Mahananda,4885.772167744963,48.34,23.26,28.4,non_sandy
107937,WB_107937,1542.16,7.73,0.5622,-0.827,47.52,27.43,Mahananda,4295.023809810331,48.33,23.34,28.33,non_sandy
107938,WB_107938,1504.99,8.33,-0.1736,-0.9848,51.8,-9.74,Mahananda,5944.948768725341,48.32,23.36,28.32,non_sandy
107939,WB_107939,1517.39,8.14,-0.2378,-0.9713,52.08,2.66,Mahananda,5053.854468603312,48.29,23.36,28.35,non_sandy
107940,WB_107940,1540.55,7.95,-0.4792,-0.8777,47.52,25.82,Mahananda,3974.5365626986636,48.37,23.32,28.31,non_sandy
107941,WB_107941,1472.32,8.46,-0.0818,-0.9966,51.8,-42.41,Mahananda,7131.671690708474,48.27,23.39,28.34,non_sandy
107942,WB_107942,1528.51,7.78,-0.6358,-0.7719,48.91,13.78,Mahananda,3224.772576264598,48.33,23.32,28.35,non_sandy
107943,WB_107943,1502.46,8.0,0.0152,-0.9999,51.67,-12.27,Mahananda,5948.122081435788,48.36,23.35,28.29,non_sandy
107944,WB_107944,1490.58,8.08,-0.3195,-0.9476,52.08,-24.15,Mahananda,6588.297192950543,48.24,23.38,28.38,non_sandy
107945,WB_107945,1533.62,7.56,0.2667,-0.9638,47.52,18.89,Mahananda,2300.6400684969035,48.4,23.3,28.3,non_sandy
107946,WB_107946,1722.37,8.65,-0.9178,-0.397,54.1,20.86,Teesta,10075.622370774086,48.34,23.45,28.21,non_sandy
107947,WB_107947,1677.96,8.69,-0.9726,0.2327,56.1,-23.55,Teesta,11449.749507808163,48.32,23.44,28.24,non_sandy
107948,WB_107948,1745.96,9.28,-0.9965,0.0839,54.32,44.45,Teesta,9622.006418246408,48.39,23.42,28.19,non_sandy
107949,WB_107949,1701.76,8.27,-0.9915,-0.1298,54.1,0.25,Teesta,10565.558450185237,48.29,23.47,28.24,non_sandy
107950,WB_107950,1659.89,8.96,-0.9379,0.347,56.32,-41.62,Teesta,11553.630698871691,48.36,23.41,28.23,non_sandy
107951,WB_107951,1735.77,8.36,-0.9902,-0.1397,51.35,34.26,Teesta,8686.057130642821,48.37,23.44,28.19,non_sandy
107952,WB_107952,1664.21,8.38,-0.9999,0.0154,54.51,-37.3,Teesta,12128.097982949028,48.27,23.47,28.26,non_sandy
107953,WB_107953,1716.15,8.71,-0.9787,0.2055,56.32,14.64,Teesta,10025.147023407946,48.41,23.39,28.2,non_sandy
107954,WB_107954,1689.54,8.57,-0.8625,-0.5061,54.1,-11.97,Teesta,9369.864422496214,48.3,23.48,28.22,non_sandy
107955,WB_107955,1881.96,9.57,-0.9081,0.4188,63.54,24.23,Teesta,3288.288136237567,48.36,23.53,28.11,non_sandy
107956,WB_107956,1798.78,10.38,-0.8335,0.5525,69.56,-58.95,Teesta,4289.718340625201,48.34,23.53,28.13,non_sandy
107957,WB_107957,1882.75,10.5,-0.9115,0.4112,69.54,25.02,Teesta,2285.4912108632016,48.41,23.5,28.09,non_sandy
107958,WB_107958,1892.72,9.61,-0.8459,0.5333,63.54,34.99,Teesta,4456.510490088903,48.32,23.56,28.12,non_sandy
107959,WB_107959,1753.57,10.4,-0.8331,0.5531,68.72,-104.16,Teesta,4190.756420164774,48.37,23.5,28.13,non_sandy
107960,WB_107960,1939.1,9.9,-0.9079,0.4193,63.49,81.37,Teesta,2117.0241349434245,48.4,23.52,28.08,non_sandy
107961,WB_107961,1822.62,9.53,-0.7884,0.6151,68.15,-35.11,Teesta,5466.012625287953,48.29,23.56,28.15,non_sandy
107962,WB_107962,1823.23,10.07,-0.8722,0.4892,68.72,-34.5,Teesta,2776.136627290677,48.43,23.48,28.09,non_sandy
107963,WB_107963,1924.82,9.36,-0.9383,0.3458,63.54,67.09,Teesta,3883.0593652413622,48.33,23.56,28.11,non_sandy
107964,WB_107964,1968.76,9.9,-0.8273,0.5617,68.79,-21.88,Teesta,1146.0678052614019,48.4,23.6,28.0,non_sandy
107965,WB_107965,2028.68,10.0,-0.711,0.7032,74.21,38.04,Teesta,2159.896079357216,48.36,23.63,28.01,non_sandy
107966,WB_107966,1905.47,10.4,-0.7316,0.6817,67.7,-85.17,Teesta,2035.2611485708765,48.38,23.6,28.02,non_sandy
107967,WB_107967,2046.94,10.31,-0.8514,0.5245,72.65,56.3,Teesta,389.5222344207012,48.43,23.6,27.97,non_sandy
107968,WB_107968,2008.25,10.18,-0.6348,0.7727,74.21,17.61,Teesta,3419.8723406703007,48.32,23.65,28.03,non_sandy
107969,WB_107969,1924.94,10.03,-0.8288,0.5596,68.79,-65.7,Teesta,517.5247641888698,48.43,23.57,28.0,non_sandy
107970,WB_107970,2102.83,10.15,-0.7904,0.6126,68.78,112.19,Teesta,1508.1807286247554,48.38,23.64,27.98,non_sandy
107971,WB_107971,1903.19,9.96,-0.7219,0.692,67.7,-87.45,Teesta,3364.8220857321307,48.33,23.62,28.05,non_sandy
107972,WB_107972,2026.68,10.44,-0.8677,0.497,72.65,36.04,Teesta,714.2272778553063,48.47,23.57,27.96,non_sandy
107973,WB_107973,2122.4,9.44,-0.1883,0.9821,60.51,-53.36,Teesta,1075.1508152445172,48.42,23.69,27.89,non_sandy
107974,WB_107974,2186.4,8.96,-0.1265,0.992,62.48,10.64,Teesta,1358.2808497848616,48.41,23.71,27.88,non_sandy
107975,WB_107975,2141.04,9.14,-0.3506,0.9365,63.01,-34.72,Teesta,316.7091516376275,48.37,23.71,27.92,non_sandy
107976,WB_107976,2144.24,8.98,-0.3635,0.9316,63.52,-31.52,Teesta,2362.577184094712,48.46,23.67,27.87,non_sandy
107977,WB_107977,2247.28,9.42,-0.2949,0.9555,62.48,71.52,Teesta,124.00975555286014,48.35,23.74,27.91,non_sandy
107978,WB_107978,2120.63,8.57,-0.2041,0.9789,60.51,-55.13,Teesta,367.6654187490129,48.41,23.67,27.92,non_sandy
107979,WB_107979,2225.21,9.68,-0.3755,0.9268,62.48,49.45,Teesta,2720.888302243098,48.45,23.69,27.86,non_sandy
107980,WB_107980,2218.91,9.19,-0.0799,0.9968,64.26,43.15,Teesta,1328.3838319080016,48.32,23.74,27.94,non_sandy
107981,WB_107981,7.98,0.18,-0.9309,-0.3652,0.55,0.16,Rupnarayan,8667.05991225923,13.74,35.85,50.41,non_sandy
107982,WB_107982,7.77,0.17,-0.8636,-0.5042,0.52,-0.05,Rupnarayan,9054.584490757263,13.72,35.86,50.42,non_sandy
107983,WB_107983,7.64,0.18,-0.9709,-0.2396,0.52,-0.18,Rupnarayan,8047.756097416806,13.72,35.85,50.43,non_sandy
107984,WB_107984,8.18,0.18,-0.815,-0.5794,0.5,0.36,Rupnarayan,9254.253194790132,13.75,35.85,50.4,non_sandy
107985,WB_107985,7.52,0.17,-0.9188,-0.3947,0.51,-0.3,Rupnarayan,8608.622306057656,13.7,35.87,50.43,non_sandy
107986,WB_107986,7.99,0.18,-0.9457,-0.325,0.58,0.17,Rupnarayan,8115.848496298004,13.74,35.84,50.42,non_sandy
107987,WB_107987,7.85,0.17,-0.6409,-0.7676,0.53,0.03,Rupnarayan,9708.731283833738,13.74,35.86,50.4,non_sandy
107988,WB_107988,7.31,0.18,-0.9731,-0.2305,0.52,-0.51,Rupnarayan,7747.0883959930825,13.7,35.86,50.44,non_sandy
107989,WB_107989,8.43,0.18,-0.8185,-0.5746,0.52,0.61,Rupnarayan,9005.877659721862,13.77,35.83,50.4,non_sandy
107990,WB_107990,7.5,0.18,-0.8919,-0.4522,0.54,-0.32,Rupnarayan,9259.273029835049,13.7,35.87,50.43,non_sandy
107991,WB_107991,7.53,0.18,-0.9957,-0.0932,0.58,-0.29,Rupnarayan,7456.7744471032565,13.72,35.84,50.44,non_sandy
107992,WB_107992,8.17,0.17,-0.6393,-0.769,0.54,0.35,Rupnarayan,9967.375392181237,13.76,35.85,50.39,non_sandy
107993,WB_107993,6.62,0.18,-0.9461,-0.3239,0.54,-0.0,Rupnarayan,14129.772969271091,13.79,35.88,50.33,non_sandy
107994,WB_107994,6.37,0.18,-0.7,-0.7141,0.51,-0.25,Rupnarayan,13478.583797905882,13.77,35.89,50.34,non_sandy
107995,WB_107995,6.86,0.18,-0.7729,-0.6346,0.53,0.24,Rupnarayan,13893.278394296389,13.8,35.87,50.33,non_sandy
107996,WB_107996,6.42,0.18,-0.907,-0.4211,0.55,-0.21,Rupnarayan,14310.037421904392,13.77,35.9,50.33,non_sandy
107997,WB_107997,6.62,0.18,-0.6177,-0.7864,0.54,-0.0,Rupnarayan,12992.767580716554,13.77,35.88,50.35,non_sandy
107998,WB_107998,7.01,0.18,-0.8855,-0.4647,0.52,0.38,Rupnarayan,14641.993503011765,13.81,35.88,50.31,non_sandy
107999,WB_107999,6.12,0.18,-0.7354,-0.6776,0.49,-0.5,Rupnarayan,13582.242282332138,13.75,35.9,50.35,non_sandy
108000,WB_108000,7.0,0.18,-0.751,-0.6603,0.53,0.38,Rupnarayan,13321.45399839005,13.8,35.87,50.33,non_sandy
108001,WB_108001,6.76,0.18,-0.9579,-0.2872,0.55,0.13,Rupnarayan,14958.36657151591,13.79,35.89,50.32,non_sandy
108002,WB_108002,6.37,0.17,-0.6164,-0.7874,0.53,-0.25,Rupnarayan,12689.366294342917,13.75,35.89,50.36,non_sandy
108003,WB_108003,7.18,0.17,-0.8492,-0.528,0.5,0.55,Rupnarayan,14390.362700099235,13.83,35.87,50.3,non_sandy
108004,WB_108004,6.17,0.18,-0.8326,-0.5538,0.51,-0.46,Rupnarayan,14266.002515482818,13.75,35.91,50.34,non_sandy
108005,WB_108005,8.04,0.18,-0.512,-0.859,0.51,-0.04,Damodar,13382.18877729825,13.83,35.92,50.25,non_sandy
108006,WB_108006,8.28,0.18,-0.5569,-0.8306,0.52,0.2,Damodar,13573.023694708612,13.83,35.91,50.26,non_sandy
108007,WB_108007,8.18,0.18,-0.3229,-0.9464,0.54,0.1,Damodar,12707.071870870936,13.85,35.91,50.24,non_sandy
108008,WB_108008,7.88,0.17,-0.466,-0.8848,0.5,-0.2,Damodar,14009.541129797366,13.81,35.92,50.27,non_sandy
108009,WB_108009,8.58,0.18,-0.5413,-0.8408,0.5,0.5,Damodar,12995.369137264714,13.86,35.9,50.24,non_sandy
108010,WB_108010,7.75,0.18,-0.2081,-0.9781,0.53,-0.33,Damodar,12990.7835051323,13.83,35.93,50.24,non_sandy
108011,WB_108011,8.03,0.18,-0.7404,-0.6721,0.55,-0.05,Damodar,14243.802304078066,13.81,35.91,50.28,non_sandy
108012,WB_108012,8.46,0.18,-0.2969,-0.9549,0.54,0.38,Damodar,12246.79121751478,13.87,35.9,50.23,non_sandy
108013,WB_108013,7.63,0.17,-0.4628,-0.8865,0.51,-0.45,Damodar,13954.123301786245,13.8,35.94,50.26,non_sandy
108014,WB_108014,8.51,0.17,-0.6,-0.8,0.53,0.43,Damodar,13544.758586178958,13.85,35.9,50.25,non_sandy
108015,WB_108015,7.84,0.18,-0.1246,-0.9922,0.57,-0.24,Damodar,12272.364330917348,13.85,35.92,50.23,non_sandy
108016,WB_108016,7.73,0.18,-0.6532,-0.7572,0.54,-0.35,Damodar,14695.245051081667,13.79,35.93,50.28,non_sandy
108017,WB_108017,7.11,0.18,-0.9887,-0.1498,0.56,-0.08,Damodar,9657.696576438675,13.89,35.94,50.17,non_sandy
108018,WB_108018,7.35,0.19,-0.9995,-0.0303,0.56,0.16,Damodar,9219.179324985977,13.89,35.95,50.16,non_sandy
108019,WB_108019,6.74,0.18,-0.9718,-0.2359,0.54,-0.45,Damodar,10252.096705566413,13.87,35.95,50.18,non_sandy
108020,WB_108020,7.45,0.18,-0.9986,-0.0532,0.55,0.26,Damodar,9090.43481281328,13.91,35.93,50.16,non_sandy
108021,WB_108021,7.07,0.19,-0.9962,-0.0874,0.6,-0.12,Damodar,9620.956571300303,13.87,35.96,50.17,non_sandy
108022,WB_108022,6.92,0.18,-0.9251,-0.3798,0.57,-0.27,Damodar,10246.974455062016,13.88,35.94,50.18,non_sandy
108023,WB_108023,7.77,0.19,-0.9999,0.0165,0.54,0.58,Damodar,8579.132952370215,13.92,35.94,50.14,non_sandy
108024,WB_108024,6.54,0.18,-0.9615,-0.2746,0.54,-0.65,Damodar,10502.600221053786,13.85,35.96,50.19,non_sandy
108025,WB_108025,7.35,0.18,-0.9861,-0.1664,0.57,0.16,Damodar,9390.77510620796,13.91,35.93,50.16,non_sandy
108026,WB_108026,7.55,0.19,-1.0,0.0088,0.59,0.36,Damodar,8950.518463687054,13.89,35.96,50.15,non_sandy
108027,WB_108027,6.57,0.18,-0.9637,-0.2671,0.54,-0.62,Damodar,10879.527206060358,13.85,35.95,50.2,non_sandy
108028,WB_108028,7.82,0.18,-1.0,0.005,0.52,0.63,Damodar,8379.587669098228,13.93,35.93,50.14,non_sandy
108029,WB_108029,8.1,0.18,-0.0591,-0.9983,0.54,-0.05,Damodar,6106.586090807938,13.93,35.98,50.09,non_sandy
108030,WB_108030,8.48,0.18,-0.0309,-0.9995,0.54,0.33,Damodar,5799.632184905648,13.95,35.97,50.08,non_sandy
108031,WB_108031,7.86,0.18,0.0129,-0.9999,0.58,-0.29,Damodar,5518.632827106551,13.94,35.98,50.08,non_sandy
108032,WB_108032,8.26,0.18,-0.1926,-0.9813,0.56,0.11,Damodar,6628.032350059872,13.92,35.98,50.1,non_sandy
108033,WB_108033,8.39,0.18,-0.0165,-0.9999,0.57,0.24,Damodar,5124.237088897893,13.97,35.96,50.07,non_sandy
108034,WB_108034,7.65,0.18,-0.0305,-0.9995,0.53,-0.5,Damodar,6175.518208108091,13.91,35.99,50.1,non_sandy
108035,WB_108035,8.68,0.18,-0.1069,-0.9943,0.5,0.53,Damodar,6266.649234165013,13.94,35.96,50.1,non_sandy
108036,WB_108036,7.88,0.18,0.0016,-1.0,0.58,-0.27,Damodar,4858.66510434509,13.96,35.98,50.06,non_sandy
108037,WB_108037,7.93,0.18,-0.1288,-0.9917,0.54,-0.22,Damodar,7001.230717332456,13.9,35.99,50.11,non_sandy
108038,WB_108038,8.73,0.18,0.0056,-1.0,0.54,0.58,Damodar,5239.143597586327,13.97,35.95,50.08,non_sandy
108039,WB_108039,7.38,0.19,-0.0253,-0.9997,0.55,-0.77,Damodar,5549.863094492007,13.93,35.99,50.08,non_sandy
108040,WB_108040,8.45,0.18,-0.2797,-0.9601,0.54,0.3,Damodar,7004.06736697227,13.92,35.97,50.11,non_sandy
108041,WB_108041,8.0,0.19,-0.9971,0.076,0.58,0.08,Damodar,1741.8279440121987,14.0,36.0,50.0,non_sandy
108042,WB_108042,7.91,0.19,-0.9991,0.0417,0.57,-0.01,Damodar,1872.0221189898416,13.98,36.01,50.01,non_sandy
108043,WB_108043,7.58,0.19,-0.9997,0.0233,0.54,-0.34,Damodar,2390.9909197282636,13.98,36.0,50.02,non_sandy
108044,WB_108044,8.39,0.19,-0.9918,0.1278,0.54,0.47,Damodar,1155.8644490123909,14.01,36.0,49.99,non_sandy
108045,WB_108045,7.42,0.19,-1.0,0.007,0.58,-0.5,Damodar,2551.2208252616756,13.96,36.02,50.02,non_sandy
108046,WB_108046,7.91,0.19,-0.9939,0.1101,0.62,-0.01,Damodar,1834.5322486146817,14.01,35.99,50.0,non_sandy
108047,WB_108047,8.31,0.19,-0.9972,0.0748,0.61,0.39,Damodar,1284.484702262066,13.99,36.02,49.99,non_sandy
108048,WB_108048,7.17,0.19,-0.9997,0.0234,0.54,-0.75,Damodar,3012.8949126787375,13.96,36.01,50.03,non_sandy
108049,WB_108049,8.45,0.19,-0.983,0.1836,0.58,0.53,Damodar,917.3764798501301,14.03,35.99,49.98,non_sandy
108050,WB_108050,7.62,0.19,-0.9999,0.0149,0.61,-0.3,Damodar,2239.6198923720685,13.96,36.03,50.01,non_sandy
108051,WB_108051,7.55,0.18,-0.9994,-0.0357,0.6,-0.37,Damodar,2525.387312292882,13.99,35.99,50.02,non_sandy
108052,WB_108052,8.73,0.19,-0.9945,0.1046,0.57,0.81,Damodar,620.7749895509783,14.02,36.01,49.97,non_sandy
108053,WB_108053,8.04,0.18,0.0811,-0.9967,0.53,-0.02,Damodar,1775.6059527746868,14.03,36.04,49.93,non_sandy
108054,WB_108054,8.26,0.18,0.2188,-0.9758,0.54,0.2,Damodar,2309.5292933381065,14.06,36.03,49.91,non_sandy
108055,WB_108055,7.68,0.18,0.0028,-1.0,0.56,-0.38,Damodar,2176.9452811735714,14.04,36.05,49.91,non_sandy
108056,WB_108056,8.39,0.18,0.1214,-0.9926,0.57,0.33,Damodar,1438.2563849655883,14.03,36.03,49.94,non_sandy
108057,WB_108057,8.01,0.18,0.1552,-0.9879,0.56,-0.05,Damodar,2908.450289112959,14.07,36.03,49.9,non_sandy
108058,WB_108058,7.65,0.19,-0.0513,-0.9987,0.58,-0.41,Damodar,1422.9251750753979,14.01,36.05,49.94,non_sandy
108059,WB_108059,8.62,0.18,0.221,-0.9753,0.53,0.56,Damodar,2029.1973095127419,14.06,36.02,49.92,non_sandy
108060,WB_108060,7.59,0.18,-0.0618,-0.9981,0.56,-0.47,Damodar,2820.679703748879,14.05,36.04,49.91,non_sandy
108061,WB_108061,8.18,0.18,0.0473,-0.9989,0.58,0.12,Damodar,869.1758180140373,14.01,36.04,49.95,non_sandy
108062,WB_108062,8.25,0.18,0.3262,-0.9453,0.55,0.19,Damodar,3028.9802881521023,14.08,36.02,49.9,non_sandy
108063,WB_108063,7.27,0.19,0.0156,-0.9999,0.55,-0.79,Damodar,1850.0121053377604,14.01,36.06,49.93,non_sandy
108064,WB_108064,8.77,0.18,0.1904,-0.9817,0.52,0.71,Damodar,1286.8845123542617,14.04,36.02,49.94,non_sandy
108065,WB_108065,8.83,0.18,-0.9928,0.1194,0.57,0.19,Damodar,6272.222319166995,14.1,36.06,49.84,non_sandy
108066,WB_108066,8.57,0.19,-0.9987,0.0516,0.56,-0.07,Damodar,5847.805600489275,14.08,36.08,49.84,non_sandy
108067,WB_108067,8.5,0.18,-0.9881,0.154,0.54,-0.14,Damodar,5771.162391035695,14.1,36.06,49.84,non_sandy
108068,WB_108068,9.05,0.18,-0.9965,0.0837,0.5,0.41,Damodar,6706.661772121736,14.11,36.07,49.82,non_sandy
108069,WB_108069,8.14,0.19,-0.9991,0.0421,0.55,-0.5,Damodar,5195.680521748407,14.07,36.08,49.85,non_sandy
108070,WB_108070,8.85,0.18,-0.9769,0.2135,0.58,0.21,Damodar,6493.619031500456,14.12,36.05,49.83,non_sandy
108071,WB_108071,8.75,0.18,-1.0,0.0028,0.58,0.11,Damodar,6242.049862428439,14.08,36.08,49.84,non_sandy
108072,WB_108072,8.08,0.18,-0.9836,0.1801,0.54,-0.56,Damodar,5105.888034550388,14.08,36.06,49.86,non_sandy
108073,WB_108073,9.22,0.18,-0.9961,0.0877,0.52,0.58,Damodar,7191.977393479444,14.13,36.06,49.81,non_sandy
108074,WB_108074,8.12,0.19,-0.9996,0.0267,0.58,-0.52,Damodar,5212.522905644819,14.06,36.09,49.85,non_sandy
108075,WB_108075,8.49,0.18,-0.9766,0.2148,0.59,-0.15,Damodar,5960.393425472258,14.12,36.05,49.83,non_sandy
108076,WB_108076,9.08,0.18,-0.9955,-0.0949,0.57,0.44,Damodar,6991.412714505992,14.11,36.08,49.81,non_sandy
108077,WB_108077,8.0,0.18,0.222,-0.9751,0.52,0.05,Damodar,9718.525808619934,14.14,36.1,49.76,non_sandy
108078,WB_108078,7.97,0.17,0.0015,-1.0,0.49,0.02,Damodar,10452.396601908378,14.16,36.09,49.75,non_sandy
108079,WB_108079,7.67,0.18,-0.1744,-0.9847,0.5,-0.28,Damodar,9674.92774693528,14.13,36.11,49.76,non_sandy
108080,WB_108080,8.28,0.18,0.2554,-0.9668,0.5,0.33,Damodar,9798.75274302188,14.16,36.09,49.75,non_sandy
108081,WB_108081,7.8,0.17,-0.2818,-0.9595,0.5,-0.15,Damodar,10699.874375318652,14.16,36.1,49.74,non_sandy
108082,WB_108082,7.89,0.18,-0.082,-0.9966,0.58,-0.06,Damodar,9040.767289158395,14.12,36.11,49.77,non_sandy
108083,WB_108083,8.11,0.17,0.4114,-0.9114,0.5,0.16,Damodar,10627.751276837733,14.18,36.08,49.74,non_sandy
108084,WB_108084,7.47,0.17,-0.1849,-0.9828,0.5,-0.48,Damodar,10057.760003324287,14.13,36.11,49.76,non_sandy
108085,WB_108085,8.44,0.18,0.3291,-0.9443,0.5,0.49,Damodar,9124.133397256086,14.14,36.09,49.77,non_sandy
108086,WB_108086,7.92,0.17,-0.0585,-0.9983,0.52,-0.03,Damodar,11233.667506744914,14.18,36.09,49.73,non_sandy
108087,WB_108087,7.46,0.18,-0.2139,-0.9769,0.56,-0.49,Damodar,8994.39672710898,14.1,36.12,49.78,non_sandy
108088,WB_108088,8.4,0.17,0.3379,-0.9412,0.5,0.45,Damodar,10128.738488375368,14.18,36.07,49.75,non_sandy
108089,WB_108089,9.19,0.17,-0.9997,-0.0247,0.53,0.02,Damodar,13650.5806694953,14.19,36.13,49.68,non_sandy
108090,WB_108090,9.4,0.17,-0.9996,0.0287,0.47,0.23,Damodar,14249.785796924049,14.22,36.12,49.66,non_sandy
108091,WB_108091,9.24,0.17,-0.9435,-0.3313,0.5,0.07,Damodar,14020.40740131805,14.19,36.14,49.67,non_sandy
108092,WB_108092,9.04,0.17,-0.9993,-0.0373,0.51,-0.13,Damodar,13345.615858841684,14.19,36.12,49.69,non_sandy
108093,WB_108093,9.49,0.17,-0.9998,-0.0199,0.45,0.32,Damodar,14843.992257126669,14.23,36.12,49.65,non_sandy
108094,WB_108094,8.91,0.17,-0.9868,-0.162,0.5,-0.26,Damodar,13228.652957077793,14.17,36.14,49.69,non_sandy
108095,WB_108095,9.23,0.17,-0.9975,0.0713,0.53,0.06,Damodar,14011.082625223486,14.22,36.11,49.67,non_sandy
108096,WB_108096,9.3,0.17,-0.8809,-0.4733,0.5,0.13,Damodar,14674.888283091888,14.2,36.14,49.66,non_sandy
108097,WB_108097,8.68,0.18,-0.9977,0.0677,0.51,-0.49,Damodar,12721.517578950625,14.17,36.13,49.7,non_sandy
108098,WB_108098,9.45,0.16,-0.9993,0.0384,0.47,0.28,Damodar,15029.101955055077,14.24,36.11,49.65,non_sandy
108099,WB_108099,8.91,0.17,-0.9645,-0.2643,0.53,-0.26,Damodar,13622.209801067567,14.17,36.15,49.68,non_sandy
108100,WB_108100,8.04,0.16,-0.9442,-0.3294,0.46,0.04,Damodar,18194.4751166234,14.26,36.15,49.59,non_sandy
108101,WB_108101,7.86,0.17,-0.7781,-0.6281,0.49,-0.14,Damodar,17629.17113793147,14.24,36.17,49.59,non_sandy
108102,WB_108102,8.11,0.16,0.1905,-0.9817,0.46,0.11,Damodar,17784.669990395436,14.26,36.15,49.59,non_sandy
108103,WB_108103,8.09,0.16,-0.9768,-0.2141,0.46,0.09,Damodar,18537.782852207518,14.26,36.16,49.58,non_sandy
108104,WB_108104,7.89,0.17,-0.4596,-0.8881,0.5,-0.11,Damodar,17009.67155235056,14.22,36.16,49.62,non_sandy
108105,WB_108105,8.04,0.16,0.8857,0.4642,0.44,0.04,Damodar,18572.86697214462,14.28,36.14,49.58,non_sandy
108106,WB_108106,7.81,0.17,-0.7945,-0.6073,0.5,-0.19,Damodar,17911.712331500967,14.23,36.18,49.59,non_sandy
108107,WB_108107,8.25,0.17,0.4071,-0.9134,0.46,0.25,Damodar,17115.779088819243,14.24,36.15,49.61,non_sandy
108108,WB_108108,8.2,0.16,-0.9202,-0.3914,0.46,0.2,Damodar,19137.60836327751,14.28,36.15,49.57,non_sandy
108109,WB_108109,7.56,0.17,-0.6245,-0.781,0.5,-0.44,Damodar,16872.789776831563,14.21,36.18,49.61,non_sandy
108110,WB_108110,8.11,0.15,-0.8171,-0.5765,0.45,0.11,Damodar,18136.767564947768,14.28,36.13,49.59,non_sandy
108111,WB_108111,9.61,0.15,0.7283,-0.6853,0.43,0.18,Hooghly/Ganga,18381.917617137227,14.3,36.19,49.51,non_sandy
108112,WB_108112,9.53,0.16,0.2582,-0.9661,0.46,0.1,Hooghly/Ganga,17684.619985572495,14.32,36.19,49.49,non_sandy
108113,WB_108113,9.45,0.16,-0.4335,-0.9011,0.47,0.02,Hooghly/Ganga,18758.537303623125,14.28,36.2,49.52,non_sandy
108114,WB_108114,9.62,0.16,-0.3536,-0.9354,0.43,0.19,Hooghly/Ganga,17999.396591951223,14.32,36.17,49.51,non_sandy
108115,WB_108115,9.34,0.16,0.2035,-0.9791,0.47,-0.09,Hooghly/Ganga,17773.655683876717,14.3,36.2,49.5,non_sandy
108116,WB_108116,9.46,0.16,-0.6206,-0.7841,0.48,0.03,Hooghly/Ganga,19134.597141716287,14.28,36.19,49.53,non_sandy
108117,WB_108117,9.46,0.16,0.5385,-0.8426,0.47,0.03,Hooghly/Ganga,17202.305127652675,14.34,36.18,49.48,non_sandy
108118,WB_108118,9.22,0.16,-0.5371,-0.8435,0.47,-0.21,Hooghly/Ganga,18677.43148536143,14.27,36.21,49.52,non_sandy
108119,WB_108119,9.54,0.15,-0.5536,-0.8327,0.43,0.11,Hooghly/Ganga,18579.795585571006,14.31,36.17,49.52,non_sandy
108120,WB_108120,9.24,0.16,0.2978,-0.9546,0.48,-0.19,Hooghly/Ganga,17059.183925368383,14.32,36.19,49.49,non_sandy
108121,WB_108121,9.22,0.16,-0.7382,-0.6746,0.47,-0.21,Hooghly/Ganga,19535.365042450845,14.26,36.2,49.54,non_sandy
108122,WB_108122,8.3,0.17,-0.8877,0.4604,0.49,-0.03,Hooghly/Ganga,14385.843940526507,14.35,36.22,49.43,non_sandy
108123,WB_108123,8.24,0.16,-0.6437,0.7653,0.47,-0.09,Hooghly/Ganga,14332.875341110348,14.36,36.21,49.43,non_sandy
108124,WB_108124,8.57,0.17,-0.7885,0.6151,0.5,0.24,Hooghly/Ganga,13689.750229892312,14.36,36.22,49.42,non_sandy
108125,WB_108125,8.11,0.17,-0.9997,0.026,0.49,-0.22,Hooghly/Ganga,15018.968831308315,14.33,36.22,49.45,non_sandy
108126,WB_108126,8.26,0.17,-0.3175,0.9482,0.5,-0.07,Hooghly/Ganga,13638.679366357816,14.38,36.2,49.42,non_sandy
108127,WB_108127,8.42,0.17,-0.9393,0.343,0.54,0.09,Hooghly/Ganga,14208.083207948308,14.34,36.23,49.43,non_sandy
108128,WB_108128,8.2,0.15,-0.5317,-0.8469,0.46,-0.13,Hooghly/Ganga,14978.834801267849,14.35,36.21,49.44,non_sandy
108129,WB_108129,8.66,0.17,-0.7797,0.6262,0.5,0.33,Hooghly/Ganga,13072.38608790959,14.39,36.21,49.4,non_sandy
108130,WB_108130,7.95,0.17,-0.999,-0.0453,0.49,-0.38,Hooghly/Ganga,15194.050456922856,14.31,36.24,49.45,non_sandy
108131,WB_108131,8.08,0.17,-0.5906,0.8069,0.49,-0.25,Hooghly/Ganga,14032.651284801097,14.38,36.2,49.42,non_sandy
108132,WB_108132,8.83,0.18,-0.8122,0.5833,0.53,0.5,Hooghly/Ganga,13467.356322492069,14.36,36.23,49.41,non_sandy
108133,WB_108133,9.41,0.17,0.452,-0.892,0.52,0.05,Hooghly/Ganga,10232.061909745147,14.4,36.25,49.35,non_sandy
108134,WB_108134,9.66,0.17,0.7678,-0.6407,0.48,0.3,Hooghly/Ganga,10658.597075030648,14.4,36.25,49.35,non_sandy
108135,WB_108135,9.24,0.17,0.8894,-0.4571,0.53,-0.12,Hooghly/Ganga,9596.616727214025,14.43,36.24,49.33,non_sandy
108136,WB_108136,9.44,0.17,0.6278,-0.7784,0.52,0.08,Hooghly/Ganga,10836.121123657313,14.38,36.26,49.36,non_sandy
108137,WB_108137,9.58,0.17,0.8019,-0.5975,0.51,0.22,Hooghly/Ganga,10212.370571936024,14.42,36.23,49.35,non_sandy
108138,WB_108138,9.06,0.17,0.7958,-0.6056,0.49,-0.3,Hooghly/Ganga,9640.386639961785,14.41,36.26,49.33,non_sandy
108139,WB_108139,9.68,0.17,0.6321,-0.7749,0.5,0.32,Hooghly/Ganga,11335.104484775773,14.38,36.25,49.37,non_sandy
108140,WB_108140,9.15,0.18,0.9227,-0.3855,0.53,-0.21,Hooghly/Ganga,9304.563359547568,14.45,36.23,49.32,non_sandy
108141,WB_108141,9.1,0.17,0.4865,-0.8737,0.52,-0.26,Hooghly/Ganga,10554.35389191959,14.38,36.27,49.35,non_sandy
108142,WB_108142,9.73,0.17,0.8743,-0.4854,0.49,0.37,Hooghly/Ganga,10900.00409920421,14.41,36.23,49.36,non_sandy
108143,WB_108143,8.86,0.17,0.7694,-0.6387,0.51,-0.5,Hooghly/Ganga,8964.1654049716,14.44,36.25,49.31,non_sandy
108144,WB_108144,8.82,0.18,-0.6736,0.7391,0.52,0.0,Hooghly/Ganga,6537.765551571414,14.45,36.28,49.27,non_sandy
108145,WB_108145,8.67,0.18,-0.4109,0.9117,0.53,-0.15,Hooghly/Ganga,6223.889232338732,14.47,36.27,49.26,non_sandy
108146,WB_108146,9.18,0.18,-0.6602,0.7511,0.53,0.36,Hooghly/Ganga,5932.758472513537,14.46,36.29,49.25,non_sandy
108147,WB_108147,8.54,0.17,-0.7672,0.6415,0.53,-0.28,Hooghly/Ganga,7073.318921516125,14.44,36.28,49.28,non_sandy
108148,WB_108148,8.85,0.18,-0.3891,0.9212,0.57,0.03,Hooghly/Ganga,5514.814426494549,14.49,36.27,49.24,non_sandy
108149,WB_108149,8.95,0.18,-0.8357,0.5491,0.57,0.13,Hooghly/Ganga,6625.44440014235,14.43,36.3,49.27,non_sandy
108150,WB_108150,8.41,0.17,-0.621,0.7838,0.49,-0.41,Hooghly/Ganga,6736.326701401293,14.46,36.27,49.27,non_sandy
108151,WB_108151,9.36,0.18,-0.6881,0.7256,0.53,0.54,Hooghly/Ganga,5243.0575749776735,14.48,36.28,49.24,non_sandy
108152,WB_108152,8.44,0.18,-0.8185,0.5745,0.53,-0.38,Hooghly/Ganga,7474.566023032419,14.42,36.29,49.29,non_sandy
108153,WB_108153,8.42,0.18,-0.3256,0.9455,0.55,-0.4,Hooghly/Ganga,5672.238315985677,14.5,36.26,49.24,non_sandy
108154,WB_108154,9.35,0.18,-0.6958,0.7183,0.55,0.53,Hooghly/Ganga,5981.644095286349,14.44,36.3,49.26,non_sandy
108155,WB_108155,9.05,0.18,0.7916,-0.6111,0.55,-0.01,Hooghly/Ganga,2232.4213441775623,14.51,36.31,49.18,non_sandy
108156,WB_108156,9.41,0.18,0.8594,-0.5112,0.54,0.35,Hooghly/Ganga,2809.7617095226983,14.5,36.31,49.19,non_sandy
108157,WB_108157,8.84,0.18,0.9737,-0.2277,0.57,-0.22,Hooghly/Ganga,1701.1922982214655,14.53,36.3,49.17,non_sandy
108158,WB_108158,9.11,0.18,0.8059,-0.592,0.55,0.05,Hooghly/Ganga,2749.5480093396013,14.49,36.32,49.19,non_sandy
108159,WB_108159,9.37,0.18,0.8962,-0.4437,0.56,0.31,Hooghly/Ganga,2523.88335031374,14.52,36.3,49.18,non_sandy
108160,WB_108160,8.69,0.17,0.953,-0.3031,0.51,-0.37,Hooghly/Ganga,1538.1568300088059,14.52,36.31,49.17,non_sandy
108161,WB_108161,9.51,0.18,0.8078,-0.5895,0.54,0.45,Hooghly/Ganga,3415.6761493219738,14.48,36.32,49.2,non_sandy
108162,WB_108162,8.78,0.18,0.9879,-0.155,0.57,-0.28,Hooghly/Ganga,1583.272869452758,14.55,36.29,49.16,non_sandy
108163,WB_108163,8.78,0.18,0.7974,-0.6034,0.55,-0.28,Hooghly/Ganga,2308.7132976407693,14.49,36.33,49.18,non_sandy
108164,WB_108164,9.7,0.18,0.9099,-0.4148,0.54,0.64,Hooghly/Ganga,3251.195677286722,14.5,36.3,49.2,non_sandy
108165,WB_108165,8.43,0.18,0.917,-0.3989,0.54,-0.63,Hooghly/Ganga,972.8178900061209,14.55,36.3,49.15,non_sandy
108166,WB_108166,9.52,0.18,-0.677,0.7359,0.54,0.16,Hooghly/Ganga,1505.786052913355,14.55,36.34,49.11,non_sandy
108167,WB_108167,9.15,0.18,-0.3421,0.9396,0.56,-0.21,Hooghly/Ganga,1422.1048179986774,14.57,36.33,49.1,non_sandy
108168,WB_108168,9.67,0.18,-0.2868,0.958,0.55,0.31,Hooghly/Ganga,2214.3633195049606,14.57,36.34,49.09,non_sandy
108169,WB_108169,9.27,0.18,-0.5952,0.8036,0.54,-0.09,Hooghly/Ganga,854.6979228484413,14.54,36.35,49.11,non_sandy
108170,WB_108170,9.08,0.18,-0.2415,0.9704,0.56,-0.28,Hooghly/Ganga,2072.8058529956506,14.59,36.32,49.09,non_sandy
108171,WB_108171,9.82,0.18,-0.4255,0.905,0.51,0.46,Hooghly/Ganga,1795.486090434824,14.55,36.35,49.1,non_sandy
108172,WB_108172,8.91,0.17,-0.3714,0.9285,0.53,-0.45,Hooghly/Ganga,737.8696669721206,14.55,36.33,49.12,non_sandy
108173,WB_108173,9.48,0.18,-0.2119,0.9773,0.55,0.12,Hooghly/Ganga,2767.504856421745,14.6,36.33,49.07,non_sandy
108174,WB_108174,9.41,0.18,-0.714,0.7001,0.54,0.05,Hooghly/Ganga,788.3228324559147,14.52,36.36,49.12,non_sandy
108175,WB_108175,8.7,0.18,-0.2772,0.9608,0.54,-0.66,Hooghly/Ganga,1572.5964908162146,14.58,36.32,49.1,non_sandy
108176,WB_108176,9.93,0.18,-0.4378,0.8991,0.53,0.57,Hooghly/Ganga,2549.501470403084,14.57,36.35,49.08,non_sandy
108177,WB_108177,8.9,0.18,0.9501,-0.3119,0.55,0.16,Hooghly/Ganga,5189.75558508945,14.61,36.37,49.02,non_sandy
108178,WB_108178,8.52,0.18,0.9985,-0.0539,0.54,-0.22,Hooghly/Ganga,5948.643819002545,14.63,36.36,49.01,non_sandy
108179,WB_108179,8.8,0.17,0.9557,-0.2945,0.51,0.06,Hooghly/Ganga,5198.7568495417845,14.6,36.38,49.02,non_sandy
108180,WB_108180,8.94,0.18,0.9652,-0.2614,0.55,0.2,Hooghly/Ganga,5223.293879509576,14.62,36.36,49.02,non_sandy
108181,WB_108181,8.44,0.17,0.9963,0.0863,0.52,-0.3,Hooghly/Ganga,6256.866749788373,14.63,36.37,49.0,non_sandy
108182,WB_108182,9.13,0.17,0.897,-0.442,0.51,0.39,Hooghly/Ganga,4506.435369517922,14.58,36.38,49.04,non_sandy
108183,WB_108183,8.39,0.18,0.9906,0.1367,0.59,-0.35,Hooghly/Ganga,6079.033569817642,14.65,36.35,49.0,non_sandy
108184,WB_108184,8.63,0.17,0.9804,-0.1971,0.51,-0.11,Hooghly/Ganga,5640.244229225548,14.6,36.39,49.01,non_sandy
108185,WB_108185,9.35,0.18,0.9653,-0.2612,0.55,0.61,Hooghly/Ganga,4515.899901285352,14.6,36.36,49.04,non_sandy
108186,WB_108186,8.14,0.18,0.9988,-0.0481,0.53,-0.6,Hooghly/Ganga,6775.412427202016,14.65,36.36,48.99,non_sandy
108187,WB_108187,8.86,0.17,0.7066,-0.7076,0.54,0.12,Hooghly/Ganga,4516.039237571634,14.57,36.39,49.04,non_sandy
108188,WB_108188,4.0,0.13,-0.2076,0.9782,0.36,0.03,Rupnarayan,3478.039060069629,12.35,39.39,48.26,non_sandy
108189,WB_108189,3.94,0.13,-0.9623,0.2719,0.36,-0.03,Rupnarayan,3707.7892544928163,12.37,39.38,48.25,non_sandy
108190,WB_108190,4.04,0.12,-0.9635,-0.2678,0.33,0.07,Rupnarayan,2840.980249141084,12.37,39.39,48.24,non_sandy
108191,WB_108191,3.9,0.14,-0.435,0.9004,0.38,-0.07,Rupnarayan,4072.765403412717,12.34,39.39,48.27,non_sandy
108192,WB_108192,4.13,0.14,-0.9915,-0.1299,0.36,0.16,Rupnarayan,3182.3053952805517,12.39,39.37,48.24,non_sandy
108193,WB_108193,4.08,0.13,0.2488,0.9686,0.33,0.11,Rupnarayan,3063.755993155863,12.35,39.4,48.25,non_sandy
108194,WB_108194,3.71,0.14,-0.8297,0.5582,0.38,-0.26,Rupnarayan,4349.8389830805345,12.35,39.38,48.27,non_sandy
108195,WB_108195,4.1,0.12,-0.9739,-0.2271,0.33,0.13,Rupnarayan,2435.0611509649348,12.39,39.38,48.23,non_sandy
108196,WB_108196,4.09,0.14,-0.1557,0.9878,0.38,0.12,Rupnarayan,3974.262342040041,12.32,39.4,48.28,non_sandy
108197,WB_108197,4.03,0.13,-0.9964,-0.0852,0.36,0.06,Rupnarayan,3735.002976172735,12.39,39.37,48.24,non_sandy
108198,WB_108198,3.97,0.12,-0.498,-0.8672,0.33,-0.0,Rupnarayan,2385.8314695353174,12.36,39.4,48.24,non_sandy
108199,WB_108199,3.66,0.14,-0.7492,0.6624,0.38,-0.31,Rupnarayan,4739.4881270316655,12.33,39.39,48.28,non_sandy
108200,WB_108200,2.72,0.13,-0.3359,-0.9419,0.37,-0.07,Rupnarayan,1308.3216008484712,12.43,39.4,48.17,non_sandy
108201,WB_108201,2.62,0.13,-0.471,-0.8822,0.34,-0.17,Rupnarayan,1726.572048235839,12.42,39.41,48.17,non_sandy
108202,WB_108202,2.73,0.13,0.2065,-0.9784,0.36,-0.06,Rupnarayan,740.1844635197886,12.41,39.41,48.18,non_sandy
108203,WB_108203,2.83,0.14,-0.6288,-0.7776,0.37,0.04,Rupnarayan,1850.462116907014,12.45,39.4,48.15,non_sandy
108204,WB_108204,2.59,0.13,-0.3234,-0.9463,0.34,-0.21,Rupnarayan,1342.2135142705185,12.4,39.42,48.18,non_sandy
108205,WB_108205,2.9,0.14,-0.1968,-0.9804,0.37,0.1,Rupnarayan,745.9064995379788,12.43,39.4,48.17,non_sandy
108206,WB_108206,2.77,0.13,-0.8054,-0.5927,0.37,-0.02,Rupnarayan,2338.162610220806,12.44,39.41,48.15,non_sandy
108207,WB_108207,2.76,0.13,0.3864,-0.9223,0.36,-0.04,Rupnarayan,500.2388980718739,12.39,39.42,48.19,non_sandy
108208,WB_108208,3.01,0.14,-0.6918,-0.7221,0.37,0.21,Rupnarayan,1564.2477529201421,12.46,39.39,48.15,non_sandy
108209,WB_108209,2.61,0.13,-0.6782,-0.7349,0.34,-0.19,Rupnarayan,1982.4303437869803,12.41,39.42,48.17,non_sandy
108210,WB_108210,2.97,0.13,0.3866,-0.9223,0.36,0.18,Rupnarayan,141.29243540412466,12.4,39.4,48.2,non_sandy
108211,WB_108211,3.03,0.14,-0.9053,-0.4248,0.38,0.23,Rupnarayan,2529.5252556929668,12.46,39.4,48.14,non_sandy
108212,WB_108212,4.23,0.13,-0.9778,-0.2096,0.36,-0.03,Rupnarayan,6098.0030427001975,12.47,39.43,48.1,non_sandy
108213,WB_108213,4.36,0.14,-0.9032,-0.4292,0.41,0.1,Rupnarayan,5885.550863787381,12.49,39.42,48.09,non_sandy
108214,WB_108214,4.34,0.14,-0.6766,-0.7364,0.39,0.08,Rupnarayan,6738.11399565469,12.49,39.43,48.08,non_sandy
108215,WB_108215,4.06,0.14,-0.9957,-0.0929,0.38,-0.2,Rupnarayan,5501.439789781623,12.46,39.43,48.11,non_sandy
108216,WB_108216,4.66,0.15,-0.8449,-0.5349,0.4,0.4,Rupnarayan,6420.814198828008,12.51,39.42,48.07,non_sandy
108217,WB_108217,4.16,0.13,-0.7941,-0.6078,0.36,-0.1,Rupnarayan,6497.635874792603,12.47,39.44,48.09,non_sandy
108218,WB_108218,4.1,0.15,-0.9931,-0.1175,0.44,-0.16,Rupnarayan,5243.790619558222,12.47,39.42,48.11,non_sandy
108219,WB_108219,4.54,0.14,-0.6768,-0.7362,0.39,0.28,Rupnarayan,7156.4954322687045,12.51,39.42,48.07,non_sandy
108220,WB_108220,4.05,0.14,-0.9886,0.1509,0.38,-0.21,Rupnarayan,5583.306516026011,12.44,39.44,48.12,non_sandy
108221,WB_108221,4.64,0.15,-0.8356,-0.5493,0.4,0.38,Rupnarayan,5878.174974247444,12.51,39.41,48.08,non_sandy
108222,WB_108222,4.14,0.14,-0.5683,-0.8228,0.39,-0.12,Rupnarayan,7178.806013860256,12.48,39.44,48.08,non_sandy
108223,WB_108223,3.81,0.14,-0.9994,-0.0351,0.38,-0.45,Rupnarayan,4838.807086556732,12.45,39.43,48.12,non_sandy
108224,WB_108224,2.97,0.14,-0.4721,-0.8816,0.4,-0.21,Damodar,6958.9724255130905,12.53,39.45,48.02,non_sandy
108225,WB_108225,3.26,0.14,-0.6061,-0.7954,0.42,0.08,Damodar,6828.66057266401,12.55,39.44,48.01,non_sandy
108226,WB_108226,3.13,0.15,-0.8331,-0.553,0.42,-0.05,Damodar,6287.446468462044,12.55,39.45,48.0,non_sandy
108227,WB_108227,2.97,0.14,-0.6135,-0.7897,0.4,-0.21,Damodar,7565.395087220219,12.52,39.45,48.03,non_sandy
108228,WB_108228,3.48,0.14,-0.6868,-0.7269,0.41,0.3,Damodar,6127.705938947699,12.57,39.44,47.99,non_sandy
108229,WB_108229,2.83,0.14,-0.6956,-0.7184,0.38,-0.35,Damodar,6859.107447214549,12.52,39.46,48.02,non_sandy
108230,WB_108230,3.33,0.15,-0.4534,-0.8913,0.44,0.15,Damodar,7437.3221098064405,12.54,39.44,48.02,non_sandy
108231,WB_108231,3.5,0.15,-0.8816,-0.472,0.42,0.32,Damodar,5646.590673088491,12.57,39.44,47.99,non_sandy
108232,WB_108232,2.78,0.14,-0.5284,-0.849,0.4,-0.4,Damodar,7807.966078529844,12.5,39.46,48.04,non_sandy
108233,WB_108233,3.63,0.15,-0.7196,-0.6944,0.41,0.45,Damodar,6453.056052242006,12.57,39.43,48.0,non_sandy
108234,WB_108234,3.07,0.15,-0.8943,-0.4475,0.42,-0.11,Damodar,6144.5172972514,12.54,39.46,48.0,non_sandy
108235,WB_108235,4.74,0.15,-0.8509,-0.5253,0.42,-0.07,Damodar,2900.783317882912,12.59,39.47,47.94,non_sandy
108236,WB_108236,5.07,0.15,-0.7951,-0.6065,0.43,0.26,Damodar,2569.7255547282457,12.61,39.46,47.93,non_sandy
108237,WB_108237,4.77,0.15,-0.5697,-0.8219,0.43,-0.04,Damodar,2312.417191939214,12.6,39.48,47.92,non_sandy
108238,WB_108238,4.62,0.15,-0.8551,-0.5185,0.42,-0.19,Damodar,3420.1820705465125,12.58,39.47,47.95,non_sandy
108239,WB_108239,5.23,0.15,-0.7333,-0.6799,0.41,0.42,Damodar,1869.971411065929,12.63,39.46,47.91,non_sandy
108240,WB_108240,4.5,0.14,-0.787,-0.617,0.41,-0.31,Damodar,3009.395724484534,12.58,39.48,47.94,non_sandy
108241,WB_108241,4.96,0.15,-0.8783,-0.4782,0.47,0.15,Damodar,3063.3344064628363,12.61,39.46,47.93,non_sandy
108242,WB_108242,4.88,0.15,-0.4883,-0.8727,0.43,0.07,Damodar,1626.9275271713109,12.62,39.47,47.91,non_sandy
108243,WB_108243,4.33,0.15,-0.8375,-0.5464,0.42,-0.48,Damodar,3834.4073810516534,12.56,39.48,47.96,non_sandy
108244,WB_108244,5.41,0.15,-0.7024,-0.7118,0.41,0.6,Damodar,2005.2337521608379,12.64,39.45,47.91,non_sandy
108245,WB_108245,4.44,0.15,-0.5345,-0.8451,0.43,-0.37,Damodar,2383.2942707504167,12.59,39.49,47.92,non_sandy
108246,WB_108246,3.74,0.14,-0.8303,-0.5574,0.4,-0.02,Damodar,1711.2042224407155,12.67,39.49,47.84,non_sandy
108247,WB_108247,3.5,0.15,-0.6465,-0.7629,0.41,-0.26,Damodar,951.8616094719007,12.65,39.5,47.85,non_sandy
108248,WB_108248,3.95,0.14,-0.7755,-0.6314,0.41,0.19,Damodar,1821.2351222504283,12.68,39.48,47.84,non_sandy
108249,WB_108249,3.52,0.15,-0.8838,-0.468,0.44,-0.24,Damodar,1568.897486129668,12.65,39.5,47.85,non_sandy
108250,WB_108250,3.74,0.15,-0.5479,-0.8365,0.43,-0.02,Damodar,758.4977864783156,12.65,39.49,47.86,non_sandy
108251,WB_108251,4.09,0.15,-0.9025,-0.4306,0.41,0.33,Damodar,2433.5483075798925,12.69,39.48,47.83,non_sandy
108252,WB_108252,3.2,0.15,-0.7441,-0.6681,0.4,-0.56,Damodar,709.3688772964116,12.63,39.51,47.86,non_sandy
108253,WB_108253,4.04,0.14,-0.7655,-0.6434,0.41,0.28,Damodar,1479.8154486901599,12.68,39.47,47.85,non_sandy
108254,WB_108254,3.86,0.15,-0.955,-0.2966,0.44,0.1,Damodar,2255.1368188395736,12.67,39.5,47.83,non_sandy
108255,WB_108255,3.49,0.14,-0.5719,-0.8203,0.42,-0.27,Damodar,166.06151170542557,12.63,39.5,47.87,non_sandy
108256,WB_108256,4.2,0.14,-0.8614,-0.508,0.41,0.44,Damodar,2550.682413974334,12.71,39.47,47.82,non_sandy
108257,WB_108257,5.34,0.14,-0.8014,-0.5981,0.41,-0.0,Damodar,5353.389372348256,12.71,39.52,47.77,non_sandy
108258,WB_108258,5.59,0.14,-0.6792,-0.734,0.39,0.25,Damodar,5592.10508609699,12.73,39.5,47.77,non_sandy
108259,WB_108259,5.34,0.14,-0.4083,-0.9129,0.41,-0.0,Damodar,5986.745524948401,12.73,39.52,47.75,non_sandy
108260,WB_108260,5.23,0.14,-0.7355,-0.6776,0.41,-0.11,Damodar,4787.804532659804,12.7,39.51,47.79,non_sandy
108261,WB_108261,5.66,0.14,-0.612,-0.7909,0.37,0.32,Damodar,6298.928414238728,12.75,39.5,47.75,non_sandy
108262,WB_108262,5.07,0.14,-0.6557,-0.755,0.41,-0.27,Damodar,5342.860460776618,12.7,39.53,47.77,non_sandy
108263,WB_108263,5.48,0.14,-0.7687,-0.6396,0.43,0.14,Damodar,5039.226428397407,12.72,39.5,47.78,non_sandy
108264,WB_108264,5.39,0.14,-0.3104,-0.9506,0.41,0.05,Damodar,6657.384909890693,12.75,39.51,47.74,non_sandy
108265,WB_108265,4.93,0.15,-0.7657,-0.6433,0.41,-0.41,Damodar,4451.32348938095,12.68,39.53,47.79,non_sandy
108266,WB_108266,5.74,0.14,-0.54,-0.8416,0.37,0.4,Damodar,6072.059423720545,12.76,39.49,47.75,non_sandy
108267,WB_108267,5.01,0.14,-0.3175,-0.9483,0.41,-0.33,Damodar,6016.834258936206,12.71,39.53,47.76,non_sandy
108268,WB_108268,4.27,0.14,-0.9862,-0.1654,0.37,0.07,Damodar,9940.093478270323,12.79,39.53,47.68,non_sandy
108269,WB_108269,4.07,0.14,-0.9359,-0.3524,0.41,-0.13,Damodar,9503.024427223047,12.77,39.54,47.69,non_sandy
108270,WB_108270,4.24,0.13,-0.5945,-0.8041,0.37,0.04,Damodar,9421.93205109915,12.79,39.53,47.68,non_sandy
108271,WB_108271,4.41,0.14,-0.9999,-0.0111,0.37,0.21,Damodar,10389.467876480594,12.8,39.53,47.67,non_sandy
108272,WB_108272,3.93,0.14,-0.8206,-0.5715,0.39,-0.27,Damodar,8829.360576848729,12.75,39.54,47.71,non_sandy
108273,WB_108273,4.31,0.13,-0.9981,0.0623,0.36,0.11,Damodar,10167.388228518663,12.81,39.52,47.67,non_sandy
108274,WB_108274,4.16,0.14,-0.9922,-0.1245,0.43,-0.04,Damodar,9911.067616118286,12.77,39.55,47.68,non_sandy
108275,WB_108275,4.23,0.13,-0.3154,-0.949,0.37,0.03,Damodar,8735.000486887826,12.77,39.53,47.7,non_sandy
108276,WB_108276,4.52,0.14,-0.9867,-0.1625,0.37,0.32,Damodar,10889.640428116863,12.82,39.52,47.66,non_sandy
108277,WB_108277,3.71,0.14,-0.8077,-0.5896,0.39,-0.49,Damodar,8848.043349525184,12.74,39.55,47.71,non_sandy
108278,WB_108278,4.32,0.13,-0.931,-0.365,0.36,0.12,Damodar,9615.967338657902,12.8,39.51,47.69,non_sandy
108279,WB_108279,5.76,0.13,0.328,-0.9447,0.35,0.09,Damodar,13990.030190649211,12.85,39.55,47.6,non_sandy
108280,WB_108280,5.75,0.13,-0.5213,-0.8534,0.35,0.08,Damodar,13229.191900882082,12.83,39.56,47.61,non_sandy
108281,WB_108281,5.8,0.13,0.5939,-0.8045,0.34,0.13,Damodar,14089.934781798713,12.86,39.54,47.6,non_sandy
108282,WB_108282,5.63,0.13,0.367,-0.9302,0.35,-0.04,Damodar,13838.894267817444,12.84,39.56,47.6,non_sandy
108283,WB_108283,5.76,0.13,-0.4717,-0.8817,0.35,0.09,Damodar,13034.366010667925,12.83,39.55,47.62,non_sandy
108284,WB_108284,5.62,0.13,0.7781,-0.6281,0.36,-0.05,Damodar,14716.830542746302,12.87,39.55,47.58,non_sandy
108285,WB_108285,5.56,0.13,-0.232,-0.9727,0.35,-0.11,Damodar,12977.410850150482,12.81,39.57,47.62,non_sandy
108286,WB_108286,5.8,0.13,0.7989,-0.6014,0.34,0.13,Damodar,13679.979542523337,12.86,39.54,47.6,non_sandy
108287,WB_108287,5.48,0.13,0.7325,-0.6808,0.35,-0.19,Damodar,14524.793894371282,12.85,39.56,47.59,non_sandy
108288,WB_108288,5.56,0.13,-0.8187,-0.5742,0.35,-0.11,Damodar,12445.105483115896,12.81,39.56,47.63,non_sandy
108289,WB_108289,5.6,0.13,0.9056,-0.4242,0.36,-0.07,Damodar,14784.12368284094,12.89,39.53,47.58,non_sandy
108290,WB_108290,4.44,0.13,-0.641,0.7675,0.36,0.01,Hooghly/Ganga,16191.72787769182,12.9,39.58,47.52,non_sandy
108291,WB_108291,4.35,0.13,-0.0355,0.9994,0.35,-0.08,Hooghly/Ganga,15958.208713385464,12.9,39.57,47.53,non_sandy
108292,WB_108292,4.55,0.14,-0.3012,0.9536,0.39,0.12,Hooghly/Ganga,15571.330564623793,12.92,39.57,47.51,non_sandy
108293,WB_108293,4.35,0.13,-0.9915,0.1301,0.35,-0.08,Damodar,16635.093174094214,12.88,39.58,47.54,non_sandy
108294,WB_108294,4.24,0.14,0.2457,0.9693,0.35,-0.19,Hooghly/Ganga,15265.964815612366,12.93,39.56,47.51,non_sandy
108295,WB_108295,4.6,0.14,-0.8732,0.4874,0.39,0.17,Hooghly/Ganga,16201.787891008635,12.89,39.59,47.52,non_sandy
108296,WB_108296,4.41,0.13,0.9846,-0.1746,0.34,-0.02,Hooghly/Ganga,16499.84453577486,12.89,39.57,47.54,non_sandy
108297,WB_108297,4.45,0.14,-0.1557,0.9878,0.39,0.02,Hooghly/Ganga,14914.571743051516,12.94,39.57,47.49,non_sandy
108298,WB_108298,4.28,0.13,-0.9924,-0.123,0.35,-0.15,Damodar,16550.23961582834,12.87,39.59,47.54,non_sandy
108299,WB_108299,4.22,0.13,-0.0345,0.9994,0.35,-0.21,Hooghly/Ganga,15488.440677947938,12.92,39.56,47.52,non_sandy
108300,WB_108300,4.84,0.14,-0.3621,0.9322,0.39,0.41,Hooghly/Ganga,15541.612792130823,12.92,39.58,47.5,non_sandy
108301,WB_108301,5.83,0.13,0.9803,0.1974,0.35,0.19,Hooghly/Ganga,13686.259160139769,12.95,39.6,47.45,non_sandy
108302,WB_108302,5.72,0.14,0.9643,0.265,0.39,0.08,Hooghly/Ganga,13400.533635520935,12.97,39.59,47.44,non_sandy
108303,WB_108303,5.59,0.14,0.9999,0.0121,0.4,-0.05,Hooghly/Ganga,13074.29604996017,12.97,39.6,47.43,non_sandy
108304,WB_108304,5.91,0.13,0.9999,0.0172,0.35,0.27,Hooghly/Ganga,14229.712850999738,12.94,39.6,47.46,non_sandy
108305,WB_108305,5.42,0.14,0.9737,0.2278,0.4,-0.22,Hooghly/Ganga,12695.840220456605,12.99,39.58,47.43,non_sandy
108306,WB_108306,5.75,0.13,0.996,-0.0893,0.38,0.11,Hooghly/Ganga,13746.244330865931,12.94,39.61,47.45,non_sandy
108307,WB_108307,5.77,0.14,0.9609,0.277,0.4,0.13,Hooghly/Ganga,13924.673663956457,12.96,39.59,47.45,non_sandy
108308,WB_108308,5.24,0.15,0.9981,-0.0616,0.4,-0.4,Hooghly/Ganga,12394.81159663696,12.99,39.59,47.42,non_sandy
108309,WB_108309,5.9,0.13,0.9999,-0.0104,0.35,0.26,Hooghly/Ganga,14606.047620879704,12.92,39.61,47.47,non_sandy
108310,WB_108310,5.42,0.14,0.9653,0.2611,0.4,-0.22,Hooghly/Ganga,12877.024117206558,12.99,39.58,47.43,non_sandy
108311,WB_108311,5.46,0.15,0.9954,-0.0958,0.4,-0.18,Hooghly/Ganga,13095.043166332563,12.96,39.61,47.43,non_sandy
108312,WB_108312,4.32,0.15,0.2535,0.9673,0.41,0.04,Hooghly/Ganga,9995.514865243505,13.03,39.62,47.35,non_sandy
108313,WB_108313,4.37,0.14,0.3584,0.9336,0.39,0.09,Hooghly/Ganga,10745.93037122806,13.01,39.62,47.37,non_sandy
108314,WB_108314,4.01,0.15,0.3752,0.9269,0.41,-0.27,Hooghly/Ganga,9799.915718750824,13.04,39.61,47.35,non_sandy
108315,WB_108315,4.58,0.15,-0.0057,1.0,0.41,0.3,Hooghly/Ganga,10215.520184426647,13.02,39.63,47.35,non_sandy
108316,WB_108316,4.26,0.14,0.614,0.7893,0.41,-0.02,Hooghly/Ganga,10853.013274665831,13.01,39.61,47.38,non_sandy
108317,WB_108317,4.18,0.15,0.2259,0.9742,0.46,-0.1,Hooghly/Ganga,9253.50587561097,13.05,39.61,47.34,non_sandy
108318,WB_108318,4.51,0.13,-0.1726,0.985,0.37,0.23,Hooghly/Ganga,11067.385850328143,12.99,39.63,47.38,non_sandy
108319,WB_108319,3.88,0.15,0.3844,0.9231,0.41,-0.4,Hooghly/Ganga,10064.072722454383,13.04,39.6,47.36,non_sandy
108320,WB_108320,4.7,0.15,0.0861,0.9963,0.45,0.42,Hooghly/Ganga,9553.059357118264,13.03,39.62,47.35,non_sandy
108321,WB_108321,4.44,0.14,0.4146,0.91,0.41,0.16,Hooghly/Ganga,11492.209895272232,12.99,39.62,47.39,non_sandy
108322,WB_108322,3.78,0.15,0.3246,0.9458,0.46,-0.5,Hooghly/Ganga,9045.314980328045,13.07,39.6,47.33,non_sandy
108323,WB_108323,5.52,0.15,0.858,0.5136,0.44,0.19,Hooghly/Ganga,7276.586749744255,13.08,39.64,47.28,non_sandy
108324,WB_108324,5.1,0.15,0.9773,0.2118,0.47,-0.23,Hooghly/Ganga,6517.374009360827,13.1,39.63,47.27,non_sandy
108325,WB_108325,5.6,0.15,0.9784,0.2065,0.46,0.27,Hooghly/Ganga,7357.462588387117,13.07,39.65,47.28,non_sandy
108326,WB_108326,5.36,0.15,0.9194,0.3934,0.44,0.03,Hooghly/Ganga,7160.910955370884,13.09,39.63,47.28,non_sandy
108327,WB_108327,4.95,0.16,0.9881,0.1536,0.47,-0.38,Hooghly/Ganga,6295.941913990414,13.1,39.64,47.26,non_sandy
108328,WB_108328,5.83,0.15,0.9526,0.3042,0.39,0.5,Hooghly/Ganga,7989.344510637784,13.05,39.65,47.3,non_sandy
108329,WB_108329,4.93,0.15,0.9821,0.1883,0.47,-0.4,Hooghly/Ganga,6302.285662889467,13.11,39.62,47.27,non_sandy
108330,WB_108330,5.36,0.15,0.9881,0.1536,0.46,0.03,Hooghly/Ganga,6991.580804026838,13.07,39.65,47.28,non_sandy
108331,WB_108331,5.58,0.15,0.8707,0.4919,0.42,0.25,Hooghly/Ganga,7852.354865229008,13.06,39.63,47.31,non_sandy
108332,WB_108332,4.57,0.16,0.9833,0.1822,0.45,-0.76,Hooghly/Ganga,5721.59054082953,13.12,39.63,47.25,non_sandy
108333,WB_108333,5.88,0.15,0.9497,0.3131,0.39,0.55,Hooghly/Ganga,8075.391413255535,13.04,39.66,47.3,non_sandy
108334,WB_108334,3.87,0.15,0.1191,0.9929,0.45,-0.07,Hooghly/Ganga,3491.9615258589806,13.15,39.66,47.19,non_sandy
108335,WB_108335,4.15,0.15,0.2406,0.9706,0.43,0.21,Hooghly/Ganga,4174.005535920802,13.13,39.67,47.2,non_sandy
108336,WB_108336,3.64,0.15,0.4051,0.9143,0.44,-0.3,Hooghly/Ganga,3717.172355793741,13.15,39.65,47.2,non_sandy
108337,WB_108337,4.18,0.15,0.1342,0.9909,0.45,0.24,Hooghly/Ganga,3323.736899751456,13.15,39.66,47.19,non_sandy
108338,WB_108338,4.09,0.15,0.3793,0.9253,0.45,0.15,Hooghly/Ganga,4661.065074889663,13.12,39.66,47.22,non_sandy
108339,WB_108339,3.56,0.15,0.1829,0.9831,0.45,-0.38,Hooghly/Ganga,2948.1710303973014,13.17,39.64,47.19,non_sandy
108340,WB_108340,4.47,0.15,0.206,0.9786,0.39,0.53,Hooghly/Ganga,4086.6632787952635,13.12,39.67,47.21,non_sandy
108341,WB_108341,3.72,0.15,0.4844,0.8748,0.44,-0.22,Hooghly/Ganga,4297.138395691158,13.14,39.65,47.21,non_sandy
108342,WB_108342,4.02,0.15,0.1034,0.9946,0.45,0.08,Hooghly/Ganga,2648.739375445805,13.17,39.65,47.18,non_sandy
108343,WB_108343,4.36,0.15,0.305,0.9524,0.45,0.42,Hooghly/Ganga,4992.74727338374,13.1,39.67,47.23,non_sandy
108344,WB_108344,3.32,0.15,0.2981,0.9546,0.43,-0.62,Hooghly/Ganga,3187.8188840683138,13.17,39.64,47.19,non_sandy
108345,WB_108345,187.82,0.77,0.6374,0.7705,2.77,0.93,Mahananda,24251.26837327037,44.5,25.98,29.52,non_sandy
108346,WB_108346,186.57,0.79,-0.1304,0.9915,2.95,-0.32,Mahananda,24846.89460232356,44.54,25.94,29.52,non_sandy
108347,WB_108347,187.49,0.77,0.4896,0.8719,2.75,0.6,Teesta,25150.525227050966,44.53,25.97,29.5,non_sandy
108348,WB_108348,187.54,0.78,0.0853,0.9964,2.83,0.65,Mahananda,23223.010775759918,44.47,25.98,29.55,non_sandy
108349,WB_108349,186.09,0.78,0.188,0.9822,2.95,-0.8,Mahananda,26205.302304476136,44.59,25.93,29.48,non_sandy
108350,WB_108350,187.9,0.77,0.6576,0.7534,2.71,1.01,Mahananda,24089.018388280067,44.47,26.01,29.52,non_sandy
108351,WB_108351,186.01,0.79,-0.01,0.9999,2.95,-0.88,Mahananda,23861.953122424355,44.52,25.94,29.54,non_sandy
108352,WB_108352,186.56,0.78,0.6836,0.7298,2.83,-0.33,Teesta,24978.847904382525,44.58,25.95,29.47,non_sandy
108353,WB_108353,187.8,0.76,0.1856,0.9826,2.71,0.91,Mahananda,22459.329095436377,44.43,26.01,29.56,non_sandy
108354,WB_108354,184.91,0.79,0.1886,0.9821,2.87,-1.98,Mahananda,25898.34428495086,44.59,25.91,29.5,non_sandy
108355,WB_108355,187.37,0.77,0.8705,0.4921,2.71,0.48,Teesta,23452.73957234774,44.51,26.0,29.49,non_sandy
108356,WB_108356,186.58,0.78,-0.1503,0.9886,2.86,-0.31,Mahananda,22409.121668556763,44.46,25.97,29.57,non_sandy
108357,WB_108357,188.8,0.77,0.7344,-0.6787,2.71,0.31,Teesta,14545.512658273028,44.51,26.09,29.4,non_sandy
108358,WB_108358,188.78,0.77,0.9285,0.3713,2.75,0.29,Teesta,14964.167921821421,44.57,26.06,29.37,non_sandy
108359,WB_108359,188.33,0.76,0.3688,-0.9295,2.67,-0.16,Teesta,13020.729570738507,44.52,26.1,29.38,non_sandy
108360,WB_108360,189.26,0.77,0.9956,-0.0936,2.67,0.77,Teesta,15973.050172389101,44.51,26.07,29.42,non_sandy
108361,WB_108361,188.07,0.77,0.9911,0.1332,2.69,-0.42,Teesta,13648.63537227355,44.59,26.06,29.35,non_sandy
108362,WB_108362,187.98,0.77,-0.2375,-0.9714,2.73,-0.51,Teesta,13888.66415497132,44.46,26.12,29.42,non_sandy
108363,WB_108363,188.84,0.77,0.9998,0.0213,2.75,0.35,Teesta,16558.70578869268,44.57,26.04,29.39,non_sandy
108364,WB_108364,188.44,0.76,-0.614,-0.7893,2.67,-0.05,Teesta,11894.83911172468,44.55,26.1,29.35,non_sandy
108365,WB_108365,188.81,0.76,0.5141,-0.8577,2.7,0.32,Teesta,15991.350759074443,44.46,26.1,29.44,non_sandy
108366,WB_108366,187.75,0.78,0.9572,0.2893,2.75,-0.74,Teesta,15019.052094418706,44.63,26.02,29.35,non_sandy
108367,WB_108367,187.85,0.76,0.5019,-0.8649,2.68,-0.64,Teesta,12337.299776663069,44.47,26.14,29.39,non_sandy
108368,WB_108368,189.02,0.76,0.9967,0.0809,2.72,0.53,Teesta,17554.238752790898,44.53,26.05,29.42,non_sandy
108369,WB_108369,189.24,0.77,-0.9914,0.1305,2.72,-0.47,Teesta,3169.195544533517,44.52,26.2,29.28,non_sandy
108370,WB_108370,189.61,0.76,-0.2756,-0.9613,2.66,-0.1,Teesta,3420.03805686442,44.58,26.17,29.25,non_sandy
108371,WB_108371,190.05,0.78,-0.9607,0.2777,2.78,0.34,Teesta,1707.6182924182563,44.53,26.21,29.26,non_sandy
108372,WB_108372,189.14,0.77,-0.5982,-0.8013,2.72,-0.57,Teesta,4518.563664477776,44.52,26.19,29.29,non_sandy
108373,WB_108373,189.99,0.77,-0.8445,0.5356,2.77,0.28,Teesta,2105.270617539835,44.61,26.17,29.22,non_sandy
108374,WB_108374,189.4,0.78,-0.9988,0.0496,2.87,-0.31,Teesta,2468.4136869908093,44.48,26.24,29.28,non_sandy
108375,WB_108375,189.85,0.76,0.0254,-0.9997,2.66,0.14,Teesta,4842.686310327525,44.58,26.15,29.27,non_sandy
108376,WB_108376,190.96,0.79,-0.9594,0.282,2.78,1.25,Teesta,618.4253953496121,44.57,26.2,29.23,non_sandy
108377,WB_108377,188.7,0.77,-0.9351,-0.3544,2.71,-1.01,Teesta,4549.333398042793,44.47,26.22,29.31,non_sandy
108378,WB_108378,189.29,0.76,0.9944,0.1056,2.66,-0.42,Teesta,3182.4455833780185,44.64,26.14,29.22,non_sandy
108379,WB_108379,190.4,0.78,-0.9626,0.2709,2.87,0.69,Teesta,913.1861751161149,44.49,26.25,29.26,non_sandy
108380,WB_108380,189.87,0.77,0.371,-0.9286,2.69,0.16,Teesta,5939.087801794835,44.53,26.17,29.3,non_sandy
108381,WB_108381,191.62,0.78,-0.8532,0.5216,2.84,-0.24,Teesta,7872.505667753176,44.54,26.32,29.14,non_sandy
108382,WB_108382,191.9,0.78,-0.9763,0.2166,2.83,0.04,Teesta,7967.40252531102,44.6,26.28,29.12,non_sandy
108383,WB_108383,192.12,0.76,-0.7711,0.6367,2.68,0.26,Teesta,9372.59482334381,44.53,26.33,29.14,non_sandy
108384,WB_108384,190.72,0.79,-0.8384,0.5451,2.85,-1.14,Teesta,6506.944296157416,44.54,26.3,29.16,non_sandy
108385,WB_108385,192.67,0.78,-0.9994,-0.0349,2.8,0.81,Teesta,9455.823003608763,44.62,26.29,29.09,non_sandy
108386,WB_108386,192.38,0.78,0.137,0.9906,2.84,0.52,Teesta,8273.202507196895,44.48,26.35,29.17,non_sandy
108387,WB_108387,191.13,0.78,-0.9237,0.3831,2.86,-0.73,Teesta,6571.7780847640215,44.61,26.26,29.13,non_sandy
108388,WB_108388,191.99,0.75,0.9526,0.3041,2.68,0.13,Teesta,10691.854448114995,44.57,26.33,29.1,non_sandy
108389,WB_108389,190.86,0.78,-0.8535,0.5211,2.8,-1.0,Teesta,6147.666060207071,44.49,26.33,29.18,non_sandy
108390,WB_108390,192.47,0.78,-0.9715,0.237,2.83,0.61,Teesta,8593.73365456597,44.66,26.25,29.09,non_sandy
108391,WB_108391,192.59,0.77,-0.7541,0.6568,2.79,0.73,Teesta,9869.46052615227,44.48,26.37,29.15,non_sandy
108392,WB_108392,193.33,0.77,0.9998,0.021,2.75,-0.11,Teesta,18829.2116150219,44.58,26.41,29.01,non_sandy
108393,WB_108393,192.78,0.77,0.9876,-0.1569,2.71,-0.66,Teesta,20469.25938710075,44.58,26.43,28.99,non_sandy
108394,WB_108394,193.95,0.78,0.9147,0.4041,2.78,0.51,Teesta,18479.719573765833,44.53,26.44,29.03,non_sandy
108395,WB_108395,193.44,0.76,0.7456,-0.6664,2.7,-0.0,Teesta,19238.992375170714,44.63,26.39,28.98,non_sandy
108396,WB_108396,193.31,0.78,0.9993,0.0375,2.82,-0.13,Teesta,20778.537611275813,44.53,26.46,29.01,non_sandy
108397,WB_108397,193.3,0.76,0.7859,0.6183,2.71,-0.14,Teesta,17232.662930676503,44.56,26.4,29.04,non_sandy
108398,WB_108398,192.73,0.77,0.9897,-0.143,2.71,-0.71,Teesta,21098.6558724331,44.63,26.4,28.97,non_sandy
108399,WB_108399,194.56,0.78,0.9153,0.4028,2.82,1.12,Teesta,19122.916524379096,44.48,26.47,29.05,non_sandy
108400,WB_108400,193.52,0.76,0.9826,-0.1858,2.71,0.08,Teesta,17776.877769406656,44.64,26.37,28.99,non_sandy
108401,WB_108401,192.8,0.78,0.9901,0.14,2.82,-0.64,Teesta,22127.154895863758,44.57,26.45,28.98,non_sandy
108402,WB_108402,194.14,0.77,0.88,0.4749,2.78,0.7,Teesta,16860.83819300083,44.5,26.43,29.07,non_sandy
108403,WB_108403,194.49,0.79,0.5003,0.8659,2.88,-0.45,Teesta,31115.595741228848,44.6,26.53,28.87,non_sandy
108404,WB_108404,195.24,0.78,0.6196,0.7849,2.88,0.3,Teesta,30093.81244072619,44.54,26.55,28.91,non_sandy
108405,WB_108405,193.86,0.78,0.8289,0.5593,2.78,-1.08,Teesta,30050.381748691165,44.63,26.5,28.87,non_sandy
108406,WB_108406,195.81,0.78,0.3177,0.9482,2.88,0.87,Teesta,32032.6218050987,44.56,26.56,28.88,non_sandy
108407,WB_108407,195.19,0.78,0.8882,0.4595,2.86,0.25,Teesta,28660.052262694546,44.56,26.53,28.91,non_sandy
108408,WB_108408,193.89,0.78,0.4454,0.8953,2.91,-1.05,Teesta,31694.481030772073,44.65,26.51,28.84,non_sandy
108409,WB_108409,196.07,0.77,0.4461,0.895,2.76,1.13,Teesta,30910.308089466158,44.5,26.59,28.91,non_sandy
108410,WB_108410,194.31,0.77,0.887,0.4617,2.78,-0.63,Teesta,28567.528238234743,44.63,26.49,28.88,non_sandy
108411,WB_108411,195.72,0.78,0.0369,0.9993,2.93,0.78,Teesta,33175.412810688555,44.6,26.55,28.85,non_sandy
108412,WB_108412,195.92,0.78,0.6453,0.7639,2.88,0.98,Teesta,28613.53033089498,44.5,26.56,28.94,non_sandy
108413,WB_108413,193.8,0.77,0.9234,0.3839,2.78,-1.14,Teesta,30561.06417878289,44.69,26.48,28.83,non_sandy
108414,WB_108414,197.58,0.79,-0.0481,0.9988,2.93,-0.12,Teesta,41047.38908511436,44.6,26.64,28.76,non_sandy
108415,WB_108415,198.17,0.78,-0.0701,0.9975,2.95,0.47,Torsa,40583.1398583251,44.62,26.64,28.74,non_sandy
108416,WB_108416,198.43,0.78,-0.4361,0.8999,2.83,0.73,Teesta,41338.20479028122,44.54,26.67,28.79,non_sandy
108417,WB_108417,196.32,0.79,-0.0393,0.9992,2.93,-1.38,Teesta,40867.82071293544,44.64,26.61,28.75,non_sandy
108418,WB_108418,199.13,0.78,-0.4404,0.8978,2.78,1.43,Torsa,40962.89281895605,44.58,26.68,28.74,non_sandy
108419,WB_108419,197.3,0.78,-0.1887,0.982,2.93,-0.4,Teesta,39728.26081382079,44.55,26.65,28.8,non_sandy
108420,WB_108420,196.97,0.78,0.0364,0.9993,3.05,-0.73,Torsa,39506.282965292536,44.67,26.61,28.72,non_sandy
108421,WB_108421,198.93,0.77,-0.4067,0.9136,2.78,1.23,Teesta,42477.12200828365,44.52,26.7,28.78,non_sandy
108422,WB_108422,195.9,0.78,-0.0547,0.9985,2.93,-1.8,Teesta,39361.545561416264,44.63,26.61,28.76,non_sandy
108423,WB_108423,198.49,0.78,0.0385,0.9993,2.85,0.79,Torsa,39544.18014268693,44.63,26.66,28.71,non_sandy
108424,WB_108424,197.53,0.78,-0.6861,0.7275,2.83,-0.17,Teesta,40037.94823058146,44.5,26.69,28.81,non_sandy
108425,WB_108425,119.7,1.16,0.7477,-0.664,8.56,-0.96,Subarnarekha,15435.864114778555,51.36,22.47,26.17,sandy
108426,WB_108426,122.34,1.14,0.7945,-0.6072,7.85,1.68,Subarnarekha,15827.659865348625,51.3,22.5,26.2,sandy
108427,WB_108427,131.71,1.07,0.7152,-0.6989,7.55,11.05,Subarnarekha,16881.69550303367,51.36,22.45,26.19,sandy
108428,WB_108428,104.67,1.2,0.7778,-0.6286,7.96,-15.99,Subarnarekha,14136.437690681052,51.35,22.48,26.17,sandy
108429,WB_108429,133.93,1.06,0.818,-0.5752,7.17,13.27,Subarnarekha,17380.614421082893,51.27,22.49,26.24,sandy
108430,WB_108430,122.02,1.09,0.6706,-0.7418,8.8,1.36,Subarnarekha,15550.09040153228,51.41,22.44,26.15,sandy
108431,WB_108431,107.6,1.17,0.7752,-0.6317,8.64,-13.06,Subarnarekha,14537.667595203722,51.28,22.52,26.2,sandy
108432,WB_108432,136.59,0.91,0.8402,-0.5423,5.56,15.93,Subarnarekha,18325.156385711034,51.32,22.45,26.23,sandy
108433,WB_108433,98.6,1.21,0.7881,-0.6155,7.96,-22.06,Subarnarekha,13510.506699277976,51.41,22.46,26.13,sandy
108434,WB_108434,129.45,1.07,0.8691,-0.4946,8.24,8.79,Subarnarekha,16756.742994692733,51.23,22.52,26.25,sandy
108435,WB_108435,93.15,1.19,-0.701,0.7132,9.68,5.95,Subarnarekha,4500.334667350209,51.42,22.55,26.03,sandy
108436,WB_108436,81.74,1.17,-0.7086,0.7057,8.29,-5.47,Subarnarekha,5757.079297709806,51.36,22.57,26.07,sandy
108437,WB_108437,81.77,1.18,-0.6766,0.7363,8.93,-5.44,Subarnarekha,5363.960187018404,51.45,22.52,26.03,sandy
108438,WB_108438,103.16,1.22,-0.7073,0.7069,8.07,15.95,Subarnarekha,3780.3793032232643,51.38,22.58,26.04,sandy
108439,WB_108439,69.31,1.13,-0.7,0.7142,7.28,-17.89,Subarnarekha,7088.582911674867,51.38,22.55,26.07,sandy
108440,WB_108440,100.05,1.19,-0.7253,0.6884,9.75,12.84,Subarnarekha,3643.683838228947,51.48,22.53,25.99,sandy
108441,WB_108441,90.21,1.16,-0.7435,0.6687,10.36,3.0,Subarnarekha,5173.41683512488,51.32,22.59,26.09,sandy
108442,WB_108442,68.65,1.15,-0.7135,0.7006,8.3,-18.55,Subarnarekha,6811.064106254638,51.45,22.51,26.04,sandy
108443,WB_108443,114.96,1.2,-0.7142,0.7,8.07,27.75,Subarnarekha,2455.521073903821,51.43,22.57,26.0,sandy
108444,WB_108444,69.05,1.15,-0.6975,0.7166,8.9,-18.16,Subarnarekha,7422.120849742317,51.32,22.57,26.11,sandy
108445,WB_108445,78.34,1.25,0.7764,-0.6303,9.86,-8.08,Subarnarekha,6055.720062106805,51.47,22.64,25.89,sandy
108446,WB_108446,97.71,1.27,0.7653,-0.6437,9.63,11.29,Subarnarekha,4460.424075374084,51.46,22.62,25.92,sandy
108447,WB_108447,72.54,1.25,0.7781,-0.6282,8.65,-13.88,Subarnarekha,6702.669122228357,51.52,22.62,25.86,sandy
108448,WB_108448,84.98,1.24,0.7487,-0.6629,9.86,-1.44,Subarnarekha,5376.96867154628,51.41,22.66,25.93,sandy
108449,WB_108449,99.3,1.27,0.7574,-0.653,10.03,12.88,Subarnarekha,4456.378863039762,51.52,22.59,25.89,sandy
108450,WB_108450,62.37,1.19,0.7698,-0.6383,7.79,-24.05,Subarnarekha,7707.961859634116,51.49,22.65,25.86,sandy
108451,WB_108451,106.85,1.27,0.7741,-0.6331,9.97,20.43,Subarnarekha,3559.4278755819955,51.41,22.64,25.95,sandy
108452,WB_108452,77.87,1.24,0.7887,-0.6148,10.97,-8.55,Subarnarekha,6336.227878021147,51.57,22.59,25.84,sandy
108453,WB_108453,69.47,1.25,0.7586,-0.6515,9.86,-16.95,Subarnarekha,6743.528414699045,51.41,22.68,25.91,sandy
108454,WB_108454,114.78,1.25,0.7712,-0.6366,9.11,28.36,Subarnarekha,2954.43535439775,51.48,22.6,25.92,sandy
108455,WB_108455,111.83,0.92,-0.7303,0.6831,5.64,7.88,Subarnarekha,16947.871604962085,51.56,22.71,25.73,sandy
108456,WB_108456,102.45,1.13,-0.7093,0.7049,8.08,-1.5,Subarnarekha,15668.136128728936,51.51,22.72,25.77,sandy
108457,WB_108457,102.96,1.11,-0.7583,0.6519,8.3,-0.99,Subarnarekha,16113.022583307496,51.59,22.68,25.73,sandy
108458,WB_108458,117.28,0.97,-0.6445,0.7646,5.64,13.33,Subarnarekha,17640.274196057933,51.52,22.73,25.75,sandy
108459,WB_108459,87.14,1.19,-0.7137,0.7005,7.69,-16.81,Subarnarekha,14355.383260452227,51.52,22.7,25.78,sandy
108460,WB_108460,115.58,1.04,-0.754,0.6569,7.81,11.63,Subarnarekha,17834.63974704976,51.62,22.68,25.7,sandy
108461,WB_108461,109.6,1.09,-0.5344,0.8452,8.85,5.65,Subarnarekha,16220.497446172076,51.46,22.75,25.79,sandy
108462,WB_108462,87.12,1.15,-0.6977,0.7164,8.24,-16.83,Subarnarekha,14677.04104294643,51.59,22.66,25.75,sandy
108463,WB_108463,119.75,0.87,-0.694,0.72,5.64,15.8,Subarnarekha,18981.305328227485,51.57,22.72,25.71,sandy
108464,WB_108464,85.81,1.15,-0.7179,0.6962,8.68,-18.14,Subarnarekha,13988.16632866738,51.46,22.73,25.81,sandy
108465,WB_108465,54.04,0.98,0.6785,-0.7346,7.36,0.38,Kangsabati,19532.914975674652,51.6,22.78,25.62,sandy
108466,WB_108466,48.07,0.89,0.7947,-0.607,5.5,-5.59,Kangsabati,18619.92092593227,51.66,22.76,25.58,sandy
108467,WB_108467,47.73,0.87,0.6157,-0.788,5.58,-5.93,Kangsabati,18359.30066555142,51.57,22.81,25.62,sandy
108468,WB_108468,63.09,1.07,0.8008,-0.599,6.93,9.43,Kangsabati,20555.041465087103,51.63,22.76,25.61,sandy
108469,WB_108469,45.45,0.78,0.8133,-0.5819,4.24,-8.21,Kangsabati,17124.526965820514,51.66,22.78,25.56,sandy
108470,WB_108470,57.98,0.93,0.6988,-0.7153,7.26,4.32,Kangsabati,19977.87958789411,51.54,22.81,25.65,sandy
108471,WB_108471,53.71,0.94,0.9382,-0.346,7.55,0.05,Kangsabati,19558.145274677663,51.69,22.74,25.57,sandy
108472,WB_108472,46.84,0.78,0.9422,-0.3352,4.77,-6.82,Kangsabati,16847.626812852915,51.59,22.82,25.59,sandy
108473,WB_108473,75.03,1.13,0.7951,-0.6065,6.93,21.37,Kangsabati,21616.24842557217,51.58,22.77,25.65,sandy
108474,WB_108474,44.69,0.84,0.8589,-0.5121,5.54,-8.97,Kangsabati,17219.692976980168,51.71,22.75,25.54,sandy
108475,WB_108475,111.29,0.66,0.996,-0.089,3.57,3.07,Kangsabati,7974.296756516394,51.71,22.85,25.44,sandy
108476,WB_108476,111.37,0.7,0.998,0.064,3.98,3.15,Kangsabati,7634.573020403585,51.66,22.88,25.46,sandy
108477,WB_108477,108.07,0.66,-0.6886,0.7251,4.2,-0.15,Kangsabati,9512.887671844452,51.69,22.84,25.47,sandy
108478,WB_108478,106.37,0.69,0.8272,-0.562,3.82,-1.85,Kangsabati,6549.826427218624,51.72,22.86,25.42,sandy
108479,WB_108479,111.28,0.7,0.6847,0.7288,4.49,3.06,Kangsabati,8988.375930391452,51.62,22.89,25.49,sandy
108480,WB_108480,109.99,0.67,-0.853,-0.5219,4.14,1.77,Kangsabati,8780.18609053189,51.75,22.82,25.43,sandy
108481,WB_108481,103.87,0.81,0.7279,-0.6857,4.06,-4.35,Kangsabati,6123.470427666047,51.66,22.89,25.45,sandy
108482,WB_108482,101.38,0.83,-0.7806,0.625,4.25,-6.84,Kangsabati,10616.156792414517,51.65,22.85,25.5,sandy
108483,WB_108483,106.21,0.69,0.8448,-0.5351,3.82,-2.01,Kangsabati,6587.3559274935715,51.78,22.83,25.39,sandy
108484,WB_108484,112.34,0.71,0.3703,0.9289,4.52,4.12,Kangsabati,7802.064929672292,51.59,22.91,25.5,sandy
108485,WB_108485,38.67,0.75,-0.8598,0.5107,4.77,-5.12,Kangsabati,2162.768053931756,51.74,22.94,25.32,sandy
108486,WB_108486,40.4,0.85,-0.6397,0.7686,5.1,-3.39,Kangsabati,2831.1781754194044,51.8,22.92,25.28,sandy
108487,WB_108487,45.64,0.89,-0.8156,0.5786,6.2,1.85,Kangsabati,3485.6453981699788,51.72,22.96,25.32,sandy
108488,WB_108488,37.97,0.7,-0.197,0.9804,3.85,-5.82,Kangsabati,990.7745052728499,51.76,22.92,25.32,sandy
108489,WB_108489,51.61,0.96,-0.6942,0.7198,6.13,7.82,Kangsabati,4374.445595629772,51.81,22.93,25.26,sandy
108490,WB_108490,39.02,0.83,-0.8829,0.4695,5.93,-4.77,Kangsabati,1987.3790459619104,51.68,22.97,25.35,sandy
108491,WB_108491,36.81,0.85,-0.3572,0.934,5.03,-6.98,Kangsabati,1707.566502290886,51.82,22.89,25.29,sandy
108492,WB_108492,58.92,1.02,-0.6319,0.775,5.96,15.13,Kangsabati,4983.362970587373,51.74,22.97,25.29,sandy
108493,WB_108493,41.38,0.67,0.5954,0.8034,3.85,-2.41,Kangsabati,130.0843377387776,51.7,22.94,25.36,sandy
108494,WB_108494,47.49,0.9,-0.5669,0.8238,6.37,3.7,Kangsabati,4018.049374207422,51.86,22.9,25.24,sandy
108495,WB_108495,85.13,1.17,0.731,-0.6823,9.22,-0.57,Kangsabati,13956.95054200636,51.85,23.01,25.14,sandy
108496,WB_108496,90.35,1.08,0.8589,-0.5122,8.42,4.65,Kangsabati,13448.85080618962,51.78,23.03,25.19,sandy
108497,WB_108497,97.72,1.07,0.699,-0.7151,7.92,12.02,Kangsabati,12473.415677401441,51.86,22.98,25.16,sandy
108498,WB_108498,70.06,1.21,0.775,-0.6319,8.29,-15.64,Kangsabati,15284.43438596912,51.84,23.03,25.13,sandy
108499,WB_108499,101.81,1.08,0.802,-0.5973,8.42,16.11,Kangsabati,11813.483861236358,51.77,23.02,25.21,sandy
108500,WB_108500,85.19,1.09,0.6863,-0.7273,9.38,-0.51,Kangsabati,13935.707020614456,51.91,22.97,25.12,sandy
108501,WB_108501,76.47,1.16,0.7855,-0.6189,9.36,-9.23,Kangsabati,14753.125008136367,51.76,23.06,25.18,sandy
108502,WB_108502,103.43,0.98,0.8119,-0.5838,7.92,17.73,Kangsabati,10931.621641255657,51.83,22.98,25.19,sandy
108503,WB_108503,61.1,1.23,0.784,-0.6207,8.29,-24.6,Kangsabati,16025.33314761673,51.89,23.0,25.11,sandy
108504,WB_108504,1391.83,6.83,-0.9218,0.3877,47.14,58.82,Teesta,5702.7054213773245,46.94,25.2,27.86,non_sandy
108505,WB_108505,1369.47,7.83,-0.9999,0.0131,52.27,36.46,Teesta,5425.820963882962,46.89,25.24,27.87,non_sandy
108506,WB_108506,1317.18,8.95,-0.9651,0.2621,63.13,-15.83,Teesta,3874.4841994077874,46.9,25.21,27.89,non_sandy
108507,WB_108507,1395.7,7.58,-0.9236,0.3832,47.14,62.69,Teesta,7357.805370784224,46.97,25.21,27.82,non_sandy
108508,WB_108508,1303.12,8.18,-0.9868,0.1619,61.6,-29.89,Teesta,3548.663197990557,46.84,25.25,27.91,non_sandy
108509,WB_108509,1352.88,7.71,-0.8988,0.4384,56.09,19.87,Teesta,5360.499021900224,46.97,25.18,27.85,non_sandy
108510,WB_108510,1362.97,7.29,-0.9386,-0.345,50.76,29.96,Teesta,7096.703826939127,46.92,25.24,27.84,non_sandy
108511,WB_108511,1218.25,9.33,-0.9536,0.3009,63.13,-114.76,Teesta,2174.44085032235,46.84,25.23,27.93,non_sandy
108512,WB_108512,1362.1,7.1,-0.4925,0.8703,47.14,29.09,Teesta,7946.173063670626,47.03,25.18,27.79,non_sandy
108513,WB_108513,1323.31,8.37,-0.987,0.1608,61.6,-9.7,Teesta,4488.231145393684,46.83,25.27,27.9,non_sandy
108514,WB_108514,1266.27,9.2,-0.9429,0.3331,63.13,-66.74,Teesta,3414.7026850419115,46.93,25.18,27.89,non_sandy
108515,WB_108515,1554.04,7.63,-0.6718,0.7407,46.45,59.2,Teesta,14042.49060088499,47.02,25.29,27.69,non_sandy
108516,WB_108516,1518.93,8.02,0.8086,0.5884,57.93,24.09,Teesta,15729.632747903068,47.08,25.26,27.66,non_sandy
108517,WB_108517,1526.39,7.83,0.9962,0.0874,52.87,31.55,Teesta,14811.954770271206,47.04,25.3,27.66,non_sandy
108518,WB_108518,1525.31,6.81,-0.2052,0.9787,46.45,30.47,Teesta,13432.006391842307,47.0,25.28,27.72,non_sandy
108519,WB_108519,1448.84,8.48,0.8563,0.5165,57.82,-46.0,Teesta,17139.88082270208,47.12,25.25,27.63,non_sandy
108520,WB_108520,1529.52,6.75,-0.7935,0.6086,45.59,34.68,Teesta,12766.451021004756,46.97,25.32,27.71,non_sandy
108521,WB_108521,1485.82,7.41,0.7993,0.6009,57.12,-9.02,Teesta,15313.306851580299,47.07,25.25,27.68,non_sandy
108522,WB_108522,1459.9,8.18,0.9701,0.2425,57.87,-34.94,Teesta,16425.35750648264,47.09,25.28,27.63,non_sandy
108523,WB_108523,1485.11,7.48,-0.875,0.4841,46.45,-9.73,Teesta,11723.98395975244,46.94,25.31,27.75,non_sandy
108524,WB_108524,1414.01,8.66,0.8611,0.5084,57.82,-80.83,Teesta,17829.26826317966,47.15,25.23,27.62,non_sandy
108525,WB_108525,1495.32,8.08,0.9555,-0.295,52.87,0.48,Teesta,13585.156240289674,46.99,25.33,27.68,non_sandy
108526,WB_108526,1574.65,9.27,0.9566,0.2915,73.72,-28.1,Teesta,21150.160799372366,47.2,25.34,27.46,non_sandy
108527,WB_108527,1684.45,8.82,0.9108,0.4128,63.84,81.7,Teesta,19031.18301328068,47.13,25.36,27.51,non_sandy
108528,WB_108528,1565.05,9.25,0.9178,0.3971,71.5,-37.7,Teesta,21177.155456929937,47.21,25.31,27.48,non_sandy
108529,WB_108529,1587.48,9.28,0.9232,0.3842,73.72,-15.27,Teesta,21025.840779019425,47.17,25.36,27.47,non_sandy
108530,WB_108530,1693.32,8.89,0.9498,0.313,63.84,90.57,Teesta,18217.533452180567,47.12,25.35,27.53,non_sandy
108531,WB_108531,1460.01,9.67,0.8869,0.462,68.59,-142.74,Teesta,23069.238887692376,47.27,25.31,27.42,non_sandy
108532,WB_108532,1674.02,8.55,0.9347,0.3555,63.84,71.27,Teesta,18635.88322529487,47.1,25.39,27.51,non_sandy
108533,WB_108533,1587.39,8.96,0.8763,0.4818,76.59,-15.36,Teesta,20082.700519893104,47.19,25.31,27.5,non_sandy
108534,WB_108534,1492.86,9.21,0.9354,0.3537,73.72,-109.89,Teesta,22994.72565308373,47.24,25.34,27.42,non_sandy
108535,WB_108535,1708.31,8.25,0.8318,0.5551,63.84,105.56,Teesta,16734.272052122415,47.06,25.38,27.56,non_sandy
108536,WB_108536,1619.59,8.47,0.8682,0.4963,59.72,-61.84,Teesta,28492.602254753027,47.33,25.39,27.28,non_sandy
108537,WB_108537,1682.49,9.33,0.9047,0.426,71.97,1.06,Teesta,27537.572960025784,47.28,25.42,27.3,non_sandy
108538,WB_108538,1708.83,9.41,0.9326,0.3609,76.92,27.4,Teesta,26854.29451231749,47.29,25.4,27.31,non_sandy
108539,WB_108539,1575.08,8.99,0.9515,0.3077,59.72,-106.35,Teesta,29936.76061107132,47.36,25.39,27.25,non_sandy
108540,WB_108540,1793.23,9.55,0.902,0.4317,69.38,111.8,Teesta,25576.406215718704,47.22,25.44,27.34,non_sandy
108541,WB_108541,1620.38,9.02,0.9403,0.3404,75.36,-61.05,Teesta,28825.194291795164,47.36,25.36,27.28,non_sandy
108542,WB_108542,1657.2,8.94,0.8633,0.5047,77.26,-24.23,Teesta,28905.419875987438,47.31,25.43,27.26,non_sandy
108543,WB_108543,1813.17,9.53,0.9453,0.3262,72.34,131.74,Teesta,24926.569346324057,47.22,25.42,27.36,non_sandy
108544,WB_108544,1564.97,8.31,0.9244,0.3815,59.72,-116.46,Teesta,31121.39432912595,47.42,25.36,27.22,non_sandy
108545,WB_108545,1779.37,9.36,0.9216,0.3882,69.38,97.94,Teesta,25930.173875427605,47.21,25.46,27.33,non_sandy
108546,WB_108546,43.34,0.26,-0.2946,0.9556,0.81,0.11,Hooghly/Ganga,19910.090716610626,25.95,36.4,37.65,non_sandy
108547,WB_108547,43.5,0.25,-0.6822,0.7312,0.75,0.27,Hooghly/Ganga,18993.638068005203,25.97,36.4,37.63,non_sandy
108548,WB_108548,43.25,0.25,-0.8539,0.5204,0.78,0.02,Hooghly/Ganga,20279.158521673988,25.92,36.41,37.67,non_sandy
108549,WB_108549,43.2,0.25,-0.6393,0.769,0.81,-0.03,Hooghly/Ganga,19522.38048103102,25.98,36.38,37.64,non_sandy
108550,WB_108550,43.43,0.25,-0.7694,0.6387,0.75,0.2,Hooghly/Ganga,18988.88017981681,25.94,36.42,37.64,non_sandy
108551,WB_108551,42.96,0.25,-0.8238,0.5669,0.81,-0.27,Hooghly/Ganga,20858.522341039905,25.93,36.4,37.67,non_sandy
108552,WB_108552,43.28,0.25,-0.2785,0.9604,0.8,0.05,Hooghly/Ganga,18478.307478549435,26.0,36.39,37.61,non_sandy
108553,WB_108553,43.15,0.25,-0.9988,-0.0491,0.78,-0.08,Hooghly/Ganga,20066.354186137585,25.91,36.43,37.66,non_sandy
108554,WB_108554,42.82,0.26,-0.4358,0.9,0.81,-0.41,Hooghly/Ganga,20307.971489867254,25.97,36.38,37.65,non_sandy
108555,WB_108555,43.33,0.24,-0.7193,-0.6947,0.75,0.1,Hooghly/Ganga,18127.748195889282,25.97,36.41,37.62,non_sandy
108556,WB_108556,42.31,0.25,-0.6839,0.7296,0.78,-0.15,Hooghly/Ganga,14522.048729700218,26.0,36.44,37.56,non_sandy
108557,WB_108557,42.63,0.27,-0.6613,0.7501,0.88,0.17,Hooghly/Ganga,13563.094432883478,26.02,36.44,37.54,non_sandy
108558,WB_108558,42.31,0.26,-0.8903,0.4554,0.85,-0.15,Hooghly/Ganga,14584.71673728746,25.97,36.46,37.57,non_sandy
108559,WB_108559,42.15,0.25,-0.5926,0.8055,0.78,-0.31,Hooghly/Ganga,14385.246185020313,26.02,36.42,37.56,non_sandy
108560,WB_108560,43.02,0.27,-0.7198,0.6942,0.86,0.56,Hooghly/Ganga,13245.361798914642,26.0,36.45,37.55,non_sandy
108561,WB_108561,42.08,0.26,-0.8812,0.4728,0.8,-0.38,Hooghly/Ganga,15414.884808215638,25.97,36.45,37.58,non_sandy
108562,WB_108562,42.29,0.27,-0.0527,0.9986,0.89,-0.17,Hooghly/Ganga,13300.992855186385,26.05,36.42,37.53,non_sandy
108563,WB_108563,42.54,0.26,-0.95,0.3123,0.88,0.08,Hooghly/Ganga,14082.649956103382,25.96,36.47,37.57,non_sandy
108564,WB_108564,42.14,0.25,-0.8193,0.5734,0.78,-0.32,Hooghly/Ganga,15260.480809233843,26.0,36.42,37.58,non_sandy
108565,WB_108565,43.14,0.27,-0.7593,0.6507,0.86,0.68,Hooghly/Ganga,12549.069796892965,26.03,36.44,37.53,non_sandy
108566,WB_108566,42.7,0.26,0.5458,-0.8379,0.84,-0.11,Hooghly/Ganga,8368.762774193601,26.04,36.49,37.47,non_sandy
108567,WB_108567,43.12,0.27,0.6502,-0.7598,0.87,0.31,Hooghly/Ganga,9237.003198988547,26.04,36.48,37.48,non_sandy
108568,WB_108568,42.58,0.26,0.8483,-0.5295,0.84,-0.23,Hooghly/Ganga,7888.568973119326,26.07,36.47,37.46,non_sandy
108569,WB_108569,42.58,0.26,0.4415,-0.8972,0.84,-0.23,Hooghly/Ganga,8855.238203662462,26.02,36.5,37.48,non_sandy
108570,WB_108570,43.2,0.27,0.7803,-0.6254,0.88,0.39,Hooghly/Ganga,9115.32990245457,26.06,36.47,37.47,non_sandy
108571,WB_108571,42.48,0.25,0.7582,-0.652,0.82,-0.33,Hooghly/Ganga,7428.002746787333,26.06,36.49,37.45,non_sandy
108572,WB_108572,43.07,0.26,0.5101,-0.8601,0.9,0.26,Hooghly/Ganga,9848.030100662323,26.01,36.49,37.5,non_sandy
108573,WB_108573,42.51,0.27,0.9877,-0.1564,0.9,-0.3,Hooghly/Ganga,7980.006978772748,26.1,36.46,37.44,non_sandy
108574,WB_108574,42.29,0.26,0.5489,-0.8359,0.84,-0.52,Hooghly/Ganga,8134.666374947658,26.02,36.51,37.47,non_sandy
108575,WB_108575,43.58,0.27,0.8096,-0.587,0.88,0.77,Hooghly/Ganga,10011.985156412456,26.04,36.47,37.49,non_sandy
108576,WB_108576,44.1,0.25,0.2999,-0.954,0.76,0.21,Hooghly/Ganga,2641.1550165445383,26.1,36.52,37.38,non_sandy
108577,WB_108577,44.05,0.25,-0.9999,-0.014,0.77,0.16,Hooghly/Ganga,3556.6587799097724,26.07,36.53,37.4,non_sandy
108578,WB_108578,44.02,0.24,-0.9047,0.4261,0.75,0.13,Hooghly/Ganga,2799.6326743763357,26.12,36.51,37.37,non_sandy
108579,WB_108579,43.95,0.24,0.741,-0.6715,0.76,0.06,Hooghly/Ganga,2546.7165679688705,26.08,36.54,37.38,non_sandy
108580,WB_108580,43.91,0.25,-0.9879,0.1553,0.77,0.02,Hooghly/Ganga,4071.4010818600705,26.08,36.52,37.4,non_sandy
108581,WB_108581,43.86,0.25,0.9893,0.1461,0.76,-0.03,Hooghly/Ganga,1864.6104567435625,26.13,36.51,37.36,non_sandy
108582,WB_108582,43.82,0.25,-0.7277,-0.6859,0.77,-0.07,Hooghly/Ganga,3574.7867133452996,26.05,36.55,37.4,non_sandy
108583,WB_108583,43.78,0.25,-0.4792,0.8777,0.77,-0.11,Hooghly/Ganga,3456.832297241496,26.12,36.5,37.38,non_sandy
108584,WB_108584,43.74,0.25,0.5145,-0.8575,0.76,-0.15,Hooghly/Ganga,1666.722060167012,26.1,36.53,37.37,non_sandy
108585,WB_108585,43.67,0.25,-0.9214,0.3887,0.77,-0.22,Hooghly/Ganga,4605.562999405238,26.05,36.53,37.42,non_sandy
108586,WB_108586,43.39,0.27,-0.7084,0.7059,0.86,0.09,Hooghly/Ganga,2796.028102550163,26.15,36.56,37.29,non_sandy
108587,WB_108587,43.5,0.27,-0.8941,0.4478,0.88,0.2,Hooghly/Ganga,2638.608180749782,26.13,36.58,37.29,non_sandy
108588,WB_108588,42.99,0.26,-0.7514,0.6598,0.87,-0.31,Hooghly/Ganga,1945.4956777655377,26.14,36.56,37.3,non_sandy
108589,WB_108589,43.82,0.27,-0.6332,0.774,0.88,0.52,Hooghly/Ganga,3564.460808046276,26.16,36.56,37.28,non_sandy
108590,WB_108590,42.98,0.27,-0.9443,0.3292,0.88,-0.32,Hooghly/Ganga,1753.9295466749786,26.1,36.58,37.32,non_sandy
108591,WB_108591,42.92,0.27,-0.45,0.893,0.87,-0.38,Hooghly/Ganga,2662.700796049257,26.18,36.54,37.28,non_sandy
108592,WB_108592,43.96,0.27,-0.7637,0.6455,0.86,0.66,Hooghly/Ganga,3410.789240113691,26.13,36.58,37.29,non_sandy
108593,WB_108593,42.8,0.26,-0.7971,0.6038,0.82,-0.5,Hooghly/Ganga,1138.1836750212647,26.12,36.56,37.32,non_sandy
108594,WB_108594,43.51,0.27,-0.4961,0.8683,0.88,0.21,Hooghly/Ganga,3864.717204092633,26.19,36.55,37.26,non_sandy
108595,WB_108595,43.15,0.27,-0.9739,0.2268,0.9,-0.15,Hooghly/Ganga,2171.310689680323,26.09,36.59,37.32,non_sandy
108596,WB_108596,43.29,0.26,0.512,-0.859,0.84,0.09,Hooghly/Ganga,7802.835145974052,26.18,36.61,37.21,non_sandy
108597,WB_108597,43.16,0.26,0.9187,-0.3951,0.83,-0.04,Hooghly/Ganga,8443.931188944835,26.21,36.59,37.2,non_sandy
108598,WB_108598,43.03,0.25,0.3609,-0.9326,0.8,-0.17,Hooghly/Ganga,8382.643507155943,26.17,36.62,37.21,non_sandy
108599,WB_108599,43.62,0.27,0.7176,-0.6965,0.82,0.42,Hooghly/Ganga,7308.303803936689,26.18,36.6,37.22,non_sandy
108600,WB_108600,43.01,0.25,0.9914,-0.1307,0.79,-0.19,Hooghly/Ganga,9257.746511100684,26.22,36.6,37.18,non_sandy
108601,WB_108601,43.03,0.26,-0.0131,-0.9999,0.83,-0.17,Hooghly/Ganga,7411.135762508812,26.15,36.62,37.23,non_sandy
108602,WB_108602,43.29,0.26,0.9627,-0.2706,0.86,0.09,Hooghly/Ganga,8015.13623311243,26.22,36.58,37.2,non_sandy
108603,WB_108603,43.11,0.25,0.7579,0.6524,0.78,-0.09,Hooghly/Ganga,9238.133591703505,26.19,36.62,37.19,non_sandy
108604,WB_108604,43.71,0.26,0.7624,-0.6471,0.82,0.51,Hooghly/Ganga,6607.291137409226,26.15,36.61,37.24,non_sandy
108605,WB_108605,42.73,0.26,0.9589,-0.2837,0.83,-0.47,Hooghly/Ganga,9341.95223471808,26.24,36.58,37.18,non_sandy
108606,WB_108606,44.67,0.25,0.8514,-0.5245,0.78,0.24,Mahananda,10976.20281475271,26.25,36.64,37.11,non_sandy
108607,WB_108607,44.49,0.25,0.4439,-0.8961,0.82,0.06,Mahananda,10936.165008250855,26.23,36.66,37.11,non_sandy
108608,WB_108608,44.74,0.25,0.5716,-0.8205,0.76,0.31,Mahananda,11860.296792740139,26.23,36.64,37.13,non_sandy
108609,WB_108609,44.37,0.25,0.9435,-0.3314,0.8,-0.06,Mahananda,10164.41848509847,26.27,36.64,37.09,non_sandy
108610,WB_108610,44.45,0.25,0.3626,-0.9319,0.82,0.02,Mahananda,11787.284760416462,26.2,36.66,37.14,non_sandy
108611,WB_108611,44.6,0.25,0.9064,-0.4223,0.78,0.17,Mahananda,11382.70224096846,26.26,36.62,37.12,non_sandy
108612,WB_108612,44.15,0.25,0.6961,-0.718,0.8,-0.28,Mahananda,10121.174377009784,26.24,36.66,37.1,non_sandy
108613,WB_108613,44.56,0.25,-0.0136,-0.9999,0.8,0.13,Hooghly/Ganga,12303.521669415102,26.2,36.65,37.15,non_sandy
108614,WB_108614,44.23,0.26,0.9815,-0.1915,0.8,-0.2,Mahananda,10120.0990696074,26.29,36.62,37.09,non_sandy
108615,WB_108615,44.05,0.26,0.1801,-0.9837,0.8,-0.38,Mahananda,11298.551248981536,26.2,36.67,37.13,non_sandy
108616,WB_108616,44.25,0.27,-0.6665,0.7455,0.85,0.02,Mahananda,6253.323826795327,26.29,36.68,37.03,non_sandy
108617,WB_108617,44.6,0.27,-0.8408,0.5414,0.86,0.38,Mahananda,6205.071519524727,26.28,36.7,37.02,non_sandy
108618,WB_108618,43.88,0.27,-0.8053,0.5929,0.88,-0.34,Mahananda,7130.890948397475,26.27,36.68,37.05,non_sandy
108619,WB_108619,44.52,0.27,-0.569,0.8224,0.9,0.3,Mahananda,5448.843165957581,26.31,36.68,37.01,non_sandy
108620,WB_108620,44.19,0.27,-0.9042,0.427,0.91,-0.04,Mahananda,7034.6865122708705,26.25,36.71,37.04,non_sandy
108621,WB_108621,43.72,0.27,-0.6731,0.7396,0.88,-0.51,Mahananda,6581.469518936879,26.3,36.67,37.03,non_sandy
108622,WB_108622,44.94,0.27,-0.7489,0.6626,0.85,0.71,Mahananda,5369.813485473508,26.3,36.69,37.01,non_sandy
108623,WB_108623,43.6,0.27,-0.8562,0.5166,0.88,-0.62,Mahananda,7843.334422482536,26.24,36.7,37.06,non_sandy
108624,WB_108624,43.99,0.27,-0.3737,0.9276,0.9,-0.23,Mahananda,5334.980394794277,26.34,36.66,37.0,non_sandy
108625,WB_108625,44.56,0.27,-0.8969,0.4423,0.9,0.34,Mahananda,6458.622727862762,26.25,36.71,37.04,non_sandy
108626,WB_108626,43.7,0.25,0.4938,0.8696,0.77,-0.02,Mahananda,1418.575018481877,26.34,36.72,36.94,non_sandy
108627,WB_108627,43.65,0.25,-0.3501,-0.9367,0.77,-0.07,Mahananda,2281.02795932944,26.31,36.74,36.95,non_sandy
108628,WB_108628,43.72,0.25,0.9897,-0.1432,0.79,0.0,Mahananda,1684.5930404312646,26.35,36.71,36.94,non_sandy
108629,WB_108629,43.78,0.25,-0.8631,0.5051,0.78,0.06,Mahananda,1222.998927571946,26.33,36.74,36.93,non_sandy
108630,WB_108630,43.9,0.26,0.471,-0.8821,0.8,0.18,Mahananda,2878.8093409480266,26.3,36.73,36.97,non_sandy
108631,WB_108631,43.48,0.25,0.928,0.3726,0.79,-0.24,Mahananda,724.8354072091915,26.37,36.71,36.92,non_sandy
108632,WB_108632,43.45,0.26,-0.4532,-0.8914,0.78,-0.27,Mahananda,2188.2206862979856,26.29,36.75,36.96,non_sandy
108633,WB_108633,44.06,0.26,0.4765,-0.8792,0.79,0.34,Mahananda,2402.179900495995,26.34,36.71,36.95,non_sandy
108634,WB_108634,43.91,0.25,-0.9345,0.356,0.78,0.19,Mahananda,372.86540206967686,26.36,36.73,36.91,non_sandy
108635,WB_108635,43.53,0.25,-0.5729,-0.8196,0.77,-0.19,Mahananda,3309.7947565482627,26.28,36.75,36.97,non_sandy
108636,WB_108636,45.08,0.26,0.805,-0.5933,0.82,0.21,Mahananda,3052.7674939372846,26.39,36.76,36.85,non_sandy
108637,WB_108637,44.85,0.26,0.5155,-0.8569,0.85,-0.02,Mahananda,2872.794952637203,26.37,36.78,36.85,non_sandy
108638,WB_108638,45.33,0.26,0.645,-0.7642,0.81,0.46,Mahananda,2217.3953171502358,26.37,36.76,36.87,non_sandy
108639,WB_108639,44.69,0.26,0.8968,-0.4425,0.85,-0.18,Mahananda,3806.111874464492,26.41,36.76,36.83,non_sandy
108640,WB_108640,44.92,0.26,0.4559,-0.8901,0.87,0.05,Mahananda,1993.8961116739922,26.34,36.78,36.88,non_sandy
108641,WB_108641,45.14,0.26,0.8484,-0.5293,0.84,0.27,Mahananda,2944.7191286499933,26.41,36.75,36.84,non_sandy
108642,WB_108642,44.46,0.26,0.7097,-0.7045,0.82,-0.41,Mahananda,3626.553018298806,26.38,36.78,36.84,non_sandy
108643,WB_108643,45.25,0.26,0.439,-0.8985,0.84,0.38,Mahananda,1410.0016028656091,26.34,36.77,36.89,non_sandy
108644,WB_108644,44.55,0.27,0.9428,-0.3334,0.85,-0.32,Mahananda,4124.597374095601,26.43,36.74,36.83,non_sandy
108645,WB_108645,44.41,0.26,0.3456,-0.9384,0.84,-0.46,Mahananda,2386.2892948747367,26.33,36.8,36.87,non_sandy
108646,WB_108646,45.15,0.26,-0.3745,0.9272,0.88,0.04,Mahananda,7480.419721513304,26.43,36.8,36.77,non_sandy
108647,WB_108647,45.51,0.26,-0.8198,0.5726,0.82,0.4,Mahananda,7805.542985222704,26.42,36.81,36.77,non_sandy
108648,WB_108648,44.85,0.26,-0.8228,0.5683,0.86,-0.26,Mahananda,6622.54958678625,26.41,36.81,36.78,non_sandy
108649,WB_108649,45.25,0.27,-0.5789,0.8154,0.88,0.14,Mahananda,8282.174151772524,26.46,36.79,36.75,non_sandy
108650,WB_108650,45.27,0.26,-0.8678,0.4969,0.87,0.16,Mahananda,7104.243917275658,26.39,36.83,36.78,non_sandy
108651,WB_108651,44.62,0.26,-0.7304,0.683,0.86,-0.49,Mahananda,6908.251845462777,26.43,36.79,36.78,non_sandy
108652,WB_108652,45.62,0.26,-0.7091,0.7051,0.84,0.51,Mahananda,8672.936249196138,26.45,36.81,36.74,non_sandy
108653,WB_108653,44.63,0.27,-0.9267,0.3758,0.88,-0.48,Mahananda,6085.05627468584,26.38,36.82,36.8,non_sandy
108654,WB_108654,44.71,0.27,-0.3823,0.9241,0.88,-0.4,Mahananda,8134.963542655847,26.47,36.78,36.75,non_sandy
108655,WB_108655,45.51,0.26,-0.9534,0.3018,0.87,0.4,Mahananda,7859.295966721723,26.41,36.83,36.76,non_sandy
108656,WB_108656,44.31,0.24,-0.4629,0.8864,0.78,-0.02,Mahananda,12287.218113486486,26.48,36.84,36.68,non_sandy
108657,WB_108657,44.39,0.25,-0.9981,0.0612,0.8,0.06,Mahananda,12083.225630554498,26.46,36.86,36.68,non_sandy
108658,WB_108658,44.36,0.24,-0.5563,-0.831,0.76,0.03,Mahananda,11411.613646018543,26.47,36.84,36.69,non_sandy
108659,WB_108659,44.47,0.25,-0.0368,0.9993,0.81,0.14,Mahananda,13075.99690814205,26.5,36.84,36.66,non_sandy
108660,WB_108660,44.08,0.26,-0.9417,-0.3365,0.8,-0.25,Mahananda,11155.940794472452,26.43,36.87,36.7,non_sandy
108661,WB_108661,44.15,0.25,0.3691,0.9294,0.77,-0.18,Mahananda,12187.853487920851,26.5,36.82,36.68,non_sandy
108662,WB_108662,44.8,0.26,-0.4567,0.8896,0.82,0.47,Mahananda,12870.470376463247,26.47,36.86,36.67,non_sandy
108663,WB_108663,44.36,0.24,0.9838,-0.1791,0.76,0.03,Mahananda,10556.554938741772,26.44,36.85,36.71,non_sandy
108664,WB_108664,44.05,0.26,0.4344,0.9007,0.81,-0.28,Mahananda,13424.104453997665,26.53,36.82,36.65,non_sandy
108665,WB_108665,45.42,0.26,0.663,-0.7486,0.85,0.12,Mahananda,16347.153334861312,26.51,36.89,36.6,non_sandy
108666,WB_108666,45.55,0.26,0.781,-0.6245,0.89,0.25,Mahananda,16731.273852291644,26.53,36.88,36.59,non_sandy
108667,WB_108667,45.0,0.26,0.7365,-0.6764,0.87,-0.3,Mahananda,17150.059226318815,26.52,36.9,36.58,non_sandy
108668,WB_108668,45.75,0.27,0.5825,-0.8128,0.86,0.45,Mahananda,15634.613282586906,26.49,36.89,36.62,non_sandy
108669,WB_108669,45.04,0.27,0.9108,-0.4129,0.89,-0.26,Mahananda,17659.520484471333,26.56,36.87,36.57,non_sandy
108670,WB_108670,44.91,0.27,0.4515,-0.8923,0.87,-0.39,Mahananda,16260.12708583106,26.48,36.91,36.61,non_sandy
108671,WB_108671,45.86,0.26,0.6777,-0.7354,0.85,0.56,Mahananda,16045.24734191966,26.53,36.87,36.6,non_sandy
108672,WB_108672,44.75,0.26,0.6789,-0.7342,0.87,-0.55,Mahananda,18046.822956962966,26.55,36.89,36.56,non_sandy
108673,WB_108673,45.4,0.26,0.3849,-0.923,0.86,0.1,Mahananda,15132.298669269852,26.46,36.91,36.63,non_sandy
108674,WB_108674,46.0,0.26,-0.8191,0.5736,0.85,0.12,Mahananda,20856.12799952735,26.55,36.93,36.52,non_sandy
108675,WB_108675,46.07,0.25,-0.8426,0.5385,0.81,0.19,Mahananda,21757.063285436543,26.59,36.92,36.49,non_sandy
108676,WB_108676,46.14,0.25,-0.7458,0.6662,0.8,0.26,Mahananda,21149.720550033406,26.55,36.94,36.51,non_sandy
108677,WB_108677,45.67,0.26,-0.8057,0.5923,0.83,-0.21,Mahananda,20637.414839499186,26.57,36.92,36.51,non_sandy
108678,WB_108678,46.21,0.25,-0.6633,0.7483,0.81,0.33,Mahananda,22396.593498178845,26.59,36.92,36.49,non_sandy
108679,WB_108679,45.71,0.26,-0.9287,0.3707,0.84,-0.17,Mahananda,20136.66811927476,26.52,36.95,36.53,non_sandy
108680,WB_108680,45.61,0.26,-0.5487,0.8361,0.85,-0.27,Mahananda,21645.39429547694,26.6,36.9,36.5,non_sandy
108681,WB_108681,46.16,0.25,-0.965,0.2623,0.8,0.28,Mahananda,21912.38560431825,26.56,36.95,36.49,non_sandy
108682,WB_108682,45.33,0.26,-0.7677,0.6408,0.83,-0.55,Mahananda,19746.478727779417,26.54,36.93,36.53,non_sandy
108683,WB_108683,45.12,0.26,-0.6777,0.7353,0.84,0.02,Mahananda,26189.662978720815,26.63,36.96,36.41,non_sandy
108684,WB_108684,45.11,0.26,-0.9709,0.2396,0.84,0.01,Mahananda,25621.392411487985,26.59,36.98,36.43,non_sandy
108685,WB_108685,44.9,0.25,-0.6782,0.7349,0.83,-0.2,Mahananda,25501.22943863888,26.62,36.96,36.42,non_sandy
108686,WB_108686,45.53,0.26,-0.6435,0.7655,0.84,0.43,Mahananda,26787.356697369214,26.63,36.97,36.4,non_sandy
108687,WB_108687,44.75,0.26,-0.9887,0.1502,0.84,-0.35,Mahananda,24731.286332200278,26.57,36.98,36.45,non_sandy
108688,WB_108688,44.74,0.26,-0.0699,0.9976,0.82,-0.36,Mahananda,26480.442983339897,26.65,36.95,36.4,non_sandy
108689,WB_108689,45.51,0.26,-0.7199,0.6941,0.84,0.41,Mahananda,26165.752935405173,26.59,36.99,36.42,non_sandy
108690,WB_108690,44.96,0.25,-0.4112,0.9116,0.83,-0.14,Mahananda,24595.651112805663,26.59,36.96,36.45,non_sandy
108691,WB_108691,45.31,0.26,-0.5264,0.8503,0.84,0.21,Mahananda,27440.36702754529,26.66,36.95,36.39,non_sandy
108692,WB_108692,23.07,0.22,-0.9878,0.1558,0.68,0.15,Mayurakshi,18487.50530810904,15.84,36.75,47.41,non_sandy
108693,WB_108693,22.79,0.21,-0.9076,0.4197,0.67,-0.13,Mayurakshi,19494.734031476888,15.85,36.74,47.41,non_sandy
108694,WB_108694,23.45,0.21,-0.9063,0.4226,0.66,0.53,Mayurakshi,18505.51152755515,15.87,36.75,47.38,non_sandy
108695,WB_108695,22.62,0.21,-0.9866,0.1634,0.68,-0.3,Mayurakshi,18526.44422636647,15.82,36.76,47.42,non_sandy
108696,WB_108696,22.89,0.21,-0.8136,0.5814,0.69,-0.03,Mayurakshi,19909.751440884895,15.88,36.73,47.39,non_sandy
108697,WB_108697,23.38,0.21,-0.9466,0.3225,0.67,0.46,Mayurakshi,17582.510271116964,15.84,36.76,47.4,non_sandy
108698,WB_108698,22.42,0.21,-0.8873,0.4613,0.67,-0.5,Mayurakshi,19661.986271221092,15.84,36.74,47.42,non_sandy
108699,WB_108699,23.44,0.21,-0.8693,0.4943,0.67,0.52,Mayurakshi,19096.612586761377,15.89,36.73,47.38,non_sandy
108700,WB_108700,22.68,0.22,-0.9921,0.1256,0.68,-0.24,Mayurakshi,17586.495537947005,15.81,36.77,47.42,non_sandy
108701,WB_108701,22.5,0.21,-0.8407,0.5415,0.69,-0.42,Mayurakshi,20594.194675446102,15.87,36.72,47.41,non_sandy
108702,WB_108702,22.5,0.21,0.0283,-0.9996,0.65,-0.06,Mayurakshi,13936.309684350368,15.88,36.8,47.32,non_sandy
108703,WB_108703,22.73,0.2,0.3302,-0.9439,0.64,0.17,Mayurakshi,14587.129010138424,15.91,36.78,47.31,non_sandy
108704,WB_108704,22.17,0.2,-0.1897,-0.9818,0.65,-0.39,Mayurakshi,13137.399657982574,15.88,36.81,47.31,non_sandy
108705,WB_108705,22.92,0.21,0.1304,-0.9915,0.66,0.36,Mayurakshi,14710.327549159241,15.88,36.79,47.33,non_sandy
108706,WB_108706,22.54,0.2,0.0875,-0.9962,0.64,-0.02,Mayurakshi,14090.976886528255,15.92,36.78,47.3,non_sandy
108707,WB_108707,22.02,0.21,-0.2926,-0.9562,0.65,-0.54,Mayurakshi,13106.536812959386,15.85,36.81,47.34,non_sandy
108708,WB_108708,23.1,0.2,0.2509,-0.968,0.6,0.54,Mayurakshi,15452.645029996947,15.91,36.77,47.32,non_sandy
108709,WB_108709,22.28,0.19,-0.5339,-0.8456,0.62,-0.28,Mayurakshi,12854.513912768496,15.89,36.81,47.3,non_sandy
108710,WB_108710,22.7,0.21,0.1288,-0.9917,0.68,0.14,Mayurakshi,14293.297672856796,15.85,36.8,47.35,non_sandy
108711,WB_108711,22.64,0.2,0.511,-0.8596,0.64,0.08,Mayurakshi,15036.933343760857,15.94,36.77,47.29,non_sandy
108712,WB_108712,23.69,0.2,-0.835,-0.5503,0.64,0.0,Mayurakshi,9504.664087487554,15.91,36.84,47.25,non_sandy
108713,WB_108713,24.02,0.2,-0.7702,-0.6378,0.61,0.33,Mayurakshi,10102.255416907665,15.94,36.83,47.23,non_sandy
108714,WB_108714,23.48,0.2,-0.6521,-0.7581,0.63,-0.21,Mayurakshi,8677.536657379846,15.91,36.85,47.24,non_sandy
108715,WB_108715,23.69,0.2,-0.8546,-0.5192,0.65,0.0,Mayurakshi,10293.291774336123,15.92,36.83,47.25,non_sandy
108716,WB_108716,23.95,0.2,-0.7222,-0.6917,0.64,0.26,Mayurakshi,9538.14764751376,15.95,36.83,47.22,non_sandy
108717,WB_108717,23.27,0.2,-0.7181,-0.6959,0.63,-0.42,Mayurakshi,8696.109071157221,15.89,36.86,47.25,non_sandy
108718,WB_108718,24.01,0.2,-0.879,-0.4769,0.64,0.32,Mayurakshi,10990.589644744137,15.95,36.81,47.24,non_sandy
108719,WB_108719,23.36,0.2,-0.359,-0.9333,0.66,-0.33,Mayurakshi,8321.65904116857,15.92,36.85,47.23,non_sandy
108720,WB_108720,23.27,0.21,-0.9193,-0.3936,0.64,-0.42,Mayurakshi,9887.063261664136,15.89,36.84,47.27,non_sandy
108721,WB_108721,24.14,0.2,-0.7586,-0.6516,0.61,0.45,Mayurakshi,10462.412661877172,15.97,36.82,47.21,non_sandy
108722,WB_108722,22.43,0.21,-0.9789,-0.2045,0.68,-0.18,Mayurakshi,5447.9804896704245,15.96,36.88,47.16,non_sandy
108723,WB_108723,22.85,0.22,-0.9994,0.0355,0.69,0.25,Mayurakshi,4942.518514582569,15.97,36.88,47.15,non_sandy
108724,WB_108724,22.08,0.22,-0.9969,-0.0792,0.66,-0.53,Mayurakshi,4696.525336795006,15.94,36.89,47.17,non_sandy
108725,WB_108725,22.72,0.21,-0.9941,-0.1082,0.68,0.11,Mayurakshi,6106.764122849999,15.99,36.86,47.15,non_sandy
108726,WB_108726,22.74,0.22,-0.9995,0.0325,0.73,0.13,Mayurakshi,4016.228190031359,15.95,36.9,47.15,non_sandy
108727,WB_108727,22.1,0.21,-0.9821,-0.1883,0.65,-0.5,Mayurakshi,5661.423364723586,15.94,36.88,47.18,non_sandy
108728,WB_108728,23.17,0.21,-1.0,-0.0034,0.64,0.57,Mayurakshi,5557.754479173594,16.0,36.87,47.13,non_sandy
108729,WB_108729,22.07,0.22,-0.996,-0.0888,0.72,-0.54,Mayurakshi,3773.777270803238,15.92,36.91,47.17,non_sandy
108730,WB_108730,22.6,0.21,-0.9722,-0.234,0.68,-0.0,Mayurakshi,6712.682564752456,15.98,36.86,47.16,non_sandy
108731,WB_108731,23.29,0.22,-0.9981,0.0616,0.73,0.68,Mayurakshi,4131.899355096914,15.98,36.89,47.13,non_sandy
108732,WB_108732,22.97,0.21,-0.0184,-0.9998,0.69,0.03,Mayurakshi,750.8347956647906,15.99,36.93,47.08,non_sandy
108733,WB_108733,23.1,0.21,-0.0036,-1.0,0.71,0.16,Mayurakshi,1004.2381748960771,16.02,36.92,47.06,non_sandy
108734,WB_108734,22.39,0.22,-0.0237,-0.9997,0.72,-0.55,Mayurakshi,184.08144415660811,15.98,36.94,47.08,non_sandy
108735,WB_108735,23.51,0.21,-0.0036,-1.0,0.71,0.57,Mayurakshi,1619.0171151714983,16.0,36.91,47.09,non_sandy
108736,WB_108736,22.61,0.21,-0.0151,-0.9999,0.74,-0.33,Mayurakshi,200.02781531244085,16.01,36.93,47.06,non_sandy
108737,WB_108737,22.7,0.21,0.0154,-0.9999,0.75,-0.24,Mayurakshi,218.56673819618064,15.96,36.94,47.1,non_sandy
108738,WB_108738,23.64,0.21,-0.0183,-0.9998,0.67,0.7,Mayurakshi,1931.1249939446027,16.03,36.9,47.07,non_sandy
108739,WB_108739,22.04,0.21,-0.0027,-1.0,0.68,-0.9,Mayurakshi,827.6492846109832,15.98,36.95,47.07,non_sandy
108740,WB_108740,23.43,0.21,-0.0539,-0.9985,0.71,0.49,Mayurakshi,1552.359813694703,15.98,36.92,47.1,non_sandy
108741,WB_108741,23.03,0.21,0.0033,-1.0,0.71,0.09,Mayurakshi,953.2486004993617,16.04,36.91,47.05,non_sandy
108742,WB_108742,23.4,0.21,-0.9994,-0.0353,0.69,-0.04,Mayurakshi,3427.31635237852,16.04,36.97,46.99,non_sandy
108743,WB_108743,23.68,0.21,-0.948,-0.3183,0.65,0.24,Mayurakshi,4062.8160694187823,16.04,36.97,46.99,non_sandy
108744,WB_108744,23.07,0.21,-0.9992,-0.0395,0.65,-0.37,Mayurakshi,4082.4260212640465,16.01,36.98,47.01,non_sandy
108745,WB_108745,23.78,0.22,-0.9942,-0.1074,0.69,0.34,Mayurakshi,2863.726005499743,16.06,36.95,46.99,non_sandy
108746,WB_108746,23.4,0.21,-0.9551,-0.2962,0.66,-0.04,Mayurakshi,4947.249631720745,16.02,36.99,46.99,non_sandy
108747,WB_108747,22.89,0.22,-0.9975,0.0713,0.65,-0.55,Mayurakshi,3065.042634378583,16.02,36.96,47.02,non_sandy
108748,WB_108748,24.08,0.21,-0.9398,-0.3417,0.65,0.64,Mayurakshi,3562.116699230416,16.07,36.96,46.97,non_sandy
108749,WB_108749,23.1,0.2,-0.9966,0.0822,0.63,-0.34,Mayurakshi,4998.278908989849,15.99,36.99,47.02,non_sandy
108750,WB_108750,23.45,0.21,-0.9994,-0.0356,0.69,0.01,Mayurakshi,2154.291599838236,16.06,36.95,46.99,non_sandy
108751,WB_108751,23.57,0.2,-0.8689,-0.4949,0.66,0.13,Mayurakshi,4980.968727483987,16.04,36.98,46.98,non_sandy
108752,WB_108752,22.25,0.2,-0.8292,-0.5589,0.65,0.0,Mayurakshi,8110.880392073183,16.08,37.01,46.91,non_sandy
108753,WB_108753,22.0,0.2,-0.9151,-0.4032,0.6,-0.25,Mayurakshi,9014.946108591748,16.06,37.03,46.91,non_sandy
108754,WB_108754,22.23,0.2,-0.7941,-0.6078,0.62,-0.02,Mayurakshi,7584.472085271177,16.07,37.01,46.92,non_sandy
108755,WB_108755,22.43,0.2,-0.8731,-0.4875,0.62,0.18,Mayurakshi,8676.622845523692,16.09,37.01,46.9,non_sandy
108756,WB_108756,21.85,0.2,-0.9063,-0.4226,0.58,-0.4,Mayurakshi,8902.686468030292,16.04,37.03,46.93,non_sandy
108757,WB_108757,22.61,0.2,-0.7613,-0.6484,0.63,0.36,Mayurakshi,7127.230270793169,16.1,36.99,46.91,non_sandy
108758,WB_108758,22.26,0.2,-0.98,-0.1991,0.65,0.01,Mayurakshi,9685.472460306752,16.06,37.03,46.91,non_sandy
108759,WB_108759,22.12,0.2,-0.6459,-0.7634,0.62,-0.13,Mayurakshi,7723.87339591603,16.04,37.01,46.95,non_sandy
108760,WB_108760,22.76,0.2,-0.9024,-0.4309,0.62,0.51,Mayurakshi,7993.867087520499,16.11,37.0,46.89,non_sandy
108761,WB_108761,21.95,0.19,-0.9385,-0.3453,0.59,-0.3,Mayurakshi,9844.585894552682,16.03,37.04,46.93,non_sandy
108762,WB_108762,23.38,0.21,0.1792,-0.9838,0.64,0.06,Mayurakshi,13686.827014750721,16.12,37.05,46.83,non_sandy
108763,WB_108763,23.11,0.2,0.53,-0.848,0.64,-0.21,Hooghly/Ganga,13864.267184457483,16.09,37.07,46.84,non_sandy
108764,WB_108764,23.65,0.2,0.0126,-0.9999,0.64,0.33,Mayurakshi,12869.493211099782,16.11,37.05,46.84,non_sandy
108765,WB_108765,23.0,0.21,0.212,-0.9773,0.68,-0.32,Hooghly/Ganga,13246.914648737516,16.12,37.06,46.82,non_sandy
108766,WB_108766,23.35,0.2,0.4878,-0.873,0.64,0.03,Mayurakshi,13741.233712813239,16.07,37.07,46.86,non_sandy
108767,WB_108767,23.88,0.21,-0.1651,-0.9863,0.64,0.56,Mayurakshi,12925.097773537907,16.14,37.04,46.82,non_sandy
108768,WB_108768,22.72,0.21,0.3834,-0.9236,0.61,-0.6,Hooghly/Ganga,13042.300024400654,16.09,37.08,46.83,non_sandy
108769,WB_108769,23.56,0.19,-0.3904,-0.9206,0.62,0.24,Mayurakshi,12529.546746076652,16.09,37.05,46.86,non_sandy
108770,WB_108770,23.33,0.21,0.087,-0.9962,0.68,0.01,Hooghly/Ganga,13243.89190870091,16.14,37.05,46.81,non_sandy
108771,WB_108771,23.22,0.2,0.6971,-0.7169,0.64,-0.1,Hooghly/Ganga,13983.496107346084,16.06,37.08,46.86,non_sandy
108772,WB_108772,22.82,0.21,-0.9437,0.3307,0.68,-0.28,Hooghly/Ganga,8579.348418518643,16.14,37.1,46.76,non_sandy
108773,WB_108773,23.3,0.21,-0.9386,0.345,0.66,0.2,Hooghly/Ganga,7748.7186407800555,16.15,37.1,46.75,non_sandy
108774,WB_108774,22.93,0.21,-0.8257,0.5641,0.67,-0.17,Hooghly/Ganga,8334.870158766184,16.12,37.11,46.77,non_sandy
108775,WB_108775,22.94,0.21,-0.9185,0.3954,0.68,-0.16,Hooghly/Ganga,8756.98624820605,16.16,37.09,46.75,non_sandy
108776,WB_108776,23.45,0.2,-0.8872,0.4614,0.64,0.35,Hooghly/Ganga,7184.434428495221,16.14,37.12,46.74,non_sandy
108777,WB_108777,22.45,0.21,-0.8609,0.5087,0.66,-0.65,Hooghly/Ganga,9251.226834742081,16.12,37.1,46.78,non_sandy
108778,WB_108778,23.54,0.22,-0.9828,0.1845,0.69,0.44,Hooghly/Ganga,7826.95131335388,16.18,37.09,46.73,non_sandy
108779,WB_108779,23.38,0.21,-0.6174,0.7866,0.7,0.28,Hooghly/Ganga,7653.736759666267,16.1,37.13,46.77,non_sandy
108780,WB_108780,22.54,0.21,-0.9307,0.3659,0.68,-0.56,Hooghly/Ganga,9573.677105305303,16.15,37.08,46.77,non_sandy
108781,WB_108781,23.66,0.2,-0.8589,0.5121,0.64,0.56,Hooghly/Ganga,6762.006657080958,16.16,37.11,46.73,non_sandy
108782,WB_108782,22.53,0.2,0.4984,-0.867,0.61,-0.05,Hooghly/Ganga,2675.5083806238113,16.17,37.14,46.69,non_sandy
108783,WB_108783,22.34,0.19,0.6225,-0.7826,0.57,-0.24,Hooghly/Ganga,1887.0534111138306,16.19,37.14,46.67,non_sandy
108784,WB_108784,22.52,0.19,0.7793,-0.6267,0.59,-0.06,Hooghly/Ganga,2350.7939722198744,16.15,37.16,46.69,non_sandy
108785,WB_108785,22.73,0.2,0.6527,-0.7576,0.61,0.15,Hooghly/Ganga,2928.7831780165343,16.2,37.13,46.67,non_sandy
108786,WB_108786,22.3,0.19,0.7265,-0.6871,0.55,-0.28,Hooghly/Ganga,1261.819822938298,16.18,37.16,46.66,non_sandy
108787,WB_108787,22.83,0.2,0.8178,-0.5755,0.61,0.25,Hooghly/Ganga,3283.2272530969176,16.15,37.15,46.7,non_sandy
108788,WB_108788,22.57,0.19,0.4728,-0.8812,0.62,-0.01,Hooghly/Ganga,2048.5693451072802,16.22,37.13,46.65,non_sandy
108789,WB_108789,22.55,0.19,0.9891,-0.1474,0.58,-0.03,Hooghly/Ganga,1626.1213985648992,16.14,37.17,46.69,non_sandy
108790,WB_108790,23.05,0.2,0.5903,-0.8072,0.61,0.47,Hooghly/Ganga,3720.75837768025,16.18,37.13,46.69,non_sandy
108791,WB_108791,22.36,0.19,0.8032,-0.5957,0.55,-0.22,Hooghly/Ganga,918.1349834036749,16.2,37.15,46.65,non_sandy
108792,WB_108792,23.91,0.19,0.2433,0.9699,0.55,0.02,Hooghly/Ganga,3230.7062219599775,16.21,37.19,46.6,non_sandy
108793,WB_108793,23.83,0.19,0.9176,-0.3975,0.59,-0.06,Hooghly/Ganga,4092.5744542817047,16.23,37.19,46.58,non_sandy
108794,WB_108794,24.12,0.19,0.882,0.4713,0.59,0.23,Hooghly/Ganga,3397.8339024175148,16.19,37.2,46.61,non_sandy
108795,WB_108795,23.92,0.18,-0.1126,0.9936,0.55,0.03,Hooghly/Ganga,3125.4673171084014,16.24,37.17,46.59,non_sandy
108796,WB_108796,23.82,0.2,0.9806,-0.196,0.62,-0.07,Hooghly/Ganga,4594.382398477672,16.21,37.21,46.58,non_sandy
108797,WB_108797,23.86,0.19,-0.0334,0.9994,0.59,-0.03,Hooghly/Ganga,2505.4957354067665,16.19,37.19,46.62,non_sandy
108798,WB_108798,23.9,0.19,-0.6047,-0.7964,0.57,0.01,Hooghly/Ganga,4092.904133534673,16.25,37.18,46.57,non_sandy
108799,WB_108799,24.32,0.2,0.8593,0.5114,0.62,0.43,Hooghly/Ganga,4031.604404708675,16.17,37.22,46.61,non_sandy
108800,WB_108800,23.73,0.19,0.186,0.9825,0.55,-0.16,Hooghly/Ganga,2293.7126884365866,16.23,37.17,46.6,non_sandy
108801,WB_108801,23.5,0.2,0.9712,-0.2383,0.62,-0.39,Hooghly/Ganga,5086.214397262575,16.23,37.2,46.57,non_sandy
108802,WB_108802,23.12,0.21,-0.194,0.981,0.67,-0.01,Hooghly/Ganga,9820.771863864646,16.25,37.24,46.51,non_sandy
108803,WB_108803,23.03,0.21,-0.1095,0.994,0.66,-0.1,Hooghly/Ganga,9187.892721228518,16.23,37.24,46.53,non_sandy
108804,WB_108804,22.78,0.2,-0.2116,0.9774,0.67,-0.35,Hooghly/Ganga,9295.410003357001,16.27,37.22,46.51,non_sandy
108805,WB_108805,23.59,0.21,-0.2275,0.9738,0.67,0.46,Hooghly/Ganga,10265.985799185233,16.23,37.25,46.52,non_sandy
108806,WB_108806,22.67,0.21,-0.1591,0.9873,0.65,-0.46,Hooghly/Ganga,8429.908702229566,16.24,37.23,46.53,non_sandy
108807,WB_108807,23.22,0.21,-0.3375,0.9413,0.7,0.09,Hooghly/Ganga,10222.805170040021,16.28,37.23,46.49,non_sandy
108808,WB_108808,23.56,0.21,-0.0339,0.9994,0.69,0.43,Hooghly/Ganga,9431.559012464037,16.21,37.26,46.53,non_sandy
108809,WB_108809,22.56,0.2,-0.2396,0.9709,0.61,-0.57,Hooghly/Ganga,8490.423271139332,16.27,37.21,46.52,non_sandy
108810,WB_108810,23.79,0.21,-0.2159,0.9764,0.67,0.66,Hooghly/Ganga,10949.516600258865,16.25,37.25,46.5,non_sandy
108811,WB_108811,22.97,0.2,-0.0066,1.0,0.65,-0.16,Hooghly/Ganga,8317.837765232707,16.21,37.24,46.55,non_sandy
108812,WB_108812,23.71,0.21,0.9894,-0.1453,0.68,0.11,Hooghly/Ganga,10027.431509369319,16.28,37.28,46.44,non_sandy
108813,WB_108813,23.24,0.21,0.9944,-0.1056,0.67,-0.36,Hooghly/Ganga,9267.430881362028,16.3,37.28,46.42,non_sandy
108814,WB_108814,23.94,0.22,0.9992,-0.0396,0.67,0.34,Hooghly/Ganga,9619.831973219392,16.26,37.29,46.45,non_sandy
108815,WB_108815,23.62,0.21,0.992,-0.1261,0.68,0.02,Hooghly/Ganga,10358.008655911417,16.3,37.26,46.44,non_sandy
108816,WB_108816,23.27,0.21,0.996,-0.0891,0.68,-0.33,Hooghly/Ganga,8573.26007722048,16.28,37.29,46.43,non_sandy
108817,WB_108817,24.24,0.21,0.9994,-0.0355,0.65,0.64,Hooghly/Ganga,10582.54646350945,16.26,37.28,46.46,non_sandy
108818,WB_108818,23.16,0.21,0.9807,-0.1957,0.67,-0.44,Hooghly/Ganga,9512.220510003086,16.32,37.26,46.42,non_sandy
108819,WB_108819,23.89,0.22,0.999,0.0443,0.72,0.29,Hooghly/Ganga,8841.525800319223,16.25,37.3,46.45,non_sandy
108820,WB_108820,23.98,0.21,0.9961,-0.0881,0.68,0.38,Hooghly/Ganga,11138.503190469146,16.29,37.26,46.45,non_sandy
108821,WB_108821,22.91,0.21,0.9995,-0.0325,0.68,-0.69,Hooghly/Ganga,8300.487796731575,16.31,37.28,46.41,non_sandy
108822,WB_108822,24.46,0.21,0.0657,0.9978,0.65,-0.2,Hooghly/Ganga,3860.6153255952026,16.33,37.32,46.35,non_sandy
108823,WB_108823,24.95,0.21,0.3596,0.9331,0.69,0.29,Hooghly/Ganga,3108.6508470864214,16.31,37.33,46.36,non_sandy
108824,WB_108824,24.39,0.21,0.1256,0.9921,0.7,-0.27,Hooghly/Ganga,4456.7199664765785,16.31,37.32,46.37,non_sandy
108825,WB_108825,24.48,0.2,0.0744,0.9972,0.66,-0.18,Hooghly/Ganga,3274.556142247546,16.35,37.31,46.34,non_sandy
108826,WB_108826,25.25,0.21,0.4344,0.9007,0.68,0.59,Hooghly/Ganga,3388.305355698097,16.29,37.34,46.37,non_sandy
108827,WB_108827,23.94,0.21,0.0272,0.9996,0.65,-0.72,Hooghly/Ganga,4733.8712900621,16.34,37.3,46.36,non_sandy
108828,WB_108828,24.81,0.21,0.5472,0.837,0.69,0.14,Hooghly/Ganga,2409.68405559312,16.33,37.33,46.34,non_sandy
108829,WB_108829,24.72,0.21,0.1525,0.9883,0.7,0.05,Hooghly/Ganga,4529.41529519192,16.28,37.33,46.39,non_sandy
108830,WB_108830,24.21,0.2,-0.0975,0.9952,0.66,-0.45,Hooghly/Ganga,3866.033277645003,16.37,37.3,46.33,non_sandy
108831,WB_108831,25.44,0.21,0.3466,0.938,0.67,0.78,Hooghly/Ganga,2500.332762158719,16.29,37.35,46.36,non_sandy
108832,WB_108832,23.65,0.21,0.5006,0.8657,0.67,-0.15,Hooghly/Ganga,2582.2173915252065,16.36,37.37,46.27,non_sandy
108833,WB_108833,23.9,0.21,0.6387,0.7695,0.67,0.1,Hooghly/Ganga,2090.1762895100537,16.34,37.37,46.29,non_sandy
108834,WB_108834,23.25,0.21,0.6451,0.7641,0.66,-0.55,Hooghly/Ganga,1912.813961603431,16.38,37.35,46.27,non_sandy
108835,WB_108835,24.15,0.21,0.282,0.9594,0.69,0.35,Hooghly/Ganga,3166.784640316086,16.34,37.38,46.28,non_sandy
108836,WB_108836,23.75,0.21,0.7662,0.6426,0.69,-0.05,Hooghly/Ganga,1248.486097269594,16.34,37.36,46.3,non_sandy
108837,WB_108837,23.38,0.21,0.5241,0.8517,0.69,-0.42,Hooghly/Ganga,2810.205845305432,16.39,37.36,46.25,non_sandy
108838,WB_108838,24.31,0.2,0.4769,0.879,0.62,0.51,Hooghly/Ganga,2630.676431257911,16.32,37.39,46.29,non_sandy
108839,WB_108839,23.25,0.21,0.7343,0.6788,0.66,-0.55,Hooghly/Ganga,1066.880239732694,16.38,37.34,46.28,non_sandy
108840,WB_108840,24.18,0.21,0.204,0.979,0.69,0.38,Hooghly/Ganga,3745.3996178842035,16.36,37.38,46.26,non_sandy
108841,WB_108841,24.19,0.21,0.6926,0.7213,0.67,0.39,Hooghly/Ganga,1322.7747810348949,16.32,37.38,46.3,non_sandy
108842,WB_108842,24.92,0.22,0.9967,0.0809,0.72,-0.19,Hooghly/Ganga,8481.962273697112,16.4,37.41,46.19,non_sandy
108843,WB_108843,25.46,0.22,0.9941,0.1089,0.69,0.35,Mahananda,7951.466851223505,16.37,37.42,46.21,non_sandy
108844,WB_108844,24.94,0.21,0.9898,0.1422,0.68,-0.17,Hooghly/Ganga,7684.148375714404,16.41,37.4,46.19,non_sandy
108845,WB_108845,24.87,0.22,0.9982,0.0598,0.77,-0.24,Mahananda,8035.496407172694,16.39,37.42,46.19,non_sandy
108846,WB_108846,25.62,0.22,0.9881,0.1536,0.67,0.51,Hooghly/Ganga,7371.28459150324,16.37,37.41,46.22,non_sandy
108847,WB_108847,24.46,0.22,0.9914,0.1307,0.67,-0.65,Hooghly/Ganga,8443.20539647477,16.43,37.4,46.17,non_sandy
108848,WB_108848,25.43,0.22,0.9974,0.0725,0.75,0.32,Mahananda,7187.869415782459,16.36,37.43,46.21,non_sandy
108849,WB_108849,25.1,0.21,0.957,0.29,0.73,-0.01,Hooghly/Ganga,6872.27235580126,16.4,37.39,46.21,non_sandy
108850,WB_108850,24.34,0.22,0.9991,0.0428,0.7,-0.77,Mahananda,8631.644208413365,16.41,37.41,46.18,non_sandy
108851,WB_108851,25.92,0.21,0.996,0.0889,0.69,0.81,Mahananda,7475.143800475149,16.34,37.43,46.23,non_sandy
108852,WB_108852,25.43,0.22,-0.0773,0.997,0.7,0.27,Mahananda,8439.175883645912,16.41,37.46,46.13,non_sandy
108853,WB_108853,24.81,0.22,-0.0062,1.0,0.75,-0.35,Mahananda,9051.912799340469,16.44,37.44,46.12,non_sandy
108854,WB_108854,25.75,0.22,-0.0176,0.9998,0.71,0.59,Mahananda,8931.73217133784,16.43,37.46,46.11,non_sandy
108855,WB_108855,25.05,0.21,-0.0747,0.9972,0.75,-0.11,Mahananda,8069.253881670006,16.41,37.46,46.13,non_sandy
108856,WB_108856,24.9,0.22,0.0108,0.9999,0.77,-0.26,Mahananda,9709.167571256774,16.46,37.44,46.1,non_sandy
108857,WB_108857,25.96,0.21,-0.0577,0.9983,0.68,0.8,Mahananda,8122.122842046334,16.4,37.48,46.12,non_sandy
108858,WB_108858,24.37,0.22,-0.0523,0.9986,0.71,-0.79,Mahananda,8821.15470667648,16.43,37.44,46.13,non_sandy
108859,WB_108859,25.61,0.21,0.0403,0.9992,0.71,0.45,Mahananda,9662.645852103298,16.45,37.46,46.09,non_sandy
108860,WB_108860,25.41,0.22,-0.1748,0.9846,0.75,0.25,Mahananda,7421.343118927101,16.38,37.47,46.15,non_sandy
108861,WB_108861,24.26,0.22,0.0324,0.9995,0.73,-0.89,Mahananda,9910.503561355305,16.47,37.43,46.1,non_sandy
108862,WB_108862,24.87,0.2,0.9735,0.2287,0.65,0.08,Mahananda,12279.120620918306,16.45,37.5,46.05,non_sandy
108863,WB_108863,24.83,0.21,0.9825,0.1864,0.65,0.04,Mahananda,12009.256748345315,16.47,37.49,46.04,non_sandy
108864,WB_108864,24.6,0.21,0.9084,0.418,0.65,-0.19,Mahananda,13009.95557222863,16.47,37.5,46.03,non_sandy
108865,WB_108865,25.13,0.2,0.9999,0.0134,0.6,0.34,Mahananda,11595.447064799731,16.43,37.51,46.06,non_sandy
108866,WB_108866,24.36,0.22,0.9552,0.2959,0.66,-0.43,Mahananda,12643.046473662673,16.49,37.48,46.03,non_sandy
108867,WB_108867,24.94,0.2,0.8684,0.4959,0.65,0.15,Mahananda,12821.859198690403,16.45,37.52,46.03,non_sandy
108868,WB_108868,25.28,0.21,0.9918,0.1278,0.65,0.49,Mahananda,11270.901879702815,16.45,37.49,46.06,non_sandy
108869,WB_108869,24.2,0.21,0.9593,0.2825,0.63,-0.59,Mahananda,13473.70097393115,16.5,37.49,46.01,non_sandy
108870,WB_108870,25.04,0.2,0.9865,-0.1638,0.6,0.25,Mahananda,11794.003369481985,16.42,37.52,46.06,non_sandy
108871,WB_108871,24.66,0.21,0.9884,0.1516,0.68,-0.13,Mahananda,12068.516589592951,16.49,37.47,46.04,non_sandy
108872,WB_108872,26.35,0.2,0.9606,0.278,0.61,0.07,Mahananda,17501.199525019987,16.5,37.54,45.96,non_sandy
108873,WB_108873,26.58,0.19,0.8908,0.4543,0.57,0.3,Mahananda,16756.858761346626,16.48,37.55,45.97,non_sandy
108874,WB_108874,26.15,0.2,0.8668,0.4986,0.61,-0.13,Mahananda,17256.126325756224,16.52,37.53,45.95,non_sandy
108875,WB_108875,26.36,0.2,0.9801,0.1985,0.62,0.08,Mahananda,17684.170367145834,16.49,37.56,45.95,non_sandy
108876,WB_108876,26.42,0.2,0.839,0.5442,0.61,0.14,Mahananda,16225.947873933072,16.48,37.54,45.98,non_sandy
108877,WB_108877,25.94,0.2,0.9194,0.3933,0.61,-0.34,Mahananda,18094.8907692771,16.53,37.53,45.94,non_sandy
108878,WB_108878,26.54,0.19,0.9785,0.2064,0.59,0.26,Mahananda,16851.574282398724,16.46,37.56,45.98,non_sandy
108879,WB_108879,25.96,0.2,0.6681,0.7441,0.62,-0.32,Mahananda,16623.77118766478,16.52,37.52,45.96,non_sandy
108880,WB_108880,26.01,0.2,0.9995,0.0322,0.62,-0.27,Mahananda,18420.661126587078,16.51,37.55,45.94,non_sandy
108881,WB_108881,26.53,0.19,0.8179,0.5754,0.57,0.25,Mahananda,15863.544925992466,16.46,37.55,45.99,non_sandy
108882,WB_108882,25.56,0.21,-0.4243,0.9055,0.65,-0.02,Mahananda,22345.131652209275,16.54,37.58,45.88,non_sandy
108883,WB_108883,25.8,0.21,-0.7168,0.6973,0.65,0.22,Mahananda,22187.81156818803,16.52,37.6,45.88,non_sandy
108884,WB_108884,25.23,0.2,-0.3585,0.9335,0.65,-0.35,Mahananda,21617.96185557925,16.54,37.58,45.88,non_sandy
108885,WB_108885,25.97,0.21,-0.4106,0.9118,0.69,0.39,Mahananda,23000.857582211218,16.55,37.59,45.86,non_sandy
108886,WB_108886,25.46,0.2,-0.7461,0.6658,0.66,-0.12,Mahananda,21422.461785457017,16.5,37.6,45.9,non_sandy
108887,WB_108887,25.04,0.21,-0.1039,0.9946,0.66,-0.54,Mahananda,22251.704059396696,16.57,37.56,45.87,non_sandy
108888,WB_108888,26.23,0.21,-0.5729,0.8196,0.62,0.65,Mahananda,22843.845107738947,16.52,37.6,45.88,non_sandy
108889,WB_108889,25.22,0.2,-0.1952,0.9808,0.65,-0.36,Mahananda,20914.73190758158,16.52,37.58,45.9,non_sandy
108890,WB_108890,25.62,0.21,-0.2653,0.9642,0.69,0.04,Mahananda,23278.69621057102,16.57,37.57,45.86,non_sandy
108891,WB_108891,25.63,0.2,-0.8739,0.4861,0.66,0.05,Mahananda,21763.615328421227,16.49,37.61,45.9,non_sandy
108892,WB_108892,26.07,0.21,0.8643,-0.503,0.65,0.23,Mahananda,26790.936879683817,16.56,37.63,45.81,non_sandy
108893,WB_108893,25.72,0.2,0.8707,-0.4919,0.63,-0.12,Mahananda,27573.35893211356,16.59,37.62,45.79,non_sandy
108894,WB_108894,25.75,0.2,0.6391,-0.7691,0.65,-0.09,Mahananda,26946.026582247552,16.54,37.64,45.82,non_sandy
108895,WB_108895,26.19,0.21,0.8113,-0.5846,0.65,0.35,Mahananda,26692.30072759365,16.58,37.61,45.81,non_sandy
108896,WB_108896,25.53,0.2,0.8309,-0.5564,0.61,-0.31,Mahananda,28032.14109045699,16.58,37.64,45.78,non_sandy
108897,WB_108897,26.18,0.21,0.7114,-0.7028,0.68,0.34,Mahananda,26133.696198583715,16.54,37.64,45.82,non_sandy
108898,WB_108898,25.65,0.21,0.9881,-0.1541,0.69,-0.19,Mahananda,27570.49321416022,16.61,37.61,45.78,non_sandy
108899,WB_108899,25.38,0.21,0.6583,-0.7528,0.65,-0.46,Mahananda,27524.169968918937,16.54,37.65,45.81,non_sandy
108900,WB_108900,26.55,0.21,0.8273,-0.5617,0.65,0.71,Mahananda,25936.594358315,16.56,37.62,45.82,non_sandy
108901,WB_108901,25.36,0.2,0.8053,-0.5929,0.61,-0.48,Mahananda,28476.589697713356,16.6,37.62,45.78,non_sandy
108902,WB_108902,27.0,0.19,-0.924,-0.3824,0.58,0.24,Mahananda,32404.9441451104,16.61,37.67,45.72,non_sandy
108903,WB_108903,26.73,0.19,-0.9712,0.2383,0.6,-0.03,Mahananda,31555.92923517761,16.59,37.68,45.73,non_sandy
108904,WB_108904,26.87,0.2,-0.9083,0.4184,0.6,0.11,Mahananda,32322.464124083326,16.63,37.66,45.71,non_sandy
108905,WB_108905,26.86,0.19,-0.9954,0.096,0.58,0.1,Mahananda,32433.611078480535,16.59,37.69,45.72,non_sandy
108906,WB_108906,26.5,0.2,-0.8885,0.4588,0.61,-0.26,Mahananda,31140.942520118188,16.6,37.66,45.74,non_sandy
108907,WB_108907,27.01,0.19,-0.9144,0.4048,0.59,0.25,Mahananda,33145.97794369998,16.63,37.67,45.7,non_sandy
108908,WB_108908,26.52,0.2,-0.9999,-0.016,0.59,-0.24,Mahananda,31478.385915937743,16.56,37.69,45.75,non_sandy
108909,WB_108909,26.47,0.2,-0.6678,0.7443,0.6,-0.29,Mahananda,31767.39677918562,16.63,37.65,45.72,non_sandy
108910,WB_108910,26.85,0.19,-0.9212,-0.389,0.58,0.09,Mahananda,33238.02682271442,16.6,37.69,45.71,non_sandy
108911,WB_108911,25.6,0.2,-0.9641,-0.2657,0.62,0.02,Mahananda,37182.862071612275,16.63,37.72,45.65,non_sandy
108912,WB_108912,25.56,0.19,-0.8965,-0.4431,0.59,-0.02,Mahananda,36488.69998417563,16.63,37.71,45.66,non_sandy
108913,WB_108913,25.85,0.2,-0.988,0.1545,0.61,0.27,Mahananda,37748.79312995799,16.66,37.71,45.63,non_sandy
108914,WB_108914,25.25,0.21,-0.9504,-0.3109,0.62,-0.33,Mahananda,36627.61262885228,16.61,37.73,45.66,non_sandy
108915,WB_108915,25.65,0.19,-0.97,-0.2433,0.59,0.07,Mahananda,36762.053406029656,16.66,37.7,45.64,non_sandy
108916,WB_108916,25.96,0.21,-0.9688,0.2478,0.62,0.38,Mahananda,37993.99692130439,16.64,37.73,45.63,non_sandy
108917,WB_108917,25.38,0.19,-0.8917,-0.4527,0.6,-0.2,Mahananda,35828.71976826005,16.61,37.72,45.67,non_sandy
108918,WB_108918,25.7,0.19,-0.7412,0.6713,0.59,0.12,Mahananda,37829.21775294116,16.68,37.7,45.62,non_sandy
108919,WB_108919,25.31,0.2,-0.948,-0.3183,0.62,-0.27,Mahananda,37170.82693393878,16.6,37.74,45.66,non_sandy
108920,WB_108920,26.39,0.21,-0.0342,-0.9994,0.7,-0.07,Mahananda,42160.21407641234,16.67,37.76,45.57,non_sandy
108921,WB_108921,26.87,0.21,0.2417,-0.9704,0.65,0.41,Mahananda,41436.12026990103,16.67,37.76,45.57,non_sandy
108922,WB_108922,26.55,0.21,0.1141,-0.9935,0.69,0.09,Mahananda,42690.77097544868,16.7,37.75,45.55,non_sandy
108923,WB_108923,26.18,0.21,0.0527,-0.9986,0.7,-0.28,Mahananda,41635.64406188438,16.64,37.78,45.58,non_sandy
108924,WB_108924,27.13,0.21,0.1538,-0.9881,0.65,0.67,Mahananda,41663.43628252456,16.69,37.74,45.57,non_sandy
108925,WB_108925,25.97,0.21,0.1269,-0.9919,0.71,-0.49,Mahananda,42986.94847168568,16.68,37.77,45.55,non_sandy
108926,WB_108926,26.66,0.21,0.0028,-1.0,0.73,0.2,Mahananda,40803.991654199584,16.64,37.76,45.6,non_sandy
108927,WB_108927,26.78,0.2,0.2918,-0.9565,0.67,0.32,Mahananda,42724.24310517482,16.72,37.74,45.54,non_sandy
108928,WB_108928,25.6,0.21,-0.0075,-1.0,0.7,-0.86,Mahananda,42213.082537701644,16.64,37.79,45.57,non_sandy
108929,WB_108929,26.77,0.22,-0.9993,0.0362,0.71,0.24,Mahananda,47283.32118043076,16.72,37.8,45.48,non_sandy
108930,WB_108930,26.22,0.21,-0.9994,0.0334,0.7,-0.31,Mahananda,46623.74995294076,16.69,37.81,45.5,non_sandy
108931,WB_108931,26.57,0.22,-0.9976,0.0692,0.7,0.04,Mahananda,46838.972084210924,16.73,37.79,45.48,non_sandy
108932,WB_108932,26.78,0.21,-0.9992,0.0403,0.67,0.25,Mahananda,47653.01217727734,16.71,37.81,45.48,non_sandy
108933,WB_108933,25.86,0.22,-0.9985,0.0551,0.66,-0.67,Mahananda,45933.586427190596,16.69,37.8,45.51,non_sandy
108934,WB_108934,27.07,0.21,-0.9981,0.0622,0.68,0.54,Mahananda,47735.7819268364,16.75,37.79,45.46,non_sandy
108935,WB_108935,26.21,0.22,-0.9998,0.0213,0.7,-0.32,Mahananda,46921.627462052136,16.67,37.83,45.5,non_sandy
108936,WB_108936,26.14,0.22,-0.9957,0.0922,0.7,-0.39,Mahananda,46087.01263669394,16.72,37.78,45.5,non_sandy
108937,WB_108937,27.17,0.21,-1.0,-0.0069,0.67,0.64,Mahananda,48346.72774675395,16.73,37.81,45.46,non_sandy
108938,WB_108938,25.7,0.21,-0.3766,-0.9264,0.68,0.06,Mahananda,52043.078605738585,16.76,37.84,45.4,non_sandy
108939,WB_108939,25.24,0.21,-0.4374,-0.8993,0.64,-0.4,Mahananda,52100.2833261462,16.73,37.86,45.41,non_sandy
108940,WB_108940,25.84,0.21,-0.3284,-0.9446,0.67,0.2,Mahananda,51238.904540093434,16.74,37.84,45.42,non_sandy
108941,WB_108941,25.73,0.2,-0.4823,-0.876,0.65,0.09,Mahananda,52780.97797679956,16.77,37.84,45.39,non_sandy
108942,WB_108942,25.06,0.21,-0.5168,-0.8561,0.64,-0.58,Mahananda,51345.167555167645,16.71,37.86,45.43,non_sandy
108943,WB_108943,26.17,0.2,-0.2854,-0.9584,0.64,0.53,Mahananda,51730.67081574459,16.77,37.82,45.41,non_sandy
108944,WB_108944,25.36,0.2,-0.6738,-0.7389,0.66,-0.28,Mahananda,52868.06476086624,16.74,37.86,45.4,non_sandy
108945,WB_108945,25.68,0.21,-0.2438,-0.9698,0.67,0.04,Mahananda,50593.435756397055,16.72,37.85,45.43,non_sandy
108946,WB_108946,26.0,0.2,-0.3338,-0.9426,0.65,0.36,Mahananda,52873.254133510265,16.79,37.83,45.38,non_sandy
108947,WB_108947,13.45,0.16,-0.4939,-0.8695,0.55,-0.05,Hooghly/Ganga,3362.3186023572443,16.96,33.88,49.16,non_sandy
108948,WB_108948,13.26,0.17,-0.344,-0.939,0.6,-0.24,Hooghly/Ganga,3950.4168173722287,16.94,33.89,49.17,non_sandy
108949,WB_108949,13.81,0.17,0.5693,-0.8222,0.59,0.31,Hooghly/Ganga,3180.9985521421045,16.98,33.85,49.17,non_sandy
108950,WB_108950,13.18,0.17,-0.8089,-0.588,0.57,-0.32,Hooghly/Ganga,3546.261776289225,16.93,33.9,49.17,non_sandy
108951,WB_108951,13.83,0.17,0.3018,-0.9534,0.61,0.33,Hooghly/Ganga,4007.2650321728706,16.95,33.87,49.18,non_sandy
108952,WB_108952,13.59,0.16,-0.1321,-0.9912,0.56,0.09,Hooghly/Ganga,2771.6891690759485,16.99,33.86,49.15,non_sandy
108953,WB_108953,12.79,0.17,-0.7724,-0.6351,0.57,-0.71,Hooghly/Ganga,4141.676477505356,16.91,33.91,49.18,non_sandy
108954,WB_108954,14.19,0.17,0.3806,-0.9247,0.59,0.69,Hooghly/Ganga,3364.430901606255,16.99,33.84,49.17,non_sandy
108955,WB_108955,13.46,0.17,-0.9375,-0.3479,0.57,-0.04,Hooghly/Ganga,3026.9111048578134,16.95,33.9,49.15,non_sandy
108956,WB_108956,13.26,0.17,-0.4437,-0.8962,0.6,-0.24,Hooghly/Ganga,4525.49527425523,16.92,33.89,49.19,non_sandy
108957,WB_108957,13.71,0.17,0.8436,-0.537,0.59,0.21,Hooghly/Ganga,2578.678232825756,17.01,33.83,49.16,non_sandy
108958,WB_108958,12.85,0.18,0.7773,-0.6291,0.63,-0.35,Hooghly/Ganga,488.7074439414195,16.89,34.0,49.11,non_sandy
108959,WB_108959,13.42,0.17,0.2649,-0.9643,0.67,0.22,Hooghly/Ganga,899.5554421819103,16.91,33.98,49.11,non_sandy
108960,WB_108960,12.94,0.18,0.656,-0.7548,0.64,-0.26,Hooghly/Ganga,71.19191034709237,16.92,33.98,49.1,non_sandy
108961,WB_108961,12.97,0.17,0.9222,-0.3868,0.6,-0.23,Hooghly/Ganga,892.7659719766523,16.87,34.01,49.12,non_sandy
108962,WB_108962,13.95,0.18,0.2699,-0.9629,0.67,0.75,Hooghly/Ganga,657.9094088128908,16.94,33.95,49.11,non_sandy
108963,WB_108963,12.51,0.18,0.9421,-0.3355,0.6,-0.69,Hooghly/Ganga,18.104046340343956,16.89,34.01,49.1,non_sandy
108964,WB_108964,13.44,0.17,0.4338,-0.901,0.64,0.24,Hooghly/Ganga,1367.936682877812,16.89,33.99,49.12,non_sandy
108965,WB_108965,13.66,0.17,0.142,-0.9899,0.67,0.46,Hooghly/Ganga,46.06303333997518,16.95,33.96,49.09,non_sandy
108966,WB_108966,12.88,0.18,0.9827,-0.1854,0.6,-0.32,Hooghly/Ganga,586.2002647132587,16.86,34.03,49.11,non_sandy
108967,WB_108967,14.09,0.17,0.2641,-0.9645,0.67,0.89,Hooghly/Ganga,1199.9489048947653,16.93,33.95,49.12,non_sandy
108968,WB_108968,12.48,0.18,0.9384,-0.3454,0.6,-0.72,Hooghly/Ganga,462.41008783578536,16.92,33.99,49.09,non_sandy
108969,WB_108969,15.23,0.18,0.9451,0.3268,0.55,0.42,Hooghly/Ganga,2766.926651625062,16.84,34.11,49.05,non_sandy
108970,WB_108970,14.9,0.18,0.8206,0.5715,0.62,0.09,Hooghly/Ganga,2457.473861311892,16.86,34.08,49.06,non_sandy
108971,WB_108971,14.96,0.17,0.9807,0.1957,0.58,0.15,Hooghly/Ganga,3247.6331685331375,16.86,34.1,49.04,non_sandy
108972,WB_108972,15.39,0.18,0.9973,0.0734,0.55,0.58,Hooghly/Ganga,2310.693981591408,16.83,34.11,49.06,non_sandy
108973,WB_108973,14.34,0.18,0.5845,0.8114,0.67,-0.47,Hooghly/Ganga,2800.2927645137083,16.89,34.06,49.05,non_sandy
108974,WB_108974,14.95,0.18,1.0,0.0025,0.58,0.14,Hooghly/Ganga,3202.5404204184606,16.83,34.12,49.05,non_sandy
108975,WB_108975,15.01,0.17,0.7564,0.6541,0.62,0.2,Hooghly/Ganga,1948.0890507306356,16.85,34.09,49.06,non_sandy
108976,WB_108976,14.55,0.18,0.5124,0.8588,0.67,-0.26,Hooghly/Ganga,3476.166031408597,16.89,34.07,49.04,non_sandy
108977,WB_108977,15.03,0.16,0.9737,-0.2278,0.55,0.22,Hooghly/Ganga,2511.568256009633,16.8,34.14,49.06,non_sandy
108978,WB_108978,13.86,0.18,0.5205,0.8538,0.67,-0.95,Hooghly/Ganga,2289.1941789827983,16.89,34.05,49.06,non_sandy
108979,WB_108979,14.74,0.17,0.9999,0.0123,0.58,-0.07,Hooghly/Ganga,3714.0650938778804,16.85,34.11,49.04,non_sandy
108980,WB_108980,14.59,0.19,-1.0,0.0055,0.64,0.12,Hooghly/Ganga,5957.371966154699,16.81,34.19,49.0,non_sandy
108981,WB_108981,14.78,0.18,-0.9717,-0.2362,0.6,0.31,Hooghly/Ganga,6404.143982494887,16.8,34.21,48.99,non_sandy
108982,WB_108982,14.29,0.19,-0.9996,0.0292,0.64,-0.18,Hooghly/Ganga,5573.701381477831,16.79,34.21,49.0,non_sandy
108983,WB_108983,14.8,0.19,-0.9933,0.1154,0.63,0.33,Hooghly/Ganga,6332.562986889438,16.84,34.18,48.98,non_sandy
108984,WB_108984,14.42,0.18,-0.9774,-0.2114,0.6,-0.05,Hooghly/Ganga,6209.429683423349,16.77,34.24,48.99,non_sandy
108985,WB_108985,14.23,0.18,-0.9936,0.1131,0.63,-0.24,Hooghly/Ganga,5428.912125490475,16.81,34.18,49.01,non_sandy
108986,WB_108986,15.11,0.19,-0.9981,-0.0619,0.63,0.64,Hooghly/Ganga,6847.243457096687,16.83,34.2,48.97,non_sandy
108987,WB_108987,14.19,0.18,-0.9699,-0.2433,0.6,-0.28,Hooghly/Ganga,5505.659075637805,16.76,34.23,49.01,non_sandy
108988,WB_108988,14.39,0.19,-0.981,0.1938,0.63,-0.08,Hooghly/Ganga,5986.423916089163,16.85,34.16,48.99,non_sandy
108989,WB_108989,14.45,0.18,-0.928,-0.3725,0.6,-0.02,Hooghly/Ganga,6755.198703912255,16.78,34.24,48.98,non_sandy
108990,WB_108990,13.92,0.19,-0.9997,0.0236,0.64,-0.55,Hooghly/Ganga,5020.618046759448,16.79,34.2,49.01,non_sandy
108991,WB_108991,13.48,0.18,-0.1706,0.9853,0.66,0.05,Hooghly/Ganga,9422.65129985797,16.75,34.32,48.93,non_sandy
108992,WB_108992,13.13,0.17,-0.2692,0.9631,0.61,-0.3,Hooghly/Ganga,8878.318529670361,16.75,34.31,48.94,non_sandy
108993,WB_108993,12.95,0.16,0.1385,0.9904,0.56,-0.48,Hooghly/Ganga,9629.526785441185,16.78,34.3,48.92,non_sandy
108994,WB_108994,14.24,0.18,-0.1436,0.9896,0.75,0.81,Hooghly/Ganga,9203.713543063217,16.72,34.34,48.94,non_sandy
108995,WB_108995,12.79,0.16,-0.4497,0.8932,0.56,-0.64,Hooghly/Ganga,8863.466582380712,16.77,34.29,48.94,non_sandy
108996,WB_108996,13.64,0.18,-0.0563,0.9984,0.66,0.21,Hooghly/Ganga,9981.920838253443,16.76,34.32,48.92,non_sandy
108997,WB_108997,13.78,0.24,-0.8122,0.5834,1.48,0.35,Hooghly/Ganga,8583.97807376306,16.72,34.33,48.95,non_sandy
108998,WB_108998,12.9,0.16,-0.654,0.7565,0.56,-0.53,Hooghly/Ganga,9492.740993423686,16.8,34.27,48.93,non_sandy
108999,WB_108999,14.83,0.18,-0.2759,0.9612,0.73,1.4,Hooghly/Ganga,9672.450452337001,16.72,34.35,48.93,non_sandy
109000,WB_109000,12.88,0.16,-0.3804,0.9248,0.56,-0.55,Hooghly/Ganga,8359.582518177735,16.75,34.3,48.95,non_sandy
109001,WB_109001,13.13,0.16,-0.1854,0.9827,0.59,-0.3,Hooghly/Ganga,10202.132175114011,16.8,34.29,48.91,non_sandy
109002,WB_109002,14.52,0.16,-0.4091,-0.9125,0.53,-0.05,Jalangi,9940.06606359529,16.69,34.43,48.88,non_sandy
109003,WB_109003,14.74,0.18,0.996,-0.0889,0.56,0.17,Jalangi,11520.87165621928,16.71,34.41,48.88,non_sandy
109004,WB_109004,14.48,0.16,0.9995,0.033,0.56,-0.09,Jalangi,10309.260691870375,16.71,34.42,48.87,non_sandy
109005,WB_109005,14.46,0.16,-0.6519,-0.7583,0.56,-0.11,Jalangi,9712.827446899286,16.68,34.44,48.88,non_sandy
109006,WB_109006,14.55,0.18,0.9991,-0.0421,0.56,-0.02,Hooghly/Ganga,12415.64025728144,16.74,34.39,48.87,non_sandy
109007,WB_109007,14.55,0.16,-0.9576,-0.288,0.53,-0.02,Jalangi,8631.381651249669,16.68,34.45,48.87,non_sandy
109008,WB_109008,14.95,0.18,0.974,-0.2264,0.55,0.38,Jalangi,11489.636277779677,16.7,34.41,48.89,non_sandy
109009,WB_109009,14.25,0.18,0.9971,-0.0755,0.56,-0.32,Jalangi,11533.924399546413,16.74,34.4,48.86,non_sandy
109010,WB_109010,14.19,0.16,-0.5742,-0.8187,0.56,-0.38,Jalangi,8179.075686301874,16.65,34.46,48.89,non_sandy
109011,WB_109011,14.87,0.18,0.9922,-0.1248,0.56,0.3,Hooghly/Ganga,11926.011788227182,16.74,34.38,48.88,non_sandy
109012,WB_109012,14.69,0.17,-0.9444,0.3288,0.53,0.12,Jalangi,9044.665295754741,16.71,34.44,48.85,non_sandy
109013,WB_109013,14.63,0.18,0.0338,-0.9994,0.69,0.12,Jalangi,3762.8075692475827,16.67,34.52,48.81,non_sandy
109014,WB_109014,13.78,0.18,0.4105,-0.9119,0.7,-0.73,Jalangi,2573.2306329880316,16.64,34.55,48.81,non_sandy
109015,WB_109015,15.04,0.18,0.01,-0.9999,0.7,0.53,Jalangi,4119.653361678173,16.66,34.51,48.83,non_sandy
109016,WB_109016,14.15,0.18,0.2459,-0.9693,0.74,-0.36,Jalangi,3531.7866299921607,16.67,34.53,48.8,non_sandy
109017,WB_109017,13.95,0.17,0.1968,-0.9804,0.7,-0.56,Jalangi,2198.4275880485006,16.62,34.55,48.83,non_sandy
109018,WB_109018,15.58,0.18,-0.1717,-0.9852,0.7,1.07,Jalangi,5167.701119694528,16.69,34.5,48.81,non_sandy
109019,WB_109019,13.37,0.18,0.2988,-0.9543,0.72,-1.14,Jalangi,2630.748741889375,16.63,34.56,48.81,non_sandy
109020,WB_109020,14.85,0.18,-0.07,-0.9975,0.71,0.34,Jalangi,3650.1885900441216,16.65,34.52,48.83,non_sandy
109021,WB_109021,15.0,0.18,-0.1732,-0.9849,0.7,0.49,Jalangi,4636.47129076816,16.7,34.51,48.79,non_sandy
109022,WB_109022,13.52,0.17,0.5564,-0.8309,0.7,-0.99,Jalangi,1840.2064264898129,16.6,34.57,48.83,non_sandy
109023,WB_109023,15.75,0.18,-0.1096,-0.994,0.7,1.24,Jalangi,5687.031238007737,16.69,34.49,48.82,non_sandy
109024,WB_109024,15.61,0.18,0.8742,0.4855,0.6,0.32,Jalangi,5036.626951075072,16.6,34.65,48.75,non_sandy
109025,WB_109025,15.4,0.19,0.6945,0.7195,0.66,0.11,Jalangi,4618.795010356559,16.6,34.63,48.77,non_sandy
109026,WB_109026,15.18,0.18,0.7159,0.6982,0.65,-0.11,Jalangi,5429.394016707905,16.63,34.63,48.74,non_sandy
109027,WB_109027,15.95,0.18,0.9347,0.3554,0.6,0.66,Jalangi,4654.807112539451,16.57,34.67,48.76,non_sandy
109028,WB_109028,14.7,0.18,0.5869,0.8096,0.66,-0.59,Jalangi,4833.705357898263,16.63,34.61,48.76,non_sandy
109029,WB_109029,15.4,0.18,0.9651,0.2621,0.61,0.11,Jalangi,5541.735372060074,16.6,34.66,48.74,non_sandy
109030,WB_109030,15.85,0.18,0.8912,0.4536,0.6,0.56,Jalangi,4172.484818697623,16.58,34.65,48.77,non_sandy
109031,WB_109031,14.76,0.17,0.4845,0.8748,0.66,-0.53,Jalangi,5521.759950809439,16.65,34.61,48.74,non_sandy
109032,WB_109032,15.74,0.18,0.9858,0.1678,0.61,0.45,Jalangi,4972.311376502958,16.56,34.68,48.76,non_sandy
109033,WB_109033,14.59,0.18,0.1321,0.9912,0.68,-0.7,Jalangi,4302.163515284032,16.62,34.61,48.77,non_sandy
109034,WB_109034,15.04,0.18,0.8898,0.4564,0.6,-0.25,Jalangi,5959.737184108361,16.63,34.64,48.73,non_sandy
109035,WB_109035,15.86,0.18,-0.959,0.2834,0.6,0.17,Jalangi,7474.584586233772,16.54,34.75,48.71,non_sandy
109036,WB_109036,15.72,0.19,-0.9076,0.4198,0.59,0.03,Jalangi,7754.212925365779,16.58,34.73,48.69,non_sandy
109037,WB_109037,16.07,0.19,-0.9885,-0.1511,0.6,0.38,Jalangi,7887.3713007676715,16.54,34.77,48.69,non_sandy
109038,WB_109038,15.53,0.18,-0.9375,0.3479,0.6,-0.16,Jalangi,7112.754056463445,16.55,34.74,48.71,non_sandy
109039,WB_109039,16.02,0.19,-0.8943,0.4475,0.59,0.33,Jalangi,8263.879843821054,16.59,34.73,48.68,non_sandy
109040,WB_109040,15.69,0.18,-0.9966,-0.083,0.6,-0.0,Jalangi,7355.574279473094,16.51,34.78,48.71,non_sandy
109041,WB_109041,15.2,0.18,-0.8873,0.4611,0.59,-0.49,Jalangi,7416.513104003681,16.58,34.71,48.71,non_sandy
109042,WB_109042,16.3,0.18,-0.9978,-0.0663,0.59,0.61,Jalangi,8395.369948052168,16.56,34.76,48.68,non_sandy
109043,WB_109043,15.41,0.18,-0.9933,0.1155,0.59,-0.28,Jalangi,6778.12831586121,16.52,34.76,48.72,non_sandy
109044,WB_109044,15.25,0.18,-0.7709,0.637,0.59,-0.44,Jalangi,8201.7042589449,16.61,34.71,48.68,non_sandy
109045,WB_109045,15.58,0.16,0.5961,-0.8029,0.74,-0.11,Jalangi,7741.1392283830455,16.51,34.79,48.7,non_sandy
109046,WB_109046,14.06,0.17,-0.7969,0.6041,0.63,-0.18,Jalangi,9746.14556891032,16.5,34.87,48.63,non_sandy
109047,WB_109047,13.77,0.18,-0.9713,-0.2379,0.55,-0.47,Jalangi,9662.203080560816,16.51,34.84,48.65,non_sandy
109048,WB_109048,14.11,0.17,-0.8121,0.5835,0.59,-0.13,Jalangi,10281.983270302326,16.52,34.86,48.62,non_sandy
109049,WB_109049,14.1,0.18,-0.6052,0.796,0.66,-0.14,Jalangi,9251.952772707578,16.48,34.87,48.65,non_sandy
109050,WB_109050,14.09,0.16,-0.9725,-0.2328,0.55,-0.15,Jalangi,10147.353321111694,16.54,34.82,48.64,non_sandy
109051,WB_109051,14.71,0.17,-0.3431,0.9393,0.65,0.47,Jalangi,9995.69748770879,16.49,34.88,48.63,non_sandy
109052,WB_109052,13.7,0.17,-0.9733,0.2297,0.54,-0.54,Jalangi,9142.15358543764,16.5,34.85,48.65,non_sandy
109053,WB_109053,14.17,0.16,-0.924,-0.3823,0.55,-0.07,Jalangi,10685.958779718274,16.55,34.83,48.62,non_sandy
109054,WB_109054,14.99,0.17,-0.1056,0.9944,0.66,0.75,Jalangi,9233.132841220562,16.46,34.9,48.64,non_sandy
109055,WB_109055,14.33,0.16,0.6808,-0.7324,0.74,0.09,Jalangi,9757.882769087524,16.54,34.82,48.64,non_sandy
109056,WB_109056,14.63,0.17,-0.5508,0.8347,0.62,0.39,Jalangi,10565.892553689748,16.51,34.87,48.62,non_sandy
109057,WB_109057,15.28,0.18,0.9782,0.2078,0.57,0.05,Jalangi,11574.499534871022,16.45,34.96,48.59,non_sandy
109058,WB_109058,14.94,0.18,0.971,0.2393,0.59,-0.29,Jalangi,12145.538667175335,16.47,34.95,48.58,non_sandy
109059,WB_109059,15.39,0.17,0.9444,0.3288,0.58,0.16,Jalangi,11418.528038968772,16.43,34.99,48.58,non_sandy
109060,WB_109060,15.19,0.18,0.9968,0.0798,0.61,-0.04,Jalangi,11748.432344564948,16.48,34.94,48.58,non_sandy
109061,WB_109061,15.2,0.17,0.8716,0.4903,0.59,-0.03,Jalangi,12220.02360815364,16.46,34.98,48.56,non_sandy
109062,WB_109062,15.53,0.17,0.9987,0.0512,0.58,0.3,Jalangi,11007.578582367123,16.43,34.98,48.59,non_sandy
109063,WB_109063,14.75,0.18,0.991,0.1339,0.61,-0.48,Jalangi,12396.957606709691,16.5,34.93,48.57,non_sandy
109064,WB_109064,15.56,0.17,0.8349,0.5504,0.58,0.33,Jalangi,11613.441053610706,16.42,35.0,48.58,non_sandy
109065,WB_109065,15.57,0.18,0.9999,0.0144,0.61,0.34,Jalangi,11245.537155117114,16.47,34.94,48.59,non_sandy
109066,WB_109066,14.73,0.18,0.963,0.2696,0.6,-0.5,Jalangi,12710.895395200045,16.49,34.96,48.55,non_sandy
109067,WB_109067,15.38,0.16,0.9763,0.2163,0.58,0.15,Jalangi,10841.644356405637,16.4,35.0,48.6,non_sandy
109068,WB_109068,15.57,0.18,0.0387,-0.9993,0.7,-0.3,Jalangi,13259.411949778212,16.4,35.08,48.52,non_sandy
109069,WB_109069,16.03,0.18,0.0152,-0.9999,0.68,0.16,Jalangi,12984.0907166687,16.4,35.07,48.53,non_sandy
109070,WB_109070,16.37,0.18,-0.1825,-0.9832,0.67,0.5,Jalangi,13901.046143686204,16.43,35.06,48.51,non_sandy
109071,WB_109071,14.86,0.18,-0.0476,-0.9989,0.76,-1.01,Jalangi,12658.034993008,16.38,35.1,48.52,non_sandy
109072,WB_109072,16.78,0.18,0.0055,-1.0,0.67,0.91,Jalangi,13495.916818988764,16.43,35.05,48.52,non_sandy
109073,WB_109073,15.42,0.18,0.0195,-0.9998,0.7,-0.45,Jalangi,13716.346741687372,16.42,35.08,48.5,non_sandy
109074,WB_109074,15.36,0.18,-0.0186,-0.9998,0.76,-0.51,Jalangi,12329.484290017906,16.37,35.09,48.54,non_sandy
109075,WB_109075,16.93,0.18,0.0269,-0.9996,0.67,1.06,Jalangi,14266.310331083476,16.45,35.03,48.52,non_sandy
109076,WB_109076,14.41,0.18,-0.0094,-1.0,0.74,-1.46,Jalangi,12797.991898372287,16.37,35.11,48.52,non_sandy
109077,WB_109077,16.57,0.18,-0.0607,-0.9982,0.67,0.7,Jalangi,12908.893996389264,16.41,35.05,48.54,non_sandy
109078,WB_109078,16.23,0.18,-0.07,-0.9975,0.71,0.36,Jalangi,14399.207646879038,16.45,35.05,48.5,non_sandy
109079,WB_109079,15.99,0.18,0.8367,0.5477,0.56,0.2,Jalangi,13399.463564024585,16.35,35.19,48.46,non_sandy
109080,WB_109080,15.67,0.16,-0.2419,0.9703,0.59,-0.12,Jalangi,13512.211559514884,16.36,35.17,48.47,non_sandy
109081,WB_109081,15.76,0.16,0.8424,0.5389,0.56,-0.03,Jalangi,14037.3721226101,16.37,35.17,48.46,non_sandy
109082,WB_109082,16.3,0.18,0.8963,0.4435,0.58,0.51,Jalangi,12822.838925203429,16.33,35.2,48.47,non_sandy
109083,WB_109083,15.44,0.16,-0.3362,0.9418,0.59,-0.35,Jalangi,14173.701133986819,16.39,35.15,48.46,non_sandy
109084,WB_109084,15.89,0.17,0.9249,0.3801,0.58,0.1,Jalangi,13504.232307670858,16.34,35.2,48.46,non_sandy
109085,WB_109085,15.83,0.16,0.1078,0.9942,0.58,0.04,Jalangi,12932.032131188826,16.34,35.18,48.48,non_sandy
109086,WB_109086,15.71,0.17,-0.6457,0.7636,0.59,-0.08,Jalangi,14639.889212757504,16.4,35.15,48.45,non_sandy
109087,WB_109087,16.4,0.17,0.8618,0.5073,0.58,0.61,Jalangi,12602.629452436093,16.31,35.22,48.47,non_sandy
109088,WB_109088,15.1,0.17,-0.3739,0.9274,0.59,-0.69,Jalangi,13856.930749193918,16.39,35.14,48.47,non_sandy
109089,WB_109089,15.59,0.18,0.9237,0.3831,0.59,-0.2,Jalangi,14183.062495378115,16.37,35.19,48.44,non_sandy
109090,WB_109090,17.04,0.17,-0.2227,0.9749,0.63,0.41,Jalangi,13627.104636745958,16.3,35.3,48.4,non_sandy
109091,WB_109091,16.33,0.18,-0.3869,0.9221,0.67,-0.3,Jalangi,13916.374318388887,16.32,35.27,48.41,non_sandy
109092,WB_109092,17.09,0.17,-0.7525,0.6586,0.63,0.46,Jalangi,14196.534659940879,16.32,35.29,48.39,non_sandy
109093,WB_109093,16.87,0.17,-0.7868,0.6173,0.61,0.24,Jalangi,13122.74274686472,16.28,35.3,48.42,non_sandy
109094,WB_109094,15.83,0.18,-0.2234,0.9747,0.74,-0.8,Jalangi,14581.348663096855,16.35,35.25,48.4,non_sandy
109095,WB_109095,17.29,0.17,-0.7457,0.6662,0.58,0.66,Jalangi,13550.05835276917,16.29,35.31,48.4,non_sandy
109096,WB_109096,16.22,0.18,-0.3334,0.9428,0.67,-0.41,Jalangi,13432.9376194229,16.3,35.27,48.43,non_sandy
109097,WB_109097,16.54,0.18,-0.4228,0.9062,0.67,-0.09,Jalangi,14842.242294292319,16.35,35.27,48.38,non_sandy
109098,WB_109098,16.96,0.18,-0.9466,0.3225,0.61,0.33,Jalangi,12750.786929041331,16.26,35.32,48.42,non_sandy
109099,WB_109099,15.34,0.18,-0.2967,0.955,0.74,-1.29,Jalangi,14428.842400591879,16.35,35.24,48.41,non_sandy
109100,WB_109100,17.41,0.17,-0.7792,0.6267,0.58,0.78,Jalangi,14155.98563291765,16.31,35.31,48.38,non_sandy
109101,WB_109101,14.92,0.18,-0.9943,0.1063,0.58,-0.37,Jalangi,13824.650635428561,16.25,35.4,48.35,non_sandy
109102,WB_109102,15.22,0.18,-0.9353,-0.3537,0.63,-0.07,Jalangi,14427.041843877127,16.28,35.37,48.35,non_sandy
109103,WB_109103,15.22,0.18,-0.9036,0.4283,0.61,-0.07,Jalangi,14126.570562562176,16.25,35.41,48.34,non_sandy
109104,WB_109104,14.77,0.18,-0.9983,-0.059,0.59,-0.52,Jalangi,13582.722012422762,16.24,35.39,48.37,non_sandy
109105,WB_109105,15.47,0.17,-0.8728,-0.4881,0.63,0.18,Jalangi,14963.27263772157,16.3,35.37,48.33,non_sandy
109106,WB_109106,15.3,0.18,-0.9394,0.3428,0.61,0.01,Jalangi,13364.203049849799,16.22,35.43,48.35,non_sandy
109107,WB_109107,15.42,0.18,-0.847,-0.5316,0.63,0.13,Jalangi,14235.745303714766,16.28,35.36,48.36,non_sandy
109108,WB_109108,15.49,0.18,-0.9982,0.0601,0.59,0.2,Jalangi,14734.257188087435,16.28,35.39,48.33,non_sandy
109109,WB_109109,14.81,0.18,-0.9487,0.3162,0.61,-0.48,Jalangi,12954.013200613877,16.22,35.42,48.36,non_sandy
109110,WB_109110,15.89,0.18,-0.907,-0.4211,0.63,0.6,Jalangi,15170.419853240728,16.31,35.35,48.34,non_sandy
109111,WB_109111,15.68,0.18,-0.9322,0.3621,0.61,0.39,Jalangi,13685.425136375792,16.23,35.43,48.34,non_sandy
109112,WB_109112,15.39,0.19,0.9983,0.0579,0.61,-0.32,Jalangi,14484.112769901958,16.22,35.49,48.29,non_sandy
109113,WB_109113,15.77,0.18,0.9558,0.294,0.62,0.06,Jalangi,13832.176074119596,16.19,35.52,48.29,non_sandy
109114,WB_109114,15.69,0.18,0.9957,-0.0929,0.61,-0.02,Jalangi,14239.08563938018,16.22,35.48,48.3,non_sandy
109115,WB_109115,15.26,0.19,0.9899,0.1416,0.63,-0.45,Jalangi,14672.07604821514,16.23,35.5,48.27,non_sandy
109116,WB_109116,16.01,0.18,0.9332,0.3594,0.62,0.3,Jalangi,13337.92106603272,16.18,35.52,48.3,non_sandy
109117,WB_109117,15.52,0.18,0.9973,-0.0739,0.61,-0.19,Jalangi,14994.234374125388,16.25,35.46,48.29,non_sandy
109118,WB_109118,15.97,0.18,0.869,0.4947,0.62,0.26,Jalangi,13943.596174574071,16.19,35.53,48.28,non_sandy
109119,WB_109119,16.04,0.18,0.9985,0.0555,0.62,0.33,Jalangi,13659.67085669109,16.2,35.49,48.31,non_sandy
109120,WB_109120,15.04,0.19,0.9986,-0.0525,0.61,-0.67,Jalangi,15322.711837718847,16.25,35.47,48.28,non_sandy
109121,WB_109121,16.26,0.18,0.9531,0.3026,0.62,0.55,Jalangi,13039.24795572188,16.16,35.54,48.3,non_sandy
109122,WB_109122,15.88,0.18,0.9952,-0.0979,0.61,0.17,Jalangi,14733.426606384357,16.25,35.46,48.29,non_sandy
109123,WB_109123,17.26,0.18,0.1557,-0.9878,0.66,0.11,Jalangi,14447.324605505826,16.17,35.6,48.23,non_sandy
109124,WB_109124,17.03,0.18,0.0785,-0.9969,0.7,-0.12,Jalangi,13782.380691517435,16.14,35.62,48.24,non_sandy
109125,WB_109125,17.76,0.17,0.4385,-0.8987,0.58,0.61,Jalangi,14824.640326715464,16.19,35.58,48.23,non_sandy
109126,WB_109126,16.45,0.18,0.0266,-0.9996,0.7,-0.7,Jalangi,14065.95305096257,16.15,35.63,48.22,non_sandy
109127,WB_109127,17.65,0.17,0.5532,-0.833,0.6,0.5,Jalangi,13884.769123999684,16.16,35.6,48.24,non_sandy
109128,WB_109128,17.49,0.16,0.1748,-0.9846,0.58,0.34,Jalangi,15170.994927213671,16.2,35.59,48.21,non_sandy
109129,WB_109129,16.05,0.18,-0.0069,-1.0,0.7,-1.1,Jalangi,13305.404930210003,16.12,35.64,48.24,non_sandy
109130,WB_109130,17.79,0.16,0.501,-0.8655,0.58,0.64,Jalangi,14762.550548810867,16.19,35.57,48.24,non_sandy
109131,WB_109131,16.56,0.18,0.0921,-0.9957,0.68,-0.59,Jalangi,14616.073643746837,16.17,35.62,48.21,non_sandy
109132,WB_109132,17.0,0.18,0.087,-0.9962,0.7,-0.15,Jalangi,13192.252654533959,16.13,35.62,48.25,non_sandy
109133,WB_109133,17.58,0.17,0.8281,-0.5605,0.58,0.43,Jalangi,15572.567270655085,16.22,35.56,48.22,non_sandy
107777,WB_107777,7.705604076385498,2.839897989329606,0.9632369258082358,0.268653354268096,0.6842162886321363,1.286935794451967,Ganges,10935.571431218155,5.7,37.5,56.8,non_sandy
107778,WB_107778,4.843319892883301,0.1990772956997829,-0.8465427002597358,-0.5323208211567112,2.773779435668956,-1.9864713416612012,Ganges,14158.797260400808,6.2,35.5,58.3,non_sandy
107779,WB_107779,6.4693708419799805,3.1643471896239643,-0.9917616227036408,0.1280971651998653,2.2124469104892373,-1.72244564166739,Ganges,8686.371674561437,6.2,37.9,55.9,non_sandy
107780,WB_107780,7.218559265136719,2.849738602731976,0.1385926635428893,0.9903494704457044,2.686684725702067,0.2672335687747571,Ganges,11369.58505495532,5.7,37.9,56.4,non_sandy
107781,WB_107781,4.019452095031738,0.6005122503401367,-0.8033238763986519,0.5955423995047233,0.6661302840344966,-0.4589132967073972,Ganges,9459.177717061471,4.7,34.8,60.5,non_sandy
107782,WB_107782,8.890922546386719,1.180117140695052,0.2608922161632363,0.9653679358386807,1.9004048962638285,-0.882709680509949,Ganges,6607.86061057882,8.1,37.9,54.0,non_sandy
107783,WB_107783,7.825629711151123,1.0027727380941038,-0.4711946460321484,0.8820292543621432,2.0597085096925607,-2.375900646871729,Ganges,12590.222600614068,5.0,35.5,59.5,non_sandy
107784,WB_107784,4.903872966766357,0.4959126677009052,0.1003386152991613,-0.9949533467855902,1.5431894448786256,-0.6220468627519811,Ganges,8775.35558906746,6.8,39.1,54.1,non_sandy
109134,WB_109134,4.79,0.18,0.9577,-0.2876,0.54,-0.18,Vidyadhari,22174.575864911276,12.16,34.77,53.07,non_sandy
109135,WB_109135,5.11,0.17,0.9506,-0.3106,0.5,0.14,Vidyadhari,22621.369893259598,12.16,34.76,53.08,non_sandy
109136,WB_109136,4.78,0.18,0.8362,-0.5484,0.53,-0.19,Vidyadhari,21670.11540924388,12.18,34.75,53.07,non_sandy
109137,WB_109137,4.97,0.18,0.964,-0.2658,0.54,0.0,Hooghly/Ganga,22422.271526034714,12.14,34.78,53.08,non_sandy
109138,WB_109138,5.22,0.17,0.7915,-0.6112,0.5,0.25,Vidyadhari,22345.95456186013,12.18,34.74,53.08,non_sandy
109139,WB_109139,4.4,0.18,0.9563,-0.2924,0.54,-0.57,Vidyadhari,21622.639106164814,12.17,34.77,53.06,non_sandy
109140,WB_109140,5.3,0.17,0.9712,-0.2384,0.5,0.33,Hooghly/Ganga,22394.14867215053,12.13,34.77,53.1,non_sandy
109141,WB_109141,5.15,0.17,0.5464,-0.8375,0.5,0.18,Vidyadhari,21533.790864818064,12.2,34.74,53.06,non_sandy
109142,WB_109142,4.7,0.18,0.9657,-0.2598,0.54,-0.27,Hooghly/Ganga,22294.341190205945,12.13,34.79,53.08,non_sandy
109143,WB_109143,5.25,0.16,0.8342,-0.5514,0.5,0.28,Vidyadhari,22973.474168226712,12.16,34.74,53.1,non_sandy
109144,WB_109144,5.27,0.18,-0.0218,0.9998,0.6,0.21,Vidyadhari,20042.358941688304,12.17,34.82,53.01,non_sandy
109145,WB_109145,4.91,0.19,-0.0923,0.9957,0.64,-0.15,Vidyadhari,20439.58204027512,12.16,34.82,53.02,non_sandy
109146,WB_109146,4.82,0.18,-0.1657,0.9862,0.61,-0.24,Vidyadhari,19454.578443824248,12.2,34.81,52.99,non_sandy
109147,WB_109147,5.74,0.19,0.0013,1.0,0.6,0.68,Vidyadhari,20618.83233382777,12.15,34.84,53.01,non_sandy
109148,WB_109148,4.32,0.19,-0.1668,0.986,0.6,-0.74,Vidyadhari,20064.482016351318,12.18,34.8,53.02,non_sandy
109149,WB_109149,5.4,0.18,-0.0055,1.0,0.6,0.34,Vidyadhari,19503.40274231005,12.19,34.82,52.99,non_sandy
109150,WB_109150,5.36,0.19,0.0116,0.9999,0.65,0.3,Vidyadhari,21063.778693255997,12.14,34.83,53.03,non_sandy
109151,WB_109151,4.35,0.18,-0.2541,0.9672,0.61,-0.71,Vidyadhari,19226.457059654524,12.21,34.79,53.0,non_sandy
109152,WB_109152,6.08,0.18,-0.0219,0.9998,0.6,1.02,Vidyadhari,20403.15964054237,12.16,34.84,53.0,non_sandy
109153,WB_109153,4.39,0.18,-0.1573,0.9876,0.6,-0.67,Vidyadhari,20704.315032053313,12.16,34.81,53.03,non_sandy
109154,WB_109154,5.15,0.18,0.9924,0.1234,0.54,-0.03,Vidyadhari,19184.748841931316,12.18,34.88,52.94,non_sandy
109155,WB_109155,5.3,0.19,0.9977,0.0675,0.59,0.12,Vidyadhari,19148.125338466496,12.19,34.87,52.94,non_sandy
109156,WB_109156,4.78,0.19,0.9859,0.1675,0.55,-0.4,Vidyadhari,18514.74976602231,12.2,34.87,52.93,non_sandy
109157,WB_109157,5.46,0.18,0.9953,0.0971,0.54,0.28,Vidyadhari,19794.898220800344,12.16,34.89,52.95,non_sandy
109158,WB_109158,5.0,0.19,0.9964,0.0844,0.59,-0.18,Vidyadhari,18485.64492805073,12.21,34.85,52.94,non_sandy
109159,WB_109159,5.07,0.18,0.9787,0.2052,0.54,-0.11,Vidyadhari,19000.71426752282,12.18,34.89,52.93,non_sandy
109160,WB_109160,5.71,0.19,0.9986,0.0522,0.54,0.53,Vidyadhari,19772.464670254554,12.17,34.88,52.95,non_sandy
109161,WB_109161,4.51,0.19,0.9971,0.0762,0.59,-0.67,Vidyadhari,17928.714847183513,12.23,34.86,52.91,non_sandy
109162,WB_109162,5.41,0.18,0.9965,0.0834,0.54,0.23,Vidyadhari,19950.104898718546,12.15,34.9,52.95,non_sandy
109163,WB_109163,5.4,0.19,0.9988,0.0492,0.59,0.22,Vidyadhari,18874.81088042238,12.2,34.85,52.95,non_sandy
109164,WB_109164,6.79,0.17,0.3429,0.9394,0.52,0.09,Vidyadhari,17771.569975567403,12.21,34.93,52.86,non_sandy
109165,WB_109165,7.01,0.17,0.6324,0.7746,0.49,0.31,Vidyadhari,18496.832357940384,12.18,34.95,52.87,non_sandy
109166,WB_109166,6.52,0.17,0.3225,0.9466,0.53,-0.18,Vidyadhari,17938.078045844355,12.21,34.92,52.87,non_sandy
109167,WB_109167,6.84,0.16,0.3564,0.9343,0.49,0.14,Vidyadhari,17659.38593715371,12.21,34.94,52.85,non_sandy
109168,WB_109168,6.94,0.17,0.4444,0.8958,0.5,0.24,Vidyadhari,18944.14023791127,12.17,34.94,52.89,non_sandy
109169,WB_109169,6.28,0.17,0.2769,0.9609,0.51,-0.42,Vidyadhari,17169.660014555015,12.23,34.91,52.86,non_sandy
109170,WB_109170,6.91,0.16,0.7747,0.6323,0.49,0.21,Vidyadhari,17983.282716991063,12.18,34.96,52.86,non_sandy
109171,WB_109171,6.44,0.17,0.1497,0.9887,0.53,-0.26,Vidyadhari,18493.2452424576,12.19,34.92,52.89,non_sandy
109172,WB_109172,6.53,0.17,0.448,0.894,0.52,-0.17,Vidyadhari,16954.782840097985,12.24,34.92,52.84,non_sandy
109173,WB_109173,5.6,0.17,-0.9956,0.0933,0.49,0.02,Vidyadhari,14357.85370267868,12.2,35.0,52.8,non_sandy
109174,WB_109174,5.57,0.16,-0.9878,0.1559,0.46,-0.01,Vidyadhari,14779.128160426308,12.22,34.98,52.8,non_sandy
109175,WB_109175,5.8,0.17,-0.9037,0.4283,0.47,0.22,Vidyadhari,13759.350856116418,12.22,34.99,52.79,non_sandy
109176,WB_109176,5.39,0.17,-0.9776,-0.2106,0.49,-0.19,Vidyadhari,14927.877642314399,12.19,35.0,52.81,non_sandy
109177,WB_109177,5.49,0.16,-0.6733,0.7394,0.46,-0.09,Vidyadhari,14366.522543799781,12.24,34.97,52.79,non_sandy
109178,WB_109178,5.83,0.17,-0.9496,0.3136,0.49,0.25,Vidyadhari,13782.909490523982,12.2,35.01,52.79,non_sandy
109179,WB_109179,5.6,0.15,-0.916,-0.4011,0.46,0.02,Vidyadhari,15419.911864941469,12.2,34.98,52.82,non_sandy
109180,WB_109180,5.68,0.16,-0.9537,0.3009,0.46,0.1,Vidyadhari,13495.432035329883,12.25,34.98,52.77,non_sandy
109181,WB_109181,5.28,0.17,-0.961,-0.2766,0.49,-0.3,Vidyadhari,14644.298240759534,12.17,35.02,52.81,non_sandy
109182,WB_109182,6.54,0.18,0.0067,-1.0,0.57,0.16,Vidyadhari,10025.942771708413,12.23,35.04,52.73,non_sandy
109183,WB_109183,6.03,0.18,0.0501,-0.9987,0.61,-0.35,Vidyadhari,10268.992143401578,12.21,35.06,52.73,non_sandy
109184,WB_109184,6.89,0.18,-0.0152,-0.9999,0.56,0.51,Vidyadhari,10630.08611623883,12.23,35.03,52.74,non_sandy
109185,WB_109185,6.07,0.18,-0.0365,-0.9993,0.61,-0.31,Vidyadhari,9487.345387767959,12.23,35.05,52.72,non_sandy
109186,WB_109186,6.25,0.18,0.004,-1.0,0.64,-0.13,Vidyadhari,10949.216814600471,12.2,35.06,52.74,non_sandy
109187,WB_109187,6.95,0.18,-0.0244,-0.9997,0.56,0.57,Vidyadhari,10001.959159858638,12.26,35.02,52.72,non_sandy
109188,WB_109188,5.43,0.18,0.0101,-0.9999,0.61,-0.95,Vidyadhari,9744.494294075757,12.2,35.07,52.73,non_sandy
109189,WB_109189,6.85,0.18,-0.1132,-0.9936,0.56,0.47,Vidyadhari,11278.598881219159,12.22,35.04,52.74,non_sandy
109190,WB_109190,6.37,0.18,0.0592,-0.9982,0.57,-0.01,Vidyadhari,9152.04467790567,12.26,35.04,52.7,non_sandy
109191,WB_109191,5.46,0.19,-1.0,0.0036,0.59,-0.09,Vidyadhari,6207.642033012601,12.24,35.1,52.66,non_sandy
109192,WB_109192,5.83,0.19,-0.998,0.0627,0.58,0.28,Vidyadhari,5462.230894377652,12.24,35.11,52.65,non_sandy
109193,WB_109193,5.14,0.19,-0.9977,0.0683,0.55,-0.41,Vidyadhari,6460.408259348466,12.22,35.11,52.67,non_sandy
109194,WB_109194,5.81,0.19,-0.9998,0.018,0.59,0.26,Vidyadhari,5907.818528144833,12.26,35.09,52.65,non_sandy
109195,WB_109195,5.66,0.19,-0.9993,0.0381,0.58,0.11,Vidyadhari,5412.471093580177,12.22,35.13,52.65,non_sandy
109196,WB_109196,5.06,0.19,-1.0,0.0093,0.59,-0.49,Vidyadhari,6963.697130504068,12.23,35.1,52.67,non_sandy
109197,WB_109197,6.23,0.19,-0.9995,0.0313,0.59,0.68,Vidyadhari,5087.770422377276,12.27,35.1,52.63,non_sandy
109198,WB_109198,5.2,0.19,-0.9917,0.1285,0.6,-0.35,Vidyadhari,6247.310811468699,12.2,35.13,52.67,non_sandy
109199,WB_109199,5.57,0.19,-1.0,0.0031,0.59,0.02,Vidyadhari,6473.280499264383,12.27,35.08,52.65,non_sandy
109200,WB_109200,4.8,0.18,0.2546,-0.967,0.56,-0.06,Vidyadhari,1243.2879234327213,12.26,35.16,52.58,non_sandy
109201,WB_109201,4.49,0.17,0.1261,-0.992,0.53,-0.37,Vidyadhari,1247.2631084236411,12.23,35.18,52.59,non_sandy
109202,WB_109202,5.2,0.17,0.1923,-0.9813,0.55,0.34,Vidyadhari,1946.0838952816266,12.26,35.15,52.59,non_sandy
109203,WB_109203,4.52,0.17,0.3999,-0.9166,0.53,-0.34,Vidyadhari,601.3900908054799,12.26,35.16,52.58,non_sandy
109204,WB_109204,4.73,0.17,0.3564,-0.9343,0.57,-0.13,Vidyadhari,1928.5111216993616,12.22,35.18,52.6,non_sandy
109205,WB_109205,5.43,0.18,0.1698,-0.9855,0.55,0.57,Vidyadhari,1467.4905639790413,12.28,35.14,52.58,non_sandy
109206,WB_109206,4.34,0.17,0.2435,-0.9699,0.53,-0.52,Vidyadhari,586.1305407736521,12.23,35.19,52.58,non_sandy
109207,WB_109207,5.3,0.18,0.1997,-0.9799,0.56,0.44,Vidyadhari,2541.0704505498525,12.24,35.15,52.61,non_sandy
109208,WB_109208,4.9,0.18,0.1519,-0.9884,0.56,0.04,Vidyadhari,470.5711890962011,12.29,35.15,52.56,non_sandy
109209,WB_109209,5.88,0.16,-0.1632,0.9866,0.46,0.03,Vidyadhari,3484.273015494124,12.27,35.22,52.51,non_sandy
109210,WB_109210,6.02,0.17,0.5255,0.8508,0.51,0.17,Vidyadhari,3028.8595025675545,12.24,35.23,52.53,non_sandy
109211,WB_109211,5.68,0.16,-0.279,0.9603,0.5,-0.17,Vidyadhari,2972.7016360450116,12.28,35.2,52.52,non_sandy
109212,WB_109212,5.98,0.16,0.4611,0.8874,0.49,0.13,Vidyadhari,3926.6181020045087,12.26,35.23,52.51,non_sandy
109213,WB_109213,5.7,0.16,-0.4505,0.8928,0.51,-0.15,Vidyadhari,2354.284778522352,12.24,35.22,52.54,non_sandy
109214,WB_109214,5.9,0.16,-0.825,0.5651,0.5,0.05,Vidyadhari,3730.3103968265364,12.3,35.2,52.5,non_sandy
109215,WB_109215,6.34,0.17,0.3377,0.9413,0.49,0.49,Vidyadhari,3427.379459283259,12.23,35.25,52.52,non_sandy
109216,WB_109216,5.35,0.17,-0.5229,0.8524,0.51,-0.5,Vidyadhari,2280.8037589101245,12.27,35.2,52.53,non_sandy
109217,WB_109217,5.81,0.17,0.8856,0.4645,0.5,-0.04,Vidyadhari,4442.634619373096,12.28,35.23,52.49,non_sandy
109218,WB_109218,5.05,0.18,0.4182,0.9084,0.58,-0.01,Vidyadhari,8059.329970843979,12.27,35.28,52.45,non_sandy
109219,WB_109219,4.91,0.17,0.4558,0.8901,0.57,-0.15,Vidyadhari,7299.0897781858175,12.27,35.28,52.45,non_sandy
109220,WB_109220,4.67,0.17,0.6205,0.7842,0.55,-0.39,Vidyadhari,8235.037965738034,12.3,35.27,52.43,non_sandy
109221,WB_109221,5.46,0.18,0.3299,0.944,0.58,0.4,Vidyadhari,7856.990785197908,12.25,35.3,52.45,non_sandy
109222,WB_109222,4.63,0.17,0.5396,0.8419,0.55,-0.43,Vidyadhari,7168.901637818359,12.29,35.26,52.45,non_sandy
109223,WB_109223,5.22,0.18,0.3494,0.937,0.58,0.16,Vidyadhari,8803.736778823108,12.28,35.28,52.44,non_sandy
109224,WB_109224,5.29,0.17,0.5067,0.8622,0.55,0.23,Vidyadhari,6994.5821313594915,12.24,35.29,52.47,non_sandy
109225,WB_109225,4.44,0.17,0.4679,0.8838,0.55,-0.62,Vidyadhari,7948.538174444593,12.31,35.25,52.44,non_sandy
109226,WB_109226,5.9,0.18,0.3592,0.9333,0.58,0.84,Vidyadhari,8532.182034015874,12.25,35.31,52.44,non_sandy
109227,WB_109227,6.89,0.19,0.9999,0.0149,0.58,0.19,Vidyadhari,12299.884829841123,12.28,35.34,52.38,non_sandy
109228,WB_109228,6.6,0.18,0.9921,0.1258,0.56,-0.1,Vidyadhari,12214.634034130153,12.3,35.32,52.38,non_sandy
109229,WB_109229,6.55,0.18,0.9974,0.0715,0.61,-0.15,Vidyadhari,13008.127083647834,12.28,35.35,52.37,non_sandy
109230,WB_109230,7.09,0.19,0.9821,0.1882,0.57,0.39,Vidyadhari,11648.037131055506,12.27,35.33,52.4,non_sandy
109231,WB_109231,6.23,0.18,0.9882,0.1529,0.56,-0.47,Vidyadhari,12866.022579870636,12.32,35.32,52.36,non_sandy
109232,WB_109232,6.88,0.18,0.9999,0.0116,0.58,0.18,Vidyadhari,12606.599440026377,12.26,35.36,52.38,non_sandy
109233,WB_109233,6.62,0.18,0.9515,0.3077,0.57,-0.08,Vidyadhari,11531.939087140516,12.3,35.31,52.39,non_sandy
109234,WB_109234,6.11,0.19,0.9993,0.0376,0.57,-0.59,Ichamati,12927.691817419221,12.3,35.34,52.36,non_sandy
109235,WB_109235,7.32,0.18,0.9994,0.0342,0.58,0.62,Vidyadhari,11599.311540759798,12.25,35.35,52.4,non_sandy
109236,WB_109236,6.55,0.18,-0.1898,0.9818,0.57,-0.04,Ichamati,10674.76590635222,12.29,35.39,52.32,non_sandy
109237,WB_109237,6.67,0.18,-0.3927,0.9197,0.6,0.08,Ichamati,9979.826773568182,12.32,35.38,52.3,non_sandy
109238,WB_109238,6.95,0.18,-0.4628,0.8864,0.6,0.36,Ichamati,10620.46021543439,12.28,35.41,52.31,non_sandy
109239,WB_109239,6.06,0.18,-0.2081,0.9781,0.57,-0.53,Ichamati,10644.73873703544,12.31,35.37,52.32,non_sandy
109240,WB_109240,7.23,0.18,-0.4648,0.8854,0.6,0.64,Ichamati,9657.279094587562,12.3,35.4,52.3,non_sandy
109241,WB_109241,6.5,0.18,-0.483,0.8756,0.61,-0.09,Ichamati,11288.487916976943,12.27,35.4,52.33,non_sandy
109242,WB_109242,6.06,0.18,-0.1109,0.9938,0.61,-0.53,Ichamati,9861.11549857705,12.34,35.37,52.29,non_sandy
109243,WB_109243,7.3,0.18,-0.5522,0.8337,0.6,0.71,Ichamati,10172.118456960958,12.27,35.42,52.31,non_sandy
109244,WB_109244,5.97,0.17,-0.1474,0.9891,0.57,-0.62,Ichamati,11292.67844896643,12.3,35.37,52.33,non_sandy
109245,WB_109245,6.34,0.18,0.3834,-0.9236,0.55,-0.07,Ichamati,6644.200583826796,12.3,35.46,52.24,non_sandy
109246,WB_109246,6.83,0.18,0.5851,-0.811,0.54,0.42,Ichamati,6973.872371052558,12.31,35.44,52.25,non_sandy
109247,WB_109247,6.3,0.17,0.4588,-0.8885,0.54,-0.11,Ichamati,6028.897706653341,12.32,35.45,52.23,non_sandy
109248,WB_109248,6.36,0.18,0.1322,-0.9912,0.61,-0.05,Ichamati,7224.536863327338,12.28,35.46,52.26,non_sandy
109249,WB_109249,6.76,0.17,0.6651,-0.7467,0.54,0.35,Ichamati,6508.856589241289,12.34,35.43,52.23,non_sandy
109250,WB_109250,5.97,0.17,0.2525,-0.9676,0.55,-0.44,Ichamati,6146.649435441602,12.3,35.47,52.23,non_sandy
109251,WB_109251,7.04,0.18,0.619,-0.7854,0.54,0.63,Ichamati,7613.725997132967,12.3,35.44,52.26,non_sandy
109252,WB_109252,6.32,0.18,0.6275,-0.7786,0.54,-0.09,Ichamati,5698.428594674903,12.35,35.43,52.22,non_sandy
109253,WB_109253,5.77,0.18,0.023,-0.9997,0.61,-0.64,Ichamati,7029.183749610875,12.27,35.48,52.25,non_sandy
109254,WB_109254,7.12,0.18,-0.98,-0.1988,0.53,0.05,Ichamati,3154.6110041036845,12.32,35.5,52.18,non_sandy
109255,WB_109255,7.46,0.18,-0.9772,-0.2125,0.53,0.39,Ichamati,2482.136198952646,12.34,35.5,52.16,non_sandy
109256,WB_109256,6.91,0.17,-0.9302,-0.367,0.53,-0.16,Ichamati,3027.3371812343967,12.3,35.52,52.18,non_sandy
109257,WB_109257,7.17,0.18,-0.9907,-0.136,0.55,0.1,Ichamati,3233.8940365449066,12.34,35.49,52.17,non_sandy
109258,WB_109258,7.3,0.18,-0.9234,-0.3837,0.55,0.23,Ichamati,2093.6511242305824,12.33,35.51,52.16,non_sandy
109259,WB_109259,6.7,0.18,-0.9832,-0.1823,0.53,-0.37,Ichamati,3721.439656334812,12.29,35.52,52.19,non_sandy
109260,WB_109260,7.51,0.18,-0.9878,-0.1558,0.55,0.44,Ichamati,2478.9337796131267,12.36,35.48,52.16,non_sandy
109261,WB_109261,6.73,0.18,-0.878,-0.4786,0.53,-0.34,Ichamati,2535.529705808429,12.3,35.53,52.17,non_sandy
109262,WB_109262,6.77,0.18,-0.9978,-0.0664,0.55,-0.3,Ichamati,3882.3193058408538,12.32,35.49,52.19,non_sandy
109263,WB_109263,5.25,0.17,-0.968,-0.2511,0.51,-0.16,Ichamati,1130.9149345057601,12.33,35.57,52.1,non_sandy
109264,WB_109264,5.3,0.18,-0.816,-0.5781,0.57,-0.11,Ichamati,424.517047369965,12.33,35.56,52.11,non_sandy
109265,WB_109265,5.62,0.17,-0.8191,-0.5736,0.55,0.21,Ichamati,1439.8441732290698,12.36,35.55,52.09,non_sandy
109266,WB_109266,5.0,0.18,-0.9448,-0.3276,0.51,-0.41,Ichamati,815.5471889359877,12.31,35.58,52.11,non_sandy
109267,WB_109267,5.78,0.18,-0.6799,-0.7333,0.57,0.37,Ichamati,580.528130243534,12.35,35.54,52.11,non_sandy
109268,WB_109268,5.54,0.17,-0.9691,-0.2467,0.51,0.13,Ichamati,1868.1477803663065,12.34,35.57,52.09,non_sandy
109269,WB_109269,5.02,0.18,-0.8448,-0.5351,0.54,-0.39,Ichamati,9.812643770586249,12.31,35.57,52.12,non_sandy
109270,WB_109270,5.94,0.17,-0.8627,-0.5057,0.55,0.53,Ichamati,1438.165079467312,12.38,35.54,52.08,non_sandy
109271,WB_109271,5.21,0.17,-0.9849,-0.1731,0.51,-0.2,Ichamati,1418.114740271152,12.31,35.59,52.1,non_sandy
109272,WB_109272,6.07,0.17,0.5688,-0.8225,0.53,-0.16,Ichamati,5478.939111300772,12.34,35.63,52.03,non_sandy
109273,WB_109273,6.4,0.17,-0.087,-0.9962,0.52,0.17,Ichamati,4811.515379530277,12.34,35.61,52.05,non_sandy
109274,WB_109274,6.21,0.17,0.2846,-0.9586,0.58,-0.02,Ichamati,5863.178421763588,12.37,35.61,52.02,non_sandy
109275,WB_109275,6.11,0.17,0.671,-0.7414,0.53,-0.12,Ichamati,5091.168872346619,12.32,35.64,52.04,non_sandy
109276,WB_109276,6.72,0.17,0.039,-0.9992,0.52,0.49,Ichamati,4919.681635241305,12.37,35.6,52.03,non_sandy
109277,WB_109277,5.67,0.17,0.6804,-0.7328,0.53,-0.56,Ichamati,6207.001810455632,12.35,35.63,52.02,non_sandy
109278,WB_109278,6.36,0.17,0.0597,-0.9982,0.52,0.13,Ichamati,4327.557366156191,12.32,35.62,52.06,non_sandy
109279,WB_109279,6.73,0.18,-0.0525,-0.9986,0.57,0.5,Ichamati,5805.64120241425,12.39,35.6,52.01,non_sandy
109280,WB_109280,5.81,0.17,0.6339,-0.7734,0.53,-0.42,Ichamati,5642.357569867855,12.31,35.65,52.04,non_sandy
109281,WB_109281,5.67,0.18,-0.4022,0.9155,0.58,-0.04,Ichamati,8903.540593343909,12.35,35.68,51.97,non_sandy
109282,WB_109282,5.37,0.18,-0.3787,0.9255,0.56,-0.34,Ichamati,9588.854916340088,12.38,35.66,51.96,non_sandy
109283,WB_109283,6.13,0.18,-0.3108,0.9505,0.57,0.42,Ichamati,9118.573491051742,12.35,35.69,51.96,non_sandy
109284,WB_109284,5.27,0.18,-0.5399,0.8417,0.56,-0.44,Ichamati,8744.729349077208,12.35,35.67,51.98,non_sandy
109285,WB_109285,5.7,0.18,-0.5671,0.8237,0.6,-0.01,Ichamati,10067.375406147528,12.39,35.66,51.95,non_sandy
109286,WB_109286,6.32,0.18,-0.254,0.9672,0.58,0.61,Ichamati,8353.560908123463,12.33,35.7,51.97,non_sandy
109287,WB_109287,5.06,0.17,-0.4665,0.8845,0.56,-0.65,Ichamati,9007.1224421119,12.38,35.65,51.97,non_sandy
109288,WB_109288,6.24,0.18,-0.2787,0.9604,0.57,0.53,Ichamati,9691.755002358525,12.37,35.68,51.95,non_sandy
109289,WB_109289,5.64,0.18,-0.3231,0.9463,0.58,-0.07,Ichamati,8068.562694849074,12.32,35.69,51.99,non_sandy
109290,WB_109290,5.94,0.19,0.9949,0.1005,0.57,-0.07,Ichamati,10268.974438362147,12.37,35.74,51.89,non_sandy
109291,WB_109291,6.16,0.19,0.9999,-0.0122,0.59,0.15,Ichamati,10277.326924837493,12.37,35.73,51.9,non_sandy
109292,WB_109292,5.55,0.19,1.0,0.0002,0.55,-0.46,Ichamati,10962.815059855835,12.39,35.73,51.88,non_sandy
109293,WB_109293,6.34,0.19,0.9969,0.0791,0.57,0.33,Ichamati,9635.488230735224,12.34,35.75,51.91,non_sandy
109294,WB_109294,5.95,0.19,0.9986,-0.0532,0.59,-0.06,Ichamati,10951.709600482,12.4,35.71,51.89,non_sandy
109295,WB_109295,5.77,0.18,0.9937,0.112,0.56,-0.24,Ichamati,10486.294828929482,12.37,35.75,51.88,non_sandy
109296,WB_109296,6.6,0.19,0.9987,-0.0506,0.59,0.59,Ichamati,9625.359529714828,12.35,35.73,51.92,non_sandy
109297,WB_109297,5.46,0.18,1.0,0.0009,0.58,-0.55,Ichamati,11552.798699371622,12.41,35.71,51.88,non_sandy
109298,WB_109298,6.3,0.19,0.9956,0.0934,0.57,0.29,Ichamati,9502.26170921239,12.33,35.76,51.91,non_sandy
109299,WB_109299,7.47,0.18,0.3767,0.9263,0.56,0.08,Ichamati,11869.306965223888,12.39,35.79,51.82,non_sandy
109300,WB_109300,7.8,0.18,0.5025,0.8646,0.57,0.41,Ichamati,11112.854949836816,12.37,35.8,51.83,non_sandy
109301,WB_109301,6.94,0.18,0.3112,0.9503,0.59,-0.45,Ichamati,11990.297573173671,12.4,35.77,51.83,non_sandy
109302,WB_109302,7.78,0.18,0.3727,0.9279,0.56,0.39,Ichamati,11717.10162752496,12.38,35.8,51.82,non_sandy
109303,WB_109303,7.44,0.18,0.2557,0.9667,0.61,0.05,Ichamati,10931.23738847209,12.36,35.79,51.85,non_sandy
109304,WB_109304,6.97,0.18,0.2154,0.9765,0.59,-0.42,Ichamati,12592.630313767808,12.42,35.77,51.81,non_sandy
109305,WB_109305,8.07,0.17,0.4311,0.9023,0.56,0.68,Ichamati,10860.530658902466,12.35,35.81,51.84,non_sandy
109306,WB_109306,6.59,0.18,0.2439,0.9698,0.59,-0.8,Ichamati,11659.727278290531,12.39,35.77,51.84,non_sandy
109307,WB_109307,7.45,0.18,0.519,0.8548,0.6,0.06,Ichamati,12398.685957975795,12.41,35.79,51.8,non_sandy
109308,WB_109308,6.54,0.17,0.638,0.77,0.5,-0.03,Ichamati,13096.732293697709,12.4,35.84,51.76,non_sandy
109309,WB_109309,6.72,0.16,-0.2277,0.9737,0.47,0.15,Ichamati,13271.362389429718,12.4,35.85,51.75,non_sandy
109310,WB_109310,6.68,0.16,0.8808,0.4735,0.47,0.11,Ichamati,12438.994549644836,12.38,35.85,51.77,non_sandy
109311,WB_109311,6.31,0.17,0.7431,0.6692,0.5,-0.26,Ichamati,13708.78257528224,12.42,35.83,51.75,non_sandy
109312,WB_109312,6.78,0.16,-0.0558,0.9984,0.47,0.21,Ichamati,12760.601280422961,12.37,35.87,51.76,non_sandy
109313,WB_109313,6.67,0.17,0.998,0.0633,0.5,0.1,Ichamati,12792.747940064188,12.4,35.83,51.77,non_sandy
109314,WB_109314,6.68,0.16,-0.2047,0.9788,0.47,0.11,Ichamati,13911.639770901576,12.42,35.84,51.74,non_sandy
109315,WB_109315,6.59,0.15,-0.9907,0.1364,0.44,0.02,Ichamati,12004.594413000807,12.36,35.86,51.78,non_sandy
109316,WB_109316,6.16,0.17,0.6599,0.7513,0.5,-0.41,Ichamati,13757.815343664055,12.43,35.81,51.76,non_sandy
109317,WB_109317,7.87,0.18,0.2,-0.9798,0.54,0.05,Ichamati,16079.649425151681,12.4,35.91,51.69,non_sandy
109318,WB_109318,8.18,0.17,0.3237,-0.9462,0.5,0.36,Ichamati,16016.13339595686,12.42,35.89,51.69,non_sandy
109319,WB_109319,7.66,0.17,0.0333,-0.9994,0.54,-0.16,Ichamati,16746.774584104096,12.41,35.91,51.68,non_sandy
109320,WB_109320,7.98,0.17,0.2919,-0.9564,0.52,0.16,Ichamati,15467.57105686047,12.39,35.91,51.7,non_sandy
109321,WB_109321,8.07,0.17,0.3525,-0.9358,0.5,0.25,Ichamati,16636.541602458,12.44,35.88,51.68,non_sandy
109322,WB_109322,7.26,0.18,0.1434,-0.9897,0.54,-0.56,Ichamati,16425.843588444422,12.38,35.93,51.69,non_sandy
109323,WB_109323,8.19,0.16,0.3953,-0.9186,0.5,0.37,Ichamati,15406.613252456824,12.41,35.88,51.71,non_sandy
109324,WB_109324,7.66,0.17,0.2897,-0.9571,0.54,-0.16,Ichamati,17249.79029124702,12.43,35.9,51.67,non_sandy
109325,WB_109325,7.52,0.17,0.0763,-0.9971,0.54,-0.3,Ichamati,15460.771334313495,12.37,35.92,51.71,non_sandy
109326,WB_109326,37.92,0.48,0.9601,-0.2797,1.41,-0.1,Subarnarekha,2684.915439027721,33.04,31.27,35.69,non_sandy
109327,WB_109327,38.19,0.47,0.9718,-0.2358,1.36,0.17,Subarnarekha,1902.8966474705924,33.04,31.26,35.7,non_sandy
109328,WB_109328,37.78,0.47,0.8439,-0.5365,1.38,-0.24,Subarnarekha,2821.6362322367536,33.07,31.26,35.67,non_sandy
109329,WB_109329,38.18,0.48,0.9934,-0.1149,1.38,0.16,Subarnarekha,2516.989078046555,33.02,31.28,35.7,non_sandy
109330,WB_109330,38.21,0.47,0.887,-0.4618,1.36,0.19,Subarnarekha,1726.4326085878834,33.07,31.25,35.68,non_sandy
109331,WB_109331,37.62,0.48,0.9788,-0.2048,1.38,-0.4,Subarnarekha,3436.3900083977715,33.05,31.27,35.68,non_sandy
109332,WB_109332,38.43,0.48,0.9734,-0.2291,1.36,0.41,Subarnarekha,1631.098565205775,33.02,31.27,35.71,non_sandy
109333,WB_109333,37.99,0.47,0.6717,-0.7408,1.39,-0.03,Subarnarekha,2489.810188501608,33.09,31.24,35.67,non_sandy
109334,WB_109334,38.04,0.48,0.9979,-0.0652,1.4,0.02,Subarnarekha,3219.510261814706,33.01,31.29,35.7,non_sandy
109335,WB_109335,38.36,0.47,0.9364,-0.351,1.36,0.34,Subarnarekha,1101.7904639149062,33.05,31.25,35.7,non_sandy
109336,WB_109336,37.49,0.48,0.934,-0.3572,1.36,-0.53,Subarnarekha,3581.904271652487,33.07,31.26,35.67,non_sandy
109337,WB_109337,38.86,0.49,-0.0531,0.9986,1.44,0.16,Subarnarekha,7751.391753386751,33.05,31.32,35.63,non_sandy
109338,WB_109338,38.31,0.49,-0.3583,0.9336,1.45,-0.39,Subarnarekha,7364.434477751872,33.07,31.3,35.63,non_sandy
109339,WB_109339,39.16,0.48,-0.0839,0.9965,1.42,0.46,Subarnarekha,8462.06346256303,33.06,31.32,35.62,non_sandy
109340,WB_109340,38.5,0.49,-0.2229,0.9748,1.46,-0.2,Subarnarekha,7080.740476465744,33.04,31.32,35.64,non_sandy
109341,WB_109341,38.52,0.48,-0.3589,0.9334,1.48,-0.18,Subarnarekha,7899.066160576847,33.09,31.3,35.61,non_sandy
109342,WB_109342,39.54,0.49,-0.0432,0.9991,1.44,0.84,Subarnarekha,8331.716078167437,33.03,31.34,35.63,non_sandy
109343,WB_109343,37.89,0.49,-0.3127,0.9498,1.44,-0.81,Subarnarekha,6624.282558411596,33.07,31.3,35.63,non_sandy
109344,WB_109344,39.09,0.48,-0.0724,0.9974,1.45,0.39,Subarnarekha,8840.16016580186,33.08,31.32,35.6,non_sandy
109345,WB_109345,39.07,0.49,-0.034,0.9994,1.51,0.37,Subarnarekha,7312.14330663566,33.02,31.33,35.65,non_sandy
109346,WB_109346,38.08,0.48,-0.3937,0.9192,1.44,-0.62,Subarnarekha,7192.288314335433,33.1,31.29,35.61,non_sandy
109347,WB_109347,38.71,0.48,0.979,0.2038,1.38,-0.16,Subarnarekha,12867.358509916323,33.08,31.36,35.56,non_sandy
109348,WB_109348,38.76,0.49,0.9366,0.3505,1.4,-0.11,Subarnarekha,13619.638738711157,33.07,31.37,35.56,non_sandy
109349,WB_109349,39.14,0.49,0.9701,0.2428,1.42,0.27,Subarnarekha,12475.81644192474,33.06,31.37,35.57,non_sandy
109350,WB_109350,38.38,0.49,0.9784,0.2067,1.38,-0.49,Subarnarekha,13266.53250209267,33.1,31.35,35.55,non_sandy
109351,WB_109351,39.19,0.48,0.9412,0.3378,1.41,0.32,Subarnarekha,13537.932667461204,33.04,31.38,35.58,non_sandy
109352,WB_109352,38.91,0.49,0.985,0.1727,1.44,0.04,Subarnarekha,12060.120986289892,33.08,31.35,35.57,non_sandy
109353,WB_109353,38.49,0.48,0.9203,0.3912,1.4,-0.38,Subarnarekha,14126.017169474322,33.09,31.37,35.54,non_sandy
109354,WB_109354,39.52,0.49,0.9486,0.3165,1.38,0.65,Subarnarekha,12575.811236135627,33.03,31.38,35.59,non_sandy
109355,WB_109355,38.43,0.48,0.9865,0.1639,1.38,-0.44,Subarnarekha,12637.748741333777,33.11,31.34,35.55,non_sandy
109356,WB_109356,39.14,0.49,0.9005,0.4348,1.41,0.27,Subarnarekha,14299.592643566717,33.05,31.39,35.56,non_sandy
109357,WB_109357,40.54,0.48,0.2178,0.976,1.44,-0.19,Subarnarekha,18260.971597943644,33.09,31.41,35.5,non_sandy
109358,WB_109358,41.06,0.48,0.4105,0.9119,1.44,0.33,Subarnarekha,18902.60494959111,33.08,31.42,35.5,non_sandy
109359,WB_109359,40.56,0.49,0.2829,0.9592,1.46,-0.17,Subarnarekha,17714.811208712126,33.08,31.41,35.51,non_sandy
109360,WB_109360,40.48,0.48,0.2742,0.9617,1.44,-0.25,Subarnarekha,18795.31899311451,33.11,31.41,35.48,non_sandy
109361,WB_109361,41.36,0.49,0.4722,0.8815,1.42,0.63,Subarnarekha,18627.695633009054,33.05,31.43,35.52,non_sandy
109362,WB_109362,39.95,0.49,0.1966,0.9805,1.44,-0.78,Subarnarekha,17503.67882220741,33.1,31.39,35.51,non_sandy
109363,WB_109363,40.93,0.48,0.5187,0.855,1.44,0.2,Subarnarekha,19534.34630510544,33.09,31.42,35.49,non_sandy
109364,WB_109364,40.92,0.49,0.2583,0.9661,1.46,0.19,Subarnarekha,17621.13609747029,33.05,31.42,35.53,non_sandy
109365,WB_109365,40.01,0.48,0.2783,0.9605,1.44,-0.72,Subarnarekha,18297.404627075368,33.13,31.39,35.48,non_sandy
109366,WB_109366,41.49,0.48,0.4459,0.8951,1.43,0.76,Subarnarekha,19408.586485185588,33.05,31.44,35.51,non_sandy
109367,WB_109367,40.29,0.48,0.6178,0.7864,1.41,0.15,Subarnarekha,23697.571113041886,33.09,31.47,35.44,non_sandy
109368,WB_109368,39.87,0.48,0.7342,0.679,1.43,-0.27,Subarnarekha,23360.134191196983,33.11,31.45,35.44,non_sandy
109369,WB_109369,40.4,0.48,0.3822,0.9241,1.41,0.26,Kangsabati,23892.860123884377,33.09,31.47,35.44,non_sandy
109370,WB_109370,40.33,0.48,0.7488,0.6628,1.4,0.19,Subarnarekha,23015.00516130869,33.08,31.47,35.45,non_sandy
109371,WB_109371,39.67,0.49,0.701,0.7132,1.42,-0.47,Subarnarekha,23929.804891174725,33.13,31.45,35.42,non_sandy
109372,WB_109372,40.64,0.47,0.4957,0.8685,1.36,0.5,Kangsabati,23919.4877723873,33.07,31.49,35.44,non_sandy
109373,WB_109373,39.95,0.48,0.8967,0.4427,1.44,-0.19,Subarnarekha,22613.954450982048,33.11,31.45,35.44,non_sandy
109374,WB_109374,40.28,0.48,0.3873,0.922,1.4,0.14,Kangsabati,23577.734730152504,33.11,31.47,35.42,non_sandy
109375,WB_109375,40.56,0.47,0.5671,0.8237,1.38,0.42,Subarnarekha,23197.46007714416,33.06,31.48,35.46,non_sandy
109376,WB_109376,39.37,0.48,0.631,0.7758,1.42,-0.77,Subarnarekha,23247.32203583661,33.14,31.44,35.42,non_sandy
109377,WB_109377,42.21,0.47,0.951,0.3092,1.35,0.04,Kangsabati,18910.455351813467,33.12,31.51,35.37,non_sandy
109378,WB_109378,42.43,0.47,0.9262,0.3771,1.32,0.26,Kangsabati,19223.93858330879,33.09,31.52,35.39,non_sandy
109379,WB_109379,42.02,0.47,0.7406,0.6719,1.37,-0.15,Kangsabati,19624.943559033403,33.13,31.5,35.37,non_sandy
109380,WB_109380,42.22,0.47,0.9466,0.3225,1.36,0.05,Kangsabati,18274.87330260732,33.1,31.53,35.37,non_sandy
109381,WB_109381,42.32,0.47,0.8067,0.591,1.37,0.15,Kangsabati,20038.734849351004,33.1,31.51,35.39,non_sandy
109382,WB_109382,41.84,0.47,0.8978,0.4403,1.35,-0.33,Kangsabati,18858.56302994646,33.14,31.5,35.36,non_sandy
109383,WB_109383,42.4,0.47,0.9875,0.1579,1.34,0.23,Kangsabati,18608.33056778163,33.07,31.54,35.39,non_sandy
109384,WB_109384,41.85,0.47,0.6803,0.7329,1.37,-0.32,Kangsabati,20406.7880330622,33.13,31.49,35.38,non_sandy
109385,WB_109385,41.93,0.47,0.9908,0.1354,1.36,-0.24,Kangsabati,17854.15459388583,33.12,31.52,35.36,non_sandy
109386,WB_109386,42.47,0.46,0.9142,0.4053,1.32,0.3,Kangsabati,19813.263701307205,33.07,31.53,35.4,non_sandy
109387,WB_109387,41.58,0.48,-0.3215,0.9469,1.38,-0.08,Kangsabati,13818.6728803252,33.13,31.56,35.31,non_sandy
109388,WB_109388,41.93,0.48,-0.7385,0.6743,1.39,0.27,Kangsabati,13125.783621844503,33.11,31.58,35.31,non_sandy
109389,WB_109389,41.41,0.47,-0.5467,0.8373,1.37,-0.25,Kangsabati,14393.670242999042,33.12,31.56,35.32,non_sandy
109390,WB_109390,41.81,0.48,-0.3156,0.9489,1.43,0.15,Kangsabati,13255.159493553467,33.14,31.56,35.3,non_sandy
109391,WB_109391,41.68,0.48,-0.8516,0.5241,1.41,0.02,Kangsabati,13408.354575574615,33.09,31.58,35.33,non_sandy
109392,WB_109392,41.17,0.47,-0.3232,0.9463,1.38,-0.49,Kangsabati,14631.65286376387,33.15,31.54,35.31,non_sandy
109393,WB_109393,42.32,0.48,-0.7842,0.6205,1.39,0.66,Kangsabati,12457.505249460459,33.12,31.58,35.3,non_sandy
109394,WB_109394,41.38,0.47,-0.5164,0.8563,1.37,-0.28,Kangsabati,14482.366186133782,33.09,31.57,35.34,non_sandy
109395,WB_109395,41.32,0.48,-0.0923,0.9957,1.43,-0.34,Kangsabati,13795.520315092732,33.17,31.54,35.29,non_sandy
109396,WB_109396,42.02,0.47,-0.7743,0.6328,1.39,0.36,Kangsabati,12574.220523682663,33.08,31.59,35.33,non_sandy
109397,WB_109397,42.63,0.48,0.2154,-0.9765,1.4,-0.07,Kangsabati,7886.011031834266,33.13,31.62,35.25,non_sandy
109398,WB_109398,43.0,0.47,0.5652,-0.8249,1.36,0.3,Kangsabati,8761.821145780847,33.13,31.61,35.26,non_sandy
109399,WB_109399,42.6,0.47,0.5428,-0.8398,1.37,-0.1,Kangsabati,7744.03028115783,33.15,31.61,35.24,non_sandy
109400,WB_109400,42.59,0.48,0.3378,-0.9412,1.4,-0.11,Kangsabati,8063.904479763667,33.11,31.63,35.26,non_sandy
109401,WB_109401,43.0,0.47,0.6631,-0.7485,1.36,0.3,Kangsabati,8970.214831066682,33.16,31.6,35.24,non_sandy
109402,WB_109402,42.27,0.47,0.4637,-0.886,1.38,-0.43,Kangsabati,7048.011477756044,33.13,31.63,35.24,non_sandy
109403,WB_109403,43.01,0.47,0.5836,-0.812,1.36,0.31,Kangsabati,9055.736619234538,33.11,31.62,35.27,non_sandy
109404,WB_109404,42.62,0.47,0.7718,-0.6359,1.39,-0.08,Kangsabati,8125.048317993054,33.17,31.6,35.23,non_sandy
109405,WB_109405,42.12,0.48,0.2151,-0.9766,1.4,-0.58,Kangsabati,7275.100200825005,33.1,31.64,35.26,non_sandy
109406,WB_109406,43.17,0.47,0.7494,-0.6621,1.36,0.47,Kangsabati,9662.8789541453,33.15,31.59,35.26,non_sandy
109407,WB_109407,43.08,0.49,-0.9598,0.2807,1.44,0.26,Kangsabati,2464.1390641649455,33.15,31.66,35.19,non_sandy
109408,WB_109408,42.67,0.49,-0.9752,0.2215,1.43,-0.15,Kangsabati,2684.929046482645,33.13,31.67,35.2,non_sandy
109409,WB_109409,42.82,0.49,-0.9631,0.2692,1.44,0.0,Kangsabati,3216.508776423322,33.17,31.65,35.18,non_sandy
109410,WB_109410,43.2,0.49,-0.9646,0.2638,1.47,0.38,Kangsabati,1788.8469841212088,33.14,31.68,35.18,non_sandy
109411,WB_109411,42.34,0.49,-0.9655,0.2603,1.44,-0.48,Kangsabati,3499.767206357937,33.13,31.66,35.21,non_sandy
109412,WB_109412,43.26,0.48,-0.9518,0.3067,1.43,0.44,Kangsabati,2508.345063214476,33.18,31.65,35.17,non_sandy
109413,WB_109413,42.72,0.49,-0.987,0.1607,1.48,-0.1,Kangsabati,2016.6939392990976,33.11,31.69,35.2,non_sandy
109414,WB_109414,42.43,0.49,-0.9637,0.267,1.44,-0.39,Kangsabati,3977.2996706327717,33.16,31.64,35.2,non_sandy
109415,WB_109415,43.55,0.49,-0.9705,0.2409,1.4,0.73,Kangsabati,1447.4747830033914,33.16,31.67,35.17,non_sandy
109416,WB_109416,42.13,0.49,-0.9783,0.2073,1.43,-0.69,Kangsabati,3186.850438479105,33.11,31.68,35.21,non_sandy
109417,WB_109417,42.38,0.48,-0.2202,-0.9754,1.39,-0.2,Kangsabati,2862.9086638049935,33.15,31.72,35.13,non_sandy
109418,WB_109418,42.86,0.48,0.0434,-0.9991,1.42,0.28,Kangsabati,2320.9209186549924,33.17,31.7,35.13,non_sandy
109419,WB_109419,42.24,0.48,-0.1654,-0.9862,1.38,-0.34,Kangsabati,3559.041223930382,33.16,31.72,35.12,non_sandy
109420,WB_109420,42.62,0.48,-0.0516,-0.9987,1.42,0.04,Kangsabati,2197.016339827806,33.14,31.72,35.14,non_sandy
109421,WB_109421,42.8,0.47,0.0357,-0.9994,1.43,0.22,Kangsabati,2780.2896484319467,33.19,31.7,35.11,non_sandy
109422,WB_109422,41.93,0.48,-0.2026,-0.9793,1.39,-0.65,Kangsabati,3517.426644847381,33.13,31.74,35.13,non_sandy
109423,WB_109423,43.19,0.48,0.1048,-0.9945,1.42,0.61,Kangsabati,1566.1106123615014,33.17,31.7,35.13,non_sandy
109424,WB_109424,42.42,0.48,-0.2799,-0.96,1.4,-0.16,Kangsabati,3836.2332369194773,33.18,31.72,35.1,non_sandy
109425,WB_109425,42.21,0.48,-0.1179,-0.993,1.45,-0.37,Kangsabati,2493.97317634681,33.12,31.73,35.15,non_sandy
109426,WB_109426,43.18,0.47,-0.0271,-0.9996,1.4,0.6,Kangsabati,1975.4401138968212,33.2,31.69,35.11,non_sandy
109427,WB_109427,43.76,0.48,-0.9997,-0.0237,1.43,0.16,Kangsabati,8208.178192638401,33.18,31.76,35.06,non_sandy
109428,WB_109428,43.58,0.47,-0.9972,-0.0744,1.36,-0.02,Kangsabati,8672.210778617828,33.16,31.78,35.06,non_sandy
109429,WB_109429,43.4,0.48,-0.9998,0.0181,1.4,-0.2,Kangsabati,7529.303844101974,33.17,31.76,35.07,non_sandy
109430,WB_109430,43.97,0.48,-0.986,-0.1669,1.4,0.37,Kangsabati,8859.779050543564,33.19,31.76,35.05,non_sandy
109431,WB_109431,43.3,0.47,-0.999,0.0458,1.37,-0.3,Kangsabati,8161.251538410691,33.14,31.78,35.08,non_sandy
109432,WB_109432,43.77,0.48,-0.9988,-0.0483,1.43,0.17,Kangsabati,7473.533859539144,33.2,31.74,35.06,non_sandy
109433,WB_109433,43.64,0.47,-0.8875,-0.4608,1.4,0.04,Kangsabati,9410.44059358133,33.16,31.78,35.06,non_sandy
109434,WB_109434,43.0,0.49,-0.9994,0.0344,1.4,-0.6,Kangsabati,7197.53322418189,33.15,31.76,35.09,non_sandy
109435,WB_109435,44.22,0.48,-0.9882,-0.1535,1.37,0.62,Kangsabati,8453.383933927742,33.21,31.75,35.04,non_sandy
109436,WB_109436,43.4,0.48,-0.9974,0.0724,1.4,-0.2,Kangsabati,8888.060368395027,33.13,31.79,35.08,non_sandy
109437,WB_109437,42.37,0.47,-0.6369,-0.7709,1.33,-0.18,Kangsabati,13348.878164626958,33.18,31.81,35.01,non_sandy
109438,WB_109438,42.57,0.47,-0.7773,-0.6292,1.35,0.02,Kangsabati,13743.32321119489,33.2,31.81,34.99,non_sandy
109439,WB_109439,42.27,0.47,-0.9396,-0.3422,1.35,-0.28,Kangsabati,13969.055291468869,33.16,31.83,35.01,non_sandy
109440,WB_109440,42.66,0.47,-0.6425,-0.7663,1.36,0.11,Kangsabati,12803.921206956937,33.19,31.8,35.01,non_sandy
109441,WB_109441,42.58,0.46,-0.9444,-0.3289,1.35,0.03,Kangsabati,14498.810885050401,33.2,31.82,34.98,non_sandy
109442,WB_109442,42.26,0.47,-0.7726,-0.6349,1.33,-0.29,Kangsabati,13193.26886281533,33.15,31.83,35.02,non_sandy
109443,WB_109443,42.87,0.47,-0.6712,-0.7413,1.33,0.32,Kangsabati,13179.24208031972,33.22,31.79,34.99,non_sandy
109444,WB_109444,42.45,0.47,-0.9899,-0.1421,1.35,-0.1,Kangsabati,14717.591783492015,33.16,31.84,35.0,non_sandy
109445,WB_109445,42.64,0.47,-0.3121,-0.9501,1.36,0.09,Kangsabati,12324.964683660148,33.17,31.81,35.02,non_sandy
109446,WB_109446,42.85,0.47,-0.811,-0.585,1.35,0.3,Kangsabati,14373.69265409963,33.22,31.8,34.98,non_sandy
109447,WB_109447,44.12,0.46,-0.7875,-0.6164,1.3,0.04,Kangsabati,18648.892297977658,33.2,31.86,34.94,non_sandy
109448,WB_109448,44.04,0.46,0.1756,-0.9845,1.34,-0.04,Kangsabati,19455.054636800523,33.2,31.86,34.94,non_sandy
109449,WB_109449,44.1,0.45,0.32,-0.9474,1.31,0.02,Kangsabati,18721.691130782623,33.17,31.87,34.96,non_sandy
109450,WB_109450,44.29,0.46,-0.7472,-0.6646,1.3,0.21,Kangsabati,18626.77057395299,33.22,31.85,34.93,non_sandy
109451,WB_109451,43.91,0.46,0.6228,-0.7824,1.33,-0.17,Kangsabati,19843.663659592065,33.18,31.88,34.94,non_sandy
109452,WB_109452,43.99,0.46,-0.929,-0.37,1.3,-0.09,Kangsabati,17943.466756379537,33.19,31.86,34.95,non_sandy
109453,WB_109453,44.2,0.46,-0.0899,-0.996,1.34,0.12,Kangsabati,19534.01200161328,33.23,31.85,34.92,non_sandy
109454,WB_109454,44.19,0.46,0.9849,0.173,1.32,0.11,Kangsabati,19244.070289895506,33.16,31.89,34.95,non_sandy
109455,WB_109455,44.2,0.46,-0.8201,-0.5723,1.3,0.12,Kangsabati,17863.88388709833,33.22,31.84,34.94,non_sandy
109456,WB_109456,43.72,0.47,0.6797,-0.7335,1.33,-0.36,Kangsabati,20355.353741175542,33.2,31.88,34.92,non_sandy
109457,WB_109457,43.17,0.47,-0.5585,0.8295,1.35,-0.21,Kangsabati,24309.172613608447,33.22,31.91,34.87,non_sandy
109458,WB_109458,43.47,0.48,-0.2894,0.9572,1.41,0.09,Kangsabati,24681.39200078113,33.19,31.92,34.89,non_sandy
109459,WB_109459,42.96,0.47,-0.5734,0.8193,1.35,-0.42,Kangsabati,23588.083543149132,33.21,31.9,34.89,non_sandy
109460,WB_109460,43.49,0.47,-0.4644,0.8856,1.39,0.11,Kangsabati,24988.50664908832,33.22,31.91,34.87,non_sandy
109461,WB_109461,43.38,0.48,-0.3625,0.932,1.43,0.0,Kangsabati,24130.949089087422,33.18,31.93,34.89,non_sandy
109462,WB_109462,43.04,0.47,-0.6489,0.7609,1.36,-0.34,Kangsabati,23738.830453311253,33.24,31.89,34.87,non_sandy
109463,WB_109463,43.9,0.48,-0.4398,0.8981,1.38,0.52,Kangsabati,25428.5887596788,33.2,31.93,34.87,non_sandy
109464,WB_109464,42.99,0.47,-0.4169,0.9089,1.36,-0.39,Kangsabati,23192.80205545796,33.19,31.91,34.9,non_sandy
109465,WB_109465,43.44,0.48,-0.6853,0.7283,1.4,0.06,Kangsabati,24772.78097212463,33.25,31.9,34.85,non_sandy
109466,WB_109466,43.93,0.48,-0.1394,0.9902,1.41,0.55,Kangsabati,24834.01015211103,33.16,31.94,34.9,non_sandy
109467,WB_109467,44.48,0.48,0.9865,-0.1641,1.4,-0.2,Rupnarayan,22600.818693727124,33.23,31.96,34.81,non_sandy
109468,WB_109468,44.85,0.48,0.9998,0.0183,1.4,0.17,Rupnarayan,23180.79805498805,33.2,31.97,34.83,non_sandy
109469,WB_109469,44.64,0.48,0.9971,-0.0765,1.37,-0.04,Rupnarayan,22908.24473445902,33.24,31.95,34.81,non_sandy
109470,WB_109470,44.36,0.49,0.9844,-0.1757,1.45,-0.32,Rupnarayan,22379.118159196012,33.22,31.97,34.81,non_sandy
109471,WB_109471,45.03,0.48,0.9876,0.1573,1.4,0.35,Rupnarayan,23685.860353652384,33.2,31.96,34.84,non_sandy
109472,WB_109472,44.38,0.47,0.9756,-0.2195,1.38,-0.3,Rupnarayan,22186.885384488956,33.26,31.95,34.79,non_sandy
109473,WB_109473,44.86,0.49,0.9949,0.1007,1.45,0.18,Rupnarayan,23045.3585556177,33.19,31.99,34.82,non_sandy
109474,WB_109474,44.79,0.48,0.9824,0.1866,1.4,0.11,Rupnarayan,23502.0609860104,33.23,31.94,34.83,non_sandy
109475,WB_109475,44.04,0.48,0.9959,-0.0899,1.39,-0.64,Rupnarayan,21783.22193525573,33.24,31.96,34.8,non_sandy
109476,WB_109476,45.34,0.49,0.9996,0.0272,1.4,0.66,Rupnarayan,23912.467860470937,33.18,31.98,34.84,non_sandy
109477,WB_109477,44.76,0.49,-0.0857,0.9963,1.45,-0.35,Rupnarayan,19501.652446811888,33.24,32.01,34.75,non_sandy
109478,WB_109478,45.47,0.49,-0.0247,0.9997,1.51,0.36,Rupnarayan,19555.471735736235,33.23,32.02,34.75,non_sandy
109479,WB_109479,44.7,0.49,-0.0824,0.9966,1.49,-0.41,Rupnarayan,20134.49525988906,33.22,32.01,34.77,non_sandy
109480,WB_109480,44.9,0.49,-0.1352,0.9908,1.49,-0.21,Rupnarayan,18925.873653668856,33.26,32.0,34.74,non_sandy
109481,WB_109481,45.73,0.49,0.0315,0.9995,1.5,0.62,Rupnarayan,20193.867747946504,33.2,32.03,34.77,non_sandy
109482,WB_109482,44.17,0.49,-0.1227,0.9924,1.45,-0.94,Rupnarayan,19701.162361091945,33.25,31.99,34.76,non_sandy
109483,WB_109483,45.61,0.49,0.0236,0.9997,1.51,0.5,Rupnarayan,18982.023612970173,33.24,32.02,34.74,non_sandy
109484,WB_109484,45.09,0.49,-0.036,0.9994,1.49,-0.02,Rupnarayan,20687.841207728514,33.2,32.02,34.78,non_sandy
109485,WB_109485,44.41,0.49,-0.2373,0.9714,1.49,-0.7,Rupnarayan,18797.87027739562,33.28,31.99,34.73,non_sandy
109486,WB_109486,46.22,0.49,-0.0125,0.9999,1.49,1.11,Rupnarayan,19884.051039536625,33.2,32.04,34.76,non_sandy
109487,WB_109487,45.46,0.49,0.9778,0.2097,1.43,-0.06,Rupnarayan,17649.077026599298,33.24,32.07,34.69,non_sandy
109488,WB_109488,45.69,0.49,0.9904,0.1379,1.42,0.17,Rupnarayan,17806.869073727572,33.24,32.06,34.7,non_sandy
109489,WB_109489,45.03,0.49,0.985,0.1727,1.41,-0.49,Rupnarayan,16967.706983800937,33.26,32.05,34.69,non_sandy
109490,WB_109490,45.84,0.49,0.9832,0.1824,1.43,0.32,Rupnarayan,18281.950385233195,33.22,32.08,34.7,non_sandy
109491,WB_109491,45.39,0.49,0.9902,0.1396,1.46,-0.13,Rupnarayan,17239.92710104611,33.26,32.04,34.7,non_sandy
109492,WB_109492,45.22,0.49,0.9714,0.2373,1.43,-0.3,Rupnarayan,17317.072156701666,33.25,32.07,34.68,non_sandy
109493,WB_109493,46.14,0.49,0.9906,0.1371,1.42,0.62,Rupnarayan,18471.022862200985,33.22,32.07,34.71,non_sandy
109494,WB_109494,44.85,0.49,0.9841,0.1777,1.41,-0.67,Rupnarayan,16496.09907239731,33.29,32.04,34.67,non_sandy
109495,WB_109495,45.77,0.49,0.9792,0.2031,1.43,0.25,Rupnarayan,18305.755029092757,33.21,32.09,34.7,non_sandy
109496,WB_109496,45.81,0.49,0.9902,0.1398,1.46,0.29,Rupnarayan,17795.70271502295,33.25,32.04,34.71,non_sandy
109497,WB_109497,46.85,0.49,0.2378,0.9713,1.46,-0.18,Rupnarayan,16833.76675497397,33.26,32.1,34.64,non_sandy
109498,WB_109498,47.36,0.48,0.2028,0.9792,1.43,0.33,Rupnarayan,17228.288199734307,33.26,32.12,34.62,non_sandy
109499,WB_109499,47.01,0.48,0.1415,0.9899,1.46,-0.02,Rupnarayan,17454.495348026914,33.24,32.11,34.65,non_sandy
109500,WB_109500,46.69,0.48,0.1143,0.9935,1.46,-0.34,Rupnarayan,16290.273559803061,33.28,32.1,34.62,non_sandy
109501,WB_109501,47.67,0.48,0.2443,0.9697,1.4,0.64,Rupnarayan,17980.190601911454,33.23,32.13,34.64,non_sandy
109502,WB_109502,46.32,0.49,0.0372,0.9993,1.48,-0.71,Rupnarayan,16719.351817572548,33.27,32.1,34.63,non_sandy
109503,WB_109503,47.17,0.48,0.2694,0.963,1.43,0.14,Rupnarayan,16736.778802341745,33.27,32.11,34.62,non_sandy
109504,WB_109504,47.38,0.48,0.1585,0.9874,1.48,0.35,Rupnarayan,18188.761376374867,33.22,32.13,34.65,non_sandy
109505,WB_109505,46.1,0.49,0.1927,0.9813,1.46,-0.93,Rupnarayan,15838.192986818216,33.3,32.08,34.62,non_sandy
109506,WB_109506,47.72,0.48,0.2434,0.9699,1.4,0.69,Rupnarayan,17910.679834615905,33.24,32.13,34.63,non_sandy
109507,WB_109507,46.59,0.47,0.9296,0.3686,1.36,0.12,Rupnarayan,18576.04138514999,33.26,32.16,34.58,non_sandy
109508,WB_109508,46.28,0.48,0.8979,0.4403,1.39,-0.2,Rupnarayan,17727.269306962848,33.29,32.15,34.56,non_sandy
109509,WB_109509,46.66,0.47,0.6949,0.7191,1.36,0.18,Rupnarayan,18958.369375662412,33.26,32.17,34.57,non_sandy
109510,WB_109510,46.67,0.47,0.9868,0.1619,1.37,0.2,Rupnarayan,18204.48731649047,33.26,32.16,34.58,non_sandy
109511,WB_109511,46.18,0.48,0.7555,0.6551,1.41,-0.3,Rupnarayan,17763.284140318206,33.3,32.15,34.55,non_sandy
109512,WB_109512,46.71,0.46,0.8215,0.5701,1.33,0.23,Rupnarayan,19464.306219791593,33.23,32.18,34.59,non_sandy
109513,WB_109513,46.29,0.48,0.9474,0.3199,1.41,-0.19,Rupnarayan,17237.55325010165,33.29,32.14,34.57,non_sandy
109514,WB_109514,46.71,0.47,0.4445,0.8958,1.35,0.23,Rupnarayan,18817.871190705493,33.27,32.17,34.56,non_sandy
109515,WB_109515,46.85,0.47,0.9185,0.3955,1.35,0.38,Rupnarayan,18932.315710627787,33.24,32.17,34.59,non_sandy
109516,WB_109516,45.81,0.48,0.9007,0.4344,1.39,-0.66,Rupnarayan,16936.93586981301,33.32,32.14,34.54,non_sandy
109517,WB_109517,48.54,0.46,0.8453,0.5344,1.29,0.21,Rupnarayan,21262.835008124617,33.27,32.21,34.52,non_sandy
109518,WB_109518,48.37,0.46,0.6604,0.7509,1.34,0.04,Rupnarayan,20345.169868870198,33.3,32.2,34.5,non_sandy
109519,WB_109519,48.45,0.46,0.6708,0.7416,1.3,0.12,Rupnarayan,21598.67856021181,33.28,32.22,34.5,non_sandy
109520,WB_109520,48.46,0.46,0.6441,0.7649,1.31,0.13,Rupnarayan,20923.57843679544,33.27,32.21,34.52,non_sandy
109521,WB_109521,48.26,0.46,0.5797,0.8148,1.34,-0.07,Rupnarayan,20309.212152198375,33.31,32.2,34.49,non_sandy
109522,WB_109522,48.43,0.45,0.9978,-0.0661,1.29,0.1,Rupnarayan,22199.071581591197,33.25,32.23,34.52,non_sandy
109523,WB_109523,48.15,0.46,0.23,0.9732,1.34,-0.18,Rupnarayan,19879.485267594355,33.3,32.19,34.51,non_sandy
109524,WB_109524,48.26,0.46,0.9939,0.1104,1.3,-0.07,Rupnarayan,21374.330272904604,33.3,32.21,34.49,non_sandy
109525,WB_109525,48.44,0.46,0.0242,0.9997,1.31,0.11,Rupnarayan,21722.30897445053,33.24,32.22,34.54,non_sandy
109526,WB_109526,47.98,0.47,0.7324,0.6809,1.34,-0.35,Rupnarayan,19464.806484084063,33.33,32.18,34.49,non_sandy
109527,WB_109527,47.45,0.47,-0.7587,0.6514,1.35,-0.09,Rupnarayan,24242.75327126695,33.3,32.25,34.45,non_sandy
109528,WB_109528,47.74,0.48,-0.8062,0.5916,1.38,0.2,Rupnarayan,24911.943965771745,33.3,32.26,34.44,non_sandy
109529,WB_109529,47.33,0.47,-0.945,0.3271,1.34,-0.21,Rupnarayan,24817.098908495627,33.27,32.26,34.47,non_sandy
109530,WB_109530,47.41,0.47,-0.5782,0.8159,1.35,-0.13,Rupnarayan,23762.383678366125,33.32,32.24,34.44,non_sandy
109531,WB_109531,47.73,0.48,-0.9231,0.3846,1.4,0.19,Rupnarayan,25721.128707303116,33.27,32.28,34.45,non_sandy
109532,WB_109532,47.34,0.46,-0.6192,0.7852,1.35,-0.2,Rupnarayan,23836.998797987908,33.29,32.25,34.46,non_sandy
109533,WB_109533,47.83,0.47,-0.787,0.617,1.38,0.29,Rupnarayan,24514.011084853184,33.32,32.25,34.43,non_sandy
109534,WB_109534,47.24,0.48,-0.9952,0.0978,1.4,-0.3,Rupnarayan,25678.11550862424,33.25,32.28,34.47,non_sandy
109535,WB_109535,47.22,0.47,-0.7142,0.6999,1.35,-0.32,Rupnarayan,23038.60711216696,33.33,32.23,34.44,non_sandy
109536,WB_109536,48.15,0.48,-0.8899,0.4563,1.4,0.61,Rupnarayan,25843.5772073642,33.29,32.27,34.44,non_sandy
109537,WB_109537,4.02,0.14,0.0861,-0.9963,0.41,0.13,Subarnarekha,14605.848192662514,16.47,38.5,45.03,non_sandy
109538,WB_109538,3.92,0.15,0.0357,-0.9994,0.42,0.03,Subarnarekha,15233.733211757519,16.49,38.49,45.02,non_sandy
109539,WB_109539,3.63,0.15,0.0574,-0.9983,0.46,-0.26,Subarnarekha,14790.043854591091,16.45,38.51,45.04,non_sandy
109540,WB_109540,4.28,0.15,0.0504,-0.9987,0.41,0.39,Subarnarekha,14472.11133470636,16.48,38.48,45.04,non_sandy
109541,WB_109541,3.53,0.15,0.0811,-0.9967,0.47,-0.36,Subarnarekha,15659.6968531868,16.48,38.5,45.02,non_sandy
109542,WB_109542,3.91,0.15,0.0198,-0.9998,0.48,0.02,Subarnarekha,14097.7792981204,16.45,38.5,45.05,non_sandy
109543,WB_109543,4.13,0.15,0.1685,-0.9857,0.44,0.24,Subarnarekha,15175.154698919701,16.5,38.48,45.02,non_sandy
109544,WB_109544,3.23,0.15,0.0122,-0.9999,0.46,-0.66,Subarnarekha,15304.394049891134,16.45,38.52,45.03,non_sandy
109545,WB_109545,4.34,0.15,0.0351,-0.9994,0.41,0.45,Subarnarekha,13854.878238771355,16.47,38.49,45.04,non_sandy
109546,WB_109546,2.94,0.15,-0.9894,-0.1455,0.45,-0.12,Subarnarekha,18770.55849992115,16.5,38.53,44.97,non_sandy
109547,WB_109547,3.27,0.15,-0.9996,0.029,0.43,0.21,Subarnarekha,19188.799209983332,16.52,38.52,44.96,non_sandy
109548,WB_109548,3.0,0.16,-0.9991,-0.0429,0.44,-0.06,Subarnarekha,19222.392692727306,16.49,38.54,44.97,non_sandy
109549,WB_109549,2.95,0.15,-0.9882,-0.1535,0.41,-0.11,Subarnarekha,18380.721196003225,16.5,38.52,44.98,non_sandy
109550,WB_109550,3.54,0.15,-0.9981,0.0618,0.4,0.48,Subarnarekha,19790.87783580786,16.52,38.53,44.95,non_sandy
109551,WB_109551,2.6,0.16,-0.9932,-0.1166,0.43,-0.46,Subarnarekha,18538.85290264049,16.47,38.54,44.99,non_sandy
109552,WB_109552,3.2,0.15,-0.9929,0.1191,0.43,0.14,Subarnarekha,18839.77481318735,16.53,38.51,44.96,non_sandy
109553,WB_109553,3.34,0.16,-0.9995,0.0325,0.44,0.28,Subarnarekha,19842.568109696273,16.5,38.54,44.96,non_sandy
109554,WB_109554,2.69,0.14,-0.9871,-0.1601,0.41,-0.37,Subarnarekha,17910.07939125059,16.48,38.53,44.99,non_sandy
109555,WB_109555,4.23,0.15,-0.2062,-0.9785,0.41,0.08,Subarnarekha,23398.110563791637,16.54,38.56,44.9,non_sandy
109556,WB_109556,4.04,0.15,-0.1212,-0.9926,0.43,-0.11,Subarnarekha,22962.46064002518,16.52,38.56,44.92,non_sandy
109557,WB_109557,4.5,0.15,-0.3255,-0.9455,0.41,0.35,Subarnarekha,22961.13329045003,16.55,38.55,44.9,non_sandy
109558,WB_109558,3.88,0.15,-0.1091,-0.994,0.44,-0.27,Subarnarekha,23773.400279972324,16.54,38.57,44.89,non_sandy
109559,WB_109559,4.19,0.15,-0.3211,-0.9471,0.44,0.04,Subarnarekha,22367.844248220954,16.52,38.56,44.92,non_sandy
109560,WB_109560,4.42,0.15,-0.2356,-0.9718,0.43,0.27,Subarnarekha,23650.44003337209,16.57,38.54,44.89,non_sandy
109561,WB_109561,3.67,0.15,-0.1919,-0.9814,0.43,-0.48,Subarnarekha,23294.33963320365,16.51,38.58,44.91,non_sandy
109562,WB_109562,4.52,0.14,-0.362,-0.9322,0.41,0.37,Subarnarekha,22343.469590031153,16.54,38.54,44.92,non_sandy
109563,WB_109563,3.93,0.15,-0.0682,-0.9977,0.44,-0.22,Subarnarekha,24257.55167696529,16.56,38.56,44.88,non_sandy
109564,WB_109564,2.88,0.15,-0.8203,-0.5719,0.42,-0.05,Subarnarekha,27027.82299435399,16.57,38.59,44.84,non_sandy
109565,WB_109565,3.12,0.15,-0.9634,-0.268,0.42,0.19,Subarnarekha,27695.454556596214,16.58,38.58,44.84,non_sandy
109566,WB_109566,2.62,0.15,-0.9415,-0.3369,0.41,-0.31,Subarnarekha,27100.619774222643,16.55,38.6,44.85,non_sandy
109567,WB_109567,3.09,0.14,-0.862,-0.5069,0.42,0.16,Subarnarekha,26998.066494661365,16.59,38.57,44.84,non_sandy
109568,WB_109568,3.08,0.15,-0.9861,-0.1661,0.42,0.15,Subarnarekha,28029.36714570693,16.57,38.6,44.83,non_sandy
109569,WB_109569,2.65,0.15,-0.8698,-0.4934,0.41,-0.28,Subarnarekha,26447.687816861082,16.55,38.59,44.86,non_sandy
109570,WB_109570,3.3,0.14,-0.9024,-0.4308,0.4,0.37,Subarnarekha,27749.06775758306,16.6,38.57,44.83,non_sandy
109571,WB_109571,2.59,0.15,-0.9337,-0.3581,0.41,-0.34,Subarnarekha,27543.75818772572,16.54,38.61,44.85,non_sandy
109572,WB_109572,3.07,0.15,-0.7728,-0.6346,0.42,0.14,Subarnarekha,26364.009159221172,16.57,38.57,44.86,non_sandy
109573,WB_109573,4.46,0.14,-0.6619,-0.7496,0.39,0.13,Subarnarekha,31289.68761861912,16.61,38.61,44.78,non_sandy
109574,WB_109574,4.29,0.15,-0.6556,-0.7551,0.43,-0.04,Subarnarekha,31870.955214684975,16.6,38.62,44.78,non_sandy
109575,WB_109575,4.17,0.15,-0.7235,-0.6903,0.42,-0.16,Subarnarekha,30883.915133911887,16.59,38.62,44.79,non_sandy
109576,WB_109576,4.65,0.15,-0.7306,-0.6829,0.39,0.32,Subarnarekha,31692.452486636023,16.63,38.61,44.76,non_sandy
109577,WB_109577,3.97,0.15,-0.6089,-0.7932,0.43,-0.36,Subarnarekha,31707.967470211872,16.58,38.63,44.79,non_sandy
109578,WB_109578,4.38,0.14,-0.829,-0.5592,0.43,0.05,Subarnarekha,30632.483412514477,16.6,38.61,44.79,non_sandy
109579,WB_109579,4.41,0.14,-0.5697,-0.8219,0.42,0.08,Subarnarekha,32359.461348920817,16.62,38.62,44.76,non_sandy
109580,WB_109580,3.89,0.14,-0.7384,-0.6743,0.42,-0.44,Subarnarekha,30874.11367282691,16.57,38.63,44.8,non_sandy
109581,WB_109581,4.74,0.14,-0.7071,-0.7071,0.39,0.41,Subarnarekha,31225.2661411394,16.63,38.6,44.77,non_sandy
109582,WB_109582,2.92,0.14,-0.7349,-0.6781,0.39,-0.02,Subarnarekha,35826.35489102212,16.64,38.65,44.71,non_sandy
109583,WB_109583,2.69,0.15,-0.655,-0.7557,0.43,-0.25,Subarnarekha,35280.06953022467,16.62,38.65,44.73,non_sandy
109584,WB_109584,3.16,0.14,-0.5752,-0.818,0.41,0.22,Subarnarekha,35507.84626427144,16.65,38.64,44.71,non_sandy
109585,WB_109585,2.73,0.15,-0.8262,-0.5634,0.43,-0.21,Subarnarekha,36087.31793126173,16.63,38.66,44.71,non_sandy
109586,WB_109586,2.95,0.15,-0.5082,-0.8613,0.44,0.01,Subarnarekha,34756.34990217916,16.62,38.64,44.74,non_sandy
109587,WB_109587,3.21,0.14,-0.6963,-0.7177,0.41,0.27,Subarnarekha,36217.12642813929,16.66,38.64,44.7,non_sandy
109588,WB_109588,2.41,0.15,-0.7547,-0.6561,0.42,-0.53,Subarnarekha,35480.14879430825,16.6,38.66,44.74,non_sandy
109589,WB_109589,3.34,0.15,-0.5632,-0.8263,0.41,0.4,Subarnarekha,34926.83548507493,16.65,38.63,44.72,non_sandy
109590,WB_109590,3.04,0.15,-0.9016,-0.4326,0.43,0.1,Subarnarekha,36652.92357186076,16.65,38.65,44.7,non_sandy
109591,WB_109591,4.42,0.15,-0.9028,-0.43,0.41,0.12,Kangsabati,35216.34932114313,16.67,38.67,44.66,non_sandy
109592,WB_109592,4.26,0.15,-0.9309,-0.3652,0.44,-0.04,Kangsabati,34538.93614482858,16.66,38.68,44.66,non_sandy
109593,WB_109593,4.09,0.15,-0.9588,-0.284,0.44,-0.21,Kangsabati,35568.1894139146,16.66,38.68,44.66,non_sandy
109594,WB_109594,4.65,0.15,-0.9271,-0.3748,0.41,0.35,Kangsabati,34859.564421513125,16.69,38.67,44.64,non_sandy
109595,WB_109595,3.97,0.15,-0.9424,-0.3344,0.44,-0.33,Kangsabati,34611.80611468159,16.64,38.69,44.67,non_sandy
109596,WB_109596,4.36,0.15,-0.9671,-0.2546,0.46,0.06,Kangsabati,35943.089637146026,16.68,38.66,44.66,non_sandy
109597,WB_109597,4.38,0.15,-0.8375,-0.5464,0.43,0.08,Kangsabati,34083.640568439485,16.68,38.68,44.64,non_sandy
109598,WB_109598,3.75,0.15,-0.9654,-0.2609,0.44,-0.55,Kangsabati,35477.53885524117,16.64,38.69,44.67,non_sandy
109599,WB_109599,4.79,0.15,-0.9168,-0.3994,0.41,0.49,Kangsabati,35432.64244847045,16.7,38.66,44.64,non_sandy
109600,WB_109600,2.85,0.15,-0.2153,-0.9765,0.44,-0.16,Kangsabati,30531.609450602267,16.69,38.71,44.6,non_sandy
109601,WB_109601,3.25,0.15,-0.2713,-0.9625,0.42,0.24,Kangsabati,31230.61048678799,16.7,38.7,44.6,non_sandy
109602,WB_109602,2.98,0.15,-0.3491,-0.9371,0.44,-0.03,Kangsabati,30226.15716967105,16.71,38.71,44.58,non_sandy
109603,WB_109603,2.82,0.15,-0.329,-0.9443,0.44,-0.19,Kangsabati,30856.773087827096,16.68,38.72,44.6,non_sandy
109604,WB_109604,3.45,0.15,-0.2419,-0.9703,0.42,0.44,Kangsabati,31218.56352117301,16.72,38.69,44.59,non_sandy
109605,WB_109605,2.63,0.15,-0.3846,-0.9231,0.44,-0.38,Kangsabati,29800.49529870884,16.69,38.72,44.59,non_sandy
109606,WB_109606,3.33,0.15,-0.1417,-0.9899,0.46,0.32,Kangsabati,31649.09792341196,16.69,38.7,44.61,non_sandy
109607,WB_109607,3.26,0.15,-0.3577,-0.9338,0.44,0.25,Kangsabati,30380.582588751884,16.73,38.7,44.57,non_sandy
109608,WB_109608,2.48,0.15,-0.2781,-0.9605,0.44,-0.53,Kangsabati,30269.081165622894,16.66,38.73,44.61,non_sandy
109609,WB_109609,4.26,0.16,-0.9847,-0.1741,0.46,0.15,Kangsabati,26298.082549306753,16.74,38.74,44.52,non_sandy
109610,WB_109610,3.85,0.16,-0.9974,-0.0715,0.46,-0.26,Kangsabati,26385.616472946436,16.72,38.74,44.54,non_sandy
109611,WB_109611,4.23,0.16,-0.9951,-0.0987,0.45,0.12,Kangsabati,26968.606889403494,16.75,38.73,44.52,non_sandy
109612,WB_109612,4.2,0.15,-0.9829,-0.1841,0.44,0.09,Kangsabati,25691.563096183887,16.73,38.75,44.52,non_sandy
109613,WB_109613,3.62,0.16,-0.999,-0.0451,0.41,-0.49,Kangsabati,27065.848557526217,16.72,38.74,44.54,non_sandy
109614,WB_109614,4.61,0.16,-0.9894,-0.1455,0.43,0.5,Kangsabati,26452.149914153535,16.76,38.73,44.51,non_sandy
109615,WB_109615,3.82,0.15,-0.9979,-0.0648,0.44,-0.29,Kangsabati,25779.854883979024,16.7,38.76,44.54,non_sandy
109616,WB_109616,3.92,0.16,-0.9991,-0.0433,0.45,-0.19,Kangsabati,27577.811615575312,16.74,38.72,44.54,non_sandy
109617,WB_109617,4.49,0.15,-0.9723,-0.2337,0.44,0.38,Kangsabati,25498.29321952264,16.75,38.74,44.51,non_sandy
109618,WB_109618,3.21,0.15,-0.02,-0.9998,0.43,-0.09,Kangsabati,22242.12421517262,16.76,38.77,44.47,non_sandy
109619,WB_109619,3.56,0.15,0.0041,-1.0,0.45,0.26,Kangsabati,22579.398132722345,16.78,38.76,44.46,non_sandy
109620,WB_109620,2.91,0.15,-0.0893,-0.996,0.44,-0.39,Kangsabati,21588.608451994492,16.76,38.78,44.46,non_sandy
109621,WB_109621,3.54,0.15,-0.0121,-0.9999,0.48,0.24,Kangsabati,22857.922485772124,16.75,38.77,44.48,non_sandy
109622,WB_109622,3.41,0.15,-0.0492,-0.9988,0.47,0.11,Kangsabati,22091.26751098481,16.79,38.76,44.45,non_sandy
109623,WB_109623,2.83,0.15,-0.0793,-0.9969,0.44,-0.47,Kangsabati,21739.73751149049,16.74,38.78,44.48,non_sandy
109624,WB_109624,3.96,0.16,-0.0156,-0.9999,0.45,0.66,Kangsabati,23254.695308358474,16.78,38.75,44.47,non_sandy
109625,WB_109625,2.94,0.15,-0.1511,-0.9885,0.44,-0.36,Kangsabati,21233.489485375692,16.77,38.77,44.46,non_sandy
109626,WB_109626,3.31,0.15,0.0228,-0.9997,0.48,0.01,Kangsabati,22681.850423018317,16.73,38.78,44.49,non_sandy
109627,WB_109627,3.82,0.16,-0.9982,0.0601,0.47,0.03,Kangsabati,17811.971843922758,16.79,38.8,44.41,non_sandy
109628,WB_109628,3.51,0.16,-0.9979,0.0645,0.49,-0.28,Kangsabati,18506.035478756155,16.79,38.8,44.41,non_sandy
109629,WB_109629,4.18,0.16,-0.9999,0.0156,0.45,0.39,Kangsabati,17997.51080752627,16.82,38.79,44.39,non_sandy
109630,WB_109630,3.52,0.16,-0.9971,0.0755,0.47,-0.27,Kangsabati,17689.289179237443,16.77,38.81,44.42,non_sandy
109631,WB_109631,3.74,0.16,-0.9989,0.0473,0.49,-0.05,Kangsabati,18958.078392564825,16.81,38.78,44.41,non_sandy
109632,WB_109632,4.16,0.16,-1.0,-0.0094,0.45,0.37,Kangsabati,17245.382471204146,16.8,38.8,44.4,non_sandy
109633,WB_109633,3.15,0.16,-0.9982,0.0601,0.45,-0.64,Kangsabati,18474.687763179285,16.77,38.8,44.43,non_sandy
109634,WB_109634,4.31,0.16,-1.0,0.0015,0.45,0.52,Kangsabati,18550.27643857899,16.83,38.78,44.39,non_sandy
109635,WB_109635,3.74,0.16,-0.9969,0.0782,0.47,-0.05,Kangsabati,17009.072012311357,16.77,38.82,44.41,non_sandy
109636,WB_109636,3.43,0.15,0.0969,-0.9953,0.44,-0.16,Kangsabati,13736.13729489761,16.83,38.83,44.34,non_sandy
109637,WB_109637,3.79,0.15,0.0091,-1.0,0.45,0.2,Kangsabati,14410.06287147991,16.82,38.83,44.35,non_sandy
109638,WB_109638,3.69,0.16,0.0414,-0.9991,0.48,0.1,Kangsabati,13962.32381393715,16.85,38.82,44.33,non_sandy
109639,WB_109639,3.28,0.15,0.0769,-0.997,0.44,-0.31,Kangsabati,13566.53478794512,16.81,38.84,44.35,non_sandy
109640,WB_109640,4.18,0.15,0.0404,-0.9992,0.45,0.59,Kangsabati,14894.863328679523,16.84,38.81,44.35,non_sandy
109641,WB_109641,3.21,0.15,0.0604,-0.9982,0.49,-0.38,Kangsabati,13200.031107427338,16.84,38.83,44.33,non_sandy
109642,WB_109642,3.66,0.15,0.0621,-0.9981,0.48,0.07,Kangsabati,14320.283124365493,16.8,38.83,44.37,non_sandy
109643,WB_109643,4.12,0.16,0.0104,-0.9999,0.48,0.53,Kangsabati,14538.426647368105,16.86,38.81,44.33,non_sandy
109644,WB_109644,2.93,0.15,0.0753,-0.9972,0.44,-0.66,Kangsabati,12898.913958094303,16.81,38.85,44.34,non_sandy
109645,WB_109645,3.38,0.16,-1.0,0.007,0.47,-0.07,Kangsabati,10244.870535404902,16.87,38.85,44.28,non_sandy
109646,WB_109646,3.67,0.16,-0.9956,0.0941,0.47,0.22,Kangsabati,9531.773065784799,16.87,38.86,44.27,non_sandy
109647,WB_109647,3.06,0.16,-0.9946,0.1042,0.44,-0.39,Kangsabati,10110.551555521157,16.84,38.86,44.3,non_sandy
109648,WB_109648,3.74,0.16,-0.9996,0.0291,0.47,0.29,Kangsabati,10328.336611931732,16.89,38.85,44.26,non_sandy
109649,WB_109649,3.49,0.16,-0.9945,0.1044,0.47,0.04,Kangsabati,9120.388667510273,16.85,38.87,44.28,non_sandy
109650,WB_109650,3.07,0.16,-0.9975,0.0713,0.44,-0.38,Kangsabati,10846.17797027721,16.86,38.85,44.29,non_sandy
109651,WB_109651,4.07,0.16,-0.9984,0.0561,0.45,0.62,Kangsabati,9527.797620873102,16.89,38.85,44.26,non_sandy
109652,WB_109652,3.02,0.15,-0.9918,0.1276,0.44,-0.43,Kangsabati,9589.51114087711,16.83,38.87,44.3,non_sandy
109653,WB_109653,3.58,0.16,-1.0,0.0095,0.47,0.13,Kangsabati,11015.779983406987,16.89,38.84,44.27,non_sandy
109654,WB_109654,3.97,0.15,0.0299,-0.9996,0.43,0.01,Kangsabati,5814.573287789237,16.9,38.89,44.21,non_sandy
109655,WB_109655,3.79,0.15,0.1064,-0.9943,0.44,-0.17,Kangsabati,5626.776711481597,16.88,38.9,44.22,non_sandy
109656,WB_109656,4.33,0.15,-0.0557,-0.9984,0.44,0.37,Kangsabati,6504.678738088439,16.91,38.88,44.21,non_sandy
109657,WB_109657,3.6,0.15,0.1246,-0.9922,0.46,-0.36,Kangsabati,5173.688030358011,16.9,38.89,44.21,non_sandy
109658,WB_109658,4.02,0.15,0.0546,-0.9985,0.47,0.06,Kangsabati,6220.079266808103,16.87,38.89,44.24,non_sandy
109659,WB_109659,4.33,0.15,-0.1092,-0.994,0.45,0.37,Kangsabati,6208.092886410688,16.92,38.87,44.21,non_sandy
109660,WB_109660,3.44,0.15,0.1074,-0.9942,0.44,-0.52,Kangsabati,4942.465538150561,16.87,38.9,44.23,non_sandy
109661,WB_109661,4.41,0.15,-0.1054,-0.9944,0.44,0.45,Kangsabati,6979.2966658287005,16.89,38.88,44.23,non_sandy
109662,WB_109662,3.73,0.15,0.1106,-0.9939,0.46,-0.23,Kangsabati,5223.528268284804,16.92,38.88,44.2,non_sandy
109663,WB_109663,3.21,0.15,-1.0,0.0071,0.44,0.0,Kangsabati,1949.1293032627193,16.94,38.91,44.15,non_sandy
109664,WB_109664,3.14,0.15,-1.0,0.0001,0.44,-0.07,Kangsabati,1319.6407094948686,16.92,38.93,44.15,non_sandy
109665,WB_109665,2.94,0.15,-0.999,0.0444,0.43,-0.27,Kangsabati,2400.58475012984,16.92,38.91,44.17,non_sandy
109666,WB_109666,3.53,0.15,-1.0,-0.0063,0.42,0.32,Kangsabati,1501.9795104836264,16.95,38.91,44.14,non_sandy
109667,WB_109667,2.86,0.15,-0.9984,0.0569,0.44,-0.35,Kangsabati,1507.7703113392674,16.9,38.93,44.17,non_sandy
109668,WB_109668,3.28,0.15,-0.9985,-0.0539,0.46,0.07,Kangsabati,2664.725556770302,16.95,38.9,44.15,non_sandy
109669,WB_109669,3.47,0.15,-0.9978,0.0657,0.45,0.26,Kangsabati,779.2950640867044,16.93,38.93,44.14,non_sandy
109670,WB_109670,2.72,0.15,-0.9993,-0.0361,0.43,-0.49,Kangsabati,2421.3540740444805,16.9,38.92,44.18,non_sandy
109671,WB_109671,3.72,0.15,-1.0,-0.0027,0.42,0.51,Kangsabati,2005.7311176036444,16.96,38.9,44.14,non_sandy
109672,WB_109672,4.14,0.14,0.0462,-0.9989,0.39,-0.08,Kangsabati,2478.301197517183,16.95,38.95,44.1,non_sandy
109673,WB_109673,4.43,0.14,-0.2129,-0.9771,0.39,0.21,Kangsabati,1763.8584744078296,16.96,38.94,44.1,non_sandy
109674,WB_109674,4.08,0.15,-0.0361,-0.9993,0.42,-0.14,Kangsabati,2777.3450920324194,16.97,38.95,44.08,non_sandy
109675,WB_109675,4.18,0.14,0.0931,-0.9957,0.39,-0.04,Kangsabati,2165.7638119045932,16.94,38.95,44.11,non_sandy
109676,WB_109676,4.62,0.15,-0.2754,-0.9613,0.39,0.4,Kangsabati,1771.0773218150346,16.98,38.93,44.09,non_sandy
109677,WB_109677,3.84,0.14,0.0846,-0.9964,0.39,-0.38,Kangsabati,3221.308500580035,16.94,38.96,44.1,non_sandy
109678,WB_109678,4.36,0.14,-0.4355,-0.9002,0.4,0.14,Kangsabati,1351.5240786472602,16.95,38.94,44.11,non_sandy
109679,WB_109679,4.27,0.15,-0.0708,-0.9975,0.42,0.05,Kangsabati,2621.0483970087816,16.99,38.94,44.07,non_sandy
109680,WB_109680,4.06,0.14,0.3381,-0.9411,0.39,-0.16,Kangsabati,2776.1144346249266,16.92,38.97,44.11,non_sandy
109681,WB_109681,2.96,0.15,-0.9341,-0.357,0.4,-0.08,Kangsabati,6058.561616292267,17.0,38.97,44.03,non_sandy
109682,WB_109682,3.06,0.14,-0.9849,-0.1733,0.4,0.02,Kangsabati,6777.134546825403,17.0,38.98,44.02,non_sandy
109683,WB_109683,2.78,0.14,-0.9897,-0.143,0.37,-0.26,Kangsabati,6176.366323070074,16.97,38.98,44.05,non_sandy
109684,WB_109684,3.21,0.14,-0.9469,-0.3214,0.4,0.17,Kangsabati,5990.486368720804,17.01,38.96,44.03,non_sandy
109685,WB_109685,2.96,0.14,-0.9973,-0.0728,0.4,-0.08,Kangsabati,7174.710049570643,16.98,38.99,44.03,non_sandy
109686,WB_109686,2.94,0.14,-0.9261,-0.3774,0.39,-0.1,Kangsabati,5446.948689355173,16.99,38.97,44.04,non_sandy
109687,WB_109687,3.37,0.14,-0.9784,-0.2067,0.4,0.33,Kangsabati,6797.664788326016,17.02,38.97,44.01,non_sandy
109688,WB_109688,2.76,0.14,-0.9828,-0.1849,0.37,-0.28,Kangsabati,6686.611069461307,16.96,38.99,44.05,non_sandy
109689,WB_109689,3.28,0.14,-0.9243,-0.3817,0.4,0.24,Kangsabati,5300.936474950786,17.02,38.96,44.02,non_sandy
109690,WB_109690,4.35,0.13,-0.5404,-0.8414,0.35,-0.04,Rupnarayan,10418.94663569205,17.02,39.01,43.97,non_sandy
109691,WB_109691,4.37,0.14,-0.8592,-0.5116,0.39,-0.02,Kangsabati,10028.257935674203,17.02,39.0,43.98,non_sandy
109692,WB_109692,4.52,0.14,-0.5464,-0.8375,0.39,0.13,Rupnarayan,10336.766487915065,17.04,39.0,43.96,non_sandy
109693,WB_109693,4.29,0.13,-0.4033,-0.9151,0.35,-0.1,Rupnarayan,10533.364696431372,17.0,39.02,43.98,non_sandy
109694,WB_109694,4.55,0.14,-0.8431,-0.5378,0.39,0.16,Kangsabati,9567.19456050318,17.04,38.99,43.97,non_sandy
109695,WB_109695,4.23,0.14,-0.0704,-0.9975,0.4,-0.16,Rupnarayan,9745.561717867922,17.03,39.01,43.96,non_sandy
109696,WB_109696,4.25,0.13,-0.7544,-0.6564,0.36,-0.14,Kangsabati,10086.69769650516,17.0,39.01,43.99,non_sandy
109697,WB_109697,4.8,0.14,-0.6038,-0.7971,0.39,0.41,Kangsabati,9962.25149827056,17.06,38.99,43.95,non_sandy
109698,WB_109698,4.18,0.13,-0.5496,-0.8354,0.35,-0.21,Rupnarayan,9883.11658248316,17.0,39.03,43.97,non_sandy
109699,WB_109699,2.98,0.13,-0.7056,-0.7086,0.36,-0.07,Rupnarayan,6071.9690844949455,17.06,39.03,43.91,non_sandy
109700,WB_109700,2.88,0.13,-0.8224,-0.5689,0.35,-0.17,Rupnarayan,6305.384475723875,17.04,39.04,43.92,non_sandy
109701,WB_109701,3.13,0.13,-0.4312,-0.9023,0.37,0.08,Rupnarayan,6664.60222160273,17.07,39.03,43.9,non_sandy
109702,WB_109702,2.95,0.13,-0.7442,-0.6679,0.36,-0.1,Rupnarayan,5543.328315956967,17.06,39.04,43.9,non_sandy
109703,WB_109703,3.0,0.13,-0.4403,-0.8978,0.36,-0.05,Rupnarayan,6970.703814294652,17.04,39.04,43.92,non_sandy
109704,WB_109704,3.22,0.13,-0.6178,-0.7864,0.37,0.17,Rupnarayan,6052.9797769769,17.09,39.02,43.89,non_sandy
109705,WB_109705,2.89,0.13,-0.811,-0.5851,0.35,-0.16,Rupnarayan,5789.916636157622,17.03,39.05,43.92,non_sandy
109706,WB_109706,3.27,0.14,-0.35,-0.9368,0.37,0.22,Rupnarayan,7297.889772788309,17.06,39.02,43.92,non_sandy
109707,WB_109707,3.16,0.13,-0.9219,-0.3874,0.36,0.11,Rupnarayan,5219.0918360940495,17.08,39.04,43.88,non_sandy
109708,WB_109708,4.47,0.14,-0.9667,-0.2559,0.37,0.05,Rupnarayan,1630.8382740394459,17.09,39.07,43.84,non_sandy
109709,WB_109709,4.33,0.14,-0.9676,0.2525,0.37,-0.09,Rupnarayan,2050.625779944454,17.07,39.07,43.86,non_sandy
109710,WB_109710,4.52,0.14,-0.9988,-0.0491,0.38,0.1,Rupnarayan,2112.358470848328,17.11,39.05,43.84,non_sandy
109711,WB_109711,4.43,0.13,-0.8428,-0.5382,0.35,0.01,Rupnarayan,1213.9695120344809,17.08,39.08,43.84,non_sandy
109712,WB_109712,4.15,0.14,-0.9674,0.2534,0.36,-0.27,Rupnarayan,2682.062964114795,17.08,39.06,43.86,non_sandy
109713,WB_109713,4.67,0.14,-0.9784,-0.2066,0.35,0.25,Rupnarayan,1407.300278207659,17.12,39.06,43.82,non_sandy
109714,WB_109714,4.43,0.13,-0.651,0.7591,0.36,0.01,Rupnarayan,1673.882901884354,17.06,39.08,43.86,non_sandy
109715,WB_109715,4.35,0.14,-0.9978,0.0669,0.38,-0.07,Rupnarayan,2758.507635718118,17.1,39.05,43.85,non_sandy
109716,WB_109716,4.43,0.13,-0.5196,-0.8544,0.35,0.01,Rupnarayan,736.5186209046349,17.1,39.07,43.83,non_sandy
109717,WB_109717,3.07,0.13,0.8115,-0.5844,0.37,-0.15,Rupnarayan,2746.7208203403598,17.12,39.1,43.78,non_sandy
109718,WB_109718,3.3,0.14,0.2435,-0.9699,0.37,0.08,Rupnarayan,2035.7753107645751,17.12,39.09,43.79,non_sandy
109719,WB_109719,3.14,0.14,0.3663,-0.9305,0.38,-0.08,Rupnarayan,2900.3265165565094,17.14,39.09,43.77,non_sandy
109720,WB_109720,3.14,0.13,0.5235,-0.852,0.37,-0.08,Rupnarayan,2567.2734878603655,17.1,39.11,43.79,non_sandy
109721,WB_109721,3.48,0.14,0.356,-0.9345,0.37,0.26,Rupnarayan,1903.6956243421066,17.14,39.08,43.78,non_sandy
109722,WB_109722,3.01,0.13,0.3393,-0.9407,0.36,-0.21,Rupnarayan,3439.406727885651,17.12,39.1,43.78,non_sandy
109723,WB_109723,3.41,0.14,0.6019,-0.7986,0.38,0.19,Rupnarayan,1761.0767001571726,17.1,39.1,43.8,non_sandy
109724,WB_109724,3.38,0.14,0.1041,-0.9946,0.38,0.16,Rupnarayan,2623.3718726427505,17.16,39.08,43.76,non_sandy
109725,WB_109725,3.07,0.13,0.7693,-0.6389,0.37,-0.15,Rupnarayan,3200.6505556435027,17.09,39.12,43.79,non_sandy
109726,WB_109726,4.18,0.15,-0.8676,0.4972,0.42,-0.11,Damodar,2649.651296677092,17.15,39.12,43.73,non_sandy
109727,WB_109727,4.45,0.14,-0.9228,0.3853,0.41,0.16,Damodar,1987.3442906557682,17.16,39.12,43.72,non_sandy
109728,WB_109728,4.28,0.14,-0.7332,0.68,0.4,-0.01,Damodar,2799.995229310768,17.13,39.13,43.74,non_sandy
109729,WB_109729,4.21,0.15,-0.8759,0.4825,0.42,-0.08,Damodar,2475.813408097535,17.17,39.11,43.72,non_sandy
109730,WB_109730,4.52,0.14,-0.8581,0.5134,0.38,0.23,Damodar,1871.3471154126191,17.15,39.13,43.72,non_sandy
109731,WB_109731,3.93,0.15,-0.8024,0.5967,0.41,-0.36,Damodar,3297.320092572852,17.13,39.13,43.74,non_sandy
109732,WB_109732,4.59,0.15,-0.9325,0.3611,0.41,0.3,Damodar,1724.5459891205317,17.18,39.11,43.71,non_sandy
109733,WB_109733,4.54,0.14,-0.6545,0.756,0.4,0.25,Damodar,2548.0806775385527,17.12,39.14,43.74,non_sandy
109734,WB_109734,3.87,0.15,-0.8424,0.5389,0.42,-0.42,Damodar,3064.58029064984,17.16,39.11,43.73,non_sandy
109735,WB_109735,3.64,0.15,0.5912,-0.8065,0.4,0.02,Damodar,894.4348572267227,17.18,39.15,43.67,non_sandy
109736,WB_109736,3.41,0.15,0.6804,-0.7328,0.4,-0.21,Damodar,1561.162305196855,17.2,39.15,43.65,non_sandy
109737,WB_109737,3.56,0.14,0.7505,-0.6609,0.41,-0.06,Damodar,825.9630814620995,17.16,39.17,43.67,non_sandy
109738,WB_109738,3.81,0.14,0.6539,-0.7566,0.4,0.19,Damodar,993.7040880527213,17.2,39.14,43.66,non_sandy
109739,WB_109739,3.22,0.14,0.7116,-0.7026,0.39,-0.4,Damodar,1758.0846162080618,17.19,39.16,43.65,non_sandy
109740,WB_109740,3.88,0.14,0.7657,-0.6432,0.41,0.26,Damodar,269.3176470295084,17.16,39.16,43.68,non_sandy
109741,WB_109741,3.62,0.14,0.5162,-0.8565,0.43,-0.0,Damodar,1747.6615667369003,17.22,39.14,43.64,non_sandy
109742,WB_109742,3.41,0.14,0.8442,-0.536,0.41,-0.21,Damodar,1149.4423143895253,17.16,39.17,43.67,non_sandy
109743,WB_109743,4.06,0.14,0.6405,-0.768,0.4,0.44,Damodar,386.0227518810616,17.19,39.14,43.67,non_sandy
109744,WB_109744,3.94,0.15,-0.7894,0.6139,0.42,-0.23,Damodar,4431.90380696146,17.21,39.18,43.61,non_sandy
109745,WB_109745,4.25,0.15,-0.7674,0.6412,0.42,0.08,Damodar,5135.70584752879,17.23,39.18,43.59,non_sandy
109746,WB_109746,4.2,0.15,-0.5978,0.8016,0.44,0.03,Damodar,4411.631384458082,17.2,39.2,43.6,non_sandy
109747,WB_109747,3.83,0.15,-0.7395,0.6731,0.42,-0.34,Damodar,4489.170764140695,17.23,39.17,43.6,non_sandy
109748,WB_109748,4.47,0.14,-0.6694,0.7429,0.42,0.3,Damodar,5393.874968920179,17.22,39.19,43.59,non_sandy
109749,WB_109749,3.8,0.15,-0.6346,0.7728,0.44,-0.37,Damodar,3788.890314726271,17.19,39.19,43.62,non_sandy
109750,WB_109750,4.27,0.15,-0.8549,0.5187,0.42,0.1,Damodar,5283.596456650694,17.25,39.17,43.58,non_sandy
109751,WB_109751,4.57,0.15,-0.5591,0.8291,0.44,0.4,Damodar,4796.952137505777,17.19,39.2,43.61,non_sandy
109752,WB_109752,4.01,0.15,0.7924,-0.61,0.42,0.0,Hooghly/Ganga,7922.196437204245,17.24,39.22,43.54,non_sandy
109753,WB_109753,4.16,0.15,0.7886,-0.6149,0.45,0.15,Hooghly/Ganga,7388.492576451431,17.26,39.21,43.53,non_sandy
109754,WB_109754,3.68,0.15,0.7977,-0.603,0.42,-0.33,Hooghly/Ganga,7556.826667505722,17.25,39.22,43.53,non_sandy
109755,WB_109755,4.33,0.15,0.8406,-0.5417,0.42,0.32,Damodar,7530.2036191391335,17.23,39.22,43.55,non_sandy
109756,WB_109756,4.01,0.15,0.6935,-0.7205,0.45,0.0,Hooghly/Ganga,6793.997971956951,17.28,39.2,43.52,non_sandy
109757,WB_109757,3.87,0.15,0.8691,-0.4946,0.42,-0.14,Hooghly/Ganga,8311.138591862264,17.23,39.23,43.54,non_sandy
109758,WB_109758,4.44,0.14,0.7923,-0.6102,0.45,0.43,Damodar,7506.340946294834,17.25,39.2,43.55,non_sandy
109759,WB_109759,3.56,0.15,0.8206,-0.5715,0.42,-0.45,Hooghly/Ganga,6927.984954462353,17.27,39.21,43.52,non_sandy
109760,WB_109760,402.47,1.76,-0.6771,0.7359,9.07,-0.88,Kangsabati,45075.91779873012,51.99,21.6,26.41,sandy
109761,WB_109761,410.23,1.72,-0.655,0.7556,8.94,6.88,Kangsabati,44169.58590596054,51.98,21.61,26.41,sandy
109762,WB_109762,396.07,1.76,-0.6689,0.7433,9.32,-7.28,Kangsabati,45223.36592161108,51.95,21.61,26.44,sandy
109763,WB_109763,408.11,1.72,-0.7125,0.7016,9.72,4.76,Kangsabati,44913.74376148394,52.02,21.59,26.39,sandy
109764,WB_109764,408.04,1.74,-0.6176,0.7865,9.99,4.69,Kangsabati,43950.78143639784,51.94,21.63,26.43,sandy
109765,WB_109765,392.44,1.77,-0.6742,0.7385,9.08,-10.91,Kangsabati,45941.50617762386,51.98,21.59,26.43,sandy
109766,WB_109766,415.36,1.67,-0.6614,0.75,8.94,12.01,Kangsabati,43891.56866758858,52.01,21.6,26.39,sandy
109767,WB_109767,395.6,1.76,-0.6723,0.7403,9.32,-7.75,Kangsabati,44846.762630693076,51.92,21.62,26.46,sandy
109768,WB_109768,401.85,1.71,-0.7,0.7142,9.72,-1.5,Kangsabati,45734.21264518673,52.03,21.58,26.39,sandy
109769,WB_109769,402.4,1.77,0.8074,-0.59,9.86,1.54,Kangsabati,39784.52451017698,52.04,21.64,26.32,sandy
109770,WB_109770,404.78,1.79,0.7722,-0.6354,9.85,3.92,Kangsabati,40569.816793961494,52.06,21.62,26.32,sandy
109771,WB_109771,390.98,1.84,0.795,-0.6066,10.41,-9.88,Kangsabati,39302.3186333311,52.06,21.64,26.3,sandy
109772,WB_109772,411.22,1.79,0.8082,-0.5889,9.86,10.36,Kangsabati,40286.208359836266,52.02,21.64,26.34,sandy
109773,WB_109773,395.39,1.81,0.7813,-0.6241,10.64,-5.47,Kangsabati,40429.1927962534,52.1,21.62,26.28,sandy
109774,WB_109774,396.38,1.82,0.8163,-0.5776,10.94,-4.48,Kangsabati,38917.41387978751,52.02,21.66,26.32,sandy
109775,WB_109775,413.23,1.76,0.8243,-0.5662,9.94,12.37,Kangsabati,41175.42624079737,52.05,21.62,26.33,sandy
109776,WB_109776,382.32,1.84,0.8262,-0.5634,10.64,-18.54,Kangsabati,39372.54087460485,52.09,21.63,26.28,sandy
109777,WB_109777,411.07,1.79,0.8095,-0.5871,9.86,10.21,Kangsabati,39665.197474962384,51.99,21.66,26.35,sandy
109778,WB_109778,340.45,1.34,0.9902,-0.1394,6.93,-1.02,Kangsabati,36015.18995960819,52.13,21.66,26.21,sandy
109779,WB_109779,340.24,1.25,0.9946,0.1037,6.55,-1.23,Kangsabati,35216.47131457906,52.13,21.67,26.2,sandy
109780,WB_109780,342.93,1.32,0.9351,-0.3543,6.96,1.46,Kangsabati,35749.49294943717,52.09,21.67,26.24,sandy
109781,WB_109781,339.04,1.33,0.9847,0.1744,6.86,-2.43,Kangsabati,36213.94493104291,52.16,21.65,26.19,sandy
109782,WB_109782,340.98,1.26,0.9897,-0.1434,6.69,-0.49,Kangsabati,34644.257101612515,52.1,21.69,26.21,sandy
109783,WB_109783,344.91,1.39,0.878,-0.4786,6.99,3.44,Kangsabati,36651.31521568334,52.11,21.66,26.23,sandy
109784,WB_109784,341.21,1.24,0.0916,0.9958,6.55,-0.26,Kangsabati,35320.49487847273,52.16,21.66,26.18,sandy
109785,WB_109785,343.26,1.33,0.8965,-0.4431,6.96,1.79,Kangsabati,35068.69020474467,52.06,21.69,26.25,sandy
109786,WB_109786,340.18,1.3,0.9506,0.3105,6.92,-1.29,Kangsabati,37004.76684751151,52.17,21.64,26.19,sandy
109787,WB_109787,388.73,1.69,-0.6355,0.7721,9.06,2.59,Kangsabati,31130.131698312518,52.19,21.7,26.11,sandy
109788,WB_109788,379.35,1.73,-0.6746,0.7382,9.29,-6.79,Kangsabati,31885.493124846947,52.18,21.69,26.13,sandy
109789,WB_109789,391.18,1.69,-0.6769,0.7361,8.88,5.04,Kangsabati,31472.506436139876,52.22,21.69,26.09,sandy
109790,WB_109790,385.63,1.7,-0.6171,0.7869,9.71,-0.51,Kangsabati,30858.81060706303,52.15,21.71,26.14,sandy
109791,WB_109791,378.62,1.73,-0.6733,0.7394,8.97,-7.52,Kangsabati,32514.845255573113,52.21,21.68,26.11,sandy
109792,WB_109792,395.8,1.64,-0.663,0.7486,8.47,9.66,Kangsabati,30558.026647087623,52.2,21.7,26.1,sandy
109793,WB_109793,374.15,1.75,-0.6834,0.7301,9.29,-11.99,Kangsabati,31701.1068617842,52.15,21.71,26.14,sandy
109794,WB_109794,388.77,1.68,-0.6864,0.7273,8.88,2.63,Kangsabati,32193.163772667027,52.25,21.67,26.08,sandy
109795,WB_109795,392.99,1.71,-0.6473,0.7622,9.58,6.85,Kangsabati,30094.447544101527,52.15,21.72,26.13,sandy
109796,WB_109796,376.53,1.86,0.7916,-0.6111,9.61,-0.11,Kangsabati,26969.367761792568,52.25,21.73,26.02,sandy
109797,WB_109797,383.61,1.84,0.7643,-0.6449,10.51,6.97,Kangsabati,27858.70646124783,52.27,21.72,26.01,sandy
109798,WB_109798,366.19,1.87,0.7877,-0.6161,10.28,-10.45,Kangsabati,26893.01395061284,52.28,21.73,25.99,sandy
109799,WB_109799,385.41,1.83,0.8235,-0.5674,10.52,8.77,Kangsabati,27088.002514114007,52.22,21.74,26.04,sandy
109800,WB_109800,377.46,1.84,0.7571,-0.6533,11.01,0.82,Kangsabati,28135.923573611362,52.3,21.71,25.99,sandy
109801,WB_109801,365.96,1.87,0.7944,-0.6074,10.41,-10.68,Kangsabati,26140.39664286339,52.25,21.74,26.01,sandy
109802,WB_109802,391.98,1.77,0.7931,-0.6091,9.79,15.34,Kangsabati,28093.231981941695,52.24,21.72,26.04,sandy
109803,WB_109803,361.88,1.88,0.7925,-0.6099,10.28,-14.76,Kangsabati,27337.09229882276,52.32,21.71,25.97,sandy
109804,WB_109804,380.7,1.82,0.8231,-0.5679,10.52,4.06,Kangsabati,26274.735750430355,52.2,21.75,26.05,sandy
109805,WB_109805,319.16,1.33,-0.4688,0.8833,6.73,-1.71,Kangsabati,23071.536218109635,52.35,21.75,25.9,sandy
109806,WB_109806,319.99,1.26,0.59,-0.8074,6.72,-0.88,Kangsabati,22707.04298100227,52.31,21.77,25.92,sandy
109807,WB_109807,319.26,1.31,0.8682,0.4962,6.84,-1.61,Kangsabati,23859.452601423855,52.35,21.74,25.91,sandy
109808,WB_109808,321.21,1.3,-0.5048,0.8632,6.73,0.34,Kangsabati,22329.118389940475,52.34,21.76,25.9,sandy
109809,WB_109809,322.55,1.28,0.9977,-0.0671,6.72,1.68,Kangsabati,23325.156296213303,52.3,21.76,25.94,sandy
109810,WB_109810,318.44,1.3,0.6161,0.7877,6.9,-2.43,Kangsabati,23631.424340893456,52.39,21.74,25.87,sandy
109811,WB_109811,320.86,1.22,-0.7365,0.6764,6.71,-0.01,Kangsabati,21898.294864366468,52.3,21.78,25.92,sandy
109812,WB_109812,323.21,1.34,0.9107,-0.4131,6.83,2.34,Kangsabati,24315.502469472085,52.33,21.74,25.93,sandy
109813,WB_109813,323.12,1.35,-0.619,0.7854,6.73,2.25,Kangsabati,22485.985475856596,52.38,21.75,25.87,sandy
109814,WB_109814,370.49,1.66,-0.6246,0.781,8.97,2.69,Kangsabati,18392.69483716893,52.4,21.79,25.81,sandy
109815,WB_109815,361.49,1.69,-0.6769,0.7361,9.15,-6.31,Kangsabati,19121.74060278239,52.39,21.79,25.82,sandy
109816,WB_109816,371.96,1.66,-0.6764,0.7365,8.71,4.16,Kangsabati,18778.055822112903,52.44,21.78,25.78,sandy
109817,WB_109817,368.44,1.67,-0.5887,0.8083,9.52,0.64,Kangsabati,18080.653686434358,52.37,21.81,25.82,sandy
109818,WB_109818,359.76,1.71,-0.6683,0.7439,8.69,-8.04,Kangsabati,19782.28205527549,52.42,21.77,25.81,sandy
109819,WB_109819,376.53,1.59,-0.6518,0.7584,8.3,8.73,Kangsabati,17858.314326250955,52.42,21.79,25.79,sandy
109820,WB_109820,357.35,1.71,-0.6885,0.7253,9.15,-10.45,Kangsabati,18892.054952677925,52.36,21.8,25.84,sandy
109821,WB_109821,368.98,1.65,-0.6887,0.725,8.71,1.18,Kangsabati,19519.92474607209,52.46,21.76,25.78,sandy
109822,WB_109822,375.16,1.67,-0.6552,0.7555,9.26,7.36,Kangsabati,17332.99140451081,52.37,21.81,25.82,sandy
109823,WB_109823,351.34,1.9,0.7885,-0.615,10.26,-0.93,Kangsabati,14502.463500948797,52.49,21.81,25.7,sandy
109824,WB_109824,351.33,1.84,0.8141,-0.5807,11.37,-0.94,Kangsabati,13805.87344695901,52.46,21.83,25.71,sandy
109825,WB_109825,362.38,1.85,0.7782,-0.628,10.53,10.11,Kangsabati,15095.916265840666,52.48,21.81,25.71,sandy
109826,WB_109826,340.17,1.89,0.7899,-0.6133,10.26,-12.1,Kangsabati,13921.85667192231,52.5,21.81,25.69,sandy
109827,WB_109827,362.21,1.85,0.8155,-0.5787,11.37,9.94,Kangsabati,14104.811286219248,52.43,21.83,25.74,sandy
109828,WB_109828,355.07,1.86,0.7594,-0.6506,11.29,2.8,Kangsabati,15324.759769654956,52.52,21.79,25.69,sandy
109829,WB_109829,339.75,1.89,0.7863,-0.6179,10.81,-12.52,Kangsabati,13119.515319187383,52.47,21.83,25.7,sandy
109830,WB_109830,370.18,1.81,0.7655,-0.6435,10.59,17.91,Kangsabati,15198.025019024239,52.45,21.82,25.73,sandy
109831,WB_109831,337.97,1.89,0.7925,-0.6098,10.26,-14.3,Kangsabati,14462.281100092261,52.54,21.8,25.66,sandy
109832,WB_109832,299.55,1.28,-0.4304,0.9026,6.84,-0.72,Kangsabati,9655.697101512222,52.55,21.85,25.6,sandy
109833,WB_109833,299.5,1.29,0.0633,0.998,6.68,-0.77,Kangsabati,10248.674439574354,52.53,21.85,25.62,sandy
109834,WB_109834,298.96,1.3,0.0239,0.9997,6.77,-1.31,Kangsabati,10197.007850312246,52.58,21.83,25.59,sandy
109835,WB_109835,300.04,1.28,-0.6276,0.7785,6.81,-0.23,Kangsabati,9193.689164585474,52.51,21.87,25.62,sandy
109836,WB_109836,299.5,1.26,0.9341,0.3571,6.5,-0.77,Kangsabati,11006.334509285487,52.55,21.83,25.62,sandy
109837,WB_109837,303.04,1.38,-0.5146,0.8574,6.99,2.77,Kangsabati,9294.895698799537,52.57,21.85,25.58,sandy
109838,WB_109838,301.03,1.29,0.2674,0.9636,6.68,0.76,Kangsabati,9847.22889228813,52.49,21.86,25.65,sandy
109839,WB_109839,297.5,1.32,-0.0676,0.9977,6.77,-2.77,Kangsabati,10992.614942050912,52.6,21.82,25.58,sandy
109840,WB_109840,303.28,1.34,-0.161,0.9869,6.81,3.01,Kangsabati,8544.357649537633,52.53,21.87,25.6,sandy
109841,WB_109841,347.51,1.71,-0.6762,0.7367,8.84,-0.38,Kangsabati,5591.615185014356,52.6,21.88,25.52,sandy
109842,WB_109842,349.29,1.6,-0.7317,0.6816,9.1,1.4,Kangsabati,6018.247176842714,52.64,21.87,25.49,sandy
109843,WB_109843,354.11,1.63,-0.5915,0.8063,8.77,6.22,Kangsabati,4822.480902700988,52.6,21.89,25.51,sandy
109844,WB_109844,340.09,1.7,-0.6822,0.7312,8.84,-7.8,Kangsabati,6317.847917526278,52.6,21.87,25.53,sandy
109845,WB_109845,355.2,1.61,-0.666,0.7459,9.1,7.31,Kangsabati,5442.717586560573,52.66,21.87,25.47,sandy
109846,WB_109846,348.23,1.65,-0.589,0.8081,9.49,0.34,Kangsabati,4956.425776998041,52.57,21.9,25.53,sandy
109847,WB_109847,342.45,1.66,-0.6921,0.7218,9.31,-5.44,Kangsabati,6820.697659765184,52.65,21.85,25.5,sandy
109848,WB_109848,358.01,1.55,-0.6206,0.7841,8.48,10.12,Kangsabati,4417.7487527386775,52.63,21.89,25.48,sandy
109849,WB_109849,336.14,1.72,-0.694,0.72,8.84,-11.75,Kangsabati,6060.072156870317,52.57,21.89,25.54,sandy
109850,WB_109850,334.86,1.9,0.7857,-0.6187,10.47,6.35,Kangsabati,530.8010794159858,52.68,21.91,25.41,sandy
109851,WB_109851,325.97,1.89,0.7769,-0.6296,10.86,-2.54,Kangsabati,70.3888546206556,52.72,21.9,25.38,sandy
109852,WB_109852,326.31,1.89,0.7986,-0.6019,11.32,-2.2,Kangsabati,289.50772315770035,52.66,21.92,25.42,sandy
109853,WB_109853,341.49,1.88,0.7939,-0.608,10.44,12.98,Kangsabati,1254.9992351859826,52.69,21.9,25.41,sandy
109854,WB_109854,313.68,1.9,0.7888,-0.6146,10.86,-14.83,Kangsabati,904.7235107021221,52.72,21.9,25.38,sandy
109855,WB_109855,339.88,1.89,0.7847,-0.6199,10.47,11.37,Kangsabati,681.1239419276329,52.63,21.93,25.44,sandy
109856,WB_109856,332.39,1.9,0.7796,-0.6263,10.86,3.88,Kangsabati,758.7240487911209,52.73,21.88,25.39,sandy
109857,WB_109857,313.49,1.9,0.7848,-0.6198,11.32,-15.02,Kangsabati,1244.5325351972845,52.68,21.93,25.39,sandy
109858,WB_109858,278.89,1.39,-0.3169,0.9485,7.24,-1.7,Kangsabati,5986.408526339364,52.77,21.93,25.3,sandy
109859,WB_109859,280.43,1.35,-0.6488,0.761,7.24,-0.16,Kangsabati,6396.37118945993,52.74,21.95,25.31,sandy
109860,WB_109860,278.75,1.3,-0.0468,0.9989,6.82,-1.84,Kangsabati,5042.459414369255,52.75,21.93,25.32,sandy
109861,WB_109861,282.55,1.38,-0.4897,0.8719,7.24,1.96,Kangsabati,6871.4716753763,52.79,21.93,25.28,sandy
109862,WB_109862,279.66,1.3,-0.5167,0.8562,7.2,-0.93,Kangsabati,5645.327628013846,52.71,21.96,25.33,sandy
109863,WB_109863,277.46,1.36,0.1347,0.9909,7.24,-3.13,Kangsabati,5309.69598197911,52.8,21.91,25.29,sandy
109864,WB_109864,285.32,1.41,-0.4589,0.8885,7.24,4.73,Kangsabati,7360.3655002123405,52.76,21.95,25.29,sandy
109865,WB_109865,281.68,1.33,0.538,0.843,7.2,1.09,Kangsabati,4480.860300429889,52.72,21.94,25.34,sandy
109866,WB_109866,333.81,1.58,-0.5944,0.8042,8.33,3.51,Kangsabati,12469.697536969694,52.83,21.97,25.2,sandy
109867,WB_109867,325.62,1.64,-0.6516,0.7585,8.48,-4.68,Kangsabati,11411.94127418777,52.82,21.97,25.21,sandy
109868,WB_109868,334.88,1.58,-0.6678,0.7443,8.33,4.58,Kangsabati,12633.113908563346,52.86,21.96,25.18,sandy
109869,WB_109869,332.07,1.61,-0.5658,0.8246,8.91,1.77,Kangsabati,12262.2548668023,52.79,21.99,25.22,sandy
109870,WB_109870,324.02,1.64,-0.6609,0.7504,8.48,-6.28,Kangsabati,11152.407594268345,52.85,21.95,25.2,sandy
109871,WB_109871,338.14,1.51,-0.6476,0.762,8.33,7.84,Kangsabati,13479.189688073744,52.85,21.97,25.18,sandy
109872,WB_109872,321.45,1.6,-0.705,0.7092,8.91,-8.85,Kangsabati,11064.648279978597,52.78,21.98,25.24,sandy
109873,WB_109873,332.4,1.56,-0.6888,0.725,8.33,2.1,Kangsabati,12166.137534024938,52.89,21.94,25.17,sandy
109874,WB_109874,301.0,1.9,0.7921,-0.6103,10.24,-6.25,Kangsabati,18647.76431624321,52.91,22.0,25.09,sandy
109875,WB_109875,312.54,1.9,0.7963,-0.6049,10.2,5.29,Kangsabati,17956.77288567974,52.87,22.01,25.12,sandy
109876,WB_109876,307.06,1.9,0.7752,-0.6317,11.16,-0.19,Kangsabati,17993.65678199301,52.93,21.98,25.09,sandy
109877,WB_109877,296.05,1.9,0.7865,-0.6175,10.69,-11.2,Kangsabati,19207.40871284361,52.89,22.01,25.1,sandy
109878,WB_109878,321.88,1.87,0.7857,-0.6186,10.2,14.63,Kangsabati,17051.338284538888,52.88,22.0,25.12,sandy
109879,WB_109879,292.35,1.9,0.792,-0.6105,11.16,-14.9,Kangsabati,19060.66587350759,52.95,21.98,25.07,sandy
109880,WB_109880,309.09,1.89,0.7944,-0.6074,10.2,1.84,Kangsabati,18446.496069004017,52.85,22.02,25.13,sandy
109881,WB_109881,318.05,1.89,0.7883,-0.6153,11.16,10.8,Kangsabati,17046.8444508743,52.93,21.97,25.1,sandy
109882,WB_109882,259.21,1.43,-0.6123,0.7906,7.69,-2.1,Kangsabati,24136.70713331086,52.96,22.03,25.01,sandy
109883,WB_109883,259.57,1.44,-0.3324,0.9431,7.81,-1.74,Kangsabati,24426.774374275956,53.0,22.02,24.98,sandy
109884,WB_109884,262.29,1.39,-0.7276,0.686,7.67,0.98,Kangsabati,25036.467378721136,52.95,22.04,25.01,sandy
109885,WB_109885,258.7,1.32,-0.5613,0.8276,7.15,-2.61,Kangsabati,23330.533499338555,52.96,22.02,25.02,sandy
109886,WB_109886,264.87,1.43,-0.5722,0.8201,7.81,3.56,Kangsabati,25411.51474514708,53.01,22.02,24.97,sandy
109887,WB_109887,259.92,1.42,-0.5933,0.805,7.69,-1.39,Kangsabati,24166.17973844688,52.92,22.05,25.03,sandy
109888,WB_109888,257.53,1.42,-0.5194,0.8545,7.81,-3.78,Kangsabati,23632.419711884373,53.01,22.0,24.99,sandy
109889,WB_109889,268.39,1.49,-0.5797,0.8148,7.76,7.08,Kangsabati,25961.110340073763,52.97,22.04,24.99,sandy
109890,WB_109890,310.51,1.53,-0.6676,0.7446,8.48,-2.46,Damodar,29899.786027884486,53.03,22.06,24.91,sandy
109891,WB_109891,316.03,1.52,-0.6498,0.7601,7.78,3.06,Damodar,28909.622132618053,53.07,22.05,24.88,sandy
109892,WB_109892,313.29,1.55,-0.562,0.8272,8.48,0.32,Damodar,29598.539345315527,53.01,22.07,24.92,sandy
109893,WB_109893,308.2,1.54,-0.6811,0.7321,8.29,-4.77,Kangsabati,29809.892868763778,53.06,22.04,24.9,sandy
109894,WB_109894,318.65,1.47,-0.5953,0.8035,7.78,5.68,Damodar,28203.817810264445,53.05,22.06,24.89,sandy
109895,WB_109895,304.22,1.58,-0.6951,0.7189,8.48,-8.75,Kangsabati,29512.082827073576,53.0,22.07,24.93,sandy
109896,WB_109896,314.84,1.52,-0.6585,0.7526,7.78,1.87,Damodar,29059.88794940003,53.1,22.03,24.87,sandy
109897,WB_109897,318.05,1.56,-0.6175,0.7866,8.48,5.08,Damodar,28773.929998642638,53.0,22.08,24.92,sandy
109898,WB_109898,278.22,1.91,0.7849,-0.6196,10.8,-5.46,Damodar,22723.829565048374,53.11,22.09,24.8,sandy
109899,WB_109899,292.3,1.91,0.7861,-0.6181,9.88,8.62,Damodar,23803.284529552147,53.09,22.09,24.82,sandy
109900,WB_109900,277.14,1.91,0.7855,-0.6189,10.8,-6.54,Damodar,22797.927847154966,53.15,22.07,24.78,sandy
109901,WB_109901,280.01,1.91,0.7882,-0.6155,11.39,-3.67,Damodar,22752.746618372155,53.08,22.11,24.81,sandy
109902,WB_109902,296.48,1.9,0.7875,-0.6164,9.88,12.8,Damodar,24275.49081723052,53.11,22.07,24.82,sandy
109903,WB_109903,265.18,1.91,0.7853,-0.6192,10.8,-18.5,Damodar,21782.510327815686,53.14,22.08,24.78,sandy
109904,WB_109904,295.76,1.91,0.7857,-0.6186,9.88,12.08,Damodar,23991.104303089636,53.05,22.11,24.84,sandy
109905,WB_109905,284.37,1.91,0.7813,-0.6242,10.8,0.69,Damodar,23485.577365765243,53.16,22.06,24.78,sandy
109906,WB_109906,240.24,1.49,-0.6793,0.7339,8.11,-2.46,Damodar,17128.650292244234,53.17,22.12,24.71,sandy
109907,WB_109907,240.74,1.49,-0.4174,0.9087,8.23,-1.96,Damodar,16888.28213366202,53.21,22.1,24.69,sandy
109908,WB_109908,244.46,1.45,-0.718,0.696,8.06,1.76,Damodar,16204.405277204716,53.16,22.13,24.71,sandy
109909,WB_109909,238.94,1.37,-0.6188,0.7856,7.42,-3.76,Damodar,17959.156147144244,53.17,22.11,24.72,sandy
109910,WB_109910,246.73,1.47,-0.5901,0.8073,8.23,4.03,Damodar,15912.801105008777,53.22,22.11,24.67,sandy
109911,WB_109911,240.97,1.48,-0.668,0.7442,8.11,-1.73,Damodar,17112.574577856078,53.13,22.14,24.73,sandy
109912,WB_109912,238.13,1.44,-0.6059,0.7956,7.42,-4.57,Damodar,17729.99504297616,53.22,22.09,24.69,sandy
109913,WB_109913,251.41,1.54,-0.6384,0.7697,8.13,8.71,Damodar,15270.90102976462,53.19,22.13,24.68,sandy
109914,WB_109914,295.83,1.46,-0.7111,0.7031,7.8,2.12,Damodar,10714.803042929925,53.27,22.14,24.59,sandy
109915,WB_109915,297.52,1.48,-0.5234,0.8521,7.8,3.81,Damodar,10273.874669437195,53.23,22.16,24.61,sandy
109916,WB_109916,289.33,1.54,-0.6611,0.7503,8.47,-4.38,Damodar,11614.772904528872,53.25,22.14,24.61,sandy
109917,WB_109917,298.77,1.45,-0.6119,0.7909,7.8,5.06,Damodar,9893.688191420311,53.28,22.14,24.58,sandy
109918,WB_109918,292.69,1.52,-0.5943,0.8043,8.58,-1.02,Damodar,11052.681871563283,53.2,22.17,24.63,sandy
109919,WB_109919,292.27,1.52,-0.7748,0.6322,8.77,-1.44,Damodar,11450.384600080284,53.29,22.12,24.59,sandy
109920,WB_109920,299.99,1.43,-0.6551,0.7555,7.8,6.28,Damodar,9327.566849082901,53.24,22.16,24.6,sandy
109921,WB_109921,283.26,1.57,-0.7595,0.6505,8.58,-10.45,Damodar,12179.545034277884,53.21,22.15,24.64,sandy
109922,WB_109922,264.11,1.91,0.7866,-0.6174,10.52,4.88,Damodar,5156.641491282909,53.3,22.18,24.52,sandy
109923,WB_109923,260.63,1.91,0.7853,-0.6191,11.87,1.4,Damodar,5458.0772460573935,53.34,22.16,24.5,sandy
109924,WB_109924,251.86,1.91,0.7806,-0.6251,11.39,-7.37,Damodar,4260.229467475514,53.31,22.19,24.5,sandy
109925,WB_109925,274.8,1.91,0.7847,-0.6199,10.52,15.57,Damodar,5992.284687228251,53.3,22.17,24.53,sandy
109926,WB_109926,247.5,1.91,0.7912,-0.6116,11.87,-11.73,Damodar,4710.017497432346,53.37,22.16,24.47,sandy
109927,WB_109927,263.28,1.9,0.7844,-0.6202,11.43,4.05,Damodar,4593.3980410730055,53.27,22.2,24.53,sandy
109928,WB_109928,271.37,1.91,0.7845,-0.6201,10.52,12.14,Damodar,6357.508198718925,53.35,22.15,24.5,sandy
109929,WB_109929,240.27,1.9,0.7861,-0.6181,11.02,-18.96,Damodar,3676.5694904165275,53.34,22.18,24.48,sandy
109930,WB_109930,0.54,0.09,0.9553,-0.2957,0.35,-0.19,Hooghly/Ganga,9195.221430142703,16.45,39.93,43.62,non_sandy
109931,WB_109931,0.93,0.09,0.9766,-0.2149,0.33,0.2,Hooghly/Ganga,9206.575998880646,16.44,39.94,43.62,non_sandy
109932,WB_109932,0.64,0.09,0.8304,-0.5571,0.33,-0.09,Hooghly/Ganga,9921.587647824364,16.47,39.92,43.61,non_sandy
109933,WB_109933,0.58,0.09,0.9364,-0.3509,0.35,-0.15,Hooghly/Ganga,8531.096808624405,16.44,39.95,43.61,non_sandy
109934,WB_109934,1.02,0.08,0.9781,-0.2083,0.32,0.29,Hooghly/Ganga,9920.635677044513,16.44,39.93,43.63,non_sandy
109935,WB_109935,0.27,0.09,0.8653,-0.5013,0.31,-0.46,Hooghly/Ganga,9472.459923865279,16.48,39.93,43.59,non_sandy
109936,WB_109936,1.11,0.09,0.9995,-0.0307,0.38,0.38,Hooghly/Ganga,8539.683768187542,16.42,39.95,43.63,non_sandy
109937,WB_109937,0.92,0.09,0.8133,-0.5819,0.33,0.19,Hooghly/Ganga,10528.403217641859,16.48,39.91,43.61,non_sandy
109938,WB_109938,0.19,0.09,0.9347,-0.3554,0.35,-0.54,Hooghly/Ganga,8437.40787688327,16.45,39.94,43.61,non_sandy
109939,WB_109939,1.27,0.08,0.9543,-0.2988,0.32,0.54,Hooghly/Ganga,9533.070025796953,16.42,39.94,43.64,non_sandy
109940,WB_109940,0.51,0.08,0.739,-0.6737,0.33,-0.22,Hooghly/Ganga,10247.288393853221,16.5,39.91,43.59,non_sandy
109941,WB_109941,0.31,0.09,-0.672,0.7405,0.34,-0.18,Hooghly/Ganga,7803.058186765237,16.5,39.96,43.54,non_sandy
109942,WB_109942,0.71,0.09,-0.432,0.9019,0.35,0.22,Hooghly/Ganga,7496.228138535004,16.5,39.97,43.53,non_sandy
109943,WB_109943,0.27,0.09,-0.298,0.9546,0.37,-0.22,Hooghly/Ganga,7220.320525731996,16.48,39.97,43.55,non_sandy
109944,WB_109944,0.48,0.09,-0.6307,0.7761,0.34,-0.01,Hooghly/Ganga,8332.41899991863,16.52,39.95,43.53,non_sandy
109945,WB_109945,0.9,0.09,-0.2864,0.9581,0.35,0.41,Hooghly/Ganga,6787.420649073456,16.47,39.98,43.55,non_sandy
109946,WB_109946,-0.04,0.09,-0.4668,0.8844,0.31,-0.53,Hooghly/Ganga,7954.800001474187,16.5,39.95,43.55,non_sandy
109947,WB_109947,0.86,0.09,-0.4184,0.9082,0.36,0.37,Hooghly/Ganga,8042.688542664174,16.52,39.96,43.52,non_sandy
109948,WB_109948,0.58,0.09,-0.2135,0.9769,0.37,0.09,Hooghly/Ganga,6523.093616277642,16.46,39.98,43.56,non_sandy
109949,WB_109949,0.23,0.09,-0.6943,0.7197,0.34,-0.26,Hooghly/Ganga,8751.0817413148,16.53,39.94,43.53,non_sandy
109950,WB_109950,1.15,0.09,-0.3073,0.9516,0.35,0.66,Hooghly/Ganga,7018.759239604093,16.49,39.98,43.53,non_sandy
109951,WB_109951,-0.05,0.09,-0.4652,0.8852,0.31,-0.54,Hooghly/Ganga,7376.498054526356,16.47,39.96,43.57,non_sandy
109952,WB_109952,0.43,0.09,0.8362,-0.5484,0.35,-0.02,Hooghly/Ganga,9036.992196172236,16.54,39.99,43.47,non_sandy
109953,WB_109953,0.09,0.09,0.9289,-0.3704,0.33,-0.36,Hooghly/Ganga,9421.9181138221,16.55,40.0,43.45,non_sandy
109954,WB_109954,0.67,0.09,0.983,-0.1836,0.37,0.22,Hooghly/Ganga,8403.814686884074,16.52,40.0,43.48,non_sandy
109955,WB_109955,0.33,0.09,0.8682,-0.4962,0.35,-0.12,Hooghly/Ganga,9642.543491992832,16.57,39.98,43.45,non_sandy
109956,WB_109956,0.2,0.09,0.9472,-0.3206,0.36,-0.25,Hooghly/Ganga,8997.333755998423,16.53,40.01,43.46,non_sandy
109957,WB_109957,0.81,0.09,0.9071,-0.421,0.35,0.36,Hooghly/Ganga,8520.189681493568,16.53,39.99,43.48,non_sandy
109958,WB_109958,-0.04,0.09,0.8965,-0.443,0.33,-0.49,Hooghly/Ganga,10078.378532512268,16.57,39.99,43.44,non_sandy
109959,WB_109959,0.76,0.09,0.9905,-0.1375,0.37,0.31,Hooghly/Ganga,8117.167293092305,16.5,40.02,43.48,non_sandy
109960,WB_109960,0.67,0.09,0.8382,-0.5454,0.35,0.22,Hooghly/Ganga,9464.023217877357,16.57,39.98,43.45,non_sandy
109961,WB_109961,-0.09,0.09,0.9759,-0.218,0.36,-0.54,Hooghly/Ganga,9664.824645926044,16.55,40.01,43.44,non_sandy
109962,WB_109962,1.1,0.09,0.9411,-0.3381,0.35,0.65,Hooghly/Ganga,7828.089127485455,16.51,40.0,43.49,non_sandy
109963,WB_109963,1.11,0.09,-0.2262,0.9741,0.33,0.11,Hooghly/Ganga,12165.999863252333,16.58,40.03,43.39,non_sandy
109964,WB_109964,0.75,0.09,-0.3643,0.9313,0.35,-0.25,Hooghly/Ganga,11803.543669918445,16.58,40.03,43.39,non_sandy
109965,WB_109965,1.08,0.08,-0.6365,0.7713,0.32,0.08,Hooghly/Ganga,12801.541670935849,16.61,40.02,43.37,non_sandy
109966,WB_109966,1.22,0.09,-0.1551,0.9879,0.33,0.22,Hooghly/Ganga,11565.376800834047,16.56,40.04,43.4,non_sandy
109967,WB_109967,0.62,0.09,-0.5301,0.8479,0.33,-0.38,Hooghly/Ganga,12275.152145192835,16.6,40.02,43.38,non_sandy
109968,WB_109968,1.29,0.08,-0.0886,0.9961,0.31,0.29,Hooghly/Ganga,12699.758865798824,16.59,40.04,43.37,non_sandy
109969,WB_109969,0.77,0.09,-0.3414,0.9399,0.39,-0.23,Hooghly/Ganga,11138.67028508447,16.56,40.04,43.4,non_sandy
109970,WB_109970,1.03,0.08,-0.7921,0.6104,0.32,0.03,Hooghly/Ganga,13130.312460600551,16.62,40.01,43.37,non_sandy
109971,WB_109971,1.55,0.09,-0.1975,0.9803,0.33,0.55,Hooghly/Ganga,11787.524699991112,16.56,40.05,43.39,non_sandy
109972,WB_109972,0.31,0.09,-0.5281,0.8492,0.33,-0.69,Hooghly/Ganga,11631.71272441622,16.58,40.02,43.4,non_sandy
109973,WB_109973,1.26,0.08,-0.1401,0.9901,0.28,0.26,Hooghly/Ganga,13376.087032907912,16.62,40.03,43.35,non_sandy
109974,WB_109974,-0.06,0.08,0.9806,-0.1959,0.3,-0.23,Hooghly/Ganga,15538.017992132236,16.64,40.06,43.3,non_sandy
109975,WB_109975,0.22,0.08,0.9885,-0.1512,0.33,0.05,Hooghly/Ganga,14799.069246124514,16.61,40.07,43.32,non_sandy
109976,WB_109976,0.07,0.08,0.901,-0.4339,0.3,-0.1,Hooghly/Ganga,15580.230492871984,16.65,40.05,43.3,non_sandy
109977,WB_109977,-0.04,0.08,0.9788,-0.205,0.28,-0.21,Hooghly/Ganga,15458.781236267172,16.63,40.07,43.3,non_sandy
109978,WB_109978,0.44,0.08,0.9863,-0.1648,0.31,0.27,Hooghly/Ganga,14548.161794281932,16.61,40.06,43.33,non_sandy
109979,WB_109979,-0.12,0.08,0.9175,-0.3977,0.28,-0.29,Hooghly/Ganga,16219.949487760643,16.66,40.05,43.29,non_sandy
109980,WB_109980,0.31,0.08,0.9988,-0.0492,0.34,0.14,Hooghly/Ganga,14624.167200227901,16.6,40.08,43.32,non_sandy
109981,WB_109981,0.37,0.08,0.8557,-0.5174,0.3,0.2,Hooghly/Ganga,15193.255495294068,16.64,40.05,43.31,non_sandy
109982,WB_109982,-0.15,0.08,0.9999,0.0134,0.28,-0.32,Hooghly/Ganga,16138.32078438669,16.65,40.07,43.28,non_sandy
109983,WB_109983,0.69,0.09,0.9946,-0.1038,0.33,0.52,Hooghly/Ganga,14011.773019279668,16.59,40.07,43.34,non_sandy
109984,WB_109984,0.1,0.08,0.7995,-0.6007,0.31,-0.07,Hooghly/Ganga,16264.909591231059,16.67,40.04,43.29,non_sandy
109985,WB_109985,1.29,0.08,-0.2839,0.9589,0.28,-0.04,Hooghly/Ganga,18580.28520801857,16.68,40.09,43.23,non_sandy
109986,WB_109986,1.48,0.08,0.3275,0.9448,0.29,0.15,Hooghly/Ganga,18394.64460672558,16.67,40.1,43.23,non_sandy
109987,WB_109987,1.17,0.08,-0.1913,0.9815,0.32,-0.16,Hooghly/Ganga,17944.544992029707,16.67,40.09,43.24,non_sandy
109988,WB_109988,1.35,0.07,-0.5865,0.81,0.26,0.02,Hooghly/Ganga,19150.933189272077,16.7,40.09,43.21,non_sandy
109989,WB_109989,1.63,0.08,0.3969,0.9179,0.3,0.3,Hooghly/Ganga,17706.543535014458,16.65,40.11,43.24,non_sandy
109990,WB_109990,1.1,0.08,-0.4703,0.8825,0.29,-0.23,Hooghly/Ganga,18542.06363357544,16.69,40.08,43.23,non_sandy
109991,WB_109991,1.39,0.07,0.9726,0.2325,0.28,0.06,Hooghly/Ganga,18959.39238786566,16.68,40.1,43.22,non_sandy
109992,WB_109992,1.26,0.08,-0.1393,0.9903,0.32,-0.07,Hooghly/Ganga,17302.26105517051,16.64,40.1,43.26,non_sandy
109993,WB_109993,1.39,0.07,-0.8886,0.4587,0.26,0.06,Hooghly/Ganga,19438.55474081268,16.72,40.08,43.2,non_sandy
109994,WB_109994,1.77,0.08,0.1993,0.9799,0.29,0.44,Hooghly/Ganga,17971.541001702906,16.65,40.12,43.23,non_sandy
109995,WB_109995,0.82,0.08,-0.3829,0.9238,0.29,-0.51,Hooghly/Ganga,17865.489873603496,16.67,40.08,43.25,non_sandy
109996,WB_109996,-0.05,0.08,0.4911,0.8711,0.27,-0.14,Hooghly/Ganga,21698.62288282992,16.72,40.13,43.15,non_sandy
109997,WB_109997,0.07,0.07,0.9513,0.3083,0.28,-0.02,Hooghly/Ganga,21002.08275655236,16.7,40.13,43.17,non_sandy
109998,WB_109998,-0.11,0.07,0.9751,0.2219,0.23,-0.2,Hooghly/Ganga,22010.865040449684,16.74,40.11,43.15,non_sandy
109999,WB_109999,0.13,0.07,0.6081,0.7938,0.27,0.04,Hooghly/Ganga,21375.014010704333,16.71,40.14,43.15,non_sandy
110000,WB_110000,0.09,0.07,0.9609,0.277,0.28,0.0,Hooghly/Ganga,21029.07722031506,16.71,40.12,43.17,non_sandy
110001,WB_110001,-0.04,0.07,0.4428,0.8966,0.25,-0.13,Hooghly/Ganga,22429.714999748125,16.75,40.12,43.13,non_sandy
110002,WB_110002,0.31,0.07,0.8451,0.5346,0.27,0.22,Hooghly/Ganga,20580.631981548126,16.68,40.14,43.18,non_sandy
110003,WB_110003,-0.0,0.06,0.9918,-0.1278,0.23,-0.09,Hooghly/Ganga,21875.89606334908,16.75,40.11,43.14,non_sandy
110004,WB_110004,0.21,0.07,0.4185,0.9082,0.27,0.12,Hooghly/Ganga,21966.275757179723,16.72,40.14,43.14,non_sandy
110005,WB_110005,0.36,0.08,1.0,-0.0059,0.28,0.27,Hooghly/Ganga,20354.92935715403,16.69,40.13,43.18,non_sandy
110006,WB_110006,-0.01,0.06,0.626,-0.7798,0.23,-0.1,Hooghly/Ganga,22762.037257052205,16.77,40.11,43.12,non_sandy
110007,WB_110007,1.45,0.07,0.9964,-0.0845,0.26,-0.0,Hooghly/Ganga,24626.50643128427,16.77,40.15,43.08,non_sandy
110008,WB_110008,1.37,0.07,0.9868,-0.1617,0.27,-0.08,Hooghly/Ganga,24933.80625629319,16.77,40.16,43.07,non_sandy
110009,WB_110009,1.6,0.08,0.7704,0.6375,0.28,0.15,Hooghly/Ganga,23972.466200043447,16.74,40.16,43.1,non_sandy
110010,WB_110010,1.41,0.07,0.8844,-0.4668,0.26,-0.04,Hooghly/Ganga,25241.03638439475,16.79,40.15,43.06,non_sandy
110011,WB_110011,1.56,0.08,0.9824,0.1868,0.31,0.11,Hooghly/Ganga,24422.560798858423,16.75,40.17,43.08,non_sandy
110012,WB_110012,1.38,0.08,-0.0323,0.9995,0.28,-0.07,Hooghly/Ganga,24136.55056360592,16.76,40.15,43.09,non_sandy
110013,WB_110013,1.2,0.08,0.9888,-0.1493,0.26,-0.25,Hooghly/Ganga,25606.007985189462,16.79,40.15,43.06,non_sandy
110014,WB_110014,1.86,0.08,0.7426,0.6698,0.28,0.41,Hooghly/Ganga,23596.63823726156,16.73,40.17,43.1,non_sandy
110015,WB_110015,1.45,0.07,0.9136,-0.4067,0.26,-0.0,Hooghly/Ganga,25073.51233896482,16.79,40.14,43.07,non_sandy
110016,WB_110016,1.22,0.08,0.9911,-0.1334,0.31,-0.23,Hooghly/Ganga,25039.264077596083,16.76,40.17,43.07,non_sandy
110017,WB_110017,1.49,0.07,0.0111,0.9999,0.28,0.04,Hooghly/Ganga,23440.52392408276,16.74,40.16,43.1,non_sandy
110018,WB_110018,0.19,0.08,-0.0516,0.9987,0.29,-0.09,Hooghly/Ganga,27481.847571991355,16.8,40.19,43.01,non_sandy
110019,WB_110019,0.01,0.07,-0.3436,0.9391,0.26,-0.27,Hooghly/Ganga,27844.6486789603,16.82,40.18,43.0,non_sandy
110020,WB_110020,0.37,0.08,-0.2972,0.9548,0.32,0.09,Hooghly/Ganga,28030.6702968792,16.81,40.2,42.99,non_sandy
110021,WB_110021,0.13,0.08,0.0095,1.0,0.3,-0.15,Hooghly/Ganga,27000.322080892412,16.79,40.19,43.02,non_sandy
110022,WB_110022,0.14,0.07,-0.3496,0.9369,0.29,-0.14,Hooghly/Ganga,28518.69882257039,16.84,40.18,42.98,non_sandy
110023,WB_110023,0.54,0.08,-0.1353,0.9908,0.3,0.26,Hooghly/Ganga,27331.70364991557,16.78,40.21,43.01,non_sandy
110024,WB_110024,-0.03,0.07,-0.1089,0.9941,0.27,-0.31,Hooghly/Ganga,27394.073062768162,16.81,40.18,43.01,non_sandy
110025,WB_110025,0.48,0.08,-0.3239,0.9461,0.32,0.2,Hooghly/Ganga,28700.968197445232,16.83,40.19,42.98,non_sandy
110026,WB_110026,0.41,0.08,0.2354,0.9719,0.3,0.13,Hooghly/Ganga,26563.730368733286,16.77,40.21,43.02,non_sandy
110027,WB_110027,0.06,0.07,-0.5945,0.8041,0.28,-0.22,Hooghly/Ganga,28429.803743068576,16.85,40.17,42.98,non_sandy
110028,WB_110028,0.78,0.08,-0.0673,0.9977,0.3,0.5,Hooghly/Ganga,27915.711504706273,16.8,40.21,42.99,non_sandy
110029,WB_110029,1.39,0.09,0.9629,-0.27,0.32,0.07,Hooghly/Ganga,30534.125470341787,16.84,40.23,42.93,non_sandy
110030,WB_110030,1.37,0.08,0.8606,-0.5093,0.29,0.05,Hooghly/Ganga,30895.711270230637,16.86,40.21,42.93,non_sandy
110031,WB_110031,1.05,0.09,0.9342,-0.3568,0.31,-0.27,Hooghly/Ganga,31084.084758668305,16.86,40.23,42.91,non_sandy
110032,WB_110032,1.61,0.09,0.9992,-0.0392,0.31,0.29,Hooghly/Ganga,30051.493901422866,16.83,40.23,42.94,non_sandy
110033,WB_110033,1.2,0.08,0.7548,-0.6559,0.32,-0.12,Hooghly/Ganga,31570.383566478,16.88,40.21,42.91,non_sandy
110034,WB_110034,1.37,0.09,0.997,-0.0772,0.37,0.05,Hooghly/Ganga,30385.445281133176,16.83,40.24,42.93,non_sandy
110035,WB_110035,1.5,0.07,0.9806,0.1959,0.29,0.18,Hooghly/Ganga,30443.841177379076,16.85,40.21,42.94,non_sandy
110036,WB_110036,0.79,0.09,0.945,-0.327,0.31,-0.53,Hooghly/Ganga,31754.650566186392,16.88,40.22,42.9,non_sandy
110037,WB_110037,1.84,0.09,0.9995,-0.0307,0.31,0.52,Hooghly/Ganga,29615.826170517645,16.81,40.24,42.95,non_sandy
110038,WB_110038,1.46,0.08,0.7412,-0.6713,0.33,0.14,Hooghly/Ganga,31479.943620688387,16.89,40.2,42.91,non_sandy
110039,WB_110039,0.94,0.09,0.9695,-0.245,0.37,-0.38,Hooghly/Ganga,30970.661910924024,16.84,40.24,42.92,non_sandy
110040,WB_110040,0.61,0.09,-0.3563,0.9344,0.32,-0.05,Hooghly/Ganga,33504.42026657864,16.89,40.26,42.85,non_sandy
110041,WB_110041,0.33,0.08,-0.5524,0.8336,0.31,-0.33,Hooghly/Ganga,33797.4562829667,16.91,40.25,42.84,non_sandy
110042,WB_110042,0.86,0.09,-0.4512,0.8924,0.35,0.2,Hooghly/Ganga,34093.37129047786,16.9,40.26,42.84,non_sandy
110043,WB_110043,0.43,0.09,-0.2986,0.9544,0.35,-0.23,Hooghly/Ganga,32982.39423330061,16.88,40.26,42.86,non_sandy
110044,WB_110044,0.54,0.08,-0.6022,0.7983,0.34,-0.12,Hooghly/Ganga,34482.78355594523,16.93,40.24,42.83,non_sandy
110045,WB_110045,1.06,0.09,-0.3062,0.952,0.33,0.4,Hooghly/Ganga,33430.36398889585,16.88,40.27,42.85,non_sandy
110046,WB_110046,0.13,0.09,-0.4496,0.8933,0.3,-0.53,Hooghly/Ganga,33296.320144611236,16.9,40.24,42.86,non_sandy
110047,WB_110047,0.96,0.09,-0.4627,0.8865,0.35,0.3,Hooghly/Ganga,34757.63127225565,16.93,40.25,42.82,non_sandy
110048,WB_110048,0.79,0.09,-0.1502,0.9887,0.35,0.13,Hooghly/Ganga,32603.4265773415,16.86,40.27,42.87,non_sandy
110049,WB_110049,0.3,0.08,-0.6486,0.7612,0.32,-0.36,Hooghly/Ganga,34320.87831450906,16.93,40.23,42.84,non_sandy
110050,WB_110050,1.29,0.09,-0.3075,0.9515,0.33,0.63,Hooghly/Ganga,34057.071211356815,16.89,40.27,42.84,non_sandy
110051,WB_110051,1.11,0.09,0.9084,-0.4182,0.33,0.06,Vidyadhari,33283.98800325992,16.94,40.28,42.78,non_sandy
110052,WB_110052,0.73,0.09,0.8931,-0.4498,0.35,-0.32,Vidyadhari,32591.450356880036,16.96,40.28,42.76,non_sandy
110053,WB_110053,1.2,0.09,0.9821,-0.1884,0.38,0.15,Vidyadhari,33079.20094273796,16.92,40.3,42.78,non_sandy
110054,WB_110054,1.13,0.09,0.9077,-0.4196,0.33,0.08,Vidyadhari,33445.73023558657,16.96,40.27,42.77,non_sandy
110055,WB_110055,0.6,0.09,0.9025,-0.4306,0.34,-0.45,Vidyadhari,32112.773495360078,16.94,40.29,42.77,non_sandy
110056,WB_110056,1.48,0.09,0.9712,-0.2383,0.34,0.43,Vidyadhari,33845.81686728959,16.92,40.29,42.79,non_sandy
110057,WB_110057,0.79,0.08,0.7589,-0.6512,0.36,-0.26,Vidyadhari,32677.508998970752,16.98,40.27,42.75,non_sandy
110058,WB_110058,1.08,0.09,0.9862,-0.1654,0.38,0.03,Vidyadhari,32515.752984450774,16.91,40.31,42.78,non_sandy
110059,WB_110059,1.39,0.09,0.9401,-0.341,0.33,0.34,Vidyadhari,34126.85422677926,16.95,40.27,42.78,non_sandy
110060,WB_110060,0.36,0.09,0.9281,-0.3722,0.34,-0.69,Vidyadhari,31765.23393332082,16.97,40.29,42.74,non_sandy
110061,WB_110061,1.68,0.09,0.9888,-0.1492,0.38,0.63,Vidyadhari,33638.52015593716,16.9,40.3,42.8,non_sandy
110062,WB_110062,0.96,0.09,-0.3518,0.9361,0.35,-0.18,Vidyadhari,28037.364584086128,16.98,40.32,42.7,non_sandy
110063,WB_110063,1.07,0.09,-0.5465,0.8375,0.33,-0.07,Vidyadhari,27628.7335873462,17.0,40.31,42.69,non_sandy
110064,WB_110064,1.36,0.09,-0.2569,0.9664,0.32,0.22,Vidyadhari,27503.729444451295,16.97,40.33,42.7,non_sandy
110065,WB_110065,0.65,0.09,-0.4807,0.8769,0.33,-0.49,Vidyadhari,28510.351127372993,16.99,40.31,42.7,non_sandy
110066,WB_110066,1.38,0.08,-0.4643,0.8857,0.33,0.24,Vidyadhari,26940.11387527748,17.0,40.32,42.68,non_sandy
110067,WB_110067,1.1,0.09,-0.2163,0.9763,0.4,-0.04,Vidyadhari,28247.654122779466,16.95,40.33,42.72,non_sandy
110068,WB_110068,0.88,0.09,-0.6961,0.718,0.35,-0.26,Vidyadhari,28078.090482737418,17.02,40.3,42.68,non_sandy
110069,WB_110069,1.65,0.09,-0.2214,0.9752,0.32,0.51,Vidyadhari,26813.83408695319,16.97,40.33,42.7,non_sandy
110070,WB_110070,0.53,0.09,-0.4981,0.8671,0.33,-0.61,Vidyadhari,28989.833713727978,16.97,40.31,42.72,non_sandy
110071,WB_110071,1.38,0.09,-0.6051,0.7961,0.33,0.24,Vidyadhari,27006.07212448918,17.03,40.31,42.66,non_sandy
110072,WB_110072,1.61,0.09,-0.1295,0.9916,0.38,0.47,Vidyadhari,27693.8847620567,16.94,40.34,42.72,non_sandy
110073,WB_110073,0.59,0.09,0.9161,-0.401,0.3,-0.14,Vidyadhari,22643.0052179483,17.04,40.34,42.62,non_sandy
110074,WB_110074,0.5,0.09,0.9763,-0.2163,0.31,-0.23,Vidyadhari,22162.862021446243,17.02,40.36,42.62,non_sandy
110075,WB_110075,0.93,0.09,0.9558,-0.2941,0.33,0.2,Vidyadhari,23240.52765609277,17.02,40.35,42.63,non_sandy
110076,WB_110076,0.35,0.09,0.8795,-0.476,0.32,-0.38,Vidyadhari,22074.126192327123,17.05,40.34,42.61,non_sandy
110077,WB_110077,0.85,0.09,0.9837,-0.1798,0.35,0.12,Vidyadhari,22568.354912629908,17.0,40.36,42.64,non_sandy
110078,WB_110078,0.88,0.09,0.9078,-0.4194,0.35,0.15,Vidyadhari,23282.419774631402,17.05,40.33,42.62,non_sandy
110079,WB_110079,0.26,0.09,0.9388,-0.3444,0.29,-0.47,Vidyadhari,21508.30910629664,17.04,40.36,42.6,non_sandy
110080,WB_110080,1.23,0.09,0.9554,-0.2952,0.33,0.5,Vidyadhari,23480.833936876174,17.0,40.36,42.64,non_sandy
110081,WB_110081,0.55,0.08,0.7874,-0.6164,0.32,-0.18,Vidyadhari,22438.152892094342,17.07,40.33,42.6,non_sandy
110082,WB_110082,0.67,0.09,0.9921,-0.1256,0.35,-0.06,Vidyadhari,21876.87365371692,17.0,40.37,42.63,non_sandy
110083,WB_110083,1.19,0.09,0.9115,-0.4112,0.35,0.46,Vidyadhari,23911.442099637832,17.03,40.34,42.63,non_sandy
110084,WB_110084,1.62,0.08,-0.1376,0.9905,0.3,0.07,Vidyadhari,17332.86862199711,17.07,40.39,42.54,non_sandy
110085,WB_110085,1.31,0.08,-0.5029,0.8644,0.31,-0.24,Vidyadhari,17816.78572845515,17.08,40.37,42.55,non_sandy
110086,WB_110086,1.68,0.07,-0.2831,0.9591,0.29,0.13,Vidyadhari,16734.662639201302,17.08,40.38,42.54,non_sandy
110087,WB_110087,1.51,0.09,-0.0737,0.9973,0.35,-0.04,Vidyadhari,17910.295316911,17.05,40.39,42.56,non_sandy
110088,WB_110088,1.45,0.08,-0.719,0.695,0.32,-0.1,Vidyadhari,17451.759213958227,17.1,40.37,42.53,non_sandy
110089,WB_110089,1.9,0.08,0.0045,1.0,0.27,0.35,Vidyadhari,16717.132257889,17.06,40.4,42.54,non_sandy
110090,WB_110090,1.04,0.09,-0.515,0.8572,0.34,-0.51,Vidyadhari,18463.668825046803,17.06,40.37,42.57,non_sandy
110091,WB_110091,1.67,0.08,-0.4083,0.9129,0.29,0.12,Vidyadhari,16522.693422919096,17.11,40.37,42.52,non_sandy
110092,WB_110092,1.91,0.09,0.0446,0.999,0.35,0.36,Vidyadhari,17601.28524823874,17.03,40.4,42.57,non_sandy
110093,WB_110093,1.15,0.08,-0.5049,0.8632,0.31,-0.4,Vidyadhari,18165.732040062623,17.1,40.36,42.54,non_sandy
110094,WB_110094,1.79,0.07,0.1906,0.9817,0.27,0.24,Vidyadhari,16071.049482990558,17.08,40.39,42.53,non_sandy
110095,WB_110095,0.28,0.07,1.0,0.008,0.28,-0.21,Vidyadhari,11969.210245363316,17.13,40.41,42.46,non_sandy
110096,WB_110096,0.51,0.08,0.9998,-0.0178,0.31,0.02,Vidyadhari,12442.230844337872,17.1,40.42,42.48,non_sandy
110097,WB_110097,0.37,0.08,0.9338,-0.3578,0.28,-0.12,Vidyadhari,12479.51576551039,17.14,40.4,42.46,non_sandy
110098,WB_110098,0.34,0.07,0.9997,0.0238,0.27,-0.15,Vidyadhari,11550.516106716806,17.12,40.42,42.46,non_sandy
110099,WB_110099,0.7,0.08,0.9989,-0.0465,0.3,0.21,Vidyadhari,13095.70232484904,17.1,40.41,42.49,non_sandy
110100,WB_110100,0.24,0.07,0.9679,-0.2513,0.26,-0.25,Vidyadhari,11736.304655306307,17.15,40.4,42.45,non_sandy
110101,WB_110101,0.63,0.08,0.9951,0.0986,0.31,0.14,Vidyadhari,12101.769105881862,17.09,40.43,42.48,non_sandy
110102,WB_110102,0.63,0.08,0.8802,-0.4745,0.28,0.14,Vidyadhari,13167.698676108548,17.13,40.4,42.47,non_sandy
110103,WB_110103,0.28,0.07,0.9385,0.3452,0.27,-0.21,Vidyadhari,11021.576524665952,17.14,40.42,42.44,non_sandy
110104,WB_110104,0.94,0.08,0.9995,0.0328,0.31,0.45,Vidyadhari,13141.264439014378,17.08,40.43,42.49,non_sandy
110105,WB_110105,0.43,0.07,0.8277,-0.5612,0.28,-0.06,Vidyadhari,12311.873256209621,17.16,40.39,42.45,non_sandy
110106,WB_110106,1.83,0.07,0.6218,0.7832,0.26,0.06,Vidyadhari,6946.835893192548,17.16,40.45,42.39,non_sandy
110107,WB_110107,1.75,0.08,0.075,0.9972,0.29,-0.02,Vidyadhari,7679.699591350175,17.15,40.44,42.41,non_sandy
110108,WB_110108,1.75,0.06,-0.0427,0.9991,0.24,-0.02,Vidyadhari,6736.8809953690525,17.18,40.44,42.38,non_sandy
110109,WB_110109,2.03,0.08,0.6256,0.7802,0.26,0.26,Vidyadhari,7232.816826594613,17.14,40.46,42.4,non_sandy
110110,WB_110110,1.59,0.07,-0.2458,0.9693,0.28,-0.18,Vidyadhari,7787.904102203483,17.17,40.43,42.4,non_sandy
110111,WB_110111,1.7,0.07,0.8991,0.4377,0.27,-0.07,Vidyadhari,6208.402930793415,17.18,40.45,42.37,non_sandy
110112,WB_110112,1.92,0.08,0.4595,0.8882,0.3,0.15,Vidyadhari,8046.507091215778,17.13,40.45,42.42,non_sandy
110113,WB_110113,1.78,0.06,-0.6516,-0.7586,0.24,0.01,Vidyadhari,7046.679581680464,17.2,40.43,42.37,non_sandy
110114,WB_110114,2.0,0.07,0.6223,0.7827,0.26,0.23,Vidyadhari,6637.4680338799235,17.14,40.46,42.4,non_sandy
110115,WB_110115,1.43,0.08,-0.3454,0.9384,0.28,-0.34,Vidyadhari,8412.383348726702,17.15,40.44,42.41,non_sandy
110116,WB_110116,1.67,0.07,0.8646,0.5025,0.25,-0.1,Vidyadhari,5993.53058452461,17.2,40.44,42.36,non_sandy
110117,WB_110117,0.36,0.07,0.2501,0.9682,0.26,-0.12,Vidyadhari,2400.563872081468,17.21,40.48,42.31,non_sandy
110118,WB_110118,0.45,0.07,0.6744,0.7384,0.28,-0.03,Vidyadhari,3127.6523068280703,17.19,40.48,42.33,non_sandy
110119,WB_110119,0.28,0.07,0.5049,0.8632,0.23,-0.2,Vidyadhari,2433.1547941589233,17.23,40.46,42.31,non_sandy
110120,WB_110120,0.57,0.07,0.1045,0.9945,0.27,0.09,Vidyadhari,2410.792376628789,17.2,40.49,42.31,non_sandy
110121,WB_110121,0.44,0.07,0.7204,0.6936,0.28,-0.04,Vidyadhari,3446.22662763951,17.19,40.47,42.34,non_sandy
110122,WB_110122,0.4,0.07,-0.1487,0.9889,0.26,-0.08,Vidyadhari,1753.6082966133058,17.24,40.47,42.29,non_sandy
110123,WB_110123,0.71,0.07,0.4842,0.875,0.26,0.23,Vidyadhari,3229.9235400381267,17.17,40.49,42.34,non_sandy
110124,WB_110124,0.35,0.06,0.4382,0.8989,0.23,-0.13,Vidyadhari,2917.0202601065644,17.22,40.46,42.32,non_sandy
110125,WB_110125,0.66,0.08,-0.0049,1.0,0.27,0.18,Vidyadhari,1728.7594748460972,17.22,40.48,42.3,non_sandy
110126,WB_110126,0.69,0.08,0.7837,0.6211,0.28,0.21,Vidyadhari,3928.159352358797,17.17,40.49,42.34,non_sandy
110127,WB_110127,0.4,0.06,-0.6694,0.7429,0.23,-0.08,Vidyadhari,1819.8175181474085,17.25,40.45,42.3,non_sandy
110128,WB_110128,1.71,0.08,0.9064,-0.4224,0.3,-0.1,Vidyadhari,1584.4928084610317,17.26,40.51,42.23,non_sandy
110129,WB_110129,1.95,0.08,0.9959,0.0901,0.29,0.14,Vidyadhari,895.5563222711401,17.23,40.52,42.25,non_sandy
110130,WB_110130,1.79,0.07,0.9936,-0.1129,0.25,-0.02,Vidyadhari,1422.348413218143,17.27,40.5,42.23,non_sandy
110131,WB_110131,1.63,0.08,0.9622,-0.2722,0.31,-0.18,Vidyadhari,1694.727365944577,17.25,40.52,42.23,non_sandy
110132,WB_110132,1.94,0.07,0.8722,0.4891,0.28,0.13,Vidyadhari,466.7496940031682,17.23,40.51,42.26,non_sandy
110133,WB_110133,1.64,0.07,0.5912,-0.8065,0.28,-0.17,Vidyadhari,2154.960555560829,17.28,40.5,42.22,non_sandy
110134,WB_110134,2.05,0.09,0.9485,0.3168,0.34,0.24,Vidyadhari,922.268128388802,17.22,40.53,42.25,non_sandy
110135,WB_110135,1.79,0.07,0.8882,0.4595,0.25,-0.02,Vidyadhari,891.6239535080172,17.26,40.49,42.25,non_sandy
110136,WB_110136,1.33,0.09,0.965,-0.2622,0.31,-0.48,Vidyadhari,2364.7173874142336,17.27,40.51,42.22,non_sandy
110137,WB_110137,2.21,0.08,0.9969,0.0793,0.29,0.4,Vidyadhari,91.30478840194017,17.21,40.52,42.27,non_sandy
110138,WB_110138,1.86,0.07,0.3878,-0.9217,0.29,0.05,Vidyadhari,1982.4443262634334,17.29,40.48,42.23,non_sandy
110139,WB_110139,0.54,0.08,-0.4275,0.904,0.29,-0.18,Vidyadhari,5373.11850532801,17.3,40.53,42.17,non_sandy
110140,WB_110140,0.84,0.08,-0.2421,0.9703,0.33,0.12,Vidyadhari,5453.621862255478,17.29,40.55,42.16,non_sandy
110141,WB_110141,0.47,0.08,-0.1027,0.9947,0.3,-0.25,Vidyadhari,4690.389709300324,17.28,40.54,42.18,non_sandy
110142,WB_110142,0.74,0.08,-0.5034,0.8641,0.31,0.02,Vidyadhari,6001.357920557905,17.32,40.53,42.15,non_sandy
110143,WB_110143,0.92,0.08,-0.1898,0.9818,0.34,0.2,Vidyadhari,4825.133578786753,17.27,40.55,42.18,non_sandy
110144,WB_110144,0.37,0.08,-0.2904,0.9569,0.27,-0.35,Vidyadhari,5078.981048582636,17.31,40.52,42.17,non_sandy
110145,WB_110145,1.08,0.08,-0.3399,0.9405,0.32,0.36,Vidyadhari,6111.319334730378,17.31,40.55,42.14,non_sandy
110146,WB_110146,0.66,0.08,0.0137,0.9999,0.3,-0.06,Vidyadhari,4160.6757371551785,17.26,40.55,42.19,non_sandy
110147,WB_110147,0.64,0.08,-0.6676,0.7445,0.31,-0.08,Vidyadhari,6049.970123649477,17.34,40.52,42.14,non_sandy
110148,WB_110148,1.29,0.09,-0.1442,0.9895,0.32,0.57,Vidyadhari,5302.980206078356,17.27,40.56,42.17,non_sandy
110149,WB_110149,0.37,0.07,-0.3579,0.9338,0.27,-0.35,Vidyadhari,4352.4036360622595,17.29,40.53,42.18,non_sandy
110150,WB_110150,1.41,0.09,0.9475,-0.3196,0.35,-0.16,Vidyadhari,9487.453360096328,17.34,40.57,42.09,non_sandy
110151,WB_110151,1.78,0.08,0.9831,-0.1832,0.32,0.21,Vidyadhari,8751.277332891934,17.32,40.58,42.1,non_sandy
110152,WB_110152,1.5,0.08,0.8276,-0.5613,0.32,-0.07,Vidyadhari,9621.493812380619,17.36,40.56,42.08,non_sandy
110153,WB_110153,1.45,0.09,0.9387,-0.3447,0.35,-0.12,Vidyadhari,9324.484697434693,17.33,40.58,42.09,non_sandy
110154,WB_110154,1.84,0.08,0.9871,-0.16,0.31,0.27,Vidyadhari,8590.274351616199,17.33,40.56,42.11,non_sandy
110155,WB_110155,1.13,0.09,0.8575,-0.5145,0.31,-0.44,Vidyadhari,10196.627072931455,17.37,40.57,42.06,non_sandy
110156,WB_110156,1.96,0.09,1.0,-0.0023,0.37,0.39,Vidyadhari,8490.414928310587,17.3,40.59,42.11,non_sandy
110157,WB_110157,1.75,0.08,0.8188,-0.5741,0.32,0.18,Vidyadhari,9313.570314763698,17.36,40.55,42.09,non_sandy
110158,WB_110158,1.04,0.09,0.9261,-0.3773,0.35,-0.53,Vidyadhari,9984.831897379812,17.34,40.58,42.08,non_sandy
110159,WB_110159,2.07,0.08,0.9657,-0.2595,0.31,0.5,Vidyadhari,7998.9848831909885,17.31,40.57,42.12,non_sandy
110160,WB_110160,1.38,0.08,0.7284,-0.6851,0.32,-0.19,Vidyadhari,10339.317491530512,17.38,40.55,42.07,non_sandy
110161,WB_110161,1.23,0.09,-0.2617,0.9652,0.35,0.07,Vidyadhari,13251.046106032178,17.38,40.61,42.01,non_sandy
110162,WB_110162,0.83,0.09,-0.4291,0.9032,0.34,-0.33,Vidyadhari,12799.38546706869,17.38,40.6,42.02,non_sandy
110163,WB_110163,1.25,0.09,-0.6314,0.7755,0.35,0.09,Vidyadhari,13848.34550200522,17.4,40.6,42.0,non_sandy
110164,WB_110164,1.29,0.09,-0.316,0.9488,0.35,0.13,Vidyadhari,12615.101686128935,17.36,40.62,42.02,non_sandy
110165,WB_110165,0.74,0.09,-0.5073,0.8618,0.33,-0.42,Vidyadhari,13167.53445423741,17.4,40.59,42.01,non_sandy
110166,WB_110166,1.57,0.09,-0.3169,0.9485,0.34,0.41,Vidyadhari,13588.100224860149,17.39,40.61,42.0,non_sandy
110167,WB_110167,0.86,0.09,-0.3738,0.9275,0.39,-0.3,Vidyadhari,12171.636890310592,17.35,40.61,42.04,non_sandy
110168,WB_110168,1.18,0.09,-0.7281,0.6855,0.35,0.02,Vidyadhari,14061.374867211412,17.42,40.59,41.99,non_sandy
110169,WB_110169,1.73,0.09,-0.2643,0.9644,0.35,0.57,Vidyadhari,12607.769548671527,17.35,40.62,42.03,non_sandy
110170,WB_110170,0.52,0.09,-0.5659,0.8245,0.33,-0.64,Vidyadhari,12484.49152917765,17.38,40.59,42.03,non_sandy
110171,WB_110171,1.6,0.09,-0.4238,0.9058,0.3,0.44,Vidyadhari,14320.701057528651,17.41,40.6,41.99,non_sandy
110172,WB_110172,1.15,0.09,0.9069,-0.4214,0.32,-0.08,Ichamati,12907.981759228842,17.44,40.63,41.93,non_sandy
110173,WB_110173,1.04,0.09,0.9654,-0.2608,0.34,-0.19,Ichamati,12879.633111752839,17.42,40.64,41.94,non_sandy
110174,WB_110174,1.52,0.09,0.9515,-0.3076,0.35,0.29,Ichamati,13621.026929013204,17.42,40.63,41.95,non_sandy
110175,WB_110175,0.86,0.09,0.8449,-0.535,0.34,-0.37,Ichamati,12254.918033802835,17.45,40.63,41.92,non_sandy
110176,WB_110176,1.45,0.09,0.9816,-0.191,0.37,0.22,Ichamati,13556.823335253674,17.4,40.65,41.95,non_sandy
110177,WB_110177,1.46,0.09,0.8839,-0.4677,0.36,0.23,Ichamati,13164.776409649892,17.44,40.62,41.94,non_sandy
110178,WB_110178,0.7,0.09,0.9113,-0.4118,0.31,-0.53,Ichamati,12202.317532031362,17.43,40.64,41.93,non_sandy
110179,WB_110179,1.84,0.09,0.9602,-0.2793,0.33,0.61,Vidyadhari,14192.84213978932,17.39,40.64,41.97,non_sandy
110180,WB_110180,1.09,0.09,0.749,-0.6626,0.34,-0.14,Ichamati,12152.3149519539,17.47,40.61,41.92,non_sandy
110181,WB_110181,1.21,0.09,0.9839,-0.1789,0.38,-0.02,Ichamati,13082.955583038129,17.4,40.66,41.94,non_sandy
110182,WB_110182,1.73,0.09,-0.2881,0.9576,0.33,0.14,Ichamati,8768.067260344818,17.47,40.67,41.86,non_sandy
110183,WB_110183,1.38,0.09,-0.3941,0.9191,0.36,-0.21,Ichamati,9441.309480885595,17.46,40.67,41.87,non_sandy
110184,WB_110184,1.66,0.08,-0.5034,0.864,0.33,0.07,Ichamati,8337.781165184642,17.49,40.66,41.85,non_sandy
110185,WB_110185,1.92,0.09,-0.2349,0.972,0.33,0.33,Ichamati,9198.236037676752,17.45,40.68,41.87,non_sandy
110186,WB_110186,1.14,0.09,-0.5127,0.8586,0.33,-0.45,Ichamati,9290.92896735049,17.48,40.65,41.87,non_sandy
110187,WB_110187,1.92,0.08,-0.3019,0.9534,0.33,0.33,Ichamati,8019.797936410839,17.49,40.67,41.84,non_sandy
110188,WB_110188,1.53,0.09,-0.2372,0.9715,0.41,-0.06,Ichamati,9969.683103381592,17.44,40.68,41.88,non_sandy
110189,WB_110189,1.53,0.09,-0.791,0.6119,0.36,-0.06,Ichamati,8359.837679967684,17.51,40.65,41.84,non_sandy
110190,WB_110190,2.2,0.09,-0.302,0.9533,0.33,0.61,Ichamati,8649.972910766779,17.45,40.69,41.86,non_sandy
110191,WB_110191,0.92,0.09,-0.5476,0.8367,0.33,-0.67,Ichamati,10022.02919134084,17.46,40.66,41.88,non_sandy
110192,WB_110192,0.94,0.09,0.9727,-0.232,0.35,0.0,Ichamati,5093.81988836666,17.5,40.7,41.8,non_sandy
110193,WB_110193,0.8,0.08,0.892,-0.452,0.3,-0.14,Ichamati,4606.362831077779,17.53,40.69,41.78,non_sandy
110194,WB_110194,0.75,0.08,0.9589,-0.2839,0.32,-0.19,Ichamati,4599.740306047656,17.51,40.71,41.78,non_sandy
110195,WB_110195,1.19,0.09,0.9745,-0.2244,0.32,0.25,Ichamati,5518.469010571178,17.5,40.69,41.81,non_sandy
110196,WB_110196,0.58,0.08,0.9069,-0.4213,0.29,-0.36,Ichamati,3936.0794813764037,17.54,40.69,41.77,non_sandy
110197,WB_110197,1.15,0.09,0.9923,-0.124,0.35,0.21,Ichamati,5374.412474035276,17.48,40.71,41.81,non_sandy
110198,WB_110198,1.11,0.08,0.9018,-0.4321,0.34,0.17,Ichamati,4982.547357956678,17.53,40.68,41.79,non_sandy
110199,WB_110199,0.58,0.08,0.9535,-0.3013,0.29,-0.36,Ichamati,3904.3610226727637,17.52,40.71,41.77,non_sandy
110200,WB_110200,1.51,0.09,0.9611,-0.2764,0.32,0.57,Ichamati,6061.099819149148,17.48,40.7,41.82,non_sandy
110201,WB_110201,0.78,0.08,0.8075,-0.5899,0.31,-0.16,Ichamati,3904.995178114977,17.56,40.68,41.76,non_sandy
110202,WB_110202,1.95,0.08,-0.2507,0.9681,0.28,-0.08,Ichamati,498.85248089221807,17.57,40.72,41.71,non_sandy
110203,WB_110203,2.16,0.08,0.2348,0.972,0.32,0.13,Ichamati,700.0286200298882,17.55,40.74,41.71,non_sandy
110204,WB_110204,1.72,0.08,-0.2721,0.9623,0.3,-0.31,Ichamati,1160.71441392465,17.56,40.72,41.72,non_sandy
110205,WB_110205,2.04,0.07,-0.3824,0.924,0.28,0.01,Ichamati,94.79977610372065,17.58,40.73,41.69,non_sandy
110206,WB_110206,2.18,0.08,0.1916,0.9815,0.34,0.15,Ichamati,1419.529510662966,17.53,40.74,41.73,non_sandy
110207,WB_110207,1.81,0.08,-0.6389,0.7693,0.29,-0.22,Ichamati,531.4706291256407,17.58,40.71,41.71,non_sandy
110208,WB_110208,2.2,0.07,0.6217,0.7833,0.29,0.17,Ichamati,113.52036523010283,17.55,40.74,41.71,non_sandy
110209,WB_110209,1.65,0.09,-0.3979,0.9174,0.34,-0.38,Ichamati,1833.928264366937,17.53,40.73,41.74,non_sandy
110210,WB_110210,2.08,0.08,-0.6729,0.7397,0.28,0.05,Ichamati,401.6021072711747,17.6,40.71,41.69,non_sandy
110211,WB_110211,2.53,0.09,0.1278,0.9918,0.32,0.5,Ichamati,1149.0794823546885,17.52,40.75,41.73,non_sandy
110212,WB_110212,0.59,0.07,0.9617,0.274,0.26,-0.21,Ichamati,3673.7875373125444,17.61,40.76,41.63,non_sandy
110213,WB_110213,0.77,0.08,0.9293,0.3694,0.29,-0.03,Ichamati,3251.1775903899493,17.59,40.77,41.64,non_sandy
110214,WB_110214,0.72,0.07,0.9801,0.1983,0.28,-0.08,Ichamati,3129.0971172692607,17.61,40.75,41.64,non_sandy
110215,WB_110215,0.63,0.07,0.966,0.2585,0.25,-0.17,Ichamati,4148.188609732787,17.61,40.76,41.63,non_sandy
110216,WB_110216,0.97,0.08,0.9501,0.312,0.29,0.17,Ichamati,2557.567778260746,17.57,40.77,41.66,non_sandy
110217,WB_110217,0.64,0.07,0.9999,-0.0156,0.26,-0.16,Ichamati,3879.4131394169617,17.63,40.74,41.63,non_sandy
110218,WB_110218,0.88,0.07,0.8264,0.5631,0.29,0.08,Ichamati,3686.843198336578,17.58,40.78,41.64,non_sandy
110219,WB_110219,0.99,0.08,0.9991,0.0425,0.29,0.19,Ichamati,2428.055632701576,17.59,40.75,41.66,non_sandy
110220,WB_110220,0.64,0.07,0.6471,0.7624,0.25,-0.16,Ichamati,4639.71732601556,17.64,40.75,41.61,non_sandy
110221,WB_110221,1.14,0.08,0.9495,0.3137,0.29,0.34,Ichamati,2602.65043878271,17.56,40.78,41.66,non_sandy
110222,WB_110222,2.16,0.07,-0.0326,0.9995,0.27,0.05,Ichamati,7237.78140050986,17.64,40.79,41.57,non_sandy
110223,WB_110223,2.08,0.07,0.9933,0.1158,0.27,-0.03,Ichamati,8003.788464616208,17.66,40.79,41.55,non_sandy
110224,WB_110224,2.34,0.08,0.8657,0.5006,0.27,0.23,Ichamati,7245.919191244063,17.62,40.8,41.58,non_sandy
110225,WB_110225,2.04,0.07,-0.0189,0.9998,0.27,-0.07,Ichamati,7272.507689664922,17.66,40.78,41.56,non_sandy
110226,WB_110226,1.97,0.08,0.9815,-0.1913,0.27,-0.14,Ichamati,8313.982278237392,17.66,40.8,41.54,non_sandy
110227,WB_110227,2.32,0.07,0.6479,0.7617,0.28,0.21,Ichamati,6547.738573789897,17.61,40.8,41.59,non_sandy
110228,WB_110228,2.14,0.07,-0.5104,-0.8599,0.25,0.03,Ichamati,8136.3022672311745,17.68,40.77,41.55,non_sandy
110229,WB_110229,2.29,0.07,0.8829,0.4696,0.28,0.18,Ichamati,7690.75405516196,17.62,40.81,41.57,non_sandy
110230,WB_110230,1.91,0.08,-0.1726,0.985,0.27,-0.2,Ichamati,6558.645163830667,17.64,40.78,41.58,non_sandy
110231,WB_110231,1.9,0.07,0.9999,-0.011,0.27,-0.21,Ichamati,8837.975159130256,17.68,40.78,41.54,non_sandy
110232,WB_110232,0.68,0.07,-0.4801,0.8772,0.25,-0.2,Ichamati,11456.294227128808,17.69,40.82,41.49,non_sandy
110233,WB_110233,0.83,0.08,-0.2143,0.9768,0.29,-0.05,Ichamati,12145.765891169141,17.7,40.82,41.48,non_sandy
110234,WB_110234,0.87,0.08,-0.0195,0.9998,0.3,-0.01,Ichamati,11053.544897549542,17.67,40.83,41.5,non_sandy
110235,WB_110235,0.65,0.07,0.0745,0.9972,0.25,-0.23,Ichamati,11862.262688982915,17.71,40.81,41.48,non_sandy
110236,WB_110236,1.1,0.08,-0.1686,0.9857,0.29,0.22,Ichamati,12028.376385447928,17.68,40.83,41.49,non_sandy
110237,WB_110237,0.76,0.07,0.2719,0.9623,0.29,-0.12,Ichamati,10702.21401269695,17.67,40.82,41.51,non_sandy
110238,WB_110238,0.88,0.07,-0.3768,0.9263,0.3,-0.0,Ichamati,12651.255133757084,17.72,40.81,41.47,non_sandy
110239,WB_110239,1.19,0.08,0.0811,0.9967,0.3,0.31,Ichamati,11108.15044594143,17.65,40.84,41.51,non_sandy
110240,WB_110240,0.66,0.07,-0.1667,0.986,0.25,-0.22,Ichamati,11293.867861312388,17.71,40.8,41.49,non_sandy
110241,WB_110241,1.21,0.08,-0.1849,0.9828,0.29,0.33,Ichamati,12753.598343810043,17.7,40.83,41.47,non_sandy
110242,WB_110242,44.38,0.26,0.7031,-0.7111,1.0,-0.21,Mahananda,26377.98535794572,30.43,32.98,36.59,non_sandy
110243,WB_110243,44.06,0.27,0.9983,-0.058,1.02,-0.53,Mahananda,26693.495212189664,30.39,33.01,36.6,non_sandy
110244,WB_110244,44.77,0.25,0.7444,-0.6678,0.97,0.18,Mahananda,27481.94482450614,30.41,32.98,36.61,non_sandy
110245,WB_110245,43.87,0.26,0.8002,-0.5997,1.02,-0.72,Mahananda,25386.74376423445,30.45,32.98,36.57,non_sandy
110246,WB_110246,44.89,0.27,1.0,0.0045,1.02,0.3,Mahananda,27885.463958345248,30.34,33.03,36.63,non_sandy
110247,WB_110247,45.13,0.25,0.529,-0.8486,0.97,0.54,Mahananda,26450.576194326022,30.46,32.94,36.6,non_sandy
110248,WB_110248,43.7,0.27,0.9994,-0.0351,1.02,-0.89,Mahananda,25711.784378442313,30.4,33.02,36.58,non_sandy
110249,WB_110249,45.25,0.26,0.9484,-0.317,1.0,0.66,Mahananda,28593.238007332122,30.36,33.0,36.64,non_sandy
110250,WB_110250,45.06,0.25,-0.1626,-0.9867,0.97,0.47,Mahananda,24893.51319326457,30.5,32.94,36.56,non_sandy
110251,WB_110251,44.76,0.27,0.9952,0.0977,1.02,0.17,Mahananda,27420.63619547733,30.33,33.06,36.61,non_sandy
110252,WB_110252,44.63,0.24,0.9413,0.3376,0.97,0.04,Mahananda,27625.612186851416,30.44,32.94,36.62,non_sandy
110253,WB_110253,45.38,0.25,-0.6992,0.7149,0.99,0.16,Mahananda,21653.81084924967,30.37,33.14,36.49,non_sandy
110254,WB_110254,45.0,0.26,0.8457,0.5337,1.0,-0.22,Mahananda,22000.443314499247,30.39,33.11,36.5,non_sandy
110255,WB_110255,45.18,0.26,-0.1344,0.9909,1.1,-0.04,Mahananda,20479.80104371592,30.41,33.12,36.47,non_sandy
110256,WB_110256,45.14,0.25,-0.9696,0.2446,0.94,-0.08,Mahananda,22745.494443837233,30.33,33.16,36.51,non_sandy
110257,WB_110257,44.29,0.27,0.8295,0.5586,1.0,-0.93,Mahananda,21001.650241895277,30.44,33.08,36.48,non_sandy
110258,WB_110258,46.25,0.27,-0.8395,0.5434,1.0,1.03,Mahananda,20959.983408600165,30.36,33.16,36.48,non_sandy
110259,WB_110259,45.5,0.26,0.9255,0.3786,0.93,0.28,Mahananda,23169.665274737414,30.35,33.12,36.53,non_sandy
110260,WB_110260,44.07,0.27,0.8937,0.4487,1.0,-1.15,Mahananda,19687.631874723393,30.46,33.09,36.45,non_sandy
110261,WB_110261,45.34,0.25,-1.0,0.0054,0.97,0.12,Mahananda,22635.38412719232,30.3,33.19,36.51,non_sandy
110262,WB_110262,44.99,0.26,0.9565,0.2919,1.0,-0.23,Mahananda,21967.43750955458,30.43,33.07,36.5,non_sandy
110263,WB_110263,46.28,0.27,-0.6298,0.7768,1.1,1.06,Mahananda,19710.73911273387,30.41,33.14,36.45,non_sandy
110264,WB_110264,46.29,0.27,-0.9928,-0.1198,1.01,0.51,Mahananda,15921.290806564159,30.38,33.25,36.37,non_sandy
110265,WB_110265,45.64,0.26,-0.9793,-0.2025,1.02,-0.14,Mahananda,17000.63274446368,30.33,33.29,36.38,non_sandy
110266,WB_110266,45.78,0.27,-0.9901,0.1405,1.06,0.0,Mahananda,16428.036993830905,30.39,33.23,36.38,non_sandy
110267,WB_110267,46.05,0.26,-0.9496,-0.3135,1.02,0.27,Mahananda,15517.843877217181,30.37,33.28,36.35,non_sandy
110268,WB_110268,45.02,0.27,-0.9965,0.0841,0.96,-0.76,Mahananda,17916.798340850157,30.32,33.28,36.4,non_sandy
110269,WB_110269,46.42,0.27,-0.9951,0.0988,1.06,0.64,Mahananda,15109.298037362067,30.44,33.22,36.34,non_sandy
110270,WB_110270,45.43,0.26,-0.898,-0.44,1.02,-0.35,Mahananda,16720.91613851216,30.3,33.31,36.39,non_sandy
110271,WB_110271,45.13,0.27,-0.9914,0.1312,1.0,-0.65,Mahananda,17472.803874134377,30.37,33.23,36.4,non_sandy
110272,WB_110272,46.74,0.27,-0.9941,-0.1081,1.01,0.96,Mahananda,14422.381793293962,30.42,33.25,36.33,non_sandy
110273,WB_110273,45.58,0.25,-1.0,-0.0093,1.02,-0.2,Mahananda,18348.51509084051,30.27,33.31,36.42,non_sandy
110274,WB_110274,45.46,0.27,-0.9437,0.3307,1.06,-0.32,Mahananda,15648.581959187584,30.45,33.19,36.36,non_sandy
110275,WB_110275,45.5,0.26,0.9067,-0.4217,0.99,-0.21,Mahananda,10960.043143650377,30.36,33.38,36.26,non_sandy
110276,WB_110276,45.44,0.27,0.9998,0.0182,1.04,-0.27,Mahananda,11294.638652961214,30.32,33.42,36.26,non_sandy
110277,WB_110277,45.93,0.25,0.9987,0.0506,0.99,0.22,Mahananda,12054.957518008594,30.34,33.38,36.28,non_sandy
110278,WB_110278,44.92,0.27,0.9457,-0.3251,0.95,-0.79,Mahananda,9978.120008574022,30.38,33.38,36.24,non_sandy
110279,WB_110279,46.28,0.27,0.9979,0.0643,1.04,0.57,Mahananda,12485.389223621773,30.28,33.44,36.28,non_sandy
110280,WB_110280,45.93,0.25,0.9307,-0.3658,0.99,0.22,Mahananda,11012.441871264406,30.4,33.35,36.25,non_sandy
110281,WB_110281,44.99,0.27,0.9994,0.035,1.04,-0.72,Mahananda,10324.942661261,30.33,33.43,36.24,non_sandy
110282,WB_110282,46.56,0.27,0.9976,-0.0695,1.01,0.85,Mahananda,13169.536511129294,30.29,33.4,36.31,non_sandy
110283,WB_110283,45.87,0.24,0.4854,-0.8743,0.99,0.16,Mahananda,9468.774261081036,30.43,33.35,36.22,non_sandy
110284,WB_110284,45.95,0.27,0.9981,0.0623,1.04,0.24,Mahananda,12039.335002153714,30.26,33.46,36.28,non_sandy
110285,WB_110285,45.44,0.25,0.6557,0.755,0.99,-0.27,Mahananda,12177.854855184341,30.37,33.35,36.28,non_sandy
110286,WB_110286,46.34,0.25,-0.9881,0.1537,0.96,0.06,Mahananda,7563.073643241178,30.3,33.55,36.15,non_sandy
110287,WB_110287,46.27,0.26,0.9662,0.2577,0.97,-0.01,Mahananda,7699.150089194286,30.32,33.52,36.16,non_sandy
110288,WB_110288,46.2,0.26,-0.3828,0.9238,1.06,-0.08,Mahananda,6301.015065418053,30.35,33.52,36.13,non_sandy
110289,WB_110289,45.92,0.26,-0.9801,-0.1987,0.92,-0.36,Mahananda,8723.602617501547,30.26,33.56,36.18,non_sandy
110290,WB_110290,45.77,0.26,0.9329,0.3601,0.97,-0.51,Mahananda,6532.13938374328,30.37,33.49,36.14,non_sandy
110291,WB_110291,47.1,0.27,-0.9494,0.314,0.97,0.82,Mahananda,7031.129601102662,30.3,33.56,36.14,non_sandy
110292,WB_110292,46.47,0.25,0.9945,-0.105,0.88,0.19,Mahananda,8912.732393099837,30.28,33.53,36.19,non_sandy
110293,WB_110293,45.18,0.27,0.811,0.5851,1.03,-1.1,Mahananda,5314.208114725576,30.4,33.49,36.11,non_sandy
110294,WB_110294,46.14,0.25,-0.9768,-0.2141,0.97,-0.14,Mahananda,8825.278895622721,30.24,33.59,36.17,non_sandy
110295,WB_110295,46.56,0.26,1.0,-0.0076,0.97,0.28,Mahananda,7406.990861611417,30.35,33.48,36.17,non_sandy
110296,WB_110296,47.13,0.27,-0.7803,0.6255,1.06,0.85,Mahananda,5688.150804533969,30.35,33.54,36.11,non_sandy
110297,WB_110297,46.36,0.27,-0.9994,0.0348,1.05,-0.24,Mahananda,4518.414516634189,30.3,33.66,36.04,non_sandy
110298,WB_110298,47.16,0.27,-0.9633,-0.2685,1.05,0.56,Mahananda,3458.0505001958145,30.32,33.66,36.02,non_sandy
110299,WB_110299,46.42,0.26,-0.9521,0.3059,0.97,-0.18,Mahananda,5431.1059255816035,30.25,33.69,36.06,non_sandy
110300,WB_110300,46.6,0.27,-0.9968,0.0803,1.05,0.0,Mahananda,3626.0213959055463,30.34,33.63,36.03,non_sandy
110301,WB_110301,46.62,0.25,-0.9025,-0.4307,0.91,0.02,Mahananda,3922.477077619501,30.29,33.69,36.02,non_sandy
110302,WB_110302,45.58,0.28,-0.9817,0.1903,0.97,-1.02,Mahananda,5773.247178126328,30.26,33.67,36.07,non_sandy
110303,WB_110303,47.51,0.27,-0.9771,-0.2126,1.07,0.91,Mahananda,2404.1955795615418,30.37,33.63,36.0,non_sandy
110304,WB_110304,46.75,0.26,-0.9272,0.3745,1.0,0.15,Mahananda,5594.581803327054,30.22,33.72,36.06,non_sandy
110305,WB_110305,46.09,0.27,-1.0,0.0094,1.05,-0.51,Mahananda,4447.351810618946,30.33,33.62,36.05,non_sandy
110306,WB_110306,47.14,0.25,-0.9605,-0.2782,0.95,0.54,Mahananda,2625.7047307682055,30.33,33.67,36.0,non_sandy
110307,WB_110307,46.34,0.25,-0.8269,0.5623,0.97,-0.26,Mahananda,6744.3122690558685,30.21,33.71,36.08,non_sandy
110308,WB_110308,46.82,0.27,0.995,0.1001,1.13,0.06,Mahananda,1465.0469349385376,30.26,33.81,35.93,non_sandy
110309,WB_110309,47.17,0.26,0.9332,0.3594,1.0,0.41,Mahananda,1738.070884464369,30.27,33.79,35.94,non_sandy
110310,WB_110310,46.2,0.27,0.9889,-0.1483,1.0,-0.56,Mahananda,194.0018974145899,30.31,33.79,35.9,non_sandy
110311,WB_110311,47.5,0.28,0.9967,0.0814,1.03,0.74,Mahananda,2641.2951866149747,30.22,33.83,35.95,non_sandy
110312,WB_110312,46.78,0.26,0.9712,0.2383,1.0,0.02,Mahananda,616.4997247899287,30.32,33.76,35.92,non_sandy
110313,WB_110313,46.25,0.27,0.9985,0.0546,1.06,-0.51,Mahananda,806.3581883102403,30.27,33.83,35.9,non_sandy
110314,WB_110314,47.87,0.27,0.9538,0.3003,1.02,1.11,Mahananda,2985.0909451253883,30.23,33.81,35.96,non_sandy
110315,WB_110315,46.73,0.25,0.4771,-0.8788,0.99,-0.03,Mahananda,722.051425880791,30.36,33.75,35.89,non_sandy
110316,WB_110316,47.04,0.27,1.0,-0.0022,1.12,0.28,Mahananda,2617.3013054471016,30.2,33.86,35.94,non_sandy
110317,WB_110317,46.42,0.26,0.6058,0.7957,1.0,-0.34,Mahananda,1591.476795517383,30.3,33.76,35.94,non_sandy
110318,WB_110318,45.56,0.27,0.9839,-0.179,1.05,-1.2,Mahananda,546.2434484162778,30.32,33.8,35.88,non_sandy
110319,WB_110319,47.06,0.26,-0.9755,-0.2198,0.98,-0.12,Mahananda,982.3252154587166,30.23,33.95,35.82,non_sandy
110320,WB_110320,47.23,0.25,0.6541,0.7564,0.97,0.05,Mahananda,1931.420382326015,30.28,33.91,35.81,non_sandy
110321,WB_110321,47.54,0.26,-0.9925,-0.1225,1.0,0.36,Mahananda,1785.3779402473504,30.25,33.95,35.8,non_sandy
110322,WB_110322,47.19,0.25,0.1097,-0.994,0.99,0.01,Mahananda,300.6405361096852,30.22,33.94,35.84,non_sandy
110323,WB_110323,46.71,0.26,0.8853,0.4651,0.97,-0.47,Mahananda,3083.0069136183147,30.32,33.9,35.78,non_sandy
110324,WB_110324,46.92,0.26,-0.9735,-0.2286,1.0,-0.26,Mahananda,384.4543397189488,30.19,33.98,35.83,non_sandy
110325,WB_110325,47.86,0.27,0.8223,-0.5691,0.99,0.68,Mahananda,1348.3744018522016,30.27,33.9,35.83,non_sandy
110326,WB_110326,47.82,0.26,-0.965,0.2623,0.95,0.64,Mahananda,3005.363225996299,30.29,33.93,35.78,non_sandy
110327,WB_110327,46.25,0.27,-0.9888,-0.1494,1.0,-0.93,Mahananda,726.9744721730043,30.17,33.97,35.86,non_sandy
110328,WB_110328,46.66,0.25,0.5907,0.8069,0.97,-0.52,Mahananda,3241.746808232541,30.34,33.87,35.79,non_sandy
110329,WB_110329,47.76,0.26,-0.9948,0.1017,1.0,0.58,Mahananda,1238.8071584521497,30.21,33.99,35.8,non_sandy
110330,WB_110330,47.47,0.26,-0.8849,0.4657,1.03,0.08,Mahananda,4134.477030164586,30.22,34.08,35.7,non_sandy
110331,WB_110331,46.74,0.27,-0.9994,-0.0352,1.06,-0.65,Mahananda,3847.0929062667055,30.23,34.06,35.71,non_sandy
110332,WB_110332,48.01,0.27,-0.9973,-0.0738,1.05,0.62,Mahananda,5466.417895073422,30.27,34.05,35.68,non_sandy
110333,WB_110333,47.59,0.26,-0.6684,0.7438,1.03,0.2,Mahananda,2901.814160031585,30.17,34.1,35.73,non_sandy
110334,WB_110334,47.2,0.27,-0.997,0.0768,1.06,-0.19,Mahananda,5021.892263020138,30.28,34.02,35.7,non_sandy
110335,WB_110335,47.49,0.25,-0.6561,0.7546,1.03,0.1,Mahananda,4825.864748141603,30.23,34.09,35.68,non_sandy
110336,WB_110336,46.41,0.27,-0.9897,0.1429,1.01,-0.98,Mahananda,2540.098996671268,30.18,34.08,35.74,non_sandy
110337,WB_110337,48.23,0.27,-1.0,-0.0031,1.06,0.84,Mahananda,6425.639118587977,30.32,34.02,35.66,non_sandy
110338,WB_110338,48.03,0.26,-0.8134,0.5817,1.03,0.64,Mahananda,2928.13833318287,30.15,34.13,35.72,non_sandy
110339,WB_110339,46.78,0.27,-0.9987,-0.0505,1.06,-0.61,Mahananda,3999.3024555549446,30.25,34.02,35.73,non_sandy
