gp_code,panchayat_id,panchayat_name,block_name,district_name,latitude,longitude
107001,WB_107001,ALIPURDUAR_BLOCK_1_GP_1,ALIPURDUAR_BLOCK_1,Alipurduar,26.48126945,89.15314149
107002,WB_107002,ALIPURDUAR_BLOCK_1_GP_2,ALIPURDUAR_BLOCK_1,Alipurduar,26.48012961,89.17897989
107003,WB_107003,ALIPURDUAR_BLOCK_1_GP_3,ALIPURDUAR_BLOCK_1,Alipurduar,26.4940478,89.15205055
107004,WB_107004,ALIPURDUAR_BLOCK_1_GP_4,ALIPURDUAR_BLOCK_1,Alipurduar,26.46953106,89.15556014
107005,WB_107005,ALIPURDUAR_BLOCK_1_GP_5,ALIPURDUAR_BLOCK_1,Alipurduar,26.49203846,89.18812421
107006,WB_107006,ALIPURDUAR_BLOCK_1_GP_6,ALIPURDUAR_BLOCK_1,Alipurduar,26.4864427,89.12942228
107007,WB_107007,ALIPURDUAR_BLOCK_1_GP_7,ALIPURDUAR_BLOCK_1,Alipurduar,26.46788611,89.18473403
107008,WB_107008,ALIPURDUAR_BLOCK_1_GP_8,ALIPURDUAR_BLOCK_1,Alipurduar,26.50417267,89.16590503
107009,WB_107009,ALIPURDUAR_BLOCK_1_GP_9,ALIPURDUAR_BLOCK_1,Alipurduar,26.4682806,89.1317286
107010,WB_107010,ALIPURDUAR_BLOCK_1_GP_10,ALIPURDUAR_BLOCK_1,Alipurduar,26.48334778,89.20664271
107011,WB_107011,ALIPURDUAR_BLOCK_1_GP_11,ALIPURDUAR_BLOCK_1,Alipurduar,26.50004111,89.12826103
107012,WB_107012,ALIPURDUAR_BLOCK_2_GP_1,ALIPURDUAR_BLOCK_2,Alipurduar,26.55458705,89.29284643
107013,WB_107013,ALIPURDUAR_BLOCK_2_GP_2,ALIPURDUAR_BLOCK_2,Alipurduar,26.54747773,89.27060904
107014,WB_107014,ALIPURDUAR_BLOCK_2_GP_3,ALIPURDUAR_BLOCK_2,Alipurduar,26.54454514,89.30770334
107015,WB_107015,ALIPURDUAR_BLOCK_2_GP_4,ALIPURDUAR_BLOCK_2,Alipurduar,26.5633712,89.27804789
107016,WB_107016,ALIPURDUAR_BLOCK_2_GP_5,ALIPURDUAR_BLOCK_2,Alipurduar,26.5349592,89.27620015
107017,WB_107017,ALIPURDUAR_BLOCK_2_GP_6,ALIPURDUAR_BLOCK_2,Alipurduar,26.55776059,89.31777194
107018,WB_107018,ALIPURDUAR_BLOCK_2_GP_7,ALIPURDUAR_BLOCK_2,Alipurduar,26.55563494,89.25254848
107019,WB_107019,ALIPURDUAR_BLOCK_2_GP_8,ALIPURDUAR_BLOCK_2,Alipurduar,26.53201114,89.30751748
107020,WB_107020,ALIPURDUAR_BLOCK_2_GP_9,ALIPURDUAR_BLOCK_2,Alipurduar,26.57179831,89.29604159
107021,WB_107021,ALIPURDUAR_BLOCK_2_GP_10,ALIPURDUAR_BLOCK_2,Alipurduar,26.53626058,89.2516541
107022,WB_107022,ALIPURDUAR_BLOCK_2_GP_11,ALIPURDUAR_BLOCK_2,Alipurduar,26.54707432,89.33358254
107023,WB_107023,ALIPURDUAR_BLOCK_3_GP_1,ALIPURDUAR_BLOCK_3,Alipurduar,26.61494973,89.42210173
107024,WB_107024,ALIPURDUAR_BLOCK_3_GP_2,ALIPURDUAR_BLOCK_3,Alipurduar,26.62485086,89.40400353
107025,WB_107025,ALIPURDUAR_BLOCK_3_GP_3,ALIPURDUAR_BLOCK_3,Alipurduar,26.60492414,89.40720613
107026,WB_107026,ALIPURDUAR_BLOCK_3_GP_4,ALIPURDUAR_BLOCK_3,Alipurduar,26.62465503,89.43471603
107027,WB_107027,ALIPURDUAR_BLOCK_3_GP_5,ALIPURDUAR_BLOCK_3,Alipurduar,26.61906282,89.38245293
107028,WB_107028,ALIPURDUAR_BLOCK_3_GP_6,ALIPURDUAR_BLOCK_3,Alipurduar,26.60274607,89.43363899
107029,WB_107029,ALIPURDUAR_BLOCK_3_GP_7,ALIPURDUAR_BLOCK_3,Alipurduar,26.63610447,89.41472186
107030,WB_107030,ALIPURDUAR_BLOCK_3_GP_8,ALIPURDUAR_BLOCK_3,Alipurduar,26.60213056,89.38429528
107031,WB_107031,ALIPURDUAR_BLOCK_3_GP_9,ALIPURDUAR_BLOCK_3,Alipurduar,26.61726006,89.45424
107032,WB_107032,ALIPURDUAR_BLOCK_3_GP_10,ALIPURDUAR_BLOCK_3,Alipurduar,26.63210137,89.37916755
107033,WB_107033,ALIPURDUAR_BLOCK_3_GP_11,ALIPURDUAR_BLOCK_3,Alipurduar,26.59207697,89.41778768
107034,WB_107034,ALIPURDUAR_BLOCK_4_GP_1,ALIPURDUAR_BLOCK_4,Alipurduar,26.68855838,89.53493559
107035,WB_107035,ALIPURDUAR_BLOCK_4_GP_2,ALIPURDUAR_BLOCK_4,Alipurduar,26.67505994,89.52931287
107036,WB_107036,ALIPURDUAR_BLOCK_4_GP_3,ALIPURDUAR_BLOCK_4,Alipurduar,26.68740131,89.55882149
107037,WB_107037,ALIPURDUAR_BLOCK_4_GP_4,ALIPURDUAR_BLOCK_4,Alipurduar,26.68887282,89.51280146
107038,WB_107038,ALIPURDUAR_BLOCK_4_GP_5,ALIPURDUAR_BLOCK_4,Alipurduar,26.66861248,89.550195
107039,WB_107039,ALIPURDUAR_BLOCK_4_GP_6,ALIPURDUAR_BLOCK_4,Alipurduar,26.70038987,89.54776354
107040,WB_107040,ALIPURDUAR_BLOCK_4_GP_7,ALIPURDUAR_BLOCK_4,Alipurduar,26.67368041,89.50578792
107041,WB_107041,ALIPURDUAR_BLOCK_4_GP_8,ALIPURDUAR_BLOCK_4,Alipurduar,26.67870701,89.57575059
107042,WB_107042,ALIPURDUAR_BLOCK_4_GP_9,ALIPURDUAR_BLOCK_4,Alipurduar,26.70163511,89.51371156
107043,WB_107043,ALIPURDUAR_BLOCK_4_GP_10,ALIPURDUAR_BLOCK_4,Alipurduar,26.66000624,89.53153836
107044,WB_107044,ALIPURDUAR_BLOCK_4_GP_11,ALIPURDUAR_BLOCK_4,Alipurduar,26.69915869,89.57318239
107045,WB_107045,ALIPURDUAR_BLOCK_5_GP_1,ALIPURDUAR_BLOCK_5,Alipurduar,26.74537629,89.65726574
107046,WB_107046,ALIPURDUAR_BLOCK_5_GP_2,ALIPURDUAR_BLOCK_5,Alipurduar,26.75263908,89.6793281
107047,WB_107047,ALIPURDUAR_BLOCK_5_GP_3,ALIPURDUAR_BLOCK_5,Alipurduar,26.75531443,89.64216551
107048,WB_107048,ALIPURDUAR_BLOCK_5_GP_4,ALIPURDUAR_BLOCK_5,Alipurduar,26.73669541,89.67227698
107049,WB_107049,ALIPURDUAR_BLOCK_5_GP_5,ALIPURDUAR_BLOCK_5,Alipurduar,26.76511782,89.67343256
107050,WB_107050,ALIPURDUAR_BLOCK_5_GP_6,ALIPURDUAR_BLOCK_5,Alipurduar,26.74203034,89.63241963
107051,WB_107051,ALIPURDUAR_BLOCK_5_GP_7,ALIPURDUAR_BLOCK_5,Alipurduar,26.74460767,89.69758581
107052,WB_107052,ALIPURDUAR_BLOCK_5_GP_8,ALIPURDUAR_BLOCK_5,Alipurduar,26.76784866,89.64204608
107053,WB_107053,ALIPURDUAR_BLOCK_5_GP_9,ALIPURDUAR_BLOCK_5,Alipurduar,26.72814435,89.65449005
107054,WB_107054,ALIPURDUAR_BLOCK_5_GP_10,ALIPURDUAR_BLOCK_5,Alipurduar,26.7639866,89.69800825
107055,WB_107055,ALIPURDUAR_BLOCK_5_GP_11,ALIPURDUAR_BLOCK_5,Alipurduar,26.75260618,89.61635009
107056,WB_107056,ALIPURDUAR_BLOCK_6_GP_1,ALIPURDUAR_BLOCK_6,Alipurduar,26.81381547,89.778899
107057,WB_107057,ALIPURDUAR_BLOCK_6_GP_2,ALIPURDUAR_BLOCK_6,Alipurduar,26.81494116,89.80473958
107058,WB_107058,ALIPURDUAR_BLOCK_6_GP_3,ALIPURDUAR_BLOCK_6,Alipurduar,26.8263273,89.77391036
107059,WB_107059,ALIPURDUAR_BLOCK_6_GP_4,ALIPURDUAR_BLOCK_6,Alipurduar,26.80244527,89.78487913
107060,WB_107060,ALIPURDUAR_BLOCK_6_GP_5,ALIPURDUAR_BLOCK_6,Alipurduar,26.82748653,89.81011503
107061,WB_107061,ALIPURDUAR_BLOCK_6_GP_6,ALIPURDUAR_BLOCK_6,Alipurduar,26.81685361,89.75391426
107062,WB_107062,ALIPURDUAR_BLOCK_6_GP_7,ALIPURDUAR_BLOCK_6,Alipurduar,26.80336311,89.81416508
107063,WB_107063,ALIPURDUAR_BLOCK_6_GP_8,ALIPURDUAR_BLOCK_6,Alipurduar,26.83752283,89.78447894
107064,WB_107064,ALIPURDUAR_BLOCK_6_GP_9,ALIPURDUAR_BLOCK_6,Alipurduar,26.79913614,89.76175031
107065,WB_107065,ALIPURDUAR_BLOCK_6_GP_10,ALIPURDUAR_BLOCK_6,Alipurduar,26.82052524,89.8310458
107066,WB_107066,ALIPURDUAR_BLOCK_6_GP_11,ALIPURDUAR_BLOCK_6,Alipurduar,26.83016838,89.74860516
107067,WB_107067,BANKURA_BLOCK_1_GP_1,BANKURA_BLOCK_1,Bankura,22.81675619,86.82506838
107068,WB_107068,BANKURA_BLOCK_1_GP_2,BANKURA_BLOCK_1,Bankura,22.82342874,86.81913033
107069,WB_107069,BANKURA_BLOCK_1_GP_3,BANKURA_BLOCK_1,Bankura,22.81138011,86.8184997
107070,WB_107070,BANKURA_BLOCK_1_GP_4,BANKURA_BLOCK_1,Bankura,22.82203554,86.83074346
107071,WB_107071,BANKURA_BLOCK_1_GP_5,BANKURA_BLOCK_1,Bankura,22.8208631,86.81043335
107072,WB_107072,BANKURA_BLOCK_1_GP_6,BANKURA_BLOCK_1,Bankura,22.80897941,86.82830869
107073,WB_107073,BANKURA_BLOCK_1_GP_7,BANKURA_BLOCK_1,Bankura,22.8297127,86.82423062
107074,WB_107074,BANKURA_BLOCK_1_GP_8,BANKURA_BLOCK_1,Bankura,22.81066158,86.80956461
107075,WB_107075,BANKURA_BLOCK_1_GP_9,BANKURA_BLOCK_1,Bankura,22.81680235,86.83745332
107076,WB_107076,BANKURA_BLOCK_2_GP_1,BANKURA_BLOCK_2,Bankura,22.85413141,86.86860901
107077,WB_107077,BANKURA_BLOCK_2_GP_2,BANKURA_BLOCK_2,Bankura,22.85885395,86.86044844
107078,WB_107078,BANKURA_BLOCK_2_GP_3,BANKURA_BLOCK_2,Bankura,22.84726844,86.86442746
107079,WB_107079,BANKURA_BLOCK_2_GP_4,BANKURA_BLOCK_2,Bankura,22.86066202,86.87198066
107080,WB_107080,BANKURA_BLOCK_2_GP_5,BANKURA_BLOCK_2,Bankura,22.8540805,86.85318289
107081,WB_107081,BANKURA_BLOCK_2_GP_6,BANKURA_BLOCK_2,Bankura,22.84763599,86.87463299
107082,WB_107082,BANKURA_BLOCK_2_GP_7,BANKURA_BLOCK_2,Bankura,22.86618158,86.86289391
107083,WB_107083,BANKURA_BLOCK_2_GP_8,BANKURA_BLOCK_2,Bankura,22.84418093,86.85623469
107084,WB_107084,BANKURA_BLOCK_2_GP_9,BANKURA_BLOCK_2,Bankura,22.85751112,86.88032576
107085,WB_107085,BANKURA_BLOCK_3_GP_1,BANKURA_BLOCK_3,Bankura,22.88775469,86.90891757
107086,WB_107086,BANKURA_BLOCK_3_GP_2,BANKURA_BLOCK_3,Bankura,22.89588658,86.91110718
107087,WB_107087,BANKURA_BLOCK_3_GP_3,BANKURA_BLOCK_3,Bankura,22.888486,86.89979891
107088,WB_107088,BANKURA_BLOCK_3_GP_4,BANKURA_BLOCK_3,Bankura,22.88753398,86.91736985
107089,WB_107089,BANKURA_BLOCK_3_GP_5,BANKURA_BLOCK_3,Bankura,22.89980386,86.90315225
107090,WB_107090,BANKURA_BLOCK_3_GP_6,BANKURA_BLOCK_3,Bankura,22.88063813,86.90398142
107091,WB_107091,BANKURA_BLOCK_3_GP_7,BANKURA_BLOCK_3,Bankura,22.89668541,86.92009593
107092,WB_107092,BANKURA_BLOCK_3_GP_8,BANKURA_BLOCK_3,Bankura,22.8937526,86.89336071
107093,WB_107093,BANKURA_BLOCK_3_GP_9,BANKURA_BLOCK_3,Bankura,22.87983938,86.91698234
107094,WB_107094,BANKURA_BLOCK_4_GP_1,BANKURA_BLOCK_4,Bankura,22.92416286,86.95228562
107095,WB_107095,BANKURA_BLOCK_4_GP_2,BANKURA_BLOCK_4,Bankura,22.93237683,86.95398928
107096,WB_107096,BANKURA_BLOCK_4_GP_3,BANKURA_BLOCK_4,Bankura,22.924509,86.94313493
107097,WB_107097,BANKURA_BLOCK_4_GP_4,BANKURA_BLOCK_4,Bankura,22.92429859,86.96074043
107098,WB_107098,BANKURA_BLOCK_4_GP_5,BANKURA_BLOCK_4,Bankura,22.93595399,86.94581154
107099,WB_107099,BANKURA_BLOCK_4_GP_6,BANKURA_BLOCK_4,Bankura,22.91684722,86.94777853
107100,WB_107100,BANKURA_BLOCK_4_GP_7,BANKURA_BLOCK_4,Bankura,22.93355342,86.9629193
107101,WB_107101,BANKURA_BLOCK_4_GP_8,BANKURA_BLOCK_4,Bankura,22.92949771,86.93639184
107102,WB_107102,BANKURA_BLOCK_4_GP_9,BANKURA_BLOCK_4,Bankura,22.9165973,86.96081063
107103,WB_107103,BANKURA_BLOCK_5_GP_1,BANKURA_BLOCK_5,Bankura,22.96542268,86.99108413
107104,WB_107104,BANKURA_BLOCK_5_GP_2,BANKURA_BLOCK_5,Bankura,22.95816861,86.99596676
107105,WB_107105,BANKURA_BLOCK_5_GP_3,BANKURA_BLOCK_5,Bankura,22.97005199,86.99841105
107106,WB_107106,BANKURA_BLOCK_5_GP_4,BANKURA_BLOCK_5,Bankura,22.96079366,86.98465815
107107,WB_107107,BANKURA_BLOCK_5_GP_5,BANKURA_BLOCK_5,Bankura,22.95978245,87.00498048
107108,WB_107108,BANKURA_BLOCK_5_GP_6,BANKURA_BLOCK_5,Bankura,22.97348324,86.98904403
107109,WB_107109,BANKURA_BLOCK_5_GP_7,BANKURA_BLOCK_5,Bankura,22.95248159,86.98995927
107110,WB_107110,BANKURA_BLOCK_5_GP_8,BANKURA_BLOCK_5,Bankura,22.96980821,87.00738212
107111,WB_107111,BANKURA_BLOCK_5_GP_9,BANKURA_BLOCK_5,Bankura,22.96670266,86.97879269
107112,WB_107112,BANKURA_BLOCK_6_GP_1,BANKURA_BLOCK_6,Bankura,22.99697544,87.03606516
107113,WB_107113,BANKURA_BLOCK_6_GP_2,BANKURA_BLOCK_6,Bankura,23.00244917,87.0435347
107114,WB_107114,BANKURA_BLOCK_6_GP_3,BANKURA_BLOCK_6,Bankura,23.00210019,87.02921905
107115,WB_107115,BANKURA_BLOCK_6_GP_4,BANKURA_BLOCK_6,Bankura,22.99259414,87.04273154
107116,WB_107116,BANKURA_BLOCK_6_GP_5,BANKURA_BLOCK_6,Bankura,23.00956635,87.0398619
107117,WB_107117,BANKURA_BLOCK_6_GP_6,BANKURA_BLOCK_6,Bankura,22.99368691,87.02709112
107118,WB_107118,BANKURA_BLOCK_6_GP_7,BANKURA_BLOCK_6,Bankura,22.99862387,87.05134897
107119,WB_107119,BANKURA_BLOCK_6_GP_8,BANKURA_BLOCK_6,Bankura,23.00955205,87.0277165
107120,WB_107120,BANKURA_BLOCK_6_GP_9,BANKURA_BLOCK_6,Bankura,22.98657715,87.03702299
107121,WB_107121,BANKURA_BLOCK_7_GP_1,BANKURA_BLOCK_7,Bankura,23.03398564,87.07803898
107122,WB_107122,BANKURA_BLOCK_7_GP_2,BANKURA_BLOCK_7,Bankura,23.03679686,87.08736102
107123,WB_107123,BANKURA_BLOCK_7_GP_3,BANKURA_BLOCK_7,Bankura,23.04085618,87.07387499
107124,WB_107124,BANKURA_BLOCK_7_GP_4,BANKURA_BLOCK_7,Bankura,23.02786269,87.08235663
107125,WB_107125,BANKURA_BLOCK_7_GP_5,BANKURA_BLOCK_7,Bankura,23.04455151,87.08701352
107126,WB_107126,BANKURA_BLOCK_7_GP_6,BANKURA_BLOCK_7,Bankura,23.03367076,87.06825922
107127,WB_107127,BANKURA_BLOCK_7_GP_7,BANKURA_BLOCK_7,Bankura,23.03084028,87.09298808
107128,WB_107128,BANKURA_BLOCK_7_GP_8,BANKURA_BLOCK_7,Bankura,23.04825791,87.07569367
107129,WB_107129,BANKURA_BLOCK_7_GP_9,BANKURA_BLOCK_7,Bankura,23.02400608,87.07444037
107130,WB_107130,BANKURA_BLOCK_8_GP_1,BANKURA_BLOCK_8,Bankura,23.07124805,87.12730939
107131,WB_107131,BANKURA_BLOCK_8_GP_2,BANKURA_BLOCK_8,Bankura,23.07801141,87.12151802
107132,WB_107132,BANKURA_BLOCK_8_GP_3,BANKURA_BLOCK_8,Bankura,23.06597457,87.12062446
107133,WB_107133,BANKURA_BLOCK_8_GP_4,BANKURA_BLOCK_8,Bankura,23.07643864,87.13309877
107134,WB_107134,BANKURA_BLOCK_8_GP_5,BANKURA_BLOCK_8,Bankura,23.07558084,87.1127665
107135,WB_107135,BANKURA_BLOCK_8_GP_6,BANKURA_BLOCK_8,Bankura,23.06342242,87.13037938
107136,WB_107136,BANKURA_BLOCK_8_GP_7,BANKURA_BLOCK_8,Bankura,23.08421534,87.12675464
107137,WB_107137,BANKURA_BLOCK_8_GP_8,BANKURA_BLOCK_8,Bankura,23.06539449,87.11167519
107138,WB_107138,BANKURA_BLOCK_8_GP_9,BANKURA_BLOCK_8,Bankura,23.07110247,87.13969325
107139,WB_107139,BANKURA_BLOCK_9_GP_1,BANKURA_BLOCK_9,Bankura,23.10609713,87.16552232
107140,WB_107140,BANKURA_BLOCK_9_GP_2,BANKURA_BLOCK_9,Bankura,23.11141379,87.17315017
107141,WB_107141,BANKURA_BLOCK_9_GP_3,BANKURA_BLOCK_9,Bankura,23.11136274,87.15882865
107142,WB_107142,BANKURA_BLOCK_9_GP_4,BANKURA_BLOCK_9,Bankura,23.10157847,87.17205812
107143,WB_107143,BANKURA_BLOCK_9_GP_5,BANKURA_BLOCK_9,Bankura,23.1186052,87.16968729
107144,WB_107144,BANKURA_BLOCK_9_GP_6,BANKURA_BLOCK_9,Bankura,23.1029963,87.15645454
107145,WB_107145,BANKURA_BLOCK_9_GP_7,BANKURA_BLOCK_9,Bankura,23.10742708,87.18084982
107146,WB_107146,BANKURA_BLOCK_9_GP_8,BANKURA_BLOCK_9,Bankura,23.11884359,87.15754518
107147,WB_107147,BANKURA_BLOCK_9_GP_9,BANKURA_BLOCK_9,Bankura,23.09568208,87.16617479
107148,WB_107148,BANKURA_BLOCK_10_GP_1,BANKURA_BLOCK_10,Bankura,23.14859265,87.20919189
107149,WB_107149,BANKURA_BLOCK_10_GP_2,BANKURA_BLOCK_10,Bankura,23.14042658,87.20718968
107150,WB_107150,BANKURA_BLOCK_10_GP_3,BANKURA_BLOCK_10,Bankura,23.14801017,87.21832566
107151,WB_107151,BANKURA_BLOCK_10_GP_4,BANKURA_BLOCK_10,Bankura,23.14867549,87.20073613
107152,WB_107152,BANKURA_BLOCK_10_GP_5,BANKURA_BLOCK_10,Bankura,23.13663976,87.2152332
107153,WB_107153,BANKURA_BLOCK_10_GP_6,BANKURA_BLOCK_10,Bankura,23.15578836,87.21396348
107154,WB_107154,BANKURA_BLOCK_10_GP_7,BANKURA_BLOCK_10,Bankura,23.13948133,87.19822099
107155,WB_107155,BANKURA_BLOCK_10_GP_8,BANKURA_BLOCK_10,Bankura,23.14284955,87.22488376
107156,WB_107156,BANKURA_BLOCK_10_GP_9,BANKURA_BLOCK_10,Bankura,23.15637497,87.20094663
107157,WB_107157,BANKURA_BLOCK_11_GP_1,BANKURA_BLOCK_11,Bankura,23.18048231,87.25693646
107158,WB_107158,BANKURA_BLOCK_11_GP_2,BANKURA_BLOCK_11,Bankura,23.18699963,87.25076007
107159,WB_107159,BANKURA_BLOCK_11_GP_3,BANKURA_BLOCK_11,Bankura,23.17494042,87.25056507
107160,WB_107160,BANKURA_BLOCK_11_GP_4,BANKURA_BLOCK_11,Bankura,23.18590462,87.26241816
107161,WB_107161,BANKURA_BLOCK_11_GP_5,BANKURA_BLOCK_11,Bankura,23.18421235,87.24215982
107162,WB_107162,BANKURA_BLOCK_11_GP_6,BANKURA_BLOCK_11,Bankura,23.17279215,87.26045625
107163,WB_107163,BANKURA_BLOCK_11_GP_7,BANKURA_BLOCK_11,Bankura,23.19341136,87.25563096
107164,WB_107164,BANKURA_BLOCK_11_GP_8,BANKURA_BLOCK_11,Bankura,23.17399329,87.24166007
107165,WB_107165,BANKURA_BLOCK_11_GP_9,BANKURA_BLOCK_11,Bankura,23.18084578,87.269314
107166,WB_107166,BANKURA_BLOCK_12_GP_1,BANKURA_BLOCK_12,Bankura,23.21796241,87.30044978
107167,WB_107167,BANKURA_BLOCK_12_GP_2,BANKURA_BLOCK_12,Bankura,23.22226399,87.29196734
107168,WB_107168,BANKURA_BLOCK_12_GP_3,BANKURA_BLOCK_12,Bankura,23.21090047,87.29676492
107169,WB_107169,BANKURA_BLOCK_12_GP_4,BANKURA_BLOCK_12,Bankura,23.22465167,87.30334989
107170,WB_107170,BANKURA_BLOCK_12_GP_5,BANKURA_BLOCK_12,Bankura,23.21713192,87.28505511
107171,WB_107171,BANKURA_BLOCK_12_GP_6,BANKURA_BLOCK_12,Bankura,23.21178317,87.30692586
107172,WB_107172,BANKURA_BLOCK_12_GP_7,BANKURA_BLOCK_12,Bankura,23.22970201,87.29388613
107173,WB_107173,BANKURA_BLOCK_12_GP_8,BANKURA_BLOCK_12,Bankura,23.20740444,87.28880698
107174,WB_107174,BANKURA_BLOCK_12_GP_9,BANKURA_BLOCK_12,Bankura,23.22192823,87.31190453
107175,WB_107175,BANKURA_BLOCK_13_GP_1,BANKURA_BLOCK_13,Bankura,23.25770575,87.33883736
107176,WB_107176,BANKURA_BLOCK_13_GP_2,BANKURA_BLOCK_13,Bankura,23.24958768,87.33657657
107177,WB_107177,BANKURA_BLOCK_13_GP_3,BANKURA_BLOCK_13,Bankura,23.25691781,87.34794937
107178,WB_107178,BANKURA_BLOCK_13_GP_4,BANKURA_BLOCK_13,Bankura,23.25797897,87.33038725
107179,WB_107179,BANKURA_BLOCK_13_GP_5,BANKURA_BLOCK_13,Bankura,23.2456211,87.34449696
107180,WB_107180,BANKURA_BLOCK_13_GP_6,BANKURA_BLOCK_13,Bankura,23.26479145,87.34383573
107181,WB_107181,BANKURA_BLOCK_13_GP_7,BANKURA_BLOCK_13,Bankura,23.24884473,87.32758106
107182,WB_107182,BANKURA_BLOCK_13_GP_8,BANKURA_BLOCK_13,Bankura,23.25161136,87.35434125
107183,WB_107183,BANKURA_BLOCK_13_GP_9,BANKURA_BLOCK_13,Bankura,23.26567095,87.33084216
107184,WB_107184,BANKURA_BLOCK_14_GP_1,BANKURA_BLOCK_14,Bankura,23.29125318,87.37910853
107185,WB_107185,BANKURA_BLOCK_14_GP_2,BANKURA_BLOCK_14,Bankura,23.28668035,87.38738847
107186,WB_107186,BANKURA_BLOCK_14_GP_3,BANKURA_BLOCK_14,Bankura,23.29819069,87.38311285
107187,WB_107187,BANKURA_BLOCK_14_GP_4,BANKURA_BLOCK_14,Bankura,23.28466269,87.37590538
107188,WB_107188,BANKURA_BLOCK_14_GP_5,BANKURA_BLOCK_14,Bankura,23.29158501,87.39452973
107189,WB_107189,BANKURA_BLOCK_14_GP_6,BANKURA_BLOCK_14,Bankura,23.29763737,87.37291914
107190,WB_107190,BANKURA_BLOCK_14_GP_7,BANKURA_BLOCK_14,Bankura,23.2793099,87.38513175
107191,WB_107191,BANKURA_BLOCK_14_GP_8,BANKURA_BLOCK_14,Bankura,23.30142669,87.39122441
107192,WB_107192,BANKURA_BLOCK_14_GP_9,BANKURA_BLOCK_14,Bankura,23.28766087,87.36748131
107193,WB_107193,BANKURA_BLOCK_15_GP_1,BANKURA_BLOCK_15,Bankura,23.33027901,87.42815725
107194,WB_107194,BANKURA_BLOCK_15_GP_2,BANKURA_BLOCK_15,Bankura,23.32542429,87.41937857
107195,WB_107195,BANKURA_BLOCK_15_GP_3,BANKURA_BLOCK_15,Bankura,23.32406966,87.43448355
107196,WB_107196,BANKURA_BLOCK_15_GP_4,BANKURA_BLOCK_15,Bankura,23.3356854,87.42189379
107197,WB_107197,BANKURA_BLOCK_15_GP_5,BANKURA_BLOCK_15,Bankura,23.31750246,87.42203185
107198,WB_107198,BANKURA_BLOCK_15_GP_6,BANKURA_BLOCK_15,Bankura,23.33265617,87.43814664
107199,WB_107199,BANKURA_BLOCK_15_GP_7,BANKURA_BLOCK_15,Bankura,23.33038435,87.41181439
107200,WB_107200,BANKURA_BLOCK_15_GP_8,BANKURA_BLOCK_15,Bankura,23.31605704,87.43479914
107201,WB_107201,BANKURA_BLOCK_16_GP_1,BANKURA_BLOCK_16,Bankura,23.36019113,87.46961919
107202,WB_107202,BANKURA_BLOCK_16_GP_2,BANKURA_BLOCK_16,Bankura,23.36833305,87.4737204
107203,WB_107203,BANKURA_BLOCK_16_GP_3,BANKURA_BLOCK_16,Bankura,23.36239823,87.46026382
107204,WB_107204,BANKURA_BLOCK_16_GP_4,BANKURA_BLOCK_16,Bankura,23.35862253,87.47839294
107205,WB_107205,BANKURA_BLOCK_16_GP_5,BANKURA_BLOCK_16,Bankura,23.37368161,87.46629112
107206,WB_107206,BANKURA_BLOCK_16_GP_6,BANKURA_BLOCK_16,Bankura,23.35354393,87.46287765
107207,WB_107207,BANKURA_BLOCK_16_GP_7,BANKURA_BLOCK_16,Bankura,23.36774376,87.48328178
107208,WB_107208,BANKURA_BLOCK_16_GP_8,BANKURA_BLOCK_16,Bankura,23.36891517,87.45471905
107209,WB_107209,BANKURA_BLOCK_17_GP_1,BANKURA_BLOCK_17,Bankura,23.40306318,87.51439659
107210,WB_107210,BANKURA_BLOCK_17_GP_2,BANKURA_BLOCK_17,Bankura,23.39795644,87.50582191
107211,WB_107211,BANKURA_BLOCK_17_GP_3,BANKURA_BLOCK_17,Bankura,23.39704121,87.52097337
107212,WB_107212,BANKURA_BLOCK_17_GP_4,BANKURA_BLOCK_17,Bankura,23.40828448,87.50791548
107213,WB_107213,BANKURA_BLOCK_17_GP_5,BANKURA_BLOCK_17,Bankura,23.39011637,87.50879798
107214,WB_107214,BANKURA_BLOCK_17_GP_6,BANKURA_BLOCK_17,Bankura,23.40572897,87.5242827
107215,WB_107215,BANKURA_BLOCK_17_GP_7,BANKURA_BLOCK_17,Bankura,23.40269391,87.49805913
107216,WB_107216,BANKURA_BLOCK_17_GP_8,BANKURA_BLOCK_17,Bankura,23.38904252,87.52161687
107217,WB_107217,BANKURA_BLOCK_18_GP_1,BANKURA_BLOCK_18,Bankura,23.43605635,87.55976783
107218,WB_107218,BANKURA_BLOCK_18_GP_2,BANKURA_BLOCK_18,Bankura,23.44078183,87.55089026
107219,WB_107219,BANKURA_BLOCK_18_GP_3,BANKURA_BLOCK_18,Bankura,23.42863905,87.55566777
107220,WB_107220,BANKURA_BLOCK_18_GP_4,BANKURA_BLOCK_18,Bankura,23.44309363,87.56302557
107221,WB_107221,BANKURA_BLOCK_18_GP_5,BANKURA_BLOCK_18,Bankura,23.4354734,87.54342049
107222,WB_107222,BANKURA_BLOCK_18_GP_6,BANKURA_BLOCK_18,Bankura,23.42937857,87.56646662
107223,WB_107223,BANKURA_BLOCK_18_GP_7,BANKURA_BLOCK_18,Bankura,23.44863208,87.55312782
107224,WB_107224,BANKURA_BLOCK_18_GP_8,BANKURA_BLOCK_18,Bankura,23.42508571,87.54713374
107225,WB_107225,BANKURA_BLOCK_19_GP_1,BANKURA_BLOCK_19,Bankura,23.46928392,87.59853369
107226,WB_107226,BANKURA_BLOCK_19_GP_2,BANKURA_BLOCK_19,Bankura,23.47679991,87.60406907
107227,WB_107227,BANKURA_BLOCK_19_GP_3,BANKURA_BLOCK_19,Bankura,23.47267304,87.5896909
107228,WB_107228,BANKURA_BLOCK_19_GP_4,BANKURA_BLOCK_19,Bankura,23.46660085,87.60691801
107229,WB_107229,BANKURA_BLOCK_19_GP_5,BANKURA_BLOCK_19,Bankura,23.48304461,87.59770166
107230,WB_107230,BANKURA_BLOCK_19_GP_6,BANKURA_BLOCK_19,Bankura,23.46358593,87.59066141
107231,WB_107231,BANKURA_BLOCK_19_GP_7,BANKURA_BLOCK_19,Bankura,23.47498286,87.61341004
107232,WB_107232,BANKURA_BLOCK_19_GP_8,BANKURA_BLOCK_19,Bankura,23.47982894,87.58539849
107233,WB_107233,BANKURA_BLOCK_20_GP_1,BANKURA_BLOCK_20,Bankura,23.50937177,87.64613415
107234,WB_107234,BANKURA_BLOCK_20_GP_2,BANKURA_BLOCK_20,Bankura,23.51276059,87.63643332
107235,WB_107235,BANKURA_BLOCK_20_GP_3,BANKURA_BLOCK_20,Bankura,23.50147627,87.64358767
107236,WB_107236,BANKURA_BLOCK_20_GP_4,BANKURA_BLOCK_20,Bankura,23.51677242,87.64792706
107237,WB_107237,BANKURA_BLOCK_20_GP_5,BANKURA_BLOCK_20,Bankura,23.50646203,87.63014116
107238,WB_107238,BANKURA_BLOCK_20_GP_6,BANKURA_BLOCK_20,Bankura,23.50374771,87.65408104
107239,WB_107239,BANKURA_BLOCK_20_GP_7,BANKURA_BLOCK_20,Bankura,23.5208167,87.63705707
107240,WB_107240,BANKURA_BLOCK_20_GP_8,BANKURA_BLOCK_20,Bankura,23.49675533,87.63589313
107241,WB_107241,BANKURA_BLOCK_21_GP_1,BANKURA_BLOCK_21,Bankura,23.542098,87.6842571
107242,WB_107242,BANKURA_BLOCK_21_GP_2,BANKURA_BLOCK_21,Bankura,23.54878554,87.69112977
107243,WB_107243,BANKURA_BLOCK_21_GP_3,BANKURA_BLOCK_21,Bankura,23.54661821,87.67615899
107244,WB_107244,BANKURA_BLOCK_21_GP_4,BANKURA_BLOCK_21,Bankura,23.53833585,87.6920346
107245,WB_107245,BANKURA_BLOCK_21_GP_5,BANKURA_BLOCK_21,Bankura,23.55579717,87.68601047
107246,WB_107246,BANKURA_BLOCK_21_GP_6,BANKURA_BLOCK_21,Bankura,23.53751585,87.67541693
107247,WB_107247,BANKURA_BLOCK_21_GP_7,BANKURA_BLOCK_21,Bankura,23.54575164,87.70001402
107248,WB_107248,BANKURA_BLOCK_21_GP_8,BANKURA_BLOCK_21,Bankura,23.55425431,87.67325927
107249,WB_107249,BANKURA_BLOCK_22_GP_1,BANKURA_BLOCK_22,Bankura,23.58099253,87.73239247
107250,WB_107250,BANKURA_BLOCK_22_GP_2,BANKURA_BLOCK_22,Bankura,23.5867973,87.72446879
107251,WB_107251,BANKURA_BLOCK_22_GP_3,BANKURA_BLOCK_22,Bankura,23.57418477,87.72700382
107252,WB_107252,BANKURA_BLOCK_22_GP_4,BANKURA_BLOCK_22,Bankura,23.58753226,87.7368801
107253,WB_107253,BANKURA_BLOCK_22_GP_5,BANKURA_BLOCK_22,Bankura,23.58250443,87.71612928
107254,WB_107254,BANKURA_BLOCK_22_GP_6,BANKURA_BLOCK_22,Bankura,23.57353636,87.73781093
107255,WB_107255,BANKURA_BLOCK_22_GP_7,BANKURA_BLOCK_22,Bankura,23.5942709,87.72809448
107256,WB_107256,BANKURA_BLOCK_22_GP_8,BANKURA_BLOCK_22,Bankura,23.57176263,87.7179285
107257,WB_107257,PASCHIM_BARDHAMAN_BLOCK_1_GP_1,PASCHIM_BARDHAMAN_BLOCK_1,Paschim Bardhaman,23.47774125,86.88545896
107258,WB_107258,PASCHIM_BARDHAMAN_BLOCK_1_GP_2,PASCHIM_BARDHAMAN_BLOCK_1,Paschim Bardhaman,23.47237915,86.9050374
107259,WB_107259,PASCHIM_BARDHAMAN_BLOCK_1_GP_3,PASCHIM_BARDHAMAN_BLOCK_1,Paschim Bardhaman,23.48992248,86.8907995
107260,WB_107260,PASCHIM_BARDHAMAN_BLOCK_1_GP_4,PASCHIM_BARDHAMAN_BLOCK_1,Paschim Bardhaman,23.46631611,86.88165665
107261,WB_107261,PASCHIM_BARDHAMAN_BLOCK_1_GP_5,PASCHIM_BARDHAMAN_BLOCK_1,Paschim Bardhaman,23.48204379,86.91793096
107262,WB_107262,PASCHIM_BARDHAMAN_BLOCK_1_GP_6,PASCHIM_BARDHAMAN_BLOCK_1,Paschim Bardhaman,23.4865391,86.86948556
107263,WB_107263,PASCHIM_BARDHAMAN_BLOCK_1_GP_7,PASCHIM_BARDHAMAN_BLOCK_1,Paschim Bardhaman,23.45992564,86.90358906
107264,WB_107264,PASCHIM_BARDHAMAN_BLOCK_1_GP_8,PASCHIM_BARDHAMAN_BLOCK_1,Paschim Bardhaman,23.49712946,86.90649848
107265,WB_107265,PASCHIM_BARDHAMAN_BLOCK_2_GP_1,PASCHIM_BARDHAMAN_BLOCK_2,Paschim Bardhaman,23.53776608,86.97482568
107266,WB_107266,PASCHIM_BARDHAMAN_BLOCK_2_GP_2,PASCHIM_BARDHAMAN_BLOCK_2,Paschim Bardhaman,23.52521211,86.98328321
107267,WB_107267,PASCHIM_BARDHAMAN_BLOCK_2_GP_3,PASCHIM_BARDHAMAN_BLOCK_2,Paschim Bardhaman,23.54423734,86.99174424
107268,WB_107268,PASCHIM_BARDHAMAN_BLOCK_2_GP_4,PASCHIM_BARDHAMAN_BLOCK_2,Paschim Bardhaman,23.53116242,86.95983248
107269,WB_107269,PASCHIM_BARDHAMAN_BLOCK_2_GP_5,PASCHIM_BARDHAMAN_BLOCK_2,Paschim Bardhaman,23.52651534,87.00298478
107270,WB_107270,PASCHIM_BARDHAMAN_BLOCK_2_GP_6,PASCHIM_BARDHAMAN_BLOCK_2,Paschim Bardhaman,23.55121644,86.97266225
107271,WB_107271,PASCHIM_BARDHAMAN_BLOCK_2_GP_7,PASCHIM_BARDHAMAN_BLOCK_2,Paschim Bardhaman,23.51682078,86.96889601
107272,WB_107272,PASCHIM_BARDHAMAN_BLOCK_2_GP_8,PASCHIM_BARDHAMAN_BLOCK_2,Paschim Bardhaman,23.54251647,87.01084857
107273,WB_107273,PASCHIM_BARDHAMAN_BLOCK_3_GP_1,PASCHIM_BARDHAMAN_BLOCK_3,Paschim Bardhaman,23.58543906,87.07075524
107274,WB_107274,PASCHIM_BARDHAMAN_BLOCK_3_GP_2,PASCHIM_BARDHAMAN_BLOCK_3,Paschim Bardhaman,23.59875648,87.07562725
107275,WB_107275,PASCHIM_BARDHAMAN_BLOCK_3_GP_3,PASCHIM_BARDHAMAN_BLOCK_3,Paschim Bardhaman,23.58673976,87.05117269
107276,WB_107276,PASCHIM_BARDHAMAN_BLOCK_3_GP_4,PASCHIM_BARDHAMAN_BLOCK_3,Paschim Bardhaman,23.58498345,87.08891606
107277,WB_107277,PASCHIM_BARDHAMAN_BLOCK_3_GP_5,PASCHIM_BARDHAMAN_BLOCK_3,Paschim Bardhaman,23.60527138,87.05861085
107278,WB_107278,PASCHIM_BARDHAMAN_BLOCK_3_GP_6,PASCHIM_BARDHAMAN_BLOCK_3,Paschim Bardhaman,23.57381784,87.06000122
107279,WB_107279,PASCHIM_BARDHAMAN_BLOCK_3_GP_7,PASCHIM_BARDHAMAN_BLOCK_3,Paschim Bardhaman,23.59996763,87.09496187
107280,WB_107280,PASCHIM_BARDHAMAN_BLOCK_3_GP_8,PASCHIM_BARDHAMAN_BLOCK_3,Paschim Bardhaman,23.59545166,87.03744357
107281,WB_107281,PASCHIM_BARDHAMAN_BLOCK_4_GP_1,PASCHIM_BARDHAMAN_BLOCK_4,Paschim Bardhaman,23.64725961,87.16454094
107282,WB_107282,PASCHIM_BARDHAMAN_BLOCK_4_GP_2,PASCHIM_BARDHAMAN_BLOCK_4,Paschim Bardhaman,23.65261967,87.14496115
107283,WB_107283,PASCHIM_BARDHAMAN_BLOCK_4_GP_3,PASCHIM_BARDHAMAN_BLOCK_4,Paschim Bardhaman,23.63507782,87.15920348
107284,WB_107284,PASCHIM_BARDHAMAN_BLOCK_4_GP_4,PASCHIM_BARDHAMAN_BLOCK_4,Paschim Bardhaman,23.65868515,87.16834037
107285,WB_107285,PASCHIM_BARDHAMAN_BLOCK_4_GP_5,PASCHIM_BARDHAMAN_BLOCK_4,Paschim Bardhaman,23.64295369,87.13207003
107286,WB_107286,PASCHIM_BARDHAMAN_BLOCK_4_GP_6,PASCHIM_BARDHAMAN_BLOCK_4,Paschim Bardhaman,23.63846343,87.18051656
107287,WB_107287,PASCHIM_BARDHAMAN_BLOCK_4_GP_7,PASCHIM_BARDHAMAN_BLOCK_4,Paschim Bardhaman,23.66507333,87.14640635
107288,WB_107288,PASCHIM_BARDHAMAN_BLOCK_4_GP_8,PASCHIM_BARDHAMAN_BLOCK_4,Paschim Bardhaman,23.62786921,87.14350632
107289,WB_107289,PASCHIM_BARDHAMAN_BLOCK_5_GP_1,PASCHIM_BARDHAMAN_BLOCK_5,Paschim Bardhaman,23.70838727,87.2451961
107290,WB_107290,PASCHIM_BARDHAMAN_BLOCK_5_GP_2,PASCHIM_BARDHAMAN_BLOCK_5,Paschim Bardhaman,23.6974919,87.23232591
107291,WB_107291,PASCHIM_BARDHAMAN_BLOCK_5_GP_3,PASCHIM_BARDHAMAN_BLOCK_5,Paschim Bardhaman,23.70208296,87.2622665
107292,WB_107292,PASCHIM_BARDHAMAN_BLOCK_5_GP_4,PASCHIM_BARDHAMAN_BLOCK_5,Paschim Bardhaman,23.713548,87.22889052
107293,WB_107293,PASCHIM_BARDHAMAN_BLOCK_5_GP_5,PASCHIM_BARDHAMAN_BLOCK_5,Paschim Bardhaman,23.68709375,87.24375546
107294,WB_107294,PASCHIM_BARDHAMAN_BLOCK_5_GP_6,PASCHIM_BARDHAMAN_BLOCK_5,Paschim Bardhaman,23.71619617,87.26236844
107295,WB_107295,PASCHIM_BARDHAMAN_BLOCK_5_GP_7,PASCHIM_BARDHAMAN_BLOCK_5,Paschim Bardhaman,23.70143635,87.21389419
107296,WB_107296,PASCHIM_BARDHAMAN_BLOCK_5_GP_8,PASCHIM_BARDHAMAN_BLOCK_5,Paschim Bardhaman,23.69053619,87.26930361
107297,WB_107297,PASCHIM_BARDHAMAN_BLOCK_6_GP_1,PASCHIM_BARDHAMAN_BLOCK_6,Paschim Bardhaman,23.76399311,87.3270677
107298,WB_107298,PASCHIM_BARDHAMAN_BLOCK_6_GP_2,PASCHIM_BARDHAMAN_BLOCK_6,Paschim Bardhaman,23.75033129,87.32818662
107299,WB_107299,PASCHIM_BARDHAMAN_BLOCK_6_GP_3,PASCHIM_BARDHAMAN_BLOCK_6,Paschim Bardhaman,23.76626671,87.34643422
107300,WB_107300,PASCHIM_BARDHAMAN_BLOCK_6_GP_4,PASCHIM_BARDHAMAN_BLOCK_6,Paschim Bardhaman,23.76116392,87.30943396
107301,WB_107301,PASCHIM_BARDHAMAN_BLOCK_6_GP_5,PASCHIM_BARDHAMAN_BLOCK_6,Paschim Bardhaman,23.74713737,87.34735893
107302,WB_107302,PASCHIM_BARDHAMAN_BLOCK_6_GP_6,PASCHIM_BARDHAMAN_BLOCK_6,Paschim Bardhaman,23.77708451,87.33233412
107303,WB_107303,PASCHIM_BARDHAMAN_BLOCK_6_GP_7,PASCHIM_BARDHAMAN_BLOCK_6,Paschim Bardhaman,23.74569077,87.3101514
107304,WB_107304,PASCHIM_BARDHAMAN_BLOCK_6_GP_8,PASCHIM_BARDHAMAN_BLOCK_6,Paschim Bardhaman,23.76037226,87.36340678
107305,WB_107305,PASCHIM_BARDHAMAN_BLOCK_7_GP_1,PASCHIM_BARDHAMAN_BLOCK_7,Paschim Bardhaman,23.82129761,87.41769894
107306,WB_107306,PASCHIM_BARDHAMAN_BLOCK_7_GP_2,PASCHIM_BARDHAMAN_BLOCK_7,Paschim Bardhaman,23.80758963,87.40976837
107307,WB_107307,PASCHIM_BARDHAMAN_BLOCK_7_GP_3,PASCHIM_BARDHAMAN_BLOCK_7,Paschim Bardhaman,23.81823902,87.43820017
107308,WB_107308,PASCHIM_BARDHAMAN_BLOCK_7_GP_4,PASCHIM_BARDHAMAN_BLOCK_7,Paschim Bardhaman,23.82333793,87.39853041
107309,WB_107309,PASCHIM_BARDHAMAN_BLOCK_7_GP_5,PASCHIM_BARDHAMAN_BLOCK_7,Paschim Bardhaman,23.79922039,87.42646596
107310,WB_107310,PASCHIM_BARDHAMAN_BLOCK_7_GP_6,PASCHIM_BARDHAMAN_BLOCK_7,Paschim Bardhaman,23.83270214,87.43151663
107311,WB_107311,PASCHIM_BARDHAMAN_BLOCK_7_GP_7,PASCHIM_BARDHAMAN_BLOCK_7,Paschim Bardhaman,23.80796266,87.38900901
107312,WB_107312,PASCHIM_BARDHAMAN_BLOCK_8_GP_1,PASCHIM_BARDHAMAN_BLOCK_8,Paschim Bardhaman,23.874643,87.51402361
107313,WB_107313,PASCHIM_BARDHAMAN_BLOCK_8_GP_2,PASCHIM_BARDHAMAN_BLOCK_8,Paschim Bardhaman,23.8741866,87.49128416
107314,WB_107314,PASCHIM_BARDHAMAN_BLOCK_8_GP_3,PASCHIM_BARDHAMAN_BLOCK_8,Paschim Bardhaman,23.86128456,87.51736082
107315,WB_107315,PASCHIM_BARDHAMAN_BLOCK_8_GP_4,PASCHIM_BARDHAMAN_BLOCK_8,Paschim Bardhaman,23.88682359,87.50972305
107316,WB_107316,PASCHIM_BARDHAMAN_BLOCK_8_GP_5,PASCHIM_BARDHAMAN_BLOCK_8,Paschim Bardhaman,23.8610866,87.48553564
107317,WB_107317,PASCHIM_BARDHAMAN_BLOCK_8_GP_6,PASCHIM_BARDHAMAN_BLOCK_8,Paschim Bardhaman,23.87072518,87.53566865
107318,WB_107318,PASCHIM_BARDHAMAN_BLOCK_8_GP_7,PASCHIM_BARDHAMAN_BLOCK_8,Paschim Bardhaman,23.88668444,87.48398131
107319,WB_107319,PURBA_BARDHAMAN_BLOCK_1_GP_1,PURBA_BARDHAMAN_BLOCK_1,Purba Bardhaman,23.11365304,87.7189683
107320,WB_107320,PURBA_BARDHAMAN_BLOCK_1_GP_2,PURBA_BARDHAMAN_BLOCK_1,Purba Bardhaman,23.1147584,87.71201058
107321,WB_107321,PURBA_BARDHAMAN_BLOCK_1_GP_3,PURBA_BARDHAMAN_BLOCK_1,Purba Bardhaman,23.10841546,87.71852237
107322,WB_107322,PURBA_BARDHAMAN_BLOCK_1_GP_4,PURBA_BARDHAMAN_BLOCK_1,Purba Bardhaman,23.11849948,87.71899288
107323,WB_107323,PURBA_BARDHAMAN_BLOCK_1_GP_5,PURBA_BARDHAMAN_BLOCK_1,Purba Bardhaman,23.11012912,87.70883281
107324,WB_107324,PURBA_BARDHAMAN_BLOCK_1_GP_6,PURBA_BARDHAMAN_BLOCK_1,Purba Bardhaman,23.11095555,87.72511558
107325,WB_107325,PURBA_BARDHAMAN_BLOCK_1_GP_7,PURBA_BARDHAMAN_BLOCK_1,Purba Bardhaman,23.11989349,87.71115778
107326,WB_107326,PURBA_BARDHAMAN_BLOCK_1_GP_8,PURBA_BARDHAMAN_BLOCK_1,Purba Bardhaman,23.1046304,87.71416784
107327,WB_107327,PURBA_BARDHAMAN_BLOCK_1_GP_9,PURBA_BARDHAMAN_BLOCK_1,Purba Bardhaman,23.11841854,87.72554394
107328,WB_107328,PURBA_BARDHAMAN_BLOCK_1_GP_10,PURBA_BARDHAMAN_BLOCK_1,Purba Bardhaman,23.11413196,87.70430368
107329,WB_107329,PURBA_BARDHAMAN_BLOCK_2_GP_1,PURBA_BARDHAMAN_BLOCK_2,Purba Bardhaman,23.13782175,87.74667671
107330,WB_107330,PURBA_BARDHAMAN_BLOCK_2_GP_2,PURBA_BARDHAMAN_BLOCK_2,Purba Bardhaman,23.13870865,87.75368313
107331,WB_107331,PURBA_BARDHAMAN_BLOCK_2_GP_3,PURBA_BARDHAMAN_BLOCK_2,Purba Bardhaman,23.14285977,87.74483199
107332,WB_107332,PURBA_BARDHAMAN_BLOCK_2_GP_4,PURBA_BARDHAMAN_BLOCK_2,Purba Bardhaman,23.13326729,87.74874779
107333,WB_107333,PURBA_BARDHAMAN_BLOCK_2_GP_5,PURBA_BARDHAMAN_BLOCK_2,Purba Bardhaman,23.14393134,87.75466469
107334,WB_107334,PURBA_BARDHAMAN_BLOCK_2_GP_6,PURBA_BARDHAMAN_BLOCK_2,Purba Bardhaman,23.13865296,87.73974281
107335,WB_107335,PURBA_BARDHAMAN_BLOCK_2_GP_7,PURBA_BARDHAMAN_BLOCK_2,Purba Bardhaman,23.13412596,87.75670223
107336,WB_107336,PURBA_BARDHAMAN_BLOCK_2_GP_8,PURBA_BARDHAMAN_BLOCK_2,Purba Bardhaman,23.14761571,87.74728255
107337,WB_107337,PURBA_BARDHAMAN_BLOCK_2_GP_9,PURBA_BARDHAMAN_BLOCK_2,Purba Bardhaman,23.13153158,87.74256561
107338,WB_107338,PURBA_BARDHAMAN_BLOCK_2_GP_10,PURBA_BARDHAMAN_BLOCK_2,Purba Bardhaman,23.14142776,87.76064423
107339,WB_107339,PURBA_BARDHAMAN_BLOCK_3_GP_1,PURBA_BARDHAMAN_BLOCK_3,Purba Bardhaman,23.1671233,87.78293646
107340,WB_107340,PURBA_BARDHAMAN_BLOCK_3_GP_2,PURBA_BARDHAMAN_BLOCK_3,Purba Bardhaman,23.1641074,87.77692755
107341,WB_107341,PURBA_BARDHAMAN_BLOCK_3_GP_3,PURBA_BARDHAMAN_BLOCK_3,Purba Bardhaman,23.16306893,87.78710509
107342,WB_107342,PURBA_BARDHAMAN_BLOCK_3_GP_4,PURBA_BARDHAMAN_BLOCK_3,Purba Bardhaman,23.17066185,87.7787969
107343,WB_107343,PURBA_BARDHAMAN_BLOCK_3_GP_5,PURBA_BARDHAMAN_BLOCK_3,Purba Bardhaman,23.15899565,87.77858736
107344,WB_107344,PURBA_BARDHAMAN_BLOCK_3_GP_6,PURBA_BARDHAMAN_BLOCK_3,Purba Bardhaman,23.16853622,87.78972168
107345,WB_107345,PURBA_BARDHAMAN_BLOCK_3_GP_7,PURBA_BARDHAMAN_BLOCK_3,Purba Bardhaman,23.1673742,87.77190221
107346,WB_107346,PURBA_BARDHAMAN_BLOCK_3_GP_8,PURBA_BARDHAMAN_BLOCK_3,Purba Bardhaman,23.15792517,87.78718479
107347,WB_107347,PURBA_BARDHAMAN_BLOCK_3_GP_9,PURBA_BARDHAMAN_BLOCK_3,Purba Bardhaman,23.17419961,87.78363123
107348,WB_107348,PURBA_BARDHAMAN_BLOCK_3_GP_10,PURBA_BARDHAMAN_BLOCK_3,Purba Bardhaman,23.15942056,87.77185933
107349,WB_107349,PURBA_BARDHAMAN_BLOCK_4_GP_1,PURBA_BARDHAMAN_BLOCK_4,Purba Bardhaman,23.19059827,87.81150398
107350,WB_107350,PURBA_BARDHAMAN_BLOCK_4_GP_2,PURBA_BARDHAMAN_BLOCK_4,Purba Bardhaman,23.1897478,87.81851746
107351,WB_107351,PURBA_BARDHAMAN_BLOCK_4_GP_3,PURBA_BARDHAMAN_BLOCK_4,Purba Bardhaman,23.19584667,87.811651
107352,WB_107352,PURBA_BARDHAMAN_BLOCK_4_GP_4,PURBA_BARDHAMAN_BLOCK_4,Purba Bardhaman,23.18575598,87.81175559
107353,WB_107353,PURBA_BARDHAMAN_BLOCK_4_GP_5,PURBA_BARDHAMAN_BLOCK_4,Purba Bardhaman,23.19448815,87.82142814
107354,WB_107354,PURBA_BARDHAMAN_BLOCK_4_GP_6,PURBA_BARDHAMAN_BLOCK_4,Purba Bardhaman,23.19306878,87.80520939
107355,WB_107355,PURBA_BARDHAMAN_BLOCK_4_GP_7,PURBA_BARDHAMAN_BLOCK_4,Purba Bardhaman,23.18464914,87.81966198
107356,WB_107356,PURBA_BARDHAMAN_BLOCK_4_GP_8,PURBA_BARDHAMAN_BLOCK_4,Purba Bardhaman,23.1997866,87.81578533
107357,WB_107357,PURBA_BARDHAMAN_BLOCK_4_GP_9,PURBA_BARDHAMAN_BLOCK_4,Purba Bardhaman,23.18559792,87.80520673
107358,WB_107358,PURBA_BARDHAMAN_BLOCK_4_GP_10,PURBA_BARDHAMAN_BLOCK_4,Purba Bardhaman,23.19065464,87.82618065
107359,WB_107359,PURBA_BARDHAMAN_BLOCK_5_GP_1,PURBA_BARDHAMAN_BLOCK_5,Purba Bardhaman,23.21542946,87.84544939
107360,WB_107360,PURBA_BARDHAMAN_BLOCK_5_GP_2,PURBA_BARDHAMAN_BLOCK_5,Purba Bardhaman,23.21868972,87.85125549
107361,WB_107361,PURBA_BARDHAMAN_BLOCK_5_GP_3,PURBA_BARDHAMAN_BLOCK_5,Purba Bardhaman,23.2193061,87.84102447
107362,WB_107362,PURBA_BARDHAMAN_BLOCK_5_GP_4,PURBA_BARDHAMAN_BLOCK_5,Purba Bardhaman,23.21206675,87.84981197
107363,WB_107363,PURBA_BARDHAMAN_BLOCK_5_GP_5,PURBA_BARDHAMAN_BLOCK_5,Purba Bardhaman,23.22372602,87.84926775
107364,WB_107364,PURBA_BARDHAMAN_BLOCK_5_GP_6,PURBA_BARDHAMAN_BLOCK_5,Purba Bardhaman,23.21373796,87.8387645
107365,WB_107365,PURBA_BARDHAMAN_BLOCK_5_GP_7,PURBA_BARDHAMAN_BLOCK_5,Purba Bardhaman,23.215635,87.85648511
107366,WB_107366,PURBA_BARDHAMAN_BLOCK_5_GP_8,PURBA_BARDHAMAN_BLOCK_5,Purba Bardhaman,23.2244397,87.84061267
107367,WB_107367,PURBA_BARDHAMAN_BLOCK_5_GP_9,PURBA_BARDHAMAN_BLOCK_5,Purba Bardhaman,23.20833389,87.84521259
107368,WB_107368,PURBA_BARDHAMAN_BLOCK_5_GP_10,PURBA_BARDHAMAN_BLOCK_5,Purba Bardhaman,23.22357979,87.85601424
107369,WB_107369,PURBA_BARDHAMAN_BLOCK_6_GP_1,PURBA_BARDHAMAN_BLOCK_6,Purba Bardhaman,23.24349082,87.87657709
107370,WB_107370,PURBA_BARDHAMAN_BLOCK_6_GP_2,PURBA_BARDHAMAN_BLOCK_6,Purba Bardhaman,23.24086885,87.88286813
107371,WB_107371,PURBA_BARDHAMAN_BLOCK_6_GP_3,PURBA_BARDHAMAN_BLOCK_6,Purba Bardhaman,23.24841818,87.87884115
107372,WB_107372,PURBA_BARDHAMAN_BLOCK_6_GP_4,PURBA_BARDHAMAN_BLOCK_6,Purba Bardhaman,23.23884438,87.87485459
107373,WB_107373,PURBA_BARDHAMAN_BLOCK_6_GP_5,PURBA_BARDHAMAN_BLOCK_6,Purba Bardhaman,23.24459942,87.88754117
107374,WB_107374,PURBA_BARDHAMAN_BLOCK_6_GP_6,PURBA_BARDHAMAN_BLOCK_6,Purba Bardhaman,23.24745922,87.8716221
107375,WB_107375,PURBA_BARDHAMAN_BLOCK_6_GP_7,PURBA_BARDHAMAN_BLOCK_6,Purba Bardhaman,23.23574849,87.88188661
107376,WB_107376,PURBA_BARDHAMAN_BLOCK_6_GP_8,PURBA_BARDHAMAN_BLOCK_6,Purba Bardhaman,23.25107441,87.88434779
107377,WB_107377,PURBA_BARDHAMAN_BLOCK_6_GP_9,PURBA_BARDHAMAN_BLOCK_6,Purba Bardhaman,23.2403918,87.86859478
107378,WB_107378,PURBA_BARDHAMAN_BLOCK_6_GP_10,PURBA_BARDHAMAN_BLOCK_6,Purba Bardhaman,23.2397411,87.89048536
107379,WB_107379,PURBA_BARDHAMAN_BLOCK_7_GP_1,PURBA_BARDHAMAN_BLOCK_7,Purba Bardhaman,23.26978491,87.90919938
107380,WB_107380,PURBA_BARDHAMAN_BLOCK_7_GP_2,PURBA_BARDHAMAN_BLOCK_7,Purba Bardhaman,23.26670399,87.91515653
107381,WB_107381,PURBA_BARDHAMAN_BLOCK_7_GP_3,PURBA_BARDHAMAN_BLOCK_7,Purba Bardhaman,23.2745214,87.91202925
107382,WB_107382,PURBA_BARDHAMAN_BLOCK_7_GP_4,PURBA_BARDHAMAN_BLOCK_7,Purba Bardhaman,23.26528762,87.90694153
107383,WB_107383,PURBA_BARDHAMAN_BLOCK_7_GP_5,PURBA_BARDHAMAN_BLOCK_7,Purba Bardhaman,23.27006879,87.92024499
107384,WB_107384,PURBA_BARDHAMAN_BLOCK_7_GP_6,PURBA_BARDHAMAN_BLOCK_7,Purba Bardhaman,23.27410646,87.90472975
107385,WB_107385,PURBA_BARDHAMAN_BLOCK_7_GP_7,PURBA_BARDHAMAN_BLOCK_7,Purba Bardhaman,23.26167944,87.91358104
107386,WB_107386,PURBA_BARDHAMAN_BLOCK_7_GP_8,PURBA_BARDHAMAN_BLOCK_7,Purba Bardhaman,23.27675423,87.91782213
107387,WB_107387,PURBA_BARDHAMAN_BLOCK_7_GP_9,PURBA_BARDHAMAN_BLOCK_7,Purba Bardhaman,23.26729636,87.90088993
107388,WB_107388,PURBA_BARDHAMAN_BLOCK_7_GP_10,PURBA_BARDHAMAN_BLOCK_7,Purba Bardhaman,23.26501157,87.92260864
107389,WB_107389,PURBA_BARDHAMAN_BLOCK_8_GP_1,PURBA_BARDHAMAN_BLOCK_8,Purba Bardhaman,23.29344308,87.94479345
107390,WB_107390,PURBA_BARDHAMAN_BLOCK_8_GP_2,PURBA_BARDHAMAN_BLOCK_8,Purba Bardhaman,23.29868716,87.94750448
107391,WB_107391,PURBA_BARDHAMAN_BLOCK_8_GP_3,PURBA_BARDHAMAN_BLOCK_8,Purba Bardhaman,23.29481361,87.93845888
107392,WB_107392,PURBA_BARDHAMAN_BLOCK_8_GP_4,PURBA_BARDHAMAN_BLOCK_8,Purba Bardhaman,23.29247939,87.95073057
107393,WB_107393,PURBA_BARDHAMAN_BLOCK_8_GP_5,PURBA_BARDHAMAN_BLOCK_8,Purba Bardhaman,23.30208273,87.94244806
107394,WB_107394,PURBA_BARDHAMAN_BLOCK_8_GP_6,PURBA_BARDHAMAN_BLOCK_8,Purba Bardhaman,23.28914519,87.94028832
107395,WB_107395,PURBA_BARDHAMAN_BLOCK_8_GP_7,PURBA_BARDHAMAN_BLOCK_8,Purba Bardhaman,23.29835566,87.95396648
107396,WB_107396,PURBA_BARDHAMAN_BLOCK_8_GP_8,PURBA_BARDHAMAN_BLOCK_8,Purba Bardhaman,23.29896804,87.9346668
107397,WB_107397,PURBA_BARDHAMAN_BLOCK_8_GP_9,PURBA_BARDHAMAN_BLOCK_8,Purba Bardhaman,23.28735478,87.94935476
107398,WB_107398,PURBA_BARDHAMAN_BLOCK_8_GP_10,PURBA_BARDHAMAN_BLOCK_8,Purba Bardhaman,23.30485655,87.94823826
107399,WB_107399,PURBA_BARDHAMAN_BLOCK_9_GP_1,PURBA_BARDHAMAN_BLOCK_9,Purba Bardhaman,23.31968686,87.97577775
107400,WB_107400,PURBA_BARDHAMAN_BLOCK_9_GP_2,PURBA_BARDHAMAN_BLOCK_9,Purba Bardhaman,23.32305343,87.98195844
107401,WB_107401,PURBA_BARDHAMAN_BLOCK_9_GP_3,PURBA_BARDHAMAN_BLOCK_9,Purba Bardhaman,23.32382589,87.97118666
107402,WB_107402,PURBA_BARDHAMAN_BLOCK_9_GP_4,PURBA_BARDHAMAN_BLOCK_9,Purba Bardhaman,23.31609024,87.98031278
107403,WB_107403,PURBA_BARDHAMAN_BLOCK_9_GP_5,PURBA_BARDHAMAN_BLOCK_9,Purba Bardhaman,23.32838548,87.97995786
107404,WB_107404,PURBA_BARDHAMAN_BLOCK_9_GP_6,PURBA_BARDHAMAN_BLOCK_9,Purba Bardhaman,23.31798428,87.96870024
107405,WB_107405,PURBA_BARDHAMAN_BLOCK_9_GP_7,PURBA_BARDHAMAN_BLOCK_9,Purba Bardhaman,23.31977102,87.9874131
107406,WB_107406,PURBA_BARDHAMAN_BLOCK_9_GP_8,PURBA_BARDHAMAN_BLOCK_9,Purba Bardhaman,23.32924158,87.97084891
107407,WB_107407,PURBA_BARDHAMAN_BLOCK_9_GP_9,PURBA_BARDHAMAN_BLOCK_9,Purba Bardhaman,23.31221107,87.97539508
107408,WB_107408,PURBA_BARDHAMAN_BLOCK_10_GP_1,PURBA_BARDHAMAN_BLOCK_10,Purba Bardhaman,23.35006021,88.00892745
107409,WB_107409,PURBA_BARDHAMAN_BLOCK_10_GP_2,PURBA_BARDHAMAN_BLOCK_10,Purba Bardhaman,23.34417233,88.00760742
107410,WB_107410,PURBA_BARDHAMAN_BLOCK_10_GP_3,PURBA_BARDHAMAN_BLOCK_10,Purba Bardhaman,23.34978674,88.0158361
107411,WB_107411,PURBA_BARDHAMAN_BLOCK_10_GP_4,PURBA_BARDHAMAN_BLOCK_10,Purba Bardhaman,23.34998609,88.00254232
107412,WB_107412,PURBA_BARDHAMAN_BLOCK_10_GP_5,PURBA_BARDHAMAN_BLOCK_10,Purba Bardhaman,23.34158365,88.01376817
107413,WB_107413,PURBA_BARDHAMAN_BLOCK_10_GP_6,PURBA_BARDHAMAN_BLOCK_10,Purba Bardhaman,23.35529595,88.01236079
107414,WB_107414,PURBA_BARDHAMAN_BLOCK_10_GP_7,PURBA_BARDHAMAN_BLOCK_10,Purba Bardhaman,23.34335281,88.0008592
107415,WB_107415,PURBA_BARDHAMAN_BLOCK_10_GP_8,PURBA_BARDHAMAN_BLOCK_10,Purba Bardhaman,23.34618938,88.02090772
107416,WB_107416,PURBA_BARDHAMAN_BLOCK_10_GP_9,PURBA_BARDHAMAN_BLOCK_10,Purba Bardhaman,23.35551106,88.00252074
107417,WB_107417,PURBA_BARDHAMAN_BLOCK_11_GP_1,PURBA_BARDHAMAN_BLOCK_11,Purba Bardhaman,23.37469759,88.03964021
107418,WB_107418,PURBA_BARDHAMAN_BLOCK_11_GP_2,PURBA_BARDHAMAN_BLOCK_11,Purba Bardhaman,23.37033607,88.04475751
107419,WB_107419,PURBA_BARDHAMAN_BLOCK_11_GP_3,PURBA_BARDHAMAN_BLOCK_11,Purba Bardhaman,23.37896887,88.04403797
107420,WB_107420,PURBA_BARDHAMAN_BLOCK_11_GP_4,PURBA_BARDHAMAN_BLOCK_11,Purba Bardhaman,23.37055488,88.03590355
107421,WB_107421,PURBA_BARDHAMAN_BLOCK_11_GP_5,PURBA_BARDHAMAN_BLOCK_11,Purba Bardhaman,23.37274544,88.05103087
107422,WB_107422,PURBA_BARDHAMAN_BLOCK_11_GP_6,PURBA_BARDHAMAN_BLOCK_11,Purba Bardhaman,23.38002636,88.03643833
107423,WB_107423,PURBA_BARDHAMAN_BLOCK_11_GP_7,PURBA_BARDHAMAN_BLOCK_11,Purba Bardhaman,23.3655154,88.0415517
107424,WB_107424,PURBA_BARDHAMAN_BLOCK_11_GP_8,PURBA_BARDHAMAN_BLOCK_11,Purba Bardhaman,23.38007712,88.05067292
107425,WB_107425,PURBA_BARDHAMAN_BLOCK_11_GP_9,PURBA_BARDHAMAN_BLOCK_11,Purba Bardhaman,23.37383865,88.03034948
107426,WB_107426,PURBA_BARDHAMAN_BLOCK_12_GP_1,PURBA_BARDHAMAN_BLOCK_12,Purba Bardhaman,23.4019982,88.07651377
107427,WB_107427,PURBA_BARDHAMAN_BLOCK_12_GP_2,PURBA_BARDHAMAN_BLOCK_12,Purba Bardhaman,23.39886484,88.07014435
107428,WB_107428,PURBA_BARDHAMAN_BLOCK_12_GP_3,PURBA_BARDHAMAN_BLOCK_12,Purba Bardhaman,23.39769309,88.08085968
107429,WB_107429,PURBA_BARDHAMAN_BLOCK_12_GP_4,PURBA_BARDHAMAN_BLOCK_12,Purba Bardhaman,23.40575939,88.07219238
107430,WB_107430,PURBA_BARDHAMAN_BLOCK_12_GP_5,PURBA_BARDHAMAN_BLOCK_12,Purba Bardhaman,23.39346423,88.07183331
107431,WB_107431,PURBA_BARDHAMAN_BLOCK_12_GP_6,PURBA_BARDHAMAN_BLOCK_12,Purba Bardhaman,23.40343605,88.08368246
107432,WB_107432,PURBA_BARDHAMAN_BLOCK_12_GP_7,PURBA_BARDHAMAN_BLOCK_12,Purba Bardhaman,23.40234632,88.06488608
107433,WB_107433,PURBA_BARDHAMAN_BLOCK_12_GP_8,PURBA_BARDHAMAN_BLOCK_12,Purba Bardhaman,23.3922707,88.08088275
107434,WB_107434,PURBA_BARDHAMAN_BLOCK_12_GP_9,PURBA_BARDHAMAN_BLOCK_12,Purba Bardhaman,23.40945171,88.07732992
107435,WB_107435,PURBA_BARDHAMAN_BLOCK_13_GP_1,PURBA_BARDHAMAN_BLOCK_13,Purba Bardhaman,23.42674413,88.10480594
107436,WB_107436,PURBA_BARDHAMAN_BLOCK_13_GP_2,PURBA_BARDHAMAN_BLOCK_13,Purba Bardhaman,23.42262429,88.11022715
107437,WB_107437,PURBA_BARDHAMAN_BLOCK_13_GP_3,PURBA_BARDHAMAN_BLOCK_13,Purba Bardhaman,23.43120995,88.10889062
107438,WB_107438,PURBA_BARDHAMAN_BLOCK_13_GP_4,PURBA_BARDHAMAN_BLOCK_13,Purba Bardhaman,23.42243698,88.10137206
107439,WB_107439,PURBA_BARDHAMAN_BLOCK_13_GP_5,PURBA_BARDHAMAN_BLOCK_13,Purba Bardhaman,23.42531721,88.11631768
107440,WB_107440,PURBA_BARDHAMAN_BLOCK_13_GP_6,PURBA_BARDHAMAN_BLOCK_13,Purba Bardhaman,23.43191742,88.10122774
107441,WB_107441,PURBA_BARDHAMAN_BLOCK_13_GP_7,PURBA_BARDHAMAN_BLOCK_13,Purba Bardhaman,23.41766462,88.10737181
107442,WB_107442,PURBA_BARDHAMAN_BLOCK_13_GP_8,PURBA_BARDHAMAN_BLOCK_13,Purba Bardhaman,23.43262045,88.11543531
107443,WB_107443,PURBA_BARDHAMAN_BLOCK_13_GP_9,PURBA_BARDHAMAN_BLOCK_13,Purba Bardhaman,23.42546082,88.09559197
107444,WB_107444,PURBA_BARDHAMAN_BLOCK_14_GP_1,PURBA_BARDHAMAN_BLOCK_14,Purba Bardhaman,23.45143468,88.14298802
107445,WB_107445,PURBA_BARDHAMAN_BLOCK_14_GP_2,PURBA_BARDHAMAN_BLOCK_14,Purba Bardhaman,23.45571131,88.13775996
107446,WB_107446,PURBA_BARDHAMAN_BLOCK_14_GP_3,PURBA_BARDHAMAN_BLOCK_14,Purba Bardhaman,23.44709212,88.13870072
107447,WB_107447,PURBA_BARDHAMAN_BLOCK_14_GP_4,PURBA_BARDHAMAN_BLOCK_14,Purba Bardhaman,23.45563784,88.14661767
107448,WB_107448,PURBA_BARDHAMAN_BLOCK_14_GP_5,PURBA_BARDHAMAN_BLOCK_14,Purba Bardhaman,23.45319948,88.13154971
107449,WB_107449,PURBA_BARDHAMAN_BLOCK_14_GP_6,PURBA_BARDHAMAN_BLOCK_14,Purba Bardhaman,23.44615957,88.14632587
107450,WB_107450,PURBA_BARDHAMAN_BLOCK_14_GP_7,PURBA_BARDHAMAN_BLOCK_14,Purba Bardhaman,23.46058357,88.14084148
107451,WB_107451,PURBA_BARDHAMAN_BLOCK_14_GP_8,PURBA_BARDHAMAN_BLOCK_14,Purba Bardhaman,23.44587522,88.13209558
107452,WB_107452,PURBA_BARDHAMAN_BLOCK_14_GP_9,PURBA_BARDHAMAN_BLOCK_14,Purba Bardhaman,23.45244591,88.15225477
107453,WB_107453,PURBA_BARDHAMAN_BLOCK_15_GP_1,PURBA_BARDHAMAN_BLOCK_15,Purba Bardhaman,23.47901838,88.17006318
107454,WB_107454,PURBA_BARDHAMAN_BLOCK_15_GP_2,PURBA_BARDHAMAN_BLOCK_15,Purba Bardhaman,23.47470736,88.17524691
107455,WB_107455,PURBA_BARDHAMAN_BLOCK_15_GP_3,PURBA_BARDHAMAN_BLOCK_15,Purba Bardhaman,23.48333247,88.17439517
107456,WB_107456,PURBA_BARDHAMAN_BLOCK_15_GP_4,PURBA_BARDHAMAN_BLOCK_15,Purba Bardhaman,23.47483934,88.16639027
107457,WB_107457,PURBA_BARDHAMAN_BLOCK_15_GP_5,PURBA_BARDHAMAN_BLOCK_15,Purba Bardhaman,23.47717807,88.18148289
107458,WB_107458,PURBA_BARDHAMAN_BLOCK_15_GP_6,PURBA_BARDHAMAN_BLOCK_15,Purba Bardhaman,23.48431536,88.1667799
107459,WB_107459,PURBA_BARDHAMAN_BLOCK_15_GP_7,PURBA_BARDHAMAN_BLOCK_15,Purba Bardhaman,23.46985562,88.1721152
107460,WB_107460,PURBA_BARDHAMAN_BLOCK_15_GP_8,PURBA_BARDHAMAN_BLOCK_15,Purba Bardhaman,23.48450569,88.18101264
107461,WB_107461,PURBA_BARDHAMAN_BLOCK_15_GP_9,PURBA_BARDHAMAN_BLOCK_15,Purba Bardhaman,23.4780684,88.16078631
107462,WB_107462,PURBA_BARDHAMAN_BLOCK_16_GP_1,PURBA_BARDHAMAN_BLOCK_16,Purba Bardhaman,23.50452418,88.20252246
107463,WB_107463,PURBA_BARDHAMAN_BLOCK_16_GP_2,PURBA_BARDHAMAN_BLOCK_16,Purba Bardhaman,23.5013967,88.20889638
107464,WB_107464,PURBA_BARDHAMAN_BLOCK_16_GP_3,PURBA_BARDHAMAN_BLOCK_16,Purba Bardhaman,23.50957208,88.20535649
107465,WB_107465,PURBA_BARDHAMAN_BLOCK_16_GP_4,PURBA_BARDHAMAN_BLOCK_16,Purba Bardhaman,23.49973977,88.20028373
107466,WB_107466,PURBA_BARDHAMAN_BLOCK_16_GP_5,PURBA_BARDHAMAN_BLOCK_16,Purba Bardhaman,23.50504432,88.2141534
107467,WB_107467,PURBA_BARDHAMAN_BLOCK_16_GP_6,PURBA_BARDHAMAN_BLOCK_16,Purba Bardhaman,23.50898878,88.19767728
107468,WB_107468,PURBA_BARDHAMAN_BLOCK_16_GP_7,PURBA_BARDHAMAN_BLOCK_16,Purba Bardhaman,23.49607033,88.20739321
107469,WB_107469,PURBA_BARDHAMAN_BLOCK_16_GP_8,PURBA_BARDHAMAN_BLOCK_16,Purba Bardhaman,23.51204093,88.21139121
107470,WB_107470,PURBA_BARDHAMAN_BLOCK_16_GP_9,PURBA_BARDHAMAN_BLOCK_16,Purba Bardhaman,23.50173551,88.19384378
107471,WB_107471,PURBA_BARDHAMAN_BLOCK_17_GP_1,PURBA_BARDHAMAN_BLOCK_17,Purba Bardhaman,23.52866888,88.239956
107472,WB_107472,PURBA_BARDHAMAN_BLOCK_17_GP_2,PURBA_BARDHAMAN_BLOCK_17,Purba Bardhaman,23.53448022,88.23818347
107473,WB_107473,PURBA_BARDHAMAN_BLOCK_17_GP_3,PURBA_BARDHAMAN_BLOCK_17,Purba Bardhaman,23.52668144,88.23350042
107474,WB_107474,PURBA_BARDHAMAN_BLOCK_17_GP_4,PURBA_BARDHAMAN_BLOCK_17,Purba Bardhaman,23.53080461,88.24575697
107475,WB_107475,PURBA_BARDHAMAN_BLOCK_17_GP_5,PURBA_BARDHAMAN_BLOCK_17,Purba Bardhaman,23.53485199,88.23124016
107476,WB_107476,PURBA_BARDHAMAN_BLOCK_17_GP_6,PURBA_BARDHAMAN_BLOCK_17,Purba Bardhaman,23.52276943,88.23946612
107477,WB_107477,PURBA_BARDHAMAN_BLOCK_17_GP_7,PURBA_BARDHAMAN_BLOCK_17,Purba Bardhaman,23.53741512,88.24393926
107478,WB_107478,PURBA_BARDHAMAN_BLOCK_17_GP_8,PURBA_BARDHAMAN_BLOCK_17,Purba Bardhaman,23.52832828,88.22704256
107479,WB_107479,PURBA_BARDHAMAN_BLOCK_17_GP_9,PURBA_BARDHAMAN_BLOCK_17,Purba Bardhaman,23.52575963,88.24857261
107480,WB_107480,PURBA_BARDHAMAN_BLOCK_18_GP_1,PURBA_BARDHAMAN_BLOCK_18,Purba Bardhaman,23.55516238,88.27302767
107481,WB_107481,PURBA_BARDHAMAN_BLOCK_18_GP_2,PURBA_BARDHAMAN_BLOCK_18,Purba Bardhaman,23.56048129,88.26960633
107482,WB_107482,PURBA_BARDHAMAN_BLOCK_18_GP_3,PURBA_BARDHAMAN_BLOCK_18,Purba Bardhaman,23.55202286,88.26733158
107483,WB_107483,PURBA_BARDHAMAN_BLOCK_18_GP_4,PURBA_BARDHAMAN_BLOCK_18,Purba Bardhaman,23.55832367,88.27804395
107484,WB_107484,PURBA_BARDHAMAN_BLOCK_18_GP_5,PURBA_BARDHAMAN_BLOCK_18,Purba Bardhaman,23.55954444,88.26274673
107485,WB_107485,PURBA_BARDHAMAN_BLOCK_18_GP_6,PURBA_BARDHAMAN_BLOCK_18,Purba Bardhaman,23.54933474,88.27427501
107486,WB_107486,PURBA_BARDHAMAN_BLOCK_18_GP_7,PURBA_BARDHAMAN_BLOCK_18,Purba Bardhaman,23.56441117,88.27434518
107487,WB_107487,PURBA_BARDHAMAN_BLOCK_18_GP_8,PURBA_BARDHAMAN_BLOCK_18,Purba Bardhaman,23.55241652,88.26057144
107488,WB_107488,PURBA_BARDHAMAN_BLOCK_18_GP_9,PURBA_BARDHAMAN_BLOCK_18,Purba Bardhaman,23.55394493,88.28225559
107489,WB_107489,PURBA_BARDHAMAN_BLOCK_19_GP_1,PURBA_BARDHAMAN_BLOCK_19,Purba Bardhaman,23.58069351,88.30493392
107490,WB_107490,PURBA_BARDHAMAN_BLOCK_19_GP_2,PURBA_BARDHAMAN_BLOCK_19,Purba Bardhaman,23.58662065,88.30392503
107491,WB_107491,PURBA_BARDHAMAN_BLOCK_19_GP_3,PURBA_BARDHAMAN_BLOCK_19,Purba Bardhaman,23.57925291,88.29825533
107492,WB_107492,PURBA_BARDHAMAN_BLOCK_19_GP_4,PURBA_BARDHAMAN_BLOCK_19,Purba Bardhaman,23.58233596,88.31098068
107493,WB_107493,PURBA_BARDHAMAN_BLOCK_19_GP_5,PURBA_BARDHAMAN_BLOCK_19,Purba Bardhaman,23.58756702,88.29706747
107494,WB_107494,PURBA_BARDHAMAN_BLOCK_19_GP_6,PURBA_BARDHAMAN_BLOCK_19,Purba Bardhaman,23.57486661,88.30368119
107495,WB_107495,PURBA_BARDHAMAN_BLOCK_19_GP_7,PURBA_BARDHAMAN_BLOCK_19,Purba Bardhaman,23.58906171,88.31003055
107496,WB_107496,PURBA_BARDHAMAN_BLOCK_19_GP_8,PURBA_BARDHAMAN_BLOCK_19,Purba Bardhaman,23.58142714,88.29204604
107497,WB_107497,PURBA_BARDHAMAN_BLOCK_19_GP_9,PURBA_BARDHAMAN_BLOCK_19,Purba Bardhaman,23.57708441,88.31312648
107498,WB_107498,PURBA_BARDHAMAN_BLOCK_20_GP_1,PURBA_BARDHAMAN_BLOCK_20,Purba Bardhaman,23.61053935,88.33407542
107499,WB_107499,PURBA_BARDHAMAN_BLOCK_20_GP_2,PURBA_BARDHAMAN_BLOCK_20,Purba Bardhaman,23.60466166,88.33546461
107500,WB_107500,PURBA_BARDHAMAN_BLOCK_20_GP_3,PURBA_BARDHAMAN_BLOCK_20,Purba Bardhaman,23.61225326,88.34065238
107501,WB_107501,PURBA_BARDHAMAN_BLOCK_20_GP_4,PURBA_BARDHAMAN_BLOCK_20,Purba Bardhaman,23.6086499,88.32814244
107502,WB_107502,PURBA_BARDHAMAN_BLOCK_20_GP_5,PURBA_BARDHAMAN_BLOCK_20,Purba Bardhaman,23.60399913,88.342374
107503,WB_107503,PURBA_BARDHAMAN_BLOCK_20_GP_6,PURBA_BARDHAMAN_BLOCK_20,Purba Bardhaman,23.61641014,88.3349513
107504,WB_107504,PURBA_BARDHAMAN_BLOCK_20_GP_7,PURBA_BARDHAMAN_BLOCK_20,Purba Bardhaman,23.60197223,88.32952438
107505,WB_107505,PURBA_BARDHAMAN_BLOCK_20_GP_8,PURBA_BARDHAMAN_BLOCK_20,Purba Bardhaman,23.61033779,88.34699342
107506,WB_107506,PURBA_BARDHAMAN_BLOCK_20_GP_9,PURBA_BARDHAMAN_BLOCK_20,Purba Bardhaman,23.61380605,88.32566135
107507,WB_107507,PURBA_BARDHAMAN_BLOCK_21_GP_1,PURBA_BARDHAMAN_BLOCK_21,Purba Bardhaman,23.63264223,88.36964962
107508,WB_107508,PURBA_BARDHAMAN_BLOCK_21_GP_2,PURBA_BARDHAMAN_BLOCK_21,Purba Bardhaman,23.63861259,88.37011251
107509,WB_107509,PURBA_BARDHAMAN_BLOCK_21_GP_3,PURBA_BARDHAMAN_BLOCK_21,Purba Bardhaman,23.63227682,88.36274761
107510,WB_107510,PURBA_BARDHAMAN_BLOCK_21_GP_4,PURBA_BARDHAMAN_BLOCK_21,Purba Bardhaman,23.63330464,88.3759815
107511,WB_107511,PURBA_BARDHAMAN_BLOCK_21_GP_5,PURBA_BARDHAMAN_BLOCK_21,Purba Bardhaman,23.64061592,88.36361985
107512,WB_107512,PURBA_BARDHAMAN_BLOCK_21_GP_6,PURBA_BARDHAMAN_BLOCK_21,Purba Bardhaman,23.6271248,88.36699352
107513,WB_107513,PURBA_BARDHAMAN_BLOCK_21_GP_7,PURBA_BARDHAMAN_BLOCK_21,Purba Bardhaman,23.64004891,88.37669769
107514,WB_107514,PURBA_BARDHAMAN_BLOCK_21_GP_8,PURBA_BARDHAMAN_BLOCK_21,Purba Bardhaman,23.63538254,88.35719148
107515,WB_107515,PURBA_BARDHAMAN_BLOCK_21_GP_9,PURBA_BARDHAMAN_BLOCK_21,Purba Bardhaman,23.62781848,88.37679898
107516,WB_107516,PURBA_BARDHAMAN_BLOCK_22_GP_1,PURBA_BARDHAMAN_BLOCK_22,Purba Bardhaman,23.66315553,88.40169127
107517,WB_107517,PURBA_BARDHAMAN_BLOCK_22_GP_2,PURBA_BARDHAMAN_BLOCK_22,Purba Bardhaman,23.65851565,88.39697197
107518,WB_107518,PURBA_BARDHAMAN_BLOCK_22_GP_3,PURBA_BARDHAMAN_BLOCK_22,Purba Bardhaman,23.66023956,88.40757009
107519,WB_107519,PURBA_BARDHAMAN_BLOCK_22_GP_4,PURBA_BARDHAMAN_BLOCK_22,Purba Bardhaman,23.66556455,88.39606006
107520,WB_107520,PURBA_BARDHAMAN_BLOCK_22_GP_5,PURBA_BARDHAMAN_BLOCK_22,Purba Bardhaman,23.65386388,88.40079488
107521,WB_107521,PURBA_BARDHAMAN_BLOCK_22_GP_6,PURBA_BARDHAMAN_BLOCK_22,Purba Bardhaman,23.66640605,88.40786471
107522,WB_107522,PURBA_BARDHAMAN_BLOCK_22_GP_7,PURBA_BARDHAMAN_BLOCK_22,Purba Bardhaman,23.66041321,88.39057183
107523,WB_107523,PURBA_BARDHAMAN_BLOCK_22_GP_8,PURBA_BARDHAMAN_BLOCK_22,Purba Bardhaman,23.65512726,88.40982948
107524,WB_107524,PURBA_BARDHAMAN_BLOCK_22_GP_9,PURBA_BARDHAMAN_BLOCK_22,Purba Bardhaman,23.67040671,88.39938588
107525,WB_107525,PURBA_BARDHAMAN_BLOCK_23_GP_1,PURBA_BARDHAMAN_BLOCK_23,Purba Bardhaman,23.6857484,88.43119571
107526,WB_107526,PURBA_BARDHAMAN_BLOCK_23_GP_2,PURBA_BARDHAMAN_BLOCK_23,Purba Bardhaman,23.68615957,88.43865532
107527,WB_107527,PURBA_BARDHAMAN_BLOCK_23_GP_3,PURBA_BARDHAMAN_BLOCK_23,Purba Bardhaman,23.69117525,88.42984307
107528,WB_107528,PURBA_BARDHAMAN_BLOCK_23_GP_4,PURBA_BARDHAMAN_BLOCK_23,Purba Bardhaman,23.68081248,88.43284212
107529,WB_107529,PURBA_BARDHAMAN_BLOCK_23_GP_5,PURBA_BARDHAMAN_BLOCK_23,Purba Bardhaman,23.69157054,88.4402917
107530,WB_107530,PURBA_BARDHAMAN_BLOCK_23_GP_6,PURBA_BARDHAMAN_BLOCK_23,Purba Bardhaman,23.68713586,88.42401152
107531,WB_107531,PURBA_BARDHAMAN_BLOCK_23_GP_7,PURBA_BARDHAMAN_BLOCK_23,Purba Bardhaman,23.68112364,88.44129388
107532,WB_107532,PURBA_BARDHAMAN_BLOCK_23_GP_8,PURBA_BARDHAMAN_BLOCK_23,Purba Bardhaman,23.6959871,88.43296776
107533,WB_107533,PURBA_BARDHAMAN_BLOCK_23_GP_9,PURBA_BARDHAMAN_BLOCK_23,Purba Bardhaman,23.67944887,88.42614952
107534,WB_107534,BIRBHUM_BLOCK_1_GP_1,BIRBHUM_BLOCK_1,Birbhum,23.57433074,87.41432604
107535,WB_107535,BIRBHUM_BLOCK_1_GP_2,BIRBHUM_BLOCK_1,Birbhum,23.57384849,87.42216438
107536,WB_107536,BIRBHUM_BLOCK_1_GP_3,BIRBHUM_BLOCK_1,Birbhum,23.58545193,87.41368784
107537,WB_107537,BIRBHUM_BLOCK_1_GP_4,BIRBHUM_BLOCK_1,Birbhum,23.56414269,87.4153405
107538,WB_107538,BIRBHUM_BLOCK_1_GP_5,BIRBHUM_BLOCK_1,Birbhum,23.58441416,87.42464124
107539,WB_107539,BIRBHUM_BLOCK_1_GP_6,BIRBHUM_BLOCK_1,Birbhum,23.57837211,87.40703098
107540,WB_107540,BIRBHUM_BLOCK_1_GP_7,BIRBHUM_BLOCK_1,Birbhum,23.56328604,87.42419934
107541,WB_107541,BIRBHUM_BLOCK_1_GP_8,BIRBHUM_BLOCK_1,Birbhum,23.59455524,87.41763161
107542,WB_107542,BIRBHUM_BLOCK_1_GP_9,BIRBHUM_BLOCK_1,Birbhum,23.56258034,87.40816652
107543,WB_107543,BIRBHUM_BLOCK_2_GP_1,BIRBHUM_BLOCK_2,Birbhum,23.62552816,87.44920642
107544,WB_107544,BIRBHUM_BLOCK_2_GP_2,BIRBHUM_BLOCK_2,Birbhum,23.62951743,87.45661007
107545,WB_107545,BIRBHUM_BLOCK_2_GP_3,BIRBHUM_BLOCK_2,Birbhum,23.63550762,87.44595283
107546,WB_107546,BIRBHUM_BLOCK_2_GP_4,BIRBHUM_BLOCK_2,Birbhum,23.61662938,87.45258666
107547,WB_107547,BIRBHUM_BLOCK_2_GP_5,BIRBHUM_BLOCK_2,Birbhum,23.64074395,87.45638582
107548,WB_107548,BIRBHUM_BLOCK_2_GP_6,BIRBHUM_BLOCK_2,Birbhum,23.62515583,87.44145658
107549,WB_107549,BIRBHUM_BLOCK_2_GP_7,BIRBHUM_BLOCK_2,Birbhum,23.62084827,87.46102875
107550,WB_107550,BIRBHUM_BLOCK_2_GP_8,BIRBHUM_BLOCK_2,Birbhum,23.64620489,87.44744235
107551,WB_107551,BIRBHUM_BLOCK_2_GP_9,BIRBHUM_BLOCK_2,Birbhum,23.6111151,87.44628981
107552,WB_107552,BIRBHUM_BLOCK_3_GP_1,BIRBHUM_BLOCK_3,Birbhum,23.68617814,87.48485406
107553,WB_107553,BIRBHUM_BLOCK_3_GP_2,BIRBHUM_BLOCK_3,Birbhum,23.674495,87.48288726
107554,WB_107554,BIRBHUM_BLOCK_3_GP_3,BIRBHUM_BLOCK_3,Birbhum,23.68478182,87.49205397
107555,WB_107555,BIRBHUM_BLOCK_3_GP_4,BIRBHUM_BLOCK_3,Birbhum,23.68681106,87.47816722
107556,WB_107556,BIRBHUM_BLOCK_3_GP_5,BIRBHUM_BLOCK_3,Birbhum,23.66853273,87.4890744
107557,WB_107557,BIRBHUM_BLOCK_3_GP_6,BIRBHUM_BLOCK_3,Birbhum,23.6962905,87.4889667
107558,WB_107558,BIRBHUM_BLOCK_3_GP_7,BIRBHUM_BLOCK_3,Birbhum,23.67367286,87.4757464
107559,WB_107559,BIRBHUM_BLOCK_3_GP_8,BIRBHUM_BLOCK_3,Birbhum,23.67692376,87.49700139
107560,WB_107560,BIRBHUM_BLOCK_3_GP_9,BIRBHUM_BLOCK_3,Birbhum,23.69792844,87.47869445
107561,WB_107561,BIRBHUM_BLOCK_4_GP_1,BIRBHUM_BLOCK_4,Birbhum,23.73808696,87.52148043
107562,WB_107562,BIRBHUM_BLOCK_4_GP_2,BIRBHUM_BLOCK_4,Birbhum,23.73239812,87.51456202
107563,WB_107563,BIRBHUM_BLOCK_4_GP_3,BIRBHUM_BLOCK_4,Birbhum,23.72899317,87.5256903
107564,WB_107564,BIRBHUM_BLOCK_4_GP_4,BIRBHUM_BLOCK_4,Birbhum,23.74608297,87.51725313
107565,WB_107565,BIRBHUM_BLOCK_4_GP_5,BIRBHUM_BLOCK_4,Birbhum,23.7213573,87.51590269
107566,WB_107566,BIRBHUM_BLOCK_4_GP_6,BIRBHUM_BLOCK_4,Birbhum,23.74028332,87.52910148
107567,WB_107567,BIRBHUM_BLOCK_4_GP_7,BIRBHUM_BLOCK_4,Birbhum,23.73992222,87.50933145
107568,WB_107568,BIRBHUM_BLOCK_4_GP_8,BIRBHUM_BLOCK_4,Birbhum,23.71807101,87.52528471
107569,WB_107569,BIRBHUM_BLOCK_4_GP_9,BIRBHUM_BLOCK_4,Birbhum,23.75301764,87.52292583
107570,WB_107570,BIRBHUM_BLOCK_5_GP_1,BIRBHUM_BLOCK_5,Birbhum,23.78212824,87.5539204
107571,WB_107571,BIRBHUM_BLOCK_5_GP_2,BIRBHUM_BLOCK_5,Birbhum,23.79281392,87.55756665
107572,WB_107572,BIRBHUM_BLOCK_5_GP_3,BIRBHUM_BLOCK_5,Birbhum,23.78601301,87.54711699
107573,WB_107573,BIRBHUM_BLOCK_5_GP_4,BIRBHUM_BLOCK_5,Birbhum,23.77916672,87.56033737
107574,WB_107574,BIRBHUM_BLOCK_5_GP_5,BIRBHUM_BLOCK_5,Birbhum,23.8007892,87.55242595
107575,WB_107575,BIRBHUM_BLOCK_5_GP_6,BIRBHUM_BLOCK_5,Birbhum,23.77372459,87.54841758
107576,WB_107576,BIRBHUM_BLOCK_5_GP_7,BIRBHUM_BLOCK_5,Birbhum,23.7911099,87.5646413
107577,WB_107577,BIRBHUM_BLOCK_5_GP_8,BIRBHUM_BLOCK_5,Birbhum,23.79539935,87.54346428
107578,WB_107578,BIRBHUM_BLOCK_5_GP_9,BIRBHUM_BLOCK_5,Birbhum,23.76852701,87.55817662
107579,WB_107579,BIRBHUM_BLOCK_6_GP_1,BIRBHUM_BLOCK_6,Birbhum,23.84098022,87.59106133
107580,WB_107580,BIRBHUM_BLOCK_6_GP_2,BIRBHUM_BLOCK_6,Birbhum,23.84277571,87.58330403
107581,WB_107581,BIRBHUM_BLOCK_6_GP_3,BIRBHUM_BLOCK_6,Birbhum,23.82981831,87.59090677
107582,WB_107582,BIRBHUM_BLOCK_6_GP_4,BIRBHUM_BLOCK_6,Birbhum,23.85127775,87.59077568
107583,WB_107583,BIRBHUM_BLOCK_6_GP_5,BIRBHUM_BLOCK_6,Birbhum,23.83268903,87.58009243
107584,WB_107584,BIRBHUM_BLOCK_6_GP_6,BIRBHUM_BLOCK_6,Birbhum,23.8357381,87.59802612
107585,WB_107585,BIRBHUM_BLOCK_6_GP_7,BIRBHUM_BLOCK_6,Birbhum,23.85361675,87.58203054
107586,WB_107586,BIRBHUM_BLOCK_6_GP_8,BIRBHUM_BLOCK_6,Birbhum,23.82143157,87.58634077
107587,WB_107587,BIRBHUM_BLOCK_6_GP_9,BIRBHUM_BLOCK_6,Birbhum,23.85162621,87.59801765
107588,WB_107588,BIRBHUM_BLOCK_7_GP_1,BIRBHUM_BLOCK_7,Birbhum,23.89170067,87.62542124
107589,WB_107589,BIRBHUM_BLOCK_7_GP_2,BIRBHUM_BLOCK_7,Birbhum,23.898117,87.61877716
107590,WB_107590,BIRBHUM_BLOCK_7_GP_3,BIRBHUM_BLOCK_7,Birbhum,23.88156435,87.62237942
107591,WB_107591,BIRBHUM_BLOCK_7_GP_4,BIRBHUM_BLOCK_7,Birbhum,23.90131538,87.62783497
107592,WB_107592,BIRBHUM_BLOCK_7_GP_5,BIRBHUM_BLOCK_7,Birbhum,23.89084627,87.61321253
107593,WB_107593,BIRBHUM_BLOCK_7_GP_6,BIRBHUM_BLOCK_7,Birbhum,23.88261242,87.63044336
107594,WB_107594,BIRBHUM_BLOCK_7_GP_7,BIRBHUM_BLOCK_7,Birbhum,23.9088374,87.62042662
107595,WB_107595,BIRBHUM_BLOCK_7_GP_8,BIRBHUM_BLOCK_7,Birbhum,23.87668476,87.61601497
107596,WB_107596,BIRBHUM_BLOCK_7_GP_9,BIRBHUM_BLOCK_7,Birbhum,23.89718118,87.63456372
107597,WB_107597,BIRBHUM_BLOCK_8_GP_1,BIRBHUM_BLOCK_8,Birbhum,23.94156464,87.65431238
107598,WB_107598,BIRBHUM_BLOCK_8_GP_2,BIRBHUM_BLOCK_8,Birbhum,23.94470849,87.66188614
107599,WB_107599,BIRBHUM_BLOCK_8_GP_3,BIRBHUM_BLOCK_8,Birbhum,23.95188408,87.65154289
107600,WB_107600,BIRBHUM_BLOCK_8_GP_4,BIRBHUM_BLOCK_8,Birbhum,23.9323087,87.65725966
107601,WB_107601,BIRBHUM_BLOCK_8_GP_5,BIRBHUM_BLOCK_8,Birbhum,23.95593011,87.66219725
107602,WB_107602,BIRBHUM_BLOCK_8_GP_6,BIRBHUM_BLOCK_8,Birbhum,23.94206703,87.64656564
107603,WB_107603,BIRBHUM_BLOCK_8_GP_7,BIRBHUM_BLOCK_8,Birbhum,23.93556448,87.66588001
107604,WB_107604,BIRBHUM_BLOCK_8_GP_8,BIRBHUM_BLOCK_8,Birbhum,23.96238466,87.65353795
107605,WB_107605,BIRBHUM_BLOCK_8_GP_9,BIRBHUM_BLOCK_8,Birbhum,23.92751915,87.65071708
107606,WB_107606,BIRBHUM_BLOCK_9_GP_1,BIRBHUM_BLOCK_9,Birbhum,23.99643104,87.69379241
107607,WB_107607,BIRBHUM_BLOCK_9_GP_2,BIRBHUM_BLOCK_9,Birbhum,24.00397082,87.68766711
107608,WB_107608,BIRBHUM_BLOCK_9_GP_3,BIRBHUM_BLOCK_9,Birbhum,23.9868943,87.6900193
107609,WB_107609,BIRBHUM_BLOCK_9_GP_4,BIRBHUM_BLOCK_9,Birbhum,24.00555973,87.69690286
107610,WB_107610,BIRBHUM_BLOCK_9_GP_5,BIRBHUM_BLOCK_9,Birbhum,23.99772346,87.68159998
107611,WB_107611,BIRBHUM_BLOCK_9_GP_6,BIRBHUM_BLOCK_9,Birbhum,23.98652122,87.69810833
107612,WB_107612,BIRBHUM_BLOCK_9_GP_7,BIRBHUM_BLOCK_9,Birbhum,24.01433204,87.69010021
107613,WB_107613,BIRBHUM_BLOCK_9_GP_8,BIRBHUM_BLOCK_9,Birbhum,23.98316277,87.68333477
107614,WB_107614,BIRBHUM_BLOCK_9_GP_9,BIRBHUM_BLOCK_9,Birbhum,24.00027234,87.7032814
107615,WB_107615,BIRBHUM_BLOCK_10_GP_1,BIRBHUM_BLOCK_10,Birbhum,24.04532587,87.7246021
107616,WB_107616,BIRBHUM_BLOCK_10_GP_2,BIRBHUM_BLOCK_10,Birbhum,24.05525341,87.72906281
107617,WB_107617,BIRBHUM_BLOCK_10_GP_3,BIRBHUM_BLOCK_10,Birbhum,24.05044983,87.71815464
107618,WB_107618,BIRBHUM_BLOCK_10_GP_4,BIRBHUM_BLOCK_10,Birbhum,24.04119037,87.73073866
107619,WB_107619,BIRBHUM_BLOCK_10_GP_5,BIRBHUM_BLOCK_10,Birbhum,24.06412791,87.72458786
107620,WB_107620,BIRBHUM_BLOCK_10_GP_6,BIRBHUM_BLOCK_10,Birbhum,24.03800953,87.71847816
107621,WB_107621,BIRBHUM_BLOCK_10_GP_7,BIRBHUM_BLOCK_10,Birbhum,24.05224359,87.7359512
107622,WB_107622,BIRBHUM_BLOCK_10_GP_8,BIRBHUM_BLOCK_10,Birbhum,24.06044773,87.71526782
107623,WB_107623,BIRBHUM_BLOCK_10_GP_9,BIRBHUM_BLOCK_10,Birbhum,24.03103165,87.72775613
107624,WB_107624,BIRBHUM_BLOCK_11_GP_1,BIRBHUM_BLOCK_11,Birbhum,24.10243282,87.75614912
107625,WB_107625,BIRBHUM_BLOCK_11_GP_2,BIRBHUM_BLOCK_11,Birbhum,24.09737498,87.76327159
107626,WB_107626,BIRBHUM_BLOCK_11_GP_3,BIRBHUM_BLOCK_11,Birbhum,24.11308395,87.75832427
107627,WB_107627,BIRBHUM_BLOCK_11_GP_4,BIRBHUM_BLOCK_11,Birbhum,24.09242248,87.75455361
107628,WB_107628,BIRBHUM_BLOCK_11_GP_5,BIRBHUM_BLOCK_11,Birbhum,24.10567987,87.76818683
107629,WB_107629,BIRBHUM_BLOCK_11_GP_6,BIRBHUM_BLOCK_11,Birbhum,24.11045949,87.75041345
107630,WB_107630,BIRBHUM_BLOCK_11_GP_7,BIRBHUM_BLOCK_11,Birbhum,24.08641822,87.7625259
107631,WB_107631,BIRBHUM_BLOCK_11_GP_8,BIRBHUM_BLOCK_11,Birbhum,24.1191745,87.76423134
107632,WB_107632,BIRBHUM_BLOCK_11_GP_9,BIRBHUM_BLOCK_11,Birbhum,24.09520024,87.74753668
107633,WB_107633,BIRBHUM_BLOCK_12_GP_1,BIRBHUM_BLOCK_12,Birbhum,24.15510454,87.79035866
107634,WB_107634,BIRBHUM_BLOCK_12_GP_2,BIRBHUM_BLOCK_12,Birbhum,24.14995351,87.79745285
107635,WB_107635,BIRBHUM_BLOCK_12_GP_3,BIRBHUM_BLOCK_12,Birbhum,24.16572677,87.79259272
107636,WB_107636,BIRBHUM_BLOCK_12_GP_4,BIRBHUM_BLOCK_12,Birbhum,24.14511548,87.78870776
107637,WB_107637,BIRBHUM_BLOCK_12_GP_5,BIRBHUM_BLOCK_12,Birbhum,24.15819365,87.80241392
107638,WB_107638,BIRBHUM_BLOCK_12_GP_6,BIRBHUM_BLOCK_12,Birbhum,24.16320612,87.78466765
107639,WB_107639,BIRBHUM_BLOCK_12_GP_7,BIRBHUM_BLOCK_12,Birbhum,24.13900692,87.7966465
107640,WB_107640,BIRBHUM_BLOCK_12_GP_8,BIRBHUM_BLOCK_12,Birbhum,24.17173965,87.79853332
107641,WB_107641,BIRBHUM_BLOCK_12_GP_9,BIRBHUM_BLOCK_12,Birbhum,24.14798514,87.78170647
107642,WB_107642,BIRBHUM_BLOCK_13_GP_1,BIRBHUM_BLOCK_13,Birbhum,24.21072034,87.8251789
107643,WB_107643,BIRBHUM_BLOCK_13_GP_2,BIRBHUM_BLOCK_13,Birbhum,24.19987123,87.82861521
107644,WB_107644,BIRBHUM_BLOCK_13_GP_3,BIRBHUM_BLOCK_13,Birbhum,24.21685228,87.83124323
107645,WB_107645,BIRBHUM_BLOCK_13_GP_4,BIRBHUM_BLOCK_13,Birbhum,24.20452053,87.81982697
107646,WB_107646,BIRBHUM_BLOCK_13_GP_5,BIRBHUM_BLOCK_13,Birbhum,24.20151927,87.83583687
107647,WB_107647,BIRBHUM_BLOCK_13_GP_6,BIRBHUM_BLOCK_13,Birbhum,24.222519,87.8240374
107648,WB_107648,BIRBHUM_BLOCK_13_GP_7,BIRBHUM_BLOCK_13,Birbhum,24.19211135,87.82353227
107649,WB_107649,BIRBHUM_BLOCK_13_GP_8,BIRBHUM_BLOCK_13,Birbhum,24.21582009,87.83832249
107650,WB_107650,BIRBHUM_BLOCK_13_GP_9,BIRBHUM_BLOCK_13,Birbhum,24.21350109,87.81553483
107651,WB_107651,BIRBHUM_BLOCK_14_GP_1,BIRBHUM_BLOCK_14,Birbhum,24.26359554,87.8641678
107652,WB_107652,BIRBHUM_BLOCK_14_GP_2,BIRBHUM_BLOCK_14,Birbhum,24.26079262,87.8565377
107653,WB_107653,BIRBHUM_BLOCK_14_GP_3,BIRBHUM_BLOCK_14,Birbhum,24.25315631,87.86674062
107654,WB_107654,BIRBHUM_BLOCK_14_GP_4,BIRBHUM_BLOCK_14,Birbhum,24.2729797,87.86139713
107655,WB_107655,BIRBHUM_BLOCK_14_GP_5,BIRBHUM_BLOCK_14,Birbhum,24.24958972,87.85601414
107656,WB_107656,BIRBHUM_BLOCK_14_GP_6,BIRBHUM_BLOCK_14,Birbhum,24.26274602,87.87190173
107657,WB_107657,BIRBHUM_BLOCK_14_GP_7,BIRBHUM_BLOCK_14,Birbhum,24.27011183,87.85271876
107658,WB_107658,BIRBHUM_BLOCK_14_GP_8,BIRBHUM_BLOCK_14,Birbhum,24.24274964,87.86454749
107659,WB_107659,BIRBHUM_BLOCK_14_GP_9,BIRBHUM_BLOCK_14,Birbhum,24.27747385,87.86802766
107660,WB_107660,BIRBHUM_BLOCK_15_GP_1,BIRBHUM_BLOCK_15,Birbhum,24.31361955,87.89300323
107661,WB_107661,BIRBHUM_BLOCK_15_GP_2,BIRBHUM_BLOCK_15,Birbhum,24.30707945,87.89959612
107662,WB_107662,BIRBHUM_BLOCK_15_GP_3,BIRBHUM_BLOCK_15,Birbhum,24.32369823,87.89612492
107663,WB_107663,BIRBHUM_BLOCK_15_GP_4,BIRBHUM_BLOCK_15,Birbhum,24.30405069,87.89051372
107664,WB_107664,BIRBHUM_BLOCK_15_GP_5,BIRBHUM_BLOCK_15,Birbhum,24.31424558,87.90521779
107665,WB_107665,BIRBHUM_BLOCK_15_GP_6,BIRBHUM_BLOCK_15,Birbhum,24.32280104,87.8880533
107666,WB_107666,BIRBHUM_BLOCK_15_GP_7,BIRBHUM_BLOCK_15,Birbhum,24.29639068,87.89786209
107667,WB_107667,BIRBHUM_BLOCK_15_GP_8,BIRBHUM_BLOCK_15,Birbhum,24.32845844,87.90252745
107668,WB_107668,BIRBHUM_BLOCK_15_GP_9,BIRBHUM_BLOCK_15,Birbhum,24.30831041,87.88381812
107669,WB_107669,BIRBHUM_BLOCK_16_GP_1,BIRBHUM_BLOCK_16,Birbhum,24.36144898,87.93187643
107670,WB_107670,BIRBHUM_BLOCK_16_GP_2,BIRBHUM_BLOCK_16,Birbhum,24.37423683,87.93150366
107671,WB_107671,BIRBHUM_BLOCK_16_GP_3,BIRBHUM_BLOCK_16,Birbhum,24.35941239,87.92429402
107672,WB_107672,BIRBHUM_BLOCK_16_GP_4,BIRBHUM_BLOCK_16,Birbhum,24.36401352,87.93878401
107673,WB_107673,BIRBHUM_BLOCK_16_GP_5,BIRBHUM_BLOCK_16,Birbhum,24.37731498,87.92402307
107674,WB_107674,BIRBHUM_BLOCK_16_GP_6,BIRBHUM_BLOCK_16,Birbhum,24.34922476,87.92975545
107675,WB_107675,BIRBHUM_BLOCK_16_GP_7,BIRBHUM_BLOCK_16,Birbhum,24.37849425,87.93857678
107676,WB_107676,BIRBHUM_BLOCK_16_GP_8,BIRBHUM_BLOCK_16,Birbhum,24.36500698,87.91768624
107677,WB_107677,BIRBHUM_BLOCK_17_GP_1,BIRBHUM_BLOCK_17,Birbhum,24.41478706,87.96670595
107678,WB_107678,BIRBHUM_BLOCK_17_GP_2,BIRBHUM_BLOCK_17,Birbhum,24.42708026,87.96438634
107679,WB_107679,BIRBHUM_BLOCK_17_GP_3,BIRBHUM_BLOCK_17,Birbhum,24.41006082,87.95964849
107680,WB_107680,BIRBHUM_BLOCK_17_GP_4,BIRBHUM_BLOCK_17,Birbhum,24.41978193,87.97302676
107681,WB_107681,BIRBHUM_BLOCK_17_GP_5,BIRBHUM_BLOCK_17,Birbhum,24.42736182,87.95664496
107682,WB_107682,BIRBHUM_BLOCK_17_GP_6,BIRBHUM_BLOCK_17,Birbhum,24.40213821,87.96651567
107683,WB_107683,BIRBHUM_BLOCK_17_GP_7,BIRBHUM_BLOCK_17,Birbhum,24.43378038,87.97060891
107684,WB_107684,BIRBHUM_BLOCK_17_GP_8,BIRBHUM_BLOCK_17,Birbhum,24.41310426,87.95237021
107685,WB_107685,BIRBHUM_BLOCK_18_GP_1,BIRBHUM_BLOCK_18,Birbhum,24.46694424,88.00053655
107686,WB_107686,BIRBHUM_BLOCK_18_GP_2,BIRBHUM_BLOCK_18,Birbhum,24.47963387,87.99944287
107687,WB_107687,BIRBHUM_BLOCK_18_GP_3,BIRBHUM_BLOCK_18,Birbhum,24.46390164,87.99309786
107688,WB_107688,BIRBHUM_BLOCK_18_GP_4,BIRBHUM_BLOCK_18,Birbhum,24.47042257,88.00727314
107689,WB_107689,BIRBHUM_BLOCK_18_GP_5,BIRBHUM_BLOCK_18,Birbhum,24.48170028,87.99181671
107690,WB_107690,BIRBHUM_BLOCK_18_GP_6,BIRBHUM_BLOCK_18,Birbhum,24.4544827,87.99911408
107691,WB_107691,BIRBHUM_BLOCK_18_GP_7,BIRBHUM_BLOCK_18,Birbhum,24.48482081,88.00624875
107692,WB_107692,BIRBHUM_BLOCK_18_GP_8,BIRBHUM_BLOCK_18,Birbhum,24.46859166,87.98619907
107693,WB_107693,BIRBHUM_BLOCK_19_GP_1,BIRBHUM_BLOCK_19,Birbhum,24.52674322,88.03032395
107694,WB_107694,BIRBHUM_BLOCK_19_GP_2,BIRBHUM_BLOCK_19,Birbhum,24.51515002,88.0338517
107695,WB_107695,BIRBHUM_BLOCK_19_GP_3,BIRBHUM_BLOCK_19,Birbhum,24.53309213,88.03682125
107696,WB_107696,BIRBHUM_BLOCK_19_GP_4,BIRBHUM_BLOCK_19,Birbhum,24.52030422,88.02458145
107697,WB_107697,BIRBHUM_BLOCK_19_GP_5,BIRBHUM_BLOCK_19,Birbhum,24.51671417,88.04152821
107698,WB_107698,BIRBHUM_BLOCK_19_GP_6,BIRBHUM_BLOCK_19,Birbhum,24.5392851,88.02924012
107699,WB_107699,BIRBHUM_BLOCK_19_GP_7,BIRBHUM_BLOCK_19,Birbhum,24.50704968,88.02837771
107700,WB_107700,BIRBHUM_BLOCK_19_GP_8,BIRBHUM_BLOCK_19,Birbhum,24.53181743,88.04431793
107701,WB_107701,COOCH_BEHAR_BLOCK_1_GP_1,COOCH_BEHAR_BLOCK_1,Cooch Behar,25.97641802,88.83710961
107702,WB_107702,COOCH_BEHAR_BLOCK_1_GP_2,COOCH_BEHAR_BLOCK_1,Cooch Behar,25.96874944,88.84932749
107703,WB_107703,COOCH_BEHAR_BLOCK_1_GP_3,COOCH_BEHAR_BLOCK_1,Cooch Behar,25.9837295,88.84797951
107704,WB_107704,COOCH_BEHAR_BLOCK_1_GP_4,COOCH_BEHAR_BLOCK_1,Cooch Behar,25.96931548,88.82785003
107705,WB_107705,COOCH_BEHAR_BLOCK_1_GP_5,COOCH_BEHAR_BLOCK_1,Cooch Behar,25.97279377,88.86466337
107706,WB_107706,COOCH_BEHAR_BLOCK_1_GP_6,COOCH_BEHAR_BLOCK_1,Cooch Behar,25.98572293,88.82958485
107707,WB_107707,COOCH_BEHAR_BLOCK_1_GP_7,COOCH_BEHAR_BLOCK_1,Cooch Behar,25.96046047,88.84132496
107708,WB_107708,COOCH_BEHAR_BLOCK_1_GP_8,COOCH_BEHAR_BLOCK_1,Cooch Behar,25.98551072,88.8641329
107709,WB_107709,COOCH_BEHAR_BLOCK_1_GP_9,COOCH_BEHAR_BLOCK_1,Cooch Behar,25.97512499,88.81452244
107710,WB_107710,COOCH_BEHAR_BLOCK_1_GP_10,COOCH_BEHAR_BLOCK_1,Cooch Behar,25.96297571,88.86637778
107711,WB_107711,COOCH_BEHAR_BLOCK_1_GP_11,COOCH_BEHAR_BLOCK_1,Cooch Behar,25.99350371,88.84115219
107712,WB_107712,COOCH_BEHAR_BLOCK_2_GP_1,COOCH_BEHAR_BLOCK_2,Cooch Behar,26.02890231,88.92934814
107713,WB_107713,COOCH_BEHAR_BLOCK_2_GP_2,COOCH_BEHAR_BLOCK_2,Cooch Behar,26.01874462,88.92568912
107714,WB_107714,COOCH_BEHAR_BLOCK_2_GP_3,COOCH_BEHAR_BLOCK_2,Cooch Behar,26.02818367,88.94608993
107715,WB_107715,COOCH_BEHAR_BLOCK_2_GP_4,COOCH_BEHAR_BLOCK_2,Cooch Behar,26.02899997,88.9138497
107716,WB_107716,COOCH_BEHAR_BLOCK_2_GP_5,COOCH_BEHAR_BLOCK_2,Cooch Behar,26.01403993,88.94043685
107717,WB_107717,COOCH_BEHAR_BLOCK_2_GP_6,COOCH_BEHAR_BLOCK_2,Cooch Behar,26.0378549,88.93808434
107718,WB_107718,COOCH_BEHAR_BLOCK_2_GP_7,COOCH_BEHAR_BLOCK_2,Cooch Behar,26.01756328,88.90925191
107719,WB_107719,COOCH_BEHAR_BLOCK_2_GP_8,COOCH_BEHAR_BLOCK_2,Cooch Behar,26.02176938,88.95811689
107720,WB_107720,COOCH_BEHAR_BLOCK_2_GP_9,COOCH_BEHAR_BLOCK_2,Cooch Behar,26.03857621,88.91422535
107721,WB_107721,COOCH_BEHAR_BLOCK_2_GP_10,COOCH_BEHAR_BLOCK_2,Cooch Behar,26.00746961,88.92755502
107722,WB_107722,COOCH_BEHAR_BLOCK_2_GP_11,COOCH_BEHAR_BLOCK_2,Cooch Behar,26.03709025,88.95590058
107723,WB_107723,COOCH_BEHAR_BLOCK_3_GP_1,COOCH_BEHAR_BLOCK_3,Cooch Behar,26.07105027,89.02032372
107724,WB_107724,COOCH_BEHAR_BLOCK_3_GP_2,COOCH_BEHAR_BLOCK_3,Cooch Behar,26.08109658,89.02482707
107725,WB_107725,COOCH_BEHAR_BLOCK_3_GP_3,COOCH_BEHAR_BLOCK_3,Cooch Behar,26.07222474,89.00366105
107726,WB_107726,COOCH_BEHAR_BLOCK_3_GP_4,COOCH_BEHAR_BLOCK_3,Cooch Behar,26.07052998,89.03579634
107727,WB_107727,COOCH_BEHAR_BLOCK_3_GP_5,COOCH_BEHAR_BLOCK_3,Cooch Behar,26.08619816,89.01048914
107728,WB_107728,COOCH_BEHAR_BLOCK_3_GP_6,COOCH_BEHAR_BLOCK_3,Cooch Behar,26.06234617,89.01084965
107729,WB_107729,COOCH_BEHAR_BLOCK_3_GP_7,COOCH_BEHAR_BLOCK_3,Cooch Behar,26.08182822,89.04134423
107730,WB_107730,COOCH_BEHAR_BLOCK_3_GP_8,COOCH_BEHAR_BLOCK_3,Cooch Behar,26.07895975,88.9921836
107731,WB_107731,COOCH_BEHAR_BLOCK_3_GP_9,COOCH_BEHAR_BLOCK_3,Cooch Behar,26.0609749,89.03462118
107732,WB_107732,COOCH_BEHAR_BLOCK_3_GP_10,COOCH_BEHAR_BLOCK_3,Cooch Behar,26.09240963,89.02390513
107733,WB_107733,COOCH_BEHAR_BLOCK_3_GP_11,COOCH_BEHAR_BLOCK_3,Cooch Behar,26.0635959,88.99311759
107734,WB_107734,COOCH_BEHAR_BLOCK_4_GP_1,COOCH_BEHAR_BLOCK_4,Cooch Behar,26.12096754,89.1069241
107735,WB_107735,COOCH_BEHAR_BLOCK_4_GP_2,COOCH_BEHAR_BLOCK_4,Cooch Behar,26.13060077,89.1136454
107736,WB_107736,COOCH_BEHAR_BLOCK_4_GP_3,COOCH_BEHAR_BLOCK_4,Cooch Behar,26.12335366,89.09066271
107737,WB_107737,COOCH_BEHAR_BLOCK_4_GP_4,COOCH_BEHAR_BLOCK_4,Cooch Behar,26.11931744,89.12215211
107738,WB_107738,COOCH_BEHAR_BLOCK_4_GP_5,COOCH_BEHAR_BLOCK_4,Cooch Behar,26.13671116,89.1005711
107739,WB_107739,COOCH_BEHAR_BLOCK_4_GP_6,COOCH_BEHAR_BLOCK_4,Cooch Behar,26.11302978,89.09557443
107740,WB_107740,COOCH_BEHAR_BLOCK_4_GP_7,COOCH_BEHAR_BLOCK_4,Cooch Behar,26.13011569,89.13019035
107741,WB_107741,COOCH_BEHAR_BLOCK_4_GP_8,COOCH_BEHAR_BLOCK_4,Cooch Behar,26.13087431,89.08079193
107742,WB_107742,COOCH_BEHAR_BLOCK_4_GP_9,COOCH_BEHAR_BLOCK_4,Cooch Behar,26.10992744,89.11884178
107743,WB_107743,COOCH_BEHAR_BLOCK_4_GP_10,COOCH_BEHAR_BLOCK_4,Cooch Behar,26.14188794,89.11527058
107744,WB_107744,COOCH_BEHAR_BLOCK_4_GP_11,COOCH_BEHAR_BLOCK_4,Cooch Behar,26.11556892,89.07826939
107745,WB_107745,COOCH_BEHAR_BLOCK_5_GP_1,COOCH_BEHAR_BLOCK_5,Cooch Behar,26.17173374,89.19794294
107746,WB_107746,COOCH_BEHAR_BLOCK_5_GP_2,COOCH_BEHAR_BLOCK_5,Cooch Behar,26.18197478,89.1950825
107747,WB_107747,COOCH_BEHAR_BLOCK_5_GP_3,COOCH_BEHAR_BLOCK_5,Cooch Behar,26.16902445,89.18183737
107748,WB_107748,COOCH_BEHAR_BLOCK_5_GP_4,COOCH_BEHAR_BLOCK_5,Cooch Behar,26.17477279,89.21250131
107749,WB_107749,COOCH_BEHAR_BLOCK_5_GP_5,COOCH_BEHAR_BLOCK_5,Cooch Behar,26.18339698,89.17837661
107750,WB_107750,COOCH_BEHAR_BLOCK_5_GP_6,COOCH_BEHAR_BLOCK_5,Cooch Behar,26.16159452,89.19530851
107751,WB_107751,COOCH_BEHAR_BLOCK_5_GP_7,COOCH_BEHAR_BLOCK_5,Cooch Behar,26.18639987,89.2097279
107752,WB_107752,COOCH_BEHAR_BLOCK_5_GP_8,COOCH_BEHAR_BLOCK_5,Cooch Behar,26.17259543,89.16661911
107753,WB_107753,COOCH_BEHAR_BLOCK_5_GP_9,COOCH_BEHAR_BLOCK_5,Cooch Behar,26.16573887,89.21807349
107754,WB_107754,COOCH_BEHAR_BLOCK_5_GP_10,COOCH_BEHAR_BLOCK_5,Cooch Behar,26.19214506,89.18636266
107755,WB_107755,COOCH_BEHAR_BLOCK_5_GP_11,COOCH_BEHAR_BLOCK_5,Cooch Behar,26.15871124,89.17816939
107756,WB_107756,COOCH_BEHAR_BLOCK_6_GP_1,COOCH_BEHAR_BLOCK_6,Cooch Behar,26.22287136,89.27521872
107757,WB_107757,COOCH_BEHAR_BLOCK_6_GP_2,COOCH_BEHAR_BLOCK_6,Cooch Behar,26.22368632,89.29331124
107758,WB_107758,COOCH_BEHAR_BLOCK_6_GP_3,COOCH_BEHAR_BLOCK_6,Cooch Behar,26.23226086,89.27177323
107759,WB_107759,COOCH_BEHAR_BLOCK_6_GP_4,COOCH_BEHAR_BLOCK_6,Cooch Behar,26.21433697,89.27936248
107760,WB_107760,COOCH_BEHAR_BLOCK_6_GP_5,COOCH_BEHAR_BLOCK_6,Cooch Behar,26.23308922,89.29712072
107761,WB_107761,COOCH_BEHAR_BLOCK_6_GP_6,COOCH_BEHAR_BLOCK_6,Cooch Behar,26.22517829,89.25774077
107762,WB_107762,COOCH_BEHAR_BLOCK_6_GP_7,COOCH_BEHAR_BLOCK_6,Cooch Behar,26.21499213,89.29986598
107763,WB_107763,COOCH_BEHAR_BLOCK_6_GP_8,COOCH_BEHAR_BLOCK_6,Cooch Behar,26.24064549,89.27921287
107764,WB_107764,COOCH_BEHAR_BLOCK_6_GP_9,COOCH_BEHAR_BLOCK_6,Cooch Behar,26.21188136,89.26316006
107765,WB_107765,COOCH_BEHAR_BLOCK_6_GP_10,COOCH_BEHAR_BLOCK_6,Cooch Behar,26.22784453,89.3117463
107766,WB_107766,COOCH_BEHAR_BLOCK_6_GP_11,COOCH_BEHAR_BLOCK_6,Cooch Behar,26.23517035,89.25407396
107767,WB_107767,COOCH_BEHAR_BLOCK_7_GP_1,COOCH_BEHAR_BLOCK_7,Cooch Behar,26.27116219,89.37101845
107768,WB_107768,COOCH_BEHAR_BLOCK_7_GP_2,COOCH_BEHAR_BLOCK_7,Cooch Behar,26.2814181,89.37371064
107769,WB_107769,COOCH_BEHAR_BLOCK_7_GP_3,COOCH_BEHAR_BLOCK_7,Cooch Behar,26.27136233,89.35423314
107770,WB_107770,COOCH_BEHAR_BLOCK_7_GP_4,COOCH_BEHAR_BLOCK_7,Cooch Behar,26.27154368,89.38650345
107771,WB_107771,COOCH_BEHAR_BLOCK_7_GP_5,COOCH_BEHAR_BLOCK_7,Cooch Behar,26.28566009,89.35853918
107772,WB_107772,COOCH_BEHAR_BLOCK_7_GP_6,COOCH_BEHAR_BLOCK_7,Cooch Behar,26.26195269,89.36314243
107773,WB_107773,COOCH_BEHAR_BLOCK_7_GP_7,COOCH_BEHAR_BLOCK_7,Cooch Behar,26.28310573,89.39001198
107774,WB_107774,COOCH_BEHAR_BLOCK_7_GP_8,COOCH_BEHAR_BLOCK_7,Cooch Behar,26.2773955,89.34161665
107775,WB_107775,COOCH_BEHAR_BLOCK_7_GP_9,COOCH_BEHAR_BLOCK_7,Cooch Behar,26.26196985,89.38703477
107776,WB_107776,COOCH_BEHAR_BLOCK_7_GP_10,COOCH_BEHAR_BLOCK_7,Cooch Behar,26.29261893,89.37078025
107785,WB_107785,COOCH_BEHAR_BLOCK_7_GP_11,COOCH_BEHAR_BLOCK_7,Cooch Behar,26.26216556,89.34527989
107786,WB_107786,COOCH_BEHAR_BLOCK_8_GP_1,COOCH_BEHAR_BLOCK_8,Cooch Behar,26.32536257,89.44918953
107787,WB_107787,COOCH_BEHAR_BLOCK_8_GP_2,COOCH_BEHAR_BLOCK_8,Cooch Behar,26.31981658,89.46452501
107788,WB_107788,COOCH_BEHAR_BLOCK_8_GP_3,COOCH_BEHAR_BLOCK_8,Cooch Behar,26.33405787,89.45628308
107789,WB_107789,COOCH_BEHAR_BLOCK_8_GP_4,COOCH_BEHAR_BLOCK_8,Cooch Behar,26.31711242,89.44355199
107790,WB_107790,COOCH_BEHAR_BLOCK_8_GP_5,COOCH_BEHAR_BLOCK_8,Cooch Behar,26.32603717,89.47743918
107791,WB_107791,COOCH_BEHAR_BLOCK_8_GP_6,COOCH_BEHAR_BLOCK_8,Cooch Behar,26.33319663,89.43762131
107792,WB_107792,COOCH_BEHAR_BLOCK_8_GP_7,COOCH_BEHAR_BLOCK_8,Cooch Behar,26.31061257,89.46064946
107793,WB_107793,COOCH_BEHAR_BLOCK_8_GP_8,COOCH_BEHAR_BLOCK_8,Cooch Behar,26.33821985,89.47103434
107794,WB_107794,COOCH_BEHAR_BLOCK_8_GP_9,COOCH_BEHAR_BLOCK_8,Cooch Behar,26.32069778,89.42800794
107795,WB_107795,COOCH_BEHAR_BLOCK_8_GP_10,COOCH_BEHAR_BLOCK_8,Cooch Behar,26.31682904,89.48364229
107796,WB_107796,COOCH_BEHAR_BLOCK_8_GP_11,COOCH_BEHAR_BLOCK_8,Cooch Behar,26.34245002,89.44516992
107797,WB_107797,COOCH_BEHAR_BLOCK_9_GP_1,COOCH_BEHAR_BLOCK_9,Cooch Behar,26.3741315,89.55102792
107798,WB_107798,COOCH_BEHAR_BLOCK_9_GP_2,COOCH_BEHAR_BLOCK_9,Cooch Behar,26.38097496,89.53623317
107799,WB_107799,COOCH_BEHAR_BLOCK_9_GP_3,COOCH_BEHAR_BLOCK_9,Cooch Behar,26.36556644,89.54178721
107800,WB_107800,COOCH_BEHAR_BLOCK_9_GP_4,COOCH_BEHAR_BLOCK_9,Cooch Behar,26.38233403,89.55865708
107801,WB_107801,COOCH_BEHAR_BLOCK_9_GP_5,COOCH_BEHAR_BLOCK_9,Cooch Behar,26.37539251,89.5214558
107802,WB_107802,COOCH_BEHAR_BLOCK_9_GP_6,COOCH_BEHAR_BLOCK_9,Cooch Behar,26.36516636,89.56141109
107803,WB_107803,COOCH_BEHAR_BLOCK_9_GP_7,COOCH_BEHAR_BLOCK_9,Cooch Behar,26.39029364,89.54222988
107804,WB_107804,COOCH_BEHAR_BLOCK_9_GP_8,COOCH_BEHAR_BLOCK_9,Cooch Behar,26.36225622,89.52553435
107805,WB_107805,COOCH_BEHAR_BLOCK_9_GP_9,COOCH_BEHAR_BLOCK_9,Cooch Behar,26.37751851,89.5740865
107806,WB_107806,COOCH_BEHAR_BLOCK_9_GP_10,COOCH_BEHAR_BLOCK_9,Cooch Behar,26.3854161,89.51695415
107807,WB_107807,COOCH_BEHAR_BLOCK_10_GP_1,COOCH_BEHAR_BLOCK_10,Cooch Behar,26.42094926,89.62900787
107808,WB_107808,COOCH_BEHAR_BLOCK_10_GP_2,COOCH_BEHAR_BLOCK_10,Cooch Behar,26.42867444,89.64240733
107809,WB_107809,COOCH_BEHAR_BLOCK_10_GP_3,COOCH_BEHAR_BLOCK_10,Cooch Behar,26.42706204,89.61502136
107810,WB_107810,COOCH_BEHAR_BLOCK_10_GP_4,COOCH_BEHAR_BLOCK_10,Cooch Behar,26.41578908,89.64252479
107811,WB_107811,COOCH_BEHAR_BLOCK_10_GP_5,COOCH_BEHAR_BLOCK_10,Cooch Behar,26.43763594,89.63416935
107812,WB_107812,COOCH_BEHAR_BLOCK_10_GP_6,COOCH_BEHAR_BLOCK_10,Cooch Behar,26.41594506,89.61235663
107813,WB_107813,COOCH_BEHAR_BLOCK_10_GP_7,COOCH_BEHAR_BLOCK_10,Cooch Behar,26.42433044,89.65803139
107814,WB_107814,COOCH_BEHAR_BLOCK_10_GP_8,COOCH_BEHAR_BLOCK_10,Cooch Behar,26.43663455,89.6108877
107815,WB_107815,COOCH_BEHAR_BLOCK_10_GP_9,COOCH_BEHAR_BLOCK_10,Cooch Behar,26.40749968,89.63259268
107816,WB_107816,COOCH_BEHAR_BLOCK_10_GP_10,COOCH_BEHAR_BLOCK_10,Cooch Behar,26.43919007,89.65207367
107817,WB_107817,COOCH_BEHAR_BLOCK_11_GP_1,COOCH_BEHAR_BLOCK_11,Cooch Behar,26.47472033,89.7113312
107818,WB_107818,COOCH_BEHAR_BLOCK_11_GP_2,COOCH_BEHAR_BLOCK_11,Cooch Behar,26.47039726,89.72879762
107819,WB_107819,COOCH_BEHAR_BLOCK_11_GP_3,COOCH_BEHAR_BLOCK_11,Cooch Behar,26.48438842,89.71620949
107820,WB_107820,COOCH_BEHAR_BLOCK_11_GP_4,COOCH_BEHAR_BLOCK_11,Cooch Behar,26.46564863,89.70783502
107821,WB_107821,COOCH_BEHAR_BLOCK_11_GP_5,COOCH_BEHAR_BLOCK_11,Cooch Behar,26.47804143,89.74041043
107822,WB_107822,COOCH_BEHAR_BLOCK_11_GP_6,COOCH_BEHAR_BLOCK_11,Cooch Behar,26.48176387,89.69711784
107823,WB_107823,COOCH_BEHAR_BLOCK_11_GP_7,COOCH_BEHAR_BLOCK_11,Cooch Behar,26.46050076,89.72739828
107824,WB_107824,COOCH_BEHAR_BLOCK_11_GP_8,COOCH_BEHAR_BLOCK_11,Cooch Behar,26.49007007,89.73031098
107825,WB_107825,COOCH_BEHAR_BLOCK_11_GP_9,COOCH_BEHAR_BLOCK_11,Cooch Behar,26.46792082,89.69070982
107826,WB_107826,COOCH_BEHAR_BLOCK_11_GP_10,COOCH_BEHAR_BLOCK_11,Cooch Behar,26.46907616,89.7494553
107827,WB_107827,COOCH_BEHAR_BLOCK_12_GP_1,COOCH_BEHAR_BLOCK_12,Cooch Behar,26.52094027,89.80405825
107828,WB_107828,COOCH_BEHAR_BLOCK_12_GP_2,COOCH_BEHAR_BLOCK_12,Cooch Behar,26.52871961,89.8173614
107829,WB_107829,COOCH_BEHAR_BLOCK_12_GP_3,COOCH_BEHAR_BLOCK_12,Cooch Behar,26.52699615,89.78999615
107830,WB_107830,COOCH_BEHAR_BLOCK_12_GP_4,COOCH_BEHAR_BLOCK_12,Cooch Behar,26.51583505,89.81763895
107831,WB_107831,COOCH_BEHAR_BLOCK_12_GP_5,COOCH_BEHAR_BLOCK_12,Cooch Behar,26.53764747,89.80901229
107832,WB_107832,COOCH_BEHAR_BLOCK_12_GP_6,COOCH_BEHAR_BLOCK_12,Cooch Behar,26.51586864,89.78746961
107833,WB_107833,COOCH_BEHAR_BLOCK_12_GP_7,COOCH_BEHAR_BLOCK_12,Cooch Behar,26.52443911,89.83303903
107834,WB_107834,COOCH_BEHAR_BLOCK_12_GP_8,COOCH_BEHAR_BLOCK_12,Cooch Behar,26.53655165,89.78574366
107835,WB_107835,COOCH_BEHAR_BLOCK_12_GP_9,COOCH_BEHAR_BLOCK_12,Cooch Behar,26.50750556,89.80781008
107836,WB_107836,COOCH_BEHAR_BLOCK_12_GP_10,COOCH_BEHAR_BLOCK_12,Cooch Behar,26.53927419,89.82689685
107837,WB_107837,DAKSHIN_DINAJPUR_BLOCK_1_GP_1,DAKSHIN_DINAJPUR_BLOCK_1,Dakshin Dinajpur,25.17600223,88.54075921
107838,WB_107838,DAKSHIN_DINAJPUR_BLOCK_1_GP_2,DAKSHIN_DINAJPUR_BLOCK_1,Dakshin Dinajpur,25.17915229,88.52460902
107839,WB_107839,DAKSHIN_DINAJPUR_BLOCK_1_GP_3,DAKSHIN_DINAJPUR_BLOCK_1,Dakshin Dinajpur,25.16485348,88.53869271
107840,WB_107840,DAKSHIN_DINAJPUR_BLOCK_1_GP_4,DAKSHIN_DINAJPUR_BLOCK_1,Dakshin Dinajpur,25.18636227,88.54175866
107841,WB_107841,DAKSHIN_DINAJPUR_BLOCK_1_GP_5,DAKSHIN_DINAJPUR_BLOCK_1,Dakshin Dinajpur,25.16961305,88.51623525
107842,WB_107842,DAKSHIN_DINAJPUR_BLOCK_1_GP_6,DAKSHIN_DINAJPUR_BLOCK_1,Dakshin Dinajpur,25.16953944,88.55469384
107843,WB_107843,DAKSHIN_DINAJPUR_BLOCK_1_GP_7,DAKSHIN_DINAJPUR_BLOCK_1,Dakshin Dinajpur,25.19022873,88.52360092
107844,WB_107844,DAKSHIN_DINAJPUR_BLOCK_1_GP_8,DAKSHIN_DINAJPUR_BLOCK_1,Dakshin Dinajpur,25.15725238,88.52771517
107845,WB_107845,DAKSHIN_DINAJPUR_BLOCK_2_GP_1,DAKSHIN_DINAJPUR_BLOCK_2,Dakshin Dinajpur,25.22314424,88.60913717
107846,WB_107846,DAKSHIN_DINAJPUR_BLOCK_2_GP_2,DAKSHIN_DINAJPUR_BLOCK_2,Dakshin Dinajpur,25.23248584,88.5984319
107847,WB_107847,DAKSHIN_DINAJPUR_BLOCK_2_GP_3,DAKSHIN_DINAJPUR_BLOCK_2,Dakshin Dinajpur,25.21489747,88.59861646
107848,WB_107848,DAKSHIN_DINAJPUR_BLOCK_2_GP_4,DAKSHIN_DINAJPUR_BLOCK_2,Dakshin Dinajpur,25.23119342,88.61816092
107849,WB_107849,DAKSHIN_DINAJPUR_BLOCK_2_GP_5,DAKSHIN_DINAJPUR_BLOCK_2,Dakshin Dinajpur,25.22819735,88.58403084
107850,WB_107850,DAKSHIN_DINAJPUR_BLOCK_2_GP_6,DAKSHIN_DINAJPUR_BLOCK_2,Dakshin Dinajpur,25.21202323,88.61540729
107851,WB_107851,DAKSHIN_DINAJPUR_BLOCK_2_GP_7,DAKSHIN_DINAJPUR_BLOCK_2,Dakshin Dinajpur,25.24196174,88.60638225
107852,WB_107852,DAKSHIN_DINAJPUR_BLOCK_2_GP_8,DAKSHIN_DINAJPUR_BLOCK_2,Dakshin Dinajpur,25.21328412,88.58362249
107853,WB_107853,DAKSHIN_DINAJPUR_BLOCK_3_GP_1,DAKSHIN_DINAJPUR_BLOCK_3,Dakshin Dinajpur,25.27036311,88.67045818
107854,WB_107854,DAKSHIN_DINAJPUR_BLOCK_3_GP_2,DAKSHIN_DINAJPUR_BLOCK_3,Dakshin Dinajpur,25.27971649,88.681144
107855,WB_107855,DAKSHIN_DINAJPUR_BLOCK_3_GP_3,DAKSHIN_DINAJPUR_BLOCK_3,Dakshin Dinajpur,25.27638879,88.65739606
107856,WB_107856,DAKSHIN_DINAJPUR_BLOCK_3_GP_4,DAKSHIN_DINAJPUR_BLOCK_3,Dakshin Dinajpur,25.26537211,88.68298115
107857,WB_107857,DAKSHIN_DINAJPUR_BLOCK_3_GP_5,DAKSHIN_DINAJPUR_BLOCK_3,Dakshin Dinajpur,25.28923646,88.67272887
107858,WB_107858,DAKSHIN_DINAJPUR_BLOCK_3_GP_6,DAKSHIN_DINAJPUR_BLOCK_3,Dakshin Dinajpur,25.2638583,88.65656056
107859,WB_107859,DAKSHIN_DINAJPUR_BLOCK_3_GP_7,DAKSHIN_DINAJPUR_BLOCK_3,Dakshin Dinajpur,25.27575237,88.69540102
107860,WB_107860,DAKSHIN_DINAJPUR_BLOCK_3_GP_8,DAKSHIN_DINAJPUR_BLOCK_3,Dakshin Dinajpur,25.28681885,88.65249031
107861,WB_107861,DAKSHIN_DINAJPUR_BLOCK_4_GP_1,DAKSHIN_DINAJPUR_BLOCK_4,Dakshin Dinajpur,25.32782265,88.74587799
107862,WB_107862,DAKSHIN_DINAJPUR_BLOCK_4_GP_2,DAKSHIN_DINAJPUR_BLOCK_4,Dakshin Dinajpur,25.32586477,88.72937521
107863,WB_107863,DAKSHIN_DINAJPUR_BLOCK_4_GP_3,DAKSHIN_DINAJPUR_BLOCK_4,Dakshin Dinajpur,25.31704193,88.75029719
107864,WB_107864,DAKSHIN_DINAJPUR_BLOCK_4_GP_4,DAKSHIN_DINAJPUR_BLOCK_4,Dakshin Dinajpur,25.33756534,88.74093202
107865,WB_107865,DAKSHIN_DINAJPUR_BLOCK_4_GP_5,DAKSHIN_DINAJPUR_BLOCK_4,Dakshin Dinajpur,25.31466517,88.72713501
107866,WB_107866,DAKSHIN_DINAJPUR_BLOCK_4_GP_6,DAKSHIN_DINAJPUR_BLOCK_4,Dakshin Dinajpur,25.32609825,88.762234
107867,WB_107867,DAKSHIN_DINAJPUR_BLOCK_4_GP_7,DAKSHIN_DINAJPUR_BLOCK_4,Dakshin Dinajpur,25.33566018,88.72219421
107868,WB_107868,DAKSHIN_DINAJPUR_BLOCK_4_GP_8,DAKSHIN_DINAJPUR_BLOCK_4,Dakshin Dinajpur,25.30683048,88.74458776
107869,WB_107869,DAKSHIN_DINAJPUR_BLOCK_5_GP_1,DAKSHIN_DINAJPUR_BLOCK_5,Dakshin Dinajpur,25.3757771,88.80293175
107870,WB_107870,DAKSHIN_DINAJPUR_BLOCK_5_GP_2,DAKSHIN_DINAJPUR_BLOCK_5,Dakshin Dinajpur,25.36852498,88.81635393
107871,WB_107871,DAKSHIN_DINAJPUR_BLOCK_5_GP_3,DAKSHIN_DINAJPUR_BLOCK_5,Dakshin Dinajpur,25.38559001,88.81049551
107872,WB_107872,DAKSHIN_DINAJPUR_BLOCK_5_GP_4,DAKSHIN_DINAJPUR_BLOCK_5,Dakshin Dinajpur,25.36641189,88.79675928
107873,WB_107873,DAKSHIN_DINAJPUR_BLOCK_5_GP_5,DAKSHIN_DINAJPUR_BLOCK_5,Dakshin Dinajpur,25.375153,88.82896762
107874,WB_107874,DAKSHIN_DINAJPUR_BLOCK_5_GP_6,DAKSHIN_DINAJPUR_BLOCK_5,Dakshin Dinajpur,25.38551631,88.79324615
107875,WB_107875,DAKSHIN_DINAJPUR_BLOCK_5_GP_7,DAKSHIN_DINAJPUR_BLOCK_5,Dakshin Dinajpur,25.35795627,88.81168552
107876,WB_107876,DAKSHIN_DINAJPUR_BLOCK_5_GP_8,DAKSHIN_DINAJPUR_BLOCK_5,Dakshin Dinajpur,25.38971895,88.82454929
107877,WB_107877,DAKSHIN_DINAJPUR_BLOCK_6_GP_1,DAKSHIN_DINAJPUR_BLOCK_6,Dakshin Dinajpur,25.42881342,88.87423098
107878,WB_107878,DAKSHIN_DINAJPUR_BLOCK_6_GP_2,DAKSHIN_DINAJPUR_BLOCK_6,Dakshin Dinajpur,25.41681624,88.87696354
107879,WB_107879,DAKSHIN_DINAJPUR_BLOCK_6_GP_3,DAKSHIN_DINAJPUR_BLOCK_6,Dakshin Dinajpur,25.43205382,88.88904359
107880,WB_107880,DAKSHIN_DINAJPUR_BLOCK_6_GP_4,DAKSHIN_DINAJPUR_BLOCK_6,Dakshin Dinajpur,25.42519246,88.86084696
107881,WB_107881,DAKSHIN_DINAJPUR_BLOCK_6_GP_5,DAKSHIN_DINAJPUR_BLOCK_6,Dakshin Dinajpur,25.41521448,88.89236844
107882,WB_107882,DAKSHIN_DINAJPUR_BLOCK_6_GP_6,DAKSHIN_DINAJPUR_BLOCK_6,Dakshin Dinajpur,25.4407129,88.8765619
107883,WB_107883,DAKSHIN_DINAJPUR_BLOCK_6_GP_7,DAKSHIN_DINAJPUR_BLOCK_6,Dakshin Dinajpur,25.41156968,88.8635125
107884,WB_107884,DAKSHIN_DINAJPUR_BLOCK_6_GP_8,DAKSHIN_DINAJPUR_BLOCK_6,Dakshin Dinajpur,25.42792657,88.9030983
107885,WB_107885,DAKSHIN_DINAJPUR_BLOCK_7_GP_1,DAKSHIN_DINAJPUR_BLOCK_7,Dakshin Dinajpur,25.47777958,88.94157876
107886,WB_107886,DAKSHIN_DINAJPUR_BLOCK_7_GP_2,DAKSHIN_DINAJPUR_BLOCK_7,Dakshin Dinajpur,25.46694348,88.94916757
107887,WB_107887,DAKSHIN_DINAJPUR_BLOCK_7_GP_3,DAKSHIN_DINAJPUR_BLOCK_7,Dakshin Dinajpur,25.48412331,88.95435298
107888,WB_107888,DAKSHIN_DINAJPUR_BLOCK_7_GP_4,DAKSHIN_DINAJPUR_BLOCK_7,Dakshin Dinajpur,25.47138696,88.93032446
107889,WB_107889,DAKSHIN_DINAJPUR_BLOCK_7_GP_5,DAKSHIN_DINAJPUR_BLOCK_7,Dakshin Dinajpur,25.46880149,88.96451797
107890,WB_107890,DAKSHIN_DINAJPUR_BLOCK_7_GP_6,DAKSHIN_DINAJPUR_BLOCK_7,Dakshin Dinajpur,25.48963513,88.93885738
107891,WB_107891,DAKSHIN_DINAJPUR_BLOCK_7_GP_7,DAKSHIN_DINAJPUR_BLOCK_7,Dakshin Dinajpur,25.45898651,88.9385247
107892,WB_107892,DAKSHIN_DINAJPUR_BLOCK_7_GP_8,DAKSHIN_DINAJPUR_BLOCK_7,Dakshin Dinajpur,25.48327718,88.96946545
107893,WB_107893,DAKSHIN_DINAJPUR_BLOCK_8_GP_1,DAKSHIN_DINAJPUR_BLOCK_8,Dakshin Dinajpur,25.52964618,89.01426694
107894,WB_107894,DAKSHIN_DINAJPUR_BLOCK_8_GP_2,DAKSHIN_DINAJPUR_BLOCK_8,Dakshin Dinajpur,25.51791052,89.00988502
107895,WB_107895,DAKSHIN_DINAJPUR_BLOCK_8_GP_3,DAKSHIN_DINAJPUR_BLOCK_8,Dakshin Dinajpur,25.52810834,89.02958993
107896,WB_107896,DAKSHIN_DINAJPUR_BLOCK_8_GP_4,DAKSHIN_DINAJPUR_BLOCK_8,Dakshin Dinajpur,25.53040552,89.00002509
107897,WB_107897,DAKSHIN_DINAJPUR_BLOCK_8_GP_5,DAKSHIN_DINAJPUR_BLOCK_8,Dakshin Dinajpur,25.51179064,89.02297518
107898,WB_107898,DAKSHIN_DINAJPUR_BLOCK_8_GP_6,DAKSHIN_DINAJPUR_BLOCK_8,Dakshin Dinajpur,25.53976015,89.02319691
107899,WB_107899,DAKSHIN_DINAJPUR_BLOCK_8_GP_7,DAKSHIN_DINAJPUR_BLOCK_8,Dakshin Dinajpur,25.51721207,88.99465183
107900,WB_107900,DAKSHIN_DINAJPUR_BLOCK_8_GP_8,DAKSHIN_DINAJPUR_BLOCK_8,Dakshin Dinajpur,25.52010089,89.04000698
107901,WB_107901,DARJEELING_BLOCK_1_GP_1,DARJEELING_BLOCK_1,Darjeeling,26.6371256,88.03596135
107902,WB_107902,DARJEELING_BLOCK_1_GP_2,DARJEELING_BLOCK_1,Darjeeling,26.64229008,88.02264715
107903,WB_107903,DARJEELING_BLOCK_1_GP_3,DARJEELING_BLOCK_1,Darjeeling,26.62207863,88.03352446
107904,WB_107904,DARJEELING_BLOCK_1_GP_4,DARJEELING_BLOCK_1,Darjeeling,26.65115832,88.0374553
107905,WB_107905,DARJEELING_BLOCK_1_GP_5,DARJEELING_BLOCK_1,Darjeeling,26.62977579,88.01503463
107906,WB_107906,DARJEELING_BLOCK_1_GP_6,DARJEELING_BLOCK_1,Darjeeling,26.62757745,88.04721134
107907,WB_107907,DARJEELING_BLOCK_1_GP_7,DARJEELING_BLOCK_1,Darjeeling,26.65740647,88.02250669
107908,WB_107908,DARJEELING_BLOCK_1_GP_8,DARJEELING_BLOCK_1,Darjeeling,26.61234183,88.02385618
107909,WB_107909,DARJEELING_BLOCK_1_GP_9,DARJEELING_BLOCK_1,Darjeeling,26.64907619,88.05027765
107910,WB_107910,DARJEELING_BLOCK_2_GP_1,DARJEELING_BLOCK_2,Darjeeling,26.70202764,88.09044558
107911,WB_107911,DARJEELING_BLOCK_2_GP_2,DARJEELING_BLOCK_2,Darjeeling,26.7146983,88.09946874
107912,WB_107912,DARJEELING_BLOCK_2_GP_3,DARJEELING_BLOCK_2,Darjeeling,26.71031516,88.07954291
107913,WB_107913,DARJEELING_BLOCK_2_GP_4,DARJEELING_BLOCK_2,Darjeeling,26.69515252,88.10090395
107914,WB_107914,DARJEELING_BLOCK_2_GP_5,DARJEELING_BLOCK_2,Darjeeling,26.72771532,88.09248585
107915,WB_107915,DARJEELING_BLOCK_2_GP_6,DARJEELING_BLOCK_2,Darjeeling,26.69325627,88.07875153
107916,WB_107916,DARJEELING_BLOCK_2_GP_7,DARJEELING_BLOCK_2,Darjeeling,26.70921076,88.11138779
107917,WB_107917,DARJEELING_BLOCK_2_GP_8,DARJEELING_BLOCK_2,Darjeeling,26.72454959,88.07550762
107918,WB_107918,DARJEELING_BLOCK_2_GP_9,DARJEELING_BLOCK_2,Darjeeling,26.68187078,88.09448405
107919,WB_107919,DARJEELING_BLOCK_3_GP_1,DARJEELING_BLOCK_3,Darjeeling,26.78560889,88.14936073
107920,WB_107920,DARJEELING_BLOCK_3_GP_2,DARJEELING_BLOCK_3,Darjeeling,26.76937686,88.15213917
107921,WB_107921,DARJEELING_BLOCK_3_GP_3,DARJEELING_BLOCK_3,Darjeeling,26.79053885,88.16163436
107922,WB_107922,DARJEELING_BLOCK_3_GP_4,DARJEELING_BLOCK_3,Darjeeling,26.78021113,88.13829911
107923,WB_107923,DARJEELING_BLOCK_3_GP_5,DARJEELING_BLOCK_3,Darjeeling,26.76773752,88.16510658
107924,WB_107924,DARJEELING_BLOCK_3_GP_6,DARJEELING_BLOCK_3,Darjeeling,26.80188564,88.15082706
107925,WB_107925,DARJEELING_BLOCK_3_GP_7,DARJEELING_BLOCK_3,Darjeeling,26.76176433,88.1410878
107926,WB_107926,DARJEELING_BLOCK_3_GP_8,DARJEELING_BLOCK_3,Darjeeling,26.78541498,88.17357407
107927,WB_107927,DARJEELING_BLOCK_3_GP_9,DARJEELING_BLOCK_3,Darjeeling,26.79441495,88.13349604
107928,WB_107928,DARJEELING_BLOCK_4_GP_1,DARJEELING_BLOCK_4,Darjeeling,26.85285258,88.21936205
107929,WB_107929,DARJEELING_BLOCK_4_GP_2,DARJEELING_BLOCK_4,Darjeeling,26.86025003,88.20682473
107930,WB_107930,DARJEELING_BLOCK_4_GP_3,DARJEELING_BLOCK_4,Darjeeling,26.83838426,88.21509982
107931,WB_107931,DARJEELING_BLOCK_4_GP_4,DARJEELING_BLOCK_4,Darjeeling,26.86647946,88.22256657
107932,WB_107932,DARJEELING_BLOCK_4_GP_5,DARJEELING_BLOCK_4,Darjeeling,26.84917683,88.19775347
107933,WB_107933,DARJEELING_BLOCK_4_GP_6,DARJEELING_BLOCK_4,Darjeeling,26.84147274,88.22931777
107934,WB_107934,DARJEELING_BLOCK_4_GP_7,DARJEELING_BLOCK_4,Darjeeling,26.87522991,88.20854553
107935,WB_107935,DARJEELING_BLOCK_4_GP_8,DARJEELING_BLOCK_4,Darjeeling,26.83041228,88.20433637
107936,WB_107936,DARJEELING_BLOCK_4_GP_9,DARJEELING_BLOCK_4,Darjeeling,26.86221612,88.2349965
107937,WB_107937,DARJEELING_BLOCK_5_GP_1,DARJEELING_BLOCK_5,Darjeeling,26.91854065,88.27529445
107938,WB_107938,DARJEELING_BLOCK_5_GP_2,DARJEELING_BLOCK_5,Darjeeling,26.93365676,88.28101861
107939,WB_107939,DARJEELING_BLOCK_5_GP_3,DARJEELING_BLOCK_5,Darjeeling,26.92296213,88.26288289
107940,WB_107940,DARJEELING_BLOCK_5_GP_4,DARJEELING_BLOCK_5,Darjeeling,26.91533253,88.28694996
107941,WB_107941,DARJEELING_BLOCK_5_GP_5,DARJEELING_BLOCK_5,Darjeeling,26.94389999,88.27127413
107942,WB_107942,DARJEELING_BLOCK_5_GP_6,DARJEELING_BLOCK_5,Darjeeling,26.90630457,88.26609452
107943,WB_107943,DARJEELING_BLOCK_5_GP_7,DARJEELING_BLOCK_5,Darjeeling,26.93225771,88.29375527
107944,WB_107944,DARJEELING_BLOCK_5_GP_8,DARJEELING_BLOCK_5,Darjeeling,26.93533445,88.25568871
107945,WB_107945,DARJEELING_BLOCK_5_GP_9,DARJEELING_BLOCK_5,Darjeeling,26.90047563,88.28387084
107946,WB_107946,DARJEELING_BLOCK_6_GP_1,DARJEELING_BLOCK_6,Darjeeling,27.00252007,88.33925183
107947,WB_107947,DARJEELING_BLOCK_6_GP_2,DARJEELING_BLOCK_6,Darjeeling,26.99479872,88.32685512
107948,WB_107948,DARJEELING_BLOCK_6_GP_3,DARJEELING_BLOCK_6,Darjeeling,26.98998994,88.34671054
107949,WB_107949,DARJEELING_BLOCK_6_GP_4,DARJEELING_BLOCK_6,Darjeeling,27.01354404,88.33175458
107950,WB_107950,DARJEELING_BLOCK_6_GP_5,DARJEELING_BLOCK_6,Darjeeling,26.97963208,88.32917546
107951,WB_107951,DARJEELING_BLOCK_6_GP_6,DARJEELING_BLOCK_6,Darjeeling,27.00544043,88.35288009
107952,WB_107952,DARJEELING_BLOCK_6_GP_7,DARJEELING_BLOCK_6,Darjeeling,27.00518744,88.31756255
107953,WB_107953,DARJEELING_BLOCK_6_GP_8,DARJEELING_BLOCK_6,Darjeeling,26.97500754,88.34591235
107954,WB_107954,DARJEELING_BLOCK_6_GP_9,DARJEELING_BLOCK_6,Darjeeling,27.02299021,88.34193446
107955,WB_107955,DARJEELING_BLOCK_7_GP_1,DARJEELING_BLOCK_7,Darjeeling,27.07423517,88.40090015
107956,WB_107956,DARJEELING_BLOCK_7_GP_2,DARJEELING_BLOCK_7,Darjeeling,27.06841141,88.38778217
107957,WB_107957,DARJEELING_BLOCK_7_GP_3,DARJEELING_BLOCK_7,Darjeeling,27.06069882,88.40697084
107958,WB_107958,DARJEELING_BLOCK_7_GP_4,DARJEELING_BLOCK_7,Darjeeling,27.08628295,88.39463145
107959,WB_107959,DARJEELING_BLOCK_7_GP_5,DARJEELING_BLOCK_7,Darjeeling,27.05302065,88.38847536
107960,WB_107960,DARJEELING_BLOCK_7_GP_6,DARJEELING_BLOCK_7,Darjeeling,27.07511335,88.41473067
107961,WB_107961,DARJEELING_BLOCK_7_GP_7,DARJEELING_BLOCK_7,Darjeeling,27.08009495,88.37966493
107962,WB_107962,DARJEELING_BLOCK_7_GP_8,DARJEELING_BLOCK_7,Darjeeling,27.04595288,88.40458965
107963,WB_107963,DARJEELING_BLOCK_7_GP_9,DARJEELING_BLOCK_7,Darjeeling,27.09414636,88.40573305
107964,WB_107964,DARJEELING_BLOCK_8_GP_1,DARJEELING_BLOCK_8,Darjeeling,27.13638639,88.46149517
107965,WB_107965,DARJEELING_BLOCK_8_GP_2,DARJEELING_BLOCK_8,Darjeeling,27.15278231,88.45952256
107966,WB_107966,DARJEELING_BLOCK_8_GP_3,DARJEELING_BLOCK_8,Darjeeling,27.13231088,88.44899911
107967,WB_107967,DARJEELING_BLOCK_8_GP_4,DARJEELING_BLOCK_8,Darjeeling,27.14101246,88.47280435
107968,WB_107968,DARJEELING_BLOCK_8_GP_5,DARJEELING_BLOCK_8,Darjeeling,27.15531273,88.44665814
107969,WB_107969,DARJEELING_BLOCK_8_GP_6,DARJEELING_BLOCK_8,Darjeeling,27.12023843,88.459228
107970,WB_107970,DARJEELING_BLOCK_8_GP_7,DARJEELING_BLOCK_8,Darjeeling,27.15962008,88.47093083
107971,WB_107971,DARJEELING_BLOCK_8_GP_8,DARJEELING_BLOCK_8,Darjeeling,27.13824905,88.43733261
107972,WB_107972,DARJEELING_BLOCK_8_GP_9,DARJEELING_BLOCK_8,Darjeeling,27.12650173,88.47689823
107973,WB_107973,DARJEELING_BLOCK_9_GP_1,DARJEELING_BLOCK_9,Darjeeling,27.2070359,88.51916197
107974,WB_107974,DARJEELING_BLOCK_9_GP_2,DARJEELING_BLOCK_9,Darjeeling,27.22225068,88.52658956
107975,WB_107975,DARJEELING_BLOCK_9_GP_3,DARJEELING_BLOCK_9,Darjeeling,27.21329281,88.50647263
107976,WB_107976,DARJEELING_BLOCK_9_GP_4,DARJEELING_BLOCK_9,Darjeeling,27.20215617,88.53116504
107977,WB_107977,DARJEELING_BLOCK_9_GP_5,DARJEELING_BLOCK_9,Darjeeling,27.23430801,88.51724883
107978,WB_107978,DARJEELING_BLOCK_9_GP_6,DARJEELING_BLOCK_9,Darjeeling,27.19530562,88.5083316
107979,WB_107979,DARJEELING_BLOCK_9_GP_7,DARJEELING_BLOCK_9,Darjeeling,27.21914103,88.53989947
107980,WB_107980,DARJEELING_BLOCK_9_GP_8,DARJEELING_BLOCK_9,Darjeeling,27.22726945,88.50001819
107981,WB_107981,HOOGHLY_BLOCK_1_GP_1,HOOGHLY_BLOCK_1,Hooghly,22.66442917,87.81945921
107982,WB_107982,HOOGHLY_BLOCK_1_GP_2,HOOGHLY_BLOCK_1,Hooghly,22.67104023,87.81909886
107983,WB_107983,HOOGHLY_BLOCK_1_GP_3,HOOGHLY_BLOCK_1,Hooghly,22.66334313,87.81293058
107984,WB_107984,HOOGHLY_BLOCK_1_GP_4,HOOGHLY_BLOCK_1,Hooghly,22.66578529,87.82540463
107985,WB_107985,HOOGHLY_BLOCK_1_GP_5,HOOGHLY_BLOCK_1,Hooghly,22.6725995,87.81264234
107986,WB_107986,HOOGHLY_BLOCK_1_GP_6,HOOGHLY_BLOCK_1,Hooghly,22.65809873,87.81766861
107987,WB_107987,HOOGHLY_BLOCK_1_GP_7,HOOGHLY_BLOCK_1,Hooghly,22.67327247,87.82518178
107988,WB_107988,HOOGHLY_BLOCK_1_GP_8,HOOGHLY_BLOCK_1,Hooghly,22.66620745,87.8072186
107989,WB_107989,HOOGHLY_BLOCK_1_GP_9,HOOGHLY_BLOCK_1,Hooghly,22.6598336,87.8269202
107990,WB_107990,HOOGHLY_BLOCK_1_GP_10,HOOGHLY_BLOCK_1,Hooghly,22.67783677,87.8164315
107991,WB_107991,HOOGHLY_BLOCK_1_GP_11,HOOGHLY_BLOCK_1,Hooghly,22.65694292,87.81072101
107992,WB_107992,HOOGHLY_BLOCK_1_GP_12,HOOGHLY_BLOCK_1,Hooghly,22.66938419,87.83116229
107993,WB_107993,HOOGHLY_BLOCK_2_GP_1,HOOGHLY_BLOCK_2,Hooghly,22.70145268,87.85648381
107994,WB_107994,HOOGHLY_BLOCK_2_GP_2,HOOGHLY_BLOCK_2,Hooghly,22.70064718,87.84936606
107995,WB_107995,HOOGHLY_BLOCK_2_GP_3,HOOGHLY_BLOCK_2,Hooghly,22.69551956,87.85812514
107996,WB_107996,HOOGHLY_BLOCK_2_GP_4,HOOGHLY_BLOCK_2,Hooghly,22.70682948,87.85459244
107997,WB_107997,HOOGHLY_BLOCK_2_GP_5,HOOGHLY_BLOCK_2,Hooghly,22.69459091,87.84814383
107998,WB_107998,HOOGHLY_BLOCK_2_GP_6,HOOGHLY_BLOCK_2,Hooghly,22.70025768,87.86345246
107999,WB_107999,HOOGHLY_BLOCK_2_GP_7,HOOGHLY_BLOCK_2,Hooghly,22.7060878,87.84651814
108000,WB_108000,HOOGHLY_BLOCK_2_GP_8,HOOGHLY_BLOCK_2,Hooghly,22.69005527,87.85543939
108001,WB_108001,HOOGHLY_BLOCK_2_GP_9,HOOGHLY_BLOCK_2,Hooghly,22.70865133,87.86091493
108002,WB_108002,HOOGHLY_BLOCK_2_GP_10,HOOGHLY_BLOCK_2,Hooghly,22.69770434,87.8422132
108003,WB_108003,HOOGHLY_BLOCK_2_GP_11,HOOGHLY_BLOCK_2,Hooghly,22.69394381,87.86519921
108004,WB_108004,HOOGHLY_BLOCK_2_GP_12,HOOGHLY_BLOCK_2,Hooghly,22.7118727,87.85029109
108005,WB_108005,HOOGHLY_BLOCK_3_GP_1,HOOGHLY_BLOCK_3,Hooghly,22.73586028,87.88968468
108006,WB_108006,HOOGHLY_BLOCK_3_GP_2,HOOGHLY_BLOCK_3,Hooghly,22.72946548,87.88783239
108007,WB_108007,HOOGHLY_BLOCK_3_GP_3,HOOGHLY_BLOCK_3,Hooghly,22.73504682,87.89625969
108008,WB_108008,HOOGHLY_BLOCK_3_GP_4,HOOGHLY_BLOCK_3,Hooghly,22.73625165,87.88357513
108009,WB_108009,HOOGHLY_BLOCK_3_GP_5,HOOGHLY_BLOCK_3,Hooghly,22.72615446,87.89346034
108010,WB_108010,HOOGHLY_BLOCK_3_GP_6,HOOGHLY_BLOCK_3,Hooghly,22.74137936,87.89349119
108011,WB_108011,HOOGHLY_BLOCK_3_GP_7,HOOGHLY_BLOCK_3,Hooghly,22.72906181,87.88130104
108012,WB_108012,HOOGHLY_BLOCK_3_GP_8,HOOGHLY_BLOCK_3,Hooghly,22.73070422,87.90074558
108013,WB_108013,HOOGHLY_BLOCK_3_GP_9,HOOGHLY_BLOCK_3,Hooghly,22.74234566,87.88410886
108014,WB_108014,HOOGHLY_BLOCK_3_GP_10,HOOGHLY_BLOCK_3,Hooghly,22.7222414,87.88811447
108015,WB_108015,HOOGHLY_BLOCK_3_GP_11,HOOGHLY_BLOCK_3,Hooghly,22.74051377,87.90048817
108016,WB_108016,HOOGHLY_BLOCK_3_GP_12,HOOGHLY_BLOCK_3,Hooghly,22.73445506,87.87689955
108017,WB_108017,HOOGHLY_BLOCK_4_GP_1,HOOGHLY_BLOCK_4,Hooghly,22.76411529,87.92593484
108018,WB_108018,HOOGHLY_BLOCK_4_GP_2,HOOGHLY_BLOCK_4,Hooghly,22.76943482,87.93020261
108019,WB_108019,HOOGHLY_BLOCK_4_GP_3,HOOGHLY_BLOCK_4,Hooghly,22.7671015,87.92014332
108020,WB_108020,HOOGHLY_BLOCK_4_GP_4,HOOGHLY_BLOCK_4,Hooghly,22.7616795,87.93146144
108021,WB_108021,HOOGHLY_BLOCK_4_GP_5,HOOGHLY_BLOCK_4,Hooghly,22.7744228,87.9262859
108022,WB_108022,HOOGHLY_BLOCK_4_GP_6,HOOGHLY_BLOCK_4,Hooghly,22.76027293,87.92019802
108023,WB_108023,HOOGHLY_BLOCK_4_GP_7,HOOGHLY_BLOCK_4,Hooghly,22.76759544,87.93643792
108024,WB_108024,HOOGHLY_BLOCK_4_GP_8,HOOGHLY_BLOCK_4,Hooghly,22.77266164,87.91769937
108025,WB_108025,HOOGHLY_BLOCK_4_GP_9,HOOGHLY_BLOCK_4,Hooghly,22.75619259,87.92853974
108026,WB_108026,HOOGHLY_BLOCK_4_GP_10,HOOGHLY_BLOCK_4,Hooghly,22.77624942,87.93281529
108027,WB_108027,HOOGHLY_BLOCK_4_GP_11,HOOGHLY_BLOCK_4,Hooghly,22.76345072,87.91403478
108028,WB_108028,HOOGHLY_BLOCK_4_GP_12,HOOGHLY_BLOCK_4,Hooghly,22.76108673,87.93838524
108029,WB_108029,HOOGHLY_BLOCK_5_GP_1,HOOGHLY_BLOCK_5,Hooghly,22.80150566,87.96022289
108030,WB_108030,HOOGHLY_BLOCK_5_GP_2,HOOGHLY_BLOCK_5,Hooghly,22.79561779,87.96349983
108031,WB_108031,HOOGHLY_BLOCK_5_GP_3,HOOGHLY_BLOCK_5,Hooghly,22.80497644,87.96568821
108032,WB_108032,HOOGHLY_BLOCK_5_GP_4,HOOGHLY_BLOCK_5,Hooghly,22.79801039,87.95540952
108033,WB_108033,HOOGHLY_BLOCK_5_GP_5,HOOGHLY_BLOCK_5,Hooghly,22.79665043,87.97007923
108034,WB_108034,HOOGHLY_BLOCK_5_GP_6,HOOGHLY_BLOCK_5,Hooghly,22.8079552,87.95903132
108035,WB_108035,HOOGHLY_BLOCK_5_GP_7,HOOGHLY_BLOCK_5,Hooghly,22.79127184,87.95895191
108036,WB_108036,HOOGHLY_BLOCK_5_GP_8,HOOGHLY_BLOCK_5,Hooghly,22.8045368,87.97217115
108037,WB_108037,HOOGHLY_BLOCK_5_GP_9,HOOGHLY_BLOCK_5,Hooghly,22.80285835,87.9513739
108038,WB_108038,HOOGHLY_BLOCK_5_GP_10,HOOGHLY_BLOCK_5,Hooghly,22.79043761,87.96896191
108039,WB_108039,HOOGHLY_BLOCK_5_GP_11,HOOGHLY_BLOCK_5,Hooghly,22.81164878,87.96484734
108040,WB_108040,HOOGHLY_BLOCK_5_GP_12,HOOGHLY_BLOCK_5,Hooghly,22.79254258,87.95176755
108041,WB_108041,HOOGHLY_BLOCK_6_GP_1,HOOGHLY_BLOCK_6,Hooghly,22.83140016,88.00047117
108042,WB_108042,HOOGHLY_BLOCK_6_GP_2,HOOGHLY_BLOCK_6,Hooghly,22.83781115,87.99868577
108043,WB_108043,HOOGHLY_BLOCK_6_GP_3,HOOGHLY_BLOCK_6,Hooghly,22.82913083,87.99430973
108044,WB_108044,HOOGHLY_BLOCK_6_GP_4,HOOGHLY_BLOCK_6,Hooghly,22.83382645,88.00600268
108045,WB_108045,HOOGHLY_BLOCK_6_GP_5,HOOGHLY_BLOCK_6,Hooghly,22.838147,87.99202187
108046,WB_108046,HOOGHLY_BLOCK_6_GP_6,HOOGHLY_BLOCK_6,Hooghly,22.82486706,88.00008828
108047,WB_108047,HOOGHLY_BLOCK_6_GP_7,HOOGHLY_BLOCK_6,Hooghly,22.84112123,88.00416218
108048,WB_108048,HOOGHLY_BLOCK_6_GP_8,HOOGHLY_BLOCK_6,Hooghly,22.83088282,87.98809258
108049,WB_108049,HOOGHLY_BLOCK_6_GP_9,HOOGHLY_BLOCK_6,Hooghly,22.82827478,88.00877709
108050,WB_108050,HOOGHLY_BLOCK_6_GP_10,HOOGHLY_BLOCK_6,Hooghly,22.84397796,87.9945998
108051,WB_108051,HOOGHLY_BLOCK_6_GP_11,HOOGHLY_BLOCK_6,Hooghly,22.82245202,87.99353145
108052,WB_108052,HOOGHLY_BLOCK_6_GP_12,HOOGHLY_BLOCK_6,Hooghly,22.83841555,88.01086429
108053,WB_108053,HOOGHLY_BLOCK_7_GP_1,HOOGHLY_BLOCK_7,Hooghly,22.86720709,88.03198305
108054,WB_108054,HOOGHLY_BLOCK_7_GP_2,HOOGHLY_BLOCK_7,Hooghly,22.8630182,88.0375356
108055,WB_108055,HOOGHLY_BLOCK_7_GP_3,HOOGHLY_BLOCK_7,Hooghly,22.87240448,88.03549086
108056,WB_108056,HOOGHLY_BLOCK_7_GP_4,HOOGHLY_BLOCK_7,Hooghly,22.86222769,88.02908349
108057,WB_108057,HOOGHLY_BLOCK_7_GP_5,HOOGHLY_BLOCK_7,Hooghly,22.86639141,88.04312004
108058,WB_108058,HOOGHLY_BLOCK_7_GP_6,HOOGHLY_BLOCK_7,Hooghly,22.87267999,88.02809907
108059,WB_108059,HOOGHLY_BLOCK_7_GP_7,HOOGHLY_BLOCK_7,Hooghly,22.85735687,88.03524759
108060,WB_108060,HOOGHLY_BLOCK_7_GP_8,HOOGHLY_BLOCK_7,Hooghly,22.87439247,88.04162414
108061,WB_108061,HOOGHLY_BLOCK_7_GP_9,HOOGHLY_BLOCK_7,Hooghly,22.86518347,88.02328557
108062,WB_108062,HOOGHLY_BLOCK_7_GP_10,HOOGHLY_BLOCK_7,Hooghly,22.86028397,88.04478497
108063,WB_108063,HOOGHLY_BLOCK_7_GP_11,HOOGHLY_BLOCK_7,Hooghly,22.87821097,88.03183193
108064,WB_108064,HOOGHLY_BLOCK_7_GP_12,HOOGHLY_BLOCK_7,Hooghly,22.85587207,88.02811158
108065,WB_108065,HOOGHLY_BLOCK_8_GP_1,HOOGHLY_BLOCK_8,Hooghly,22.89897457,88.07340467
108066,WB_108066,HOOGHLY_BLOCK_8_GP_2,HOOGHLY_BLOCK_8,Hooghly,22.90408664,88.06884904
108067,WB_108067,HOOGHLY_BLOCK_8_GP_3,HOOGHLY_BLOCK_8,Hooghly,22.89451247,88.06886151
108068,WB_108068,HOOGHLY_BLOCK_8_GP_4,HOOGHLY_BLOCK_8,Hooghly,22.90333294,88.07730509
108069,WB_108069,HOOGHLY_BLOCK_8_GP_5,HOOGHLY_BLOCK_8,Hooghly,22.90178898,88.06265677
108070,WB_108070,HOOGHLY_BLOCK_8_GP_6,HOOGHLY_BLOCK_8,Hooghly,22.89290523,88.0760515
108071,WB_108071,HOOGHLY_BLOCK_8_GP_7,HOOGHLY_BLOCK_8,Hooghly,22.90922432,88.07229454
108072,WB_108072,HOOGHLY_BLOCK_8_GP_8,HOOGHLY_BLOCK_8,Hooghly,22.89367245,88.06242511
108073,WB_108073,HOOGHLY_BLOCK_8_GP_9,HOOGHLY_BLOCK_8,Hooghly,22.89938569,88.08236311
108074,WB_108074,HOOGHLY_BLOCK_8_GP_10,HOOGHLY_BLOCK_8,Hooghly,22.90807917,88.06232068
108075,WB_108075,HOOGHLY_BLOCK_8_GP_11,HOOGHLY_BLOCK_8,Hooghly,22.88815671,88.07121684
108076,WB_108076,HOOGHLY_BLOCK_8_GP_12,HOOGHLY_BLOCK_8,Hooghly,22.90938952,88.0796074
108077,WB_108077,HOOGHLY_BLOCK_9_GP_1,HOOGHLY_BLOCK_9,Hooghly,22.93213066,88.10446488
108078,WB_108078,HOOGHLY_BLOCK_9_GP_2,HOOGHLY_BLOCK_9,Hooghly,22.93219145,88.11163562
108079,WB_108079,HOOGHLY_BLOCK_9_GP_3,HOOGHLY_BLOCK_9,Hooghly,22.93819661,88.1035575
108080,WB_108080,HOOGHLY_BLOCK_9_GP_4,HOOGHLY_BLOCK_9,Hooghly,22.9265915,88.10568855
108081,WB_108081,HOOGHLY_BLOCK_9_GP_5,HOOGHLY_BLOCK_9,Hooghly,22.93808223,88.11358861
108082,WB_108082,HOOGHLY_BLOCK_9_GP_6,HOOGHLY_BLOCK_9,Hooghly,22.93404215,88.09768625
108083,WB_108083,HOOGHLY_BLOCK_9_GP_7,HOOGHLY_BLOCK_9,Hooghly,22.92648949,88.11380198
108084,WB_108084,HOOGHLY_BLOCK_9_GP_8,HOOGHLY_BLOCK_9,Hooghly,22.9433471,88.10689252
108085,WB_108085,HOOGHLY_BLOCK_9_GP_9,HOOGHLY_BLOCK_9,Hooghly,22.92543817,88.09918408
108086,WB_108086,HOOGHLY_BLOCK_9_GP_10,HOOGHLY_BLOCK_9,Hooghly,22.93437237,88.11910188
108087,WB_108087,HOOGHLY_BLOCK_9_GP_11,HOOGHLY_BLOCK_9,Hooghly,22.94049738,88.09672055
108088,WB_108088,HOOGHLY_BLOCK_9_GP_12,HOOGHLY_BLOCK_9,Hooghly,22.92113339,88.10934757
108089,WB_108089,HOOGHLY_BLOCK_10_GP_1,HOOGHLY_BLOCK_10,Hooghly,22.96701186,88.14015397
108090,WB_108090,HOOGHLY_BLOCK_10_GP_2,HOOGHLY_BLOCK_10,Hooghly,22.96309213,88.14632382
108091,WB_108091,HOOGHLY_BLOCK_10_GP_3,HOOGHLY_BLOCK_10,Hooghly,22.97270028,88.14332132
108092,WB_108092,HOOGHLY_BLOCK_10_GP_4,HOOGHLY_BLOCK_10,Hooghly,22.96159862,88.13759945
108093,WB_108093,HOOGHLY_BLOCK_10_GP_5,HOOGHLY_BLOCK_10,Hooghly,22.9670465,88.15182267
108094,WB_108094,HOOGHLY_BLOCK_10_GP_6,HOOGHLY_BLOCK_10,Hooghly,22.97240053,88.13560139
108095,WB_108095,HOOGHLY_BLOCK_10_GP_7,HOOGHLY_BLOCK_10,Hooghly,22.95701758,88.14446939
108096,WB_108096,HOOGHLY_BLOCK_10_GP_8,HOOGHLY_BLOCK_10,Hooghly,22.97525629,88.14952046
108097,WB_108097,HOOGHLY_BLOCK_10_GP_9,HOOGHLY_BLOCK_10,Hooghly,22.9642153,88.13128901
108098,WB_108098,HOOGHLY_BLOCK_10_GP_10,HOOGHLY_BLOCK_10,Hooghly,22.96082123,88.15412448
108099,WB_108099,HOOGHLY_BLOCK_10_GP_11,HOOGHLY_BLOCK_10,Hooghly,22.97845405,88.13897193
108100,WB_108100,HOOGHLY_BLOCK_11_GP_1,HOOGHLY_BLOCK_11,Hooghly,22.99947431,88.18203629
108101,WB_108101,HOOGHLY_BLOCK_11_GP_2,HOOGHLY_BLOCK_11,Hooghly,23.00377054,88.17616801
108102,WB_108102,HOOGHLY_BLOCK_11_GP_3,HOOGHLY_BLOCK_11,Hooghly,22.99399683,88.17845908
108103,WB_108103,HOOGHLY_BLOCK_11_GP_4,HOOGHLY_BLOCK_11,Hooghly,23.00471553,88.18498189
108104,WB_108104,HOOGHLY_BLOCK_11_GP_5,HOOGHLY_BLOCK_11,Hooghly,23.00016881,88.17039181
108105,WB_108105,HOOGHLY_BLOCK_11_GP_6,HOOGHLY_BLOCK_11,Hooghly,22.99381355,88.18618329
108106,WB_108106,HOOGHLY_BLOCK_11_GP_7,HOOGHLY_BLOCK_11,Hooghly,23.00971529,88.17846362
108107,WB_108107,HOOGHLY_BLOCK_11_GP_8,HOOGHLY_BLOCK_11,Hooghly,22.99183401,88.17208673
108108,WB_108108,HOOGHLY_BLOCK_11_GP_9,HOOGHLY_BLOCK_11,Hooghly,23.00171057,88.19108598
108109,WB_108109,HOOGHLY_BLOCK_11_GP_10,HOOGHLY_BLOCK_11,Hooghly,23.00652362,88.16855177
108110,WB_108110,HOOGHLY_BLOCK_11_GP_11,HOOGHLY_BLOCK_11,Hooghly,22.9879845,88.18237658
108111,WB_108111,HOOGHLY_BLOCK_12_GP_1,HOOGHLY_BLOCK_12,Hooghly,23.0310896,88.21364968
108112,WB_108112,HOOGHLY_BLOCK_12_GP_2,HOOGHLY_BLOCK_12,Hooghly,23.03444063,88.22020101
108113,WB_108113,HOOGHLY_BLOCK_12_GP_3,HOOGHLY_BLOCK_12,Hooghly,23.03624233,88.20954507
108114,WB_108114,HOOGHLY_BLOCK_12_GP_4,HOOGHLY_BLOCK_12,Hooghly,23.02656591,88.2177606
108115,WB_108115,HOOGHLY_BLOCK_12_GP_5,HOOGHLY_BLOCK_12,Hooghly,23.04074696,88.21881724
108116,WB_108116,HOOGHLY_BLOCK_12_GP_6,HOOGHLY_BLOCK_12,Hooghly,23.02972969,88.20639471
108117,WB_108117,HOOGHLY_BLOCK_12_GP_7,HOOGHLY_BLOCK_12,Hooghly,23.03020066,88.22526529
108118,WB_108118,HOOGHLY_BLOCK_12_GP_8,HOOGHLY_BLOCK_12,Hooghly,23.04250402,88.20982953
108119,WB_108119,HOOGHLY_BLOCK_12_GP_9,HOOGHLY_BLOCK_12,Hooghly,23.0225179,88.21241026
108120,WB_108120,HOOGHLY_BLOCK_12_GP_10,HOOGHLY_BLOCK_12,Hooghly,23.03987413,88.22588026
108121,WB_108121,HOOGHLY_BLOCK_12_GP_11,HOOGHLY_BLOCK_12,Hooghly,23.03521306,88.20202661
108122,WB_108122,HOOGHLY_BLOCK_13_GP_1,HOOGHLY_BLOCK_13,Hooghly,23.06886714,88.24969291
108123,WB_108123,HOOGHLY_BLOCK_13_GP_2,HOOGHLY_BLOCK_13,Hooghly,23.06202468,88.25076586
108124,WB_108124,HOOGHLY_BLOCK_13_GP_3,HOOGHLY_BLOCK_13,Hooghly,23.07058404,88.25636737
108125,WB_108125,HOOGHLY_BLOCK_13_GP_4,HOOGHLY_BLOCK_13,Hooghly,23.06692187,88.24365345
108126,WB_108126,HOOGHLY_BLOCK_13_GP_5,HOOGHLY_BLOCK_13,Hooghly,23.06098421,88.25764471
108127,WB_108127,HOOGHLY_BLOCK_13_GP_6,HOOGHLY_BLOCK_13,Hooghly,23.07561133,88.25088638
108128,WB_108128,HOOGHLY_BLOCK_13_GP_7,HOOGHLY_BLOCK_13,Hooghly,23.05915596,88.24467595
108129,WB_108129,HOOGHLY_BLOCK_13_GP_8,HOOGHLY_BLOCK_13,Hooghly,23.06811943,88.26260981
108130,WB_108130,HOOGHLY_BLOCK_13_GP_9,HOOGHLY_BLOCK_13,Hooghly,23.07297468,88.24144883
108131,WB_108131,HOOGHLY_BLOCK_13_GP_10,HOOGHLY_BLOCK_13,Hooghly,23.05519696,88.25425747
108132,WB_108132,HOOGHLY_BLOCK_13_GP_11,HOOGHLY_BLOCK_13,Hooghly,23.07743849,88.25798916
108133,WB_108133,HOOGHLY_BLOCK_14_GP_1,HOOGHLY_BLOCK_14,Hooghly,23.10269833,88.28761846
108134,WB_108134,HOOGHLY_BLOCK_14_GP_2,HOOGHLY_BLOCK_14,Hooghly,23.09668174,88.28392863
108135,WB_108135,HOOGHLY_BLOCK_14_GP_3,HOOGHLY_BLOCK_14,Hooghly,23.10028392,88.29403458
108136,WB_108136,HOOGHLY_BLOCK_14_GP_4,HOOGHLY_BLOCK_14,Hooghly,23.1045733,88.28155296
108137,WB_108137,HOOGHLY_BLOCK_14_GP_5,HOOGHLY_BLOCK_14,Hooghly,23.09197162,88.28867755
108138,WB_108138,HOOGHLY_BLOCK_14_GP_6,HOOGHLY_BLOCK_14,Hooghly,23.1073564,88.29303514
108139,WB_108139,HOOGHLY_BLOCK_14_GP_7,HOOGHLY_BLOCK_14,Hooghly,23.09785506,88.27721077
108140,WB_108140,HOOGHLY_BLOCK_14_GP_8,HOOGHLY_BLOCK_14,Hooghly,23.09480742,88.29733575
108141,WB_108141,HOOGHLY_BLOCK_14_GP_9,HOOGHLY_BLOCK_14,Hooghly,23.11060507,88.28382428
108142,WB_108142,HOOGHLY_BLOCK_14_GP_10,HOOGHLY_BLOCK_14,Hooghly,23.08930995,88.28216096
108143,WB_108143,HOOGHLY_BLOCK_14_GP_11,HOOGHLY_BLOCK_14,Hooghly,23.10478712,88.29986306
108144,WB_108144,HOOGHLY_BLOCK_15_GP_1,HOOGHLY_BLOCK_15,Hooghly,23.13485904,88.32119716
108145,WB_108145,HOOGHLY_BLOCK_15_GP_2,HOOGHLY_BLOCK_15,Hooghly,23.12877773,88.3247603
108146,WB_108146,HOOGHLY_BLOCK_15_GP_3,HOOGHLY_BLOCK_15,Hooghly,23.13859505,88.32682095
108147,WB_108147,HOOGHLY_BLOCK_15_GP_4,HOOGHLY_BLOCK_15,Hooghly,23.13111078,88.31625475
108148,WB_108148,HOOGHLY_BLOCK_15_GP_5,HOOGHLY_BLOCK_15,Hooghly,23.12999054,88.33160594
108149,WB_108149,HOOGHLY_BLOCK_15_GP_6,HOOGHLY_BLOCK_15,Hooghly,23.14156949,88.31979816
108150,WB_108150,HOOGHLY_BLOCK_15_GP_7,HOOGHLY_BLOCK_15,Hooghly,23.12414659,88.32011548
108151,WB_108151,HOOGHLY_BLOCK_15_GP_8,HOOGHLY_BLOCK_15,Hooghly,23.1382685,88.33360119
108152,WB_108152,HOOGHLY_BLOCK_15_GP_9,HOOGHLY_BLOCK_15,Hooghly,23.13609068,88.31192432
108153,WB_108153,HOOGHLY_BLOCK_15_GP_10,HOOGHLY_BLOCK_15,Hooghly,23.12348008,88.33058824
108154,WB_108154,HOOGHLY_BLOCK_15_GP_11,HOOGHLY_BLOCK_15,Hooghly,23.14554533,88.32578281
108155,WB_108155,HOOGHLY_BLOCK_16_GP_1,HOOGHLY_BLOCK_16,Hooghly,23.16924345,88.36059772
108156,WB_108156,HOOGHLY_BLOCK_16_GP_2,HOOGHLY_BLOCK_16,Hooghly,23.16432123,88.35533804
108157,WB_108157,HOOGHLY_BLOCK_16_GP_3,HOOGHLY_BLOCK_16,Hooghly,23.16537023,88.36611149
108158,WB_108158,HOOGHLY_BLOCK_16_GP_4,HOOGHLY_BLOCK_16,Hooghly,23.17251158,88.35527032
108159,WB_108159,HOOGHLY_BLOCK_16_GP_5,HOOGHLY_BLOCK_16,Hooghly,23.15863219,88.35859456
108160,WB_108160,HOOGHLY_BLOCK_16_GP_6,HOOGHLY_BLOCK_16,Hooghly,23.17243897,88.36714149
108161,WB_108161,HOOGHLY_BLOCK_16_GP_7,HOOGHLY_BLOCK_16,Hooghly,23.1670687,88.34918286
108162,WB_108162,HOOGHLY_BLOCK_16_GP_8,HOOGHLY_BLOCK_16,Hooghly,23.1592892,88.36775402
108163,WB_108163,HOOGHLY_BLOCK_16_GP_9,HOOGHLY_BLOCK_16,Hooghly,23.17778939,88.3591647
108164,WB_108164,HOOGHLY_BLOCK_16_GP_10,HOOGHLY_BLOCK_16,Hooghly,23.15762857,88.35155196
108165,WB_108165,HOOGHLY_BLOCK_16_GP_11,HOOGHLY_BLOCK_16,Hooghly,23.16831724,88.37300917
108166,WB_108166,HOOGHLY_BLOCK_17_GP_1,HOOGHLY_BLOCK_17,Hooghly,23.20245273,88.39460909
108167,WB_108167,HOOGHLY_BLOCK_17_GP_2,HOOGHLY_BLOCK_17,Hooghly,23.19554531,88.39428811
108168,WB_108168,HOOGHLY_BLOCK_17_GP_3,HOOGHLY_BLOCK_17,Hooghly,23.20299673,88.40151276
108169,WB_108169,HOOGHLY_BLOCK_17_GP_4,HOOGHLY_BLOCK_17,Hooghly,23.20157556,88.38828349
108170,WB_108170,HOOGHLY_BLOCK_17_GP_5,HOOGHLY_BLOCK_17,Hooghly,23.19334482,88.4008384
108171,WB_108171,HOOGHLY_BLOCK_17_GP_6,HOOGHLY_BLOCK_17,Hooghly,23.20887543,88.39713738
108172,WB_108172,HOOGHLY_BLOCK_17_GP_7,HOOGHLY_BLOCK_17,Hooghly,23.19376936,88.38772733
108173,WB_108173,HOOGHLY_BLOCK_17_GP_8,HOOGHLY_BLOCK_17,Hooghly,23.19950582,88.40715143
108174,WB_108174,HOOGHLY_BLOCK_17_GP_9,HOOGHLY_BLOCK_17,Hooghly,23.20790085,88.38733373
108175,WB_108175,HOOGHLY_BLOCK_17_GP_10,HOOGHLY_BLOCK_17,Hooghly,23.18823815,88.39634675
108176,WB_108176,HOOGHLY_BLOCK_17_GP_11,HOOGHLY_BLOCK_17,Hooghly,23.20945442,88.4044841
108177,WB_108177,HOOGHLY_BLOCK_18_GP_1,HOOGHLY_BLOCK_18,Hooghly,23.23233803,88.4292248
108178,WB_108178,HOOGHLY_BLOCK_18_GP_2,HOOGHLY_BLOCK_18,Hooghly,23.23166732,88.43667939
108179,WB_108179,HOOGHLY_BLOCK_18_GP_3,HOOGHLY_BLOCK_18,Hooghly,23.23873078,88.42901099
108180,WB_108180,HOOGHLY_BLOCK_18_GP_4,HOOGHLY_BLOCK_18,Hooghly,23.22646002,88.42983038
108181,WB_108181,HOOGHLY_BLOCK_18_GP_5,HOOGHLY_BLOCK_18,Hooghly,23.23758541,88.43941522
108182,WB_108182,HOOGHLY_BLOCK_18_GP_6,HOOGHLY_BLOCK_18,Hooghly,23.23501696,88.42241434
108183,WB_108183,HOOGHLY_BLOCK_18_GP_7,HOOGHLY_BLOCK_18,Hooghly,23.22552377,88.43824445
108184,WB_108184,HOOGHLY_BLOCK_18_GP_8,HOOGHLY_BLOCK_18,Hooghly,23.24373859,88.43309324
108185,WB_108185,HOOGHLY_BLOCK_18_GP_9,HOOGHLY_BLOCK_18,Hooghly,23.22592788,88.42293653
108186,WB_108186,HOOGHLY_BLOCK_18_GP_10,HOOGHLY_BLOCK_18,Hooghly,23.23316825,88.44469553
108187,WB_108187,HOOGHLY_BLOCK_18_GP_11,HOOGHLY_BLOCK_18,Hooghly,23.24181997,88.42218671
108188,WB_108188,HOWRAH_BLOCK_1_GP_1,HOWRAH_BLOCK_1,Howrah,22.36607373,87.86622038
108189,WB_108189,HOWRAH_BLOCK_1_GP_2,HOWRAH_BLOCK_1,Howrah,22.36047014,87.86733262
108190,WB_108190,HOWRAH_BLOCK_1_GP_3,HOWRAH_BLOCK_1,Howrah,22.36755198,87.87251569
108191,WB_108191,HOWRAH_BLOCK_1_GP_4,HOWRAH_BLOCK_1,Howrah,22.36441469,87.86052951
108192,WB_108192,HOWRAH_BLOCK_1_GP_5,HOWRAH_BLOCK_1,Howrah,22.35968789,87.87386028
108193,WB_108193,HOWRAH_BLOCK_1_GP_6,HOWRAH_BLOCK_1,Howrah,22.37162025,87.8672554
108194,WB_108194,HOWRAH_BLOCK_1_GP_7,HOWRAH_BLOCK_1,Howrah,22.35805281,87.86160699
108195,WB_108195,HOWRAH_BLOCK_1_GP_8,HOWRAH_BLOCK_1,Howrah,22.3655945,87.87846084
108196,WB_108196,HOWRAH_BLOCK_1_GP_9,HOWRAH_BLOCK_1,Howrah,22.36935855,87.8583569
108197,WB_108197,HOWRAH_BLOCK_1_GP_10,HOWRAH_BLOCK_1,Howrah,22.3549038,87.87073468
108198,WB_108198,HOWRAH_BLOCK_1_GP_11,HOWRAH_BLOCK_1,Howrah,22.37319343,87.87395471
108199,WB_108199,HOWRAH_BLOCK_1_GP_12,HOWRAH_BLOCK_1,Howrah,22.36086019,87.85528039
108200,WB_108200,HOWRAH_BLOCK_2_GP_1,HOWRAH_BLOCK_2,Howrah,22.39075893,87.90446327
108201,WB_108201,HOWRAH_BLOCK_2_GP_2,HOWRAH_BLOCK_2,Howrah,22.39637166,87.905501
108202,WB_108202,HOWRAH_BLOCK_2_GP_3,HOWRAH_BLOCK_2,Howrah,22.39085769,87.89790353
108203,WB_108203,HOWRAH_BLOCK_2_GP_4,HOWRAH_BLOCK_2,Howrah,22.39097754,87.91051406
108204,WB_108204,HOWRAH_BLOCK_2_GP_5,HOWRAH_BLOCK_2,Howrah,22.39868275,87.89956627
108205,WB_108205,HOWRAH_BLOCK_2_GP_6,HOWRAH_BLOCK_2,Howrah,22.38571537,87.90139832
108206,WB_108206,HOWRAH_BLOCK_2_GP_7,HOWRAH_BLOCK_2,Howrah,22.39730539,87.91186897
108207,WB_108207,HOWRAH_BLOCK_2_GP_8,HOWRAH_BLOCK_2,Howrah,22.39415037,87.89296475
108208,WB_108208,HOWRAH_BLOCK_2_GP_9,HOWRAH_BLOCK_2,Howrah,22.38574004,87.91073508
108209,WB_108209,HOWRAH_BLOCK_2_GP_10,HOWRAH_BLOCK_2,Howrah,22.40249776,87.90434017
108210,WB_108210,HOWRAH_BLOCK_2_GP_11,HOWRAH_BLOCK_2,Howrah,22.38582041,87.8944176
108211,WB_108211,HOWRAH_BLOCK_2_GP_12,HOWRAH_BLOCK_2,Howrah,22.39311041,87.91685334
108212,WB_108212,HOWRAH_BLOCK_3_GP_1,HOWRAH_BLOCK_3,Howrah,22.42318255,87.93759238
108213,WB_108213,HOWRAH_BLOCK_3_GP_2,HOWRAH_BLOCK_3,Howrah,22.41760352,87.93888321
108214,WB_108214,HOWRAH_BLOCK_3_GP_3,HOWRAH_BLOCK_3,Howrah,22.42478898,87.94383844
108215,WB_108215,HOWRAH_BLOCK_3_GP_4,HOWRAH_BLOCK_3,Howrah,22.42140774,87.93195635
108216,WB_108216,HOWRAH_BLOCK_3_GP_5,HOWRAH_BLOCK_3,Howrah,22.41695494,87.94543372
108217,WB_108217,HOWRAH_BLOCK_3_GP_6,HOWRAH_BLOCK_3,Howrah,22.42874842,87.93844995
108218,WB_108218,HOWRAH_BLOCK_3_GP_7,HOWRAH_BLOCK_3,Howrah,22.41506996,87.93323664
108219,WB_108219,HOWRAH_BLOCK_3_GP_8,HOWRAH_BLOCK_3,Howrah,22.42295365,87.94984415
108220,WB_108220,HOWRAH_BLOCK_3_GP_9,HOWRAH_BLOCK_3,Howrah,22.42630558,87.92962658
108221,WB_108221,HOWRAH_BLOCK_3_GP_10,HOWRAH_BLOCK_3,Howrah,22.41210852,87.94246191
108222,WB_108222,HOWRAH_BLOCK_3_GP_11,HOWRAH_BLOCK_3,Howrah,22.430458,87.94509683
108223,WB_108223,HOWRAH_BLOCK_3_GP_12,HOWRAH_BLOCK_3,Howrah,22.41774713,87.92682246
108224,WB_108224,HOWRAH_BLOCK_4_GP_1,HOWRAH_BLOCK_4,Howrah,22.45164588,87.97296548
108225,WB_108225,HOWRAH_BLOCK_4_GP_2,HOWRAH_BLOCK_4,Howrah,22.44599366,87.97519134
108226,WB_108226,HOWRAH_BLOCK_4_GP_3,HOWRAH_BLOCK_4,Howrah,22.45394728,87.97918504
108227,WB_108227,HOWRAH_BLOCK_4_GP_4,HOWRAH_BLOCK_4,Howrah,22.44923204,87.96740511
108228,WB_108228,HOWRAH_BLOCK_4_GP_5,HOWRAH_BLOCK_4,Howrah,22.44598834,87.98208533
108229,WB_108229,HOWRAH_BLOCK_4_GP_6,HOWRAH_BLOCK_4,Howrah,22.45750323,87.9729689
108230,WB_108230,HOWRAH_BLOCK_4_GP_7,HOWRAH_BLOCK_4,Howrah,22.44279216,87.96974078
108231,WB_108231,HOWRAH_BLOCK_4_GP_8,HOWRAH_BLOCK_4,Howrah,22.4526562,87.98570307
108232,WB_108232,HOWRAH_BLOCK_4_GP_9,HOWRAH_BLOCK_4,Howrah,22.45407229,87.96421056
108233,WB_108233,HOWRAH_BLOCK_4_GP_10,HOWRAH_BLOCK_4,Howrah,22.44066153,87.97977564
108234,WB_108234,HOWRAH_BLOCK_4_GP_11,HOWRAH_BLOCK_4,Howrah,22.45995239,87.97958757
108235,WB_108235,HOWRAH_BLOCK_5_GP_1,HOWRAH_BLOCK_5,Howrah,22.47970682,88.00819283
108236,WB_108236,HOWRAH_BLOCK_5_GP_2,HOWRAH_BLOCK_5,Howrah,22.4747613,88.0122741
108237,WB_108237,HOWRAH_BLOCK_5_GP_3,HOWRAH_BLOCK_5,Howrah,22.48328663,88.01338273
108238,WB_108238,HOWRAH_BLOCK_5_GP_4,HOWRAH_BLOCK_5,Howrah,22.47616377,88.00367537
108239,WB_108239,HOWRAH_BLOCK_5_GP_5,HOWRAH_BLOCK_5,Howrah,22.47627138,88.01890464
108240,WB_108240,HOWRAH_BLOCK_5_GP_6,HOWRAH_BLOCK_5,Howrah,22.48533954,88.00618461
108241,WB_108241,HOWRAH_BLOCK_5_GP_7,HOWRAH_BLOCK_5,Howrah,22.47048504,88.00813271
108242,WB_108242,HOWRAH_BLOCK_5_GP_8,HOWRAH_BLOCK_5,Howrah,22.4834778,88.02009333
108243,WB_108243,HOWRAH_BLOCK_5_GP_9,HOWRAH_BLOCK_5,Howrah,22.48011566,87.99894153
108244,WB_108244,HOWRAH_BLOCK_5_GP_10,HOWRAH_BLOCK_5,Howrah,22.47064191,88.01851313
108245,WB_108245,HOWRAH_BLOCK_5_GP_11,HOWRAH_BLOCK_5,Howrah,22.48914915,88.01170753
108246,WB_108246,HOWRAH_BLOCK_6_GP_1,HOWRAH_BLOCK_6,Howrah,22.50851831,88.04875579
108247,WB_108247,HOWRAH_BLOCK_6_GP_2,HOWRAH_BLOCK_6,Howrah,22.50756443,88.04144477
108248,WB_108248,HOWRAH_BLOCK_6_GP_3,HOWRAH_BLOCK_6,Howrah,22.50326463,88.0507133
108249,WB_108249,HOWRAH_BLOCK_6_GP_4,HOWRAH_BLOCK_6,Howrah,22.51326614,88.04656489
108250,WB_108250,HOWRAH_BLOCK_6_GP_5,HOWRAH_BLOCK_6,Howrah,22.50210672,88.04045206
108251,WB_108251,HOWRAH_BLOCK_6_GP_6,HOWRAH_BLOCK_6,Howrah,22.50767775,88.0560017
108252,WB_108252,HOWRAH_BLOCK_6_GP_7,HOWRAH_BLOCK_6,Howrah,22.51233799,88.03826372
108253,WB_108253,HOWRAH_BLOCK_6_GP_8,HOWRAH_BLOCK_6,Howrah,22.4982885,88.04818369
108254,WB_108254,HOWRAH_BLOCK_6_GP_9,HOWRAH_BLOCK_6,Howrah,22.51510313,88.05300994
108255,WB_108255,HOWRAH_BLOCK_6_GP_10,HOWRAH_BLOCK_6,Howrah,22.50469743,88.0341924
108256,WB_108256,HOWRAH_BLOCK_6_GP_11,HOWRAH_BLOCK_6,Howrah,22.50208692,88.05808492
108257,WB_108257,HOWRAH_BLOCK_7_GP_1,HOWRAH_BLOCK_7,Howrah,22.53710435,88.07982924
108258,WB_108258,HOWRAH_BLOCK_7_GP_2,HOWRAH_BLOCK_7,Howrah,22.53177344,88.08306478
108259,WB_108259,HOWRAH_BLOCK_7_GP_3,HOWRAH_BLOCK_7,Howrah,22.5401089,88.08556103
108260,WB_108260,HOWRAH_BLOCK_7_GP_4,HOWRAH_BLOCK_7,Howrah,22.53406571,88.07477012
108261,WB_108261,HOWRAH_BLOCK_7_GP_5,HOWRAH_BLOCK_7,Howrah,22.53257503,88.08988557
108262,WB_108262,HOWRAH_BLOCK_7_GP_6,HOWRAH_BLOCK_7,Howrah,22.54289908,88.07876149
108263,WB_108263,HOWRAH_BLOCK_7_GP_7,HOWRAH_BLOCK_7,Howrah,22.52796848,88.07825832
108264,WB_108264,HOWRAH_BLOCK_7_GP_8,HOWRAH_BLOCK_7,Howrah,22.53959456,88.09224503
108265,WB_108265,HOWRAH_BLOCK_7_GP_9,HOWRAH_BLOCK_7,Howrah,22.53848,88.07072481
108266,WB_108266,HOWRAH_BLOCK_7_GP_10,HOWRAH_BLOCK_7,Howrah,22.52703521,88.08857484
108267,WB_108267,HOWRAH_BLOCK_7_GP_11,HOWRAH_BLOCK_7,Howrah,22.54609652,88.08486108
108268,WB_108268,HOWRAH_BLOCK_8_GP_1,HOWRAH_BLOCK_8,Howrah,22.56349032,88.12057439
108269,WB_108269,HOWRAH_BLOCK_8_GP_2,HOWRAH_BLOCK_8,Howrah,22.56784488,88.11555003
108270,WB_108270,HOWRAH_BLOCK_8_GP_3,HOWRAH_BLOCK_8,Howrah,22.55928807,88.11617364
108271,WB_108271,HOWRAH_BLOCK_8_GP_4,HOWRAH_BLOCK_8,Howrah,22.56756957,88.12431891
108272,WB_108272,HOWRAH_BLOCK_8_GP_5,HOWRAH_BLOCK_8,Howrah,22.56549952,88.10931046
108273,WB_108273,HOWRAH_BLOCK_8_GP_6,HOWRAH_BLOCK_8,Howrah,22.55819022,88.12369127
108274,WB_108274,HOWRAH_BLOCK_8_GP_7,HOWRAH_BLOCK_8,Howrah,22.57259926,88.11877566
108275,WB_108275,HOWRAH_BLOCK_8_GP_8,HOWRAH_BLOCK_8,Howrah,22.55823405,88.10958931
108276,WB_108276,HOWRAH_BLOCK_8_GP_9,HOWRAH_BLOCK_8,Howrah,22.56427979,88.12978709
108277,WB_108277,HOWRAH_BLOCK_8_GP_10,HOWRAH_BLOCK_8,Howrah,22.57110587,88.10856259
108278,WB_108278,HOWRAH_BLOCK_8_GP_11,HOWRAH_BLOCK_8,Howrah,22.55371824,88.11900816
108279,WB_108279,HOWRAH_BLOCK_9_GP_1,HOWRAH_BLOCK_9,Howrah,22.59400009,88.15608755
108280,WB_108280,HOWRAH_BLOCK_9_GP_2,HOWRAH_BLOCK_9,Howrah,22.59375247,88.14868641
108281,WB_108281,HOWRAH_BLOCK_9_GP_3,HOWRAH_BLOCK_9,Howrah,22.58859684,88.15724571
108282,WB_108282,HOWRAH_BLOCK_9_GP_4,HOWRAH_BLOCK_9,Howrah,22.59892345,88.15462205
108283,WB_108283,HOWRAH_BLOCK_9_GP_5,HOWRAH_BLOCK_9,Howrah,22.58842889,88.14688502
108284,WB_108284,HOWRAH_BLOCK_9_GP_6,HOWRAH_BLOCK_9,Howrah,22.59247239,88.16315582
108285,WB_108285,HOWRAH_BLOCK_9_GP_7,HOWRAH_BLOCK_9,Howrah,22.59879609,88.14624171
108286,WB_108286,HOWRAH_BLOCK_9_GP_8,HOWRAH_BLOCK_9,Howrah,22.58389842,88.15399044
108287,WB_108287,HOWRAH_BLOCK_9_GP_9,HOWRAH_BLOCK_9,Howrah,22.60013069,88.16129544
108288,WB_108288,HOWRAH_BLOCK_9_GP_10,HOWRAH_BLOCK_9,Howrah,22.59159984,88.14105753
108289,WB_108289,HOWRAH_BLOCK_9_GP_11,HOWRAH_BLOCK_9,Howrah,22.58672239,88.16438839
108290,WB_108290,HOWRAH_BLOCK_10_GP_1,HOWRAH_BLOCK_10,Howrah,22.62354771,88.18812158
108291,WB_108291,HOWRAH_BLOCK_10_GP_2,HOWRAH_BLOCK_10,Howrah,22.61763248,88.18767331
108292,WB_108292,HOWRAH_BLOCK_10_GP_3,HOWRAH_BLOCK_10,Howrah,22.62391734,88.19495862
108293,WB_108293,HOWRAH_BLOCK_10_GP_4,HOWRAH_BLOCK_10,Howrah,22.62288447,88.18184986
108294,WB_108294,HOWRAH_BLOCK_10_GP_5,HOWRAH_BLOCK_10,Howrah,22.615655,88.19410891
108295,WB_108295,HOWRAH_BLOCK_10_GP_6,HOWRAH_BLOCK_10,Howrah,22.62901665,88.19074339
108296,WB_108296,HOWRAH_BLOCK_10_GP_7,HOWRAH_BLOCK_10,Howrah,22.61620227,88.181152
108297,WB_108297,HOWRAH_BLOCK_10_GP_8,HOWRAH_BLOCK_10,Howrah,22.62084671,88.20046832
108298,WB_108298,HOWRAH_BLOCK_10_GP_9,HOWRAH_BLOCK_10,Howrah,22.62831859,88.18103052
108299,WB_108299,HOWRAH_BLOCK_10_GP_10,HOWRAH_BLOCK_10,Howrah,22.61134138,88.18957057
108300,WB_108300,HOWRAH_BLOCK_10_GP_11,HOWRAH_BLOCK_10,Howrah,22.62941006,88.1980192
108301,WB_108301,HOWRAH_BLOCK_11_GP_1,HOWRAH_BLOCK_11,Howrah,22.65169761,88.22303301
108302,WB_108302,HOWRAH_BLOCK_11_GP_2,HOWRAH_BLOCK_11,Howrah,22.6459908,88.22502945
108303,WB_108303,HOWRAH_BLOCK_11_GP_3,HOWRAH_BLOCK_11,Howrah,22.65383706,88.22934226
108304,WB_108304,HOWRAH_BLOCK_11_GP_4,HOWRAH_BLOCK_11,Howrah,22.64942874,88.21737806
108305,WB_108305,HOWRAH_BLOCK_11_GP_5,HOWRAH_BLOCK_11,Howrah,22.64580731,88.23191962
108306,WB_108306,HOWRAH_BLOCK_11_GP_6,HOWRAH_BLOCK_11,Howrah,22.65755181,88.22327297
108307,WB_108307,HOWRAH_BLOCK_11_GP_7,HOWRAH_BLOCK_11,Howrah,22.64293185,88.21945244
108308,WB_108308,HOWRAH_BLOCK_11_GP_8,HOWRAH_BLOCK_11,Howrah,22.65237819,88.23580475
108309,WB_108309,HOWRAH_BLOCK_11_GP_9,HOWRAH_BLOCK_11,Howrah,22.65434903,88.21438065
108310,WB_108310,HOWRAH_BLOCK_11_GP_10,HOWRAH_BLOCK_11,Howrah,22.64054297,88.22939602
108311,WB_108311,HOWRAH_BLOCK_11_GP_11,HOWRAH_BLOCK_11,Howrah,22.65982863,88.22998709
108312,WB_108312,HOWRAH_BLOCK_12_GP_1,HOWRAH_BLOCK_12,Howrah,22.67971296,88.26323141
108313,WB_108313,HOWRAH_BLOCK_12_GP_2,HOWRAH_BLOCK_12,Howrah,22.67946951,88.25583005
108314,WB_108314,HOWRAH_BLOCK_12_GP_3,HOWRAH_BLOCK_12,Howrah,22.67430906,88.26438481
108315,WB_108315,HOWRAH_BLOCK_12_GP_4,HOWRAH_BLOCK_12,Howrah,22.68463714,88.26177026
108316,WB_108316,HOWRAH_BLOCK_12_GP_5,HOWRAH_BLOCK_12,Howrah,22.67414695,88.25402397
108317,WB_108317,HOWRAH_BLOCK_12_GP_6,HOWRAH_BLOCK_12,Howrah,22.67818126,88.27029833
108318,WB_108318,HOWRAH_BLOCK_12_GP_7,HOWRAH_BLOCK_12,Howrah,22.68451451,88.25338981
108319,WB_108319,HOWRAH_BLOCK_12_GP_8,HOWRAH_BLOCK_12,Howrah,22.66961247,88.26112539
108320,WB_108320,HOWRAH_BLOCK_12_GP_9,HOWRAH_BLOCK_12,Howrah,22.68584062,88.26844471
108321,WB_108321,HOWRAH_BLOCK_12_GP_10,HOWRAH_BLOCK_12,Howrah,22.67732119,88.24819928
108322,WB_108322,HOWRAH_BLOCK_12_GP_11,HOWRAH_BLOCK_12,Howrah,22.67243057,88.27152583
108323,WB_108323,HOWRAH_BLOCK_13_GP_1,HOWRAH_BLOCK_13,Howrah,22.70635184,88.29370932
108324,WB_108324,HOWRAH_BLOCK_13_GP_2,HOWRAH_BLOCK_13,Howrah,22.70560793,88.30105833
108325,WB_108325,HOWRAH_BLOCK_13_GP_3,HOWRAH_BLOCK_13,Howrah,22.71183394,88.2936945
108326,WB_108326,HOWRAH_BLOCK_13_GP_4,HOWRAH_BLOCK_13,Howrah,22.70130188,88.29412727
108327,WB_108327,HOWRAH_BLOCK_13_GP_5,HOWRAH_BLOCK_13,Howrah,22.71061637,88.30394494
108328,WB_108328,HOWRAH_BLOCK_13_GP_6,HOWRAH_BLOCK_13,Howrah,22.70880175,88.28705884
108329,WB_108329,HOWRAH_BLOCK_13_GP_7,HOWRAH_BLOCK_13,Howrah,22.70030866,88.30241666
108330,WB_108330,HOWRAH_BLOCK_13_GP_8,HOWRAH_BLOCK_13,Howrah,22.7160319,88.2978842
108331,WB_108331,HOWRAH_BLOCK_13_GP_9,HOWRAH_BLOCK_13,Howrah,22.70100247,88.28729563
108332,WB_108332,HOWRAH_BLOCK_13_GP_10,HOWRAH_BLOCK_13,Howrah,22.7067119,88.30902927
108333,WB_108333,HOWRAH_BLOCK_13_GP_11,HOWRAH_BLOCK_13,Howrah,22.71463567,88.28704298
108334,WB_108334,HOWRAH_BLOCK_14_GP_1,HOWRAH_BLOCK_14,Howrah,22.73549846,88.33502369
108335,WB_108335,HOWRAH_BLOCK_14_GP_2,HOWRAH_BLOCK_14,Howrah,22.73868635,88.3287792
108336,WB_108336,HOWRAH_BLOCK_14_GP_3,HOWRAH_BLOCK_14,Howrah,22.73053843,88.3321051
108337,WB_108337,HOWRAH_BLOCK_14_GP_4,HOWRAH_BLOCK_14,Howrah,22.7402059,88.3373468
108338,WB_108338,HOWRAH_BLOCK_14_GP_5,HOWRAH_BLOCK_14,Howrah,22.73514756,88.3234915
108339,WB_108339,HOWRAH_BLOCK_14_GP_6,HOWRAH_BLOCK_14,Howrah,22.73100773,88.3397244
108340,WB_108340,HOWRAH_BLOCK_14_GP_7,HOWRAH_BLOCK_14,Howrah,22.743941,88.33038569
108341,WB_108341,HOWRAH_BLOCK_14_GP_8,HOWRAH_BLOCK_14,Howrah,22.72817824,88.32607308
108342,WB_108342,HOWRAH_BLOCK_14_GP_9,HOWRAH_BLOCK_14,Howrah,22.73813811,88.34368167
108343,WB_108343,HOWRAH_BLOCK_14_GP_10,HOWRAH_BLOCK_14,Howrah,22.7404169,88.32098429
108344,WB_108344,HOWRAH_BLOCK_14_GP_11,HOWRAH_BLOCK_14,Howrah,22.72572935,88.33661859
108345,WB_108345,JALPAIGURI_BLOCK_1_GP_1,JALPAIGURI_BLOCK_1,Jalpaiguri,26.35269776,88.53298643
108346,WB_108346,JALPAIGURI_BLOCK_1_GP_2,JALPAIGURI_BLOCK_1,Jalpaiguri,26.3342728,88.533556
108347,WB_108347,JALPAIGURI_BLOCK_1_GP_3,JALPAIGURI_BLOCK_1,Jalpaiguri,26.35555335,88.54592307
108348,WB_108348,JALPAIGURI_BLOCK_1_GP_4,JALPAIGURI_BLOCK_1,Jalpaiguri,26.3490747,88.52119748
108349,WB_108349,JALPAIGURI_BLOCK_1_GP_5,JALPAIGURI_BLOCK_1,Jalpaiguri,26.32976155,88.54629271
108350,WB_108350,JALPAIGURI_BLOCK_1_GP_6,JALPAIGURI_BLOCK_1,Jalpaiguri,26.37028511,88.53666518
108351,WB_108351,JALPAIGURI_BLOCK_1_GP_7,JALPAIGURI_BLOCK_1,Jalpaiguri,26.32821282,88.52147613
108352,WB_108352,JALPAIGURI_BLOCK_1_GP_8,JALPAIGURI_BLOCK_1,Jalpaiguri,26.34742612,88.55715887
108353,WB_108353,JALPAIGURI_BLOCK_1_GP_9,JALPAIGURI_BLOCK_1,Jalpaiguri,26.36569295,88.51832871
108354,WB_108354,JALPAIGURI_BLOCK_1_GP_10,JALPAIGURI_BLOCK_1,Jalpaiguri,26.31527125,88.53868463
108355,WB_108355,JALPAIGURI_BLOCK_1_GP_11,JALPAIGURI_BLOCK_1,Jalpaiguri,26.37332416,88.55043202
108356,WB_108356,JALPAIGURI_BLOCK_1_GP_12,JALPAIGURI_BLOCK_1,Jalpaiguri,26.33919933,88.50973135
108357,WB_108357,JALPAIGURI_BLOCK_2_GP_1,JALPAIGURI_BLOCK_2,Jalpaiguri,26.44254372,88.60220156
108358,WB_108358,JALPAIGURI_BLOCK_2_GP_2,JALPAIGURI_BLOCK_2,Jalpaiguri,26.4276091,88.61052152
108359,WB_108359,JALPAIGURI_BLOCK_2_GP_3,JALPAIGURI_BLOCK_2,Jalpaiguri,26.45423143,88.61175937
108360,WB_108360,JALPAIGURI_BLOCK_2_GP_4,JALPAIGURI_BLOCK_2,Jalpaiguri,26.43104276,88.59392635
108361,WB_108361,JALPAIGURI_BLOCK_2_GP_5,JALPAIGURI_BLOCK_2,Jalpaiguri,26.43301777,88.62304973
108362,WB_108362,JALPAIGURI_BLOCK_2_GP_6,JALPAIGURI_BLOCK_2,Jalpaiguri,26.45983797,88.59777631
108363,WB_108363,JALPAIGURI_BLOCK_2_GP_7,JALPAIGURI_BLOCK_2,Jalpaiguri,26.4138693,88.6030417
108364,WB_108364,JALPAIGURI_BLOCK_2_GP_8,JALPAIGURI_BLOCK_2,Jalpaiguri,26.45554857,88.62457736
108365,WB_108365,JALPAIGURI_BLOCK_2_GP_9,JALPAIGURI_BLOCK_2,Jalpaiguri,26.44281817,88.58446092
108366,WB_108366,JALPAIGURI_BLOCK_2_GP_10,JALPAIGURI_BLOCK_2,Jalpaiguri,26.41547511,88.62288382
108367,WB_108367,JALPAIGURI_BLOCK_2_GP_11,JALPAIGURI_BLOCK_2,Jalpaiguri,26.4722759,88.60794741
108368,WB_108368,JALPAIGURI_BLOCK_2_GP_12,JALPAIGURI_BLOCK_2,Jalpaiguri,26.41456712,88.58858231
108369,WB_108369,JALPAIGURI_BLOCK_3_GP_1,JALPAIGURI_BLOCK_3,Jalpaiguri,26.53613074,88.67395764
108370,WB_108370,JALPAIGURI_BLOCK_3_GP_2,JALPAIGURI_BLOCK_3,Jalpaiguri,26.52003221,88.68087493
108371,WB_108371,JALPAIGURI_BLOCK_3_GP_3,JALPAIGURI_BLOCK_3,Jalpaiguri,26.54628287,88.68450259
108372,WB_108372,JALPAIGURI_BLOCK_3_GP_4,JALPAIGURI_BLOCK_3,Jalpaiguri,26.5259688,88.66470329
108373,WB_108373,JALPAIGURI_BLOCK_3_GP_5,JALPAIGURI_BLOCK_3,Jalpaiguri,26.52349627,88.69380418
108374,WB_108374,JALPAIGURI_BLOCK_3_GP_6,JALPAIGURI_BLOCK_3,Jalpaiguri,26.55397971,88.67112083
108375,WB_108375,JALPAIGURI_BLOCK_3_GP_7,JALPAIGURI_BLOCK_3,Jalpaiguri,26.50752573,88.67220881
108376,WB_108376,JALPAIGURI_BLOCK_3_GP_8,JALPAIGURI_BLOCK_3,Jalpaiguri,26.54563946,88.69735102
108377,WB_108377,JALPAIGURI_BLOCK_3_GP_9,JALPAIGURI_BLOCK_3,Jalpaiguri,26.53910425,88.6563638
108378,WB_108378,JALPAIGURI_BLOCK_3_GP_10,JALPAIGURI_BLOCK_3,Jalpaiguri,26.50609959,88.69205905
108379,WB_108379,JALPAIGURI_BLOCK_3_GP_11,JALPAIGURI_BLOCK_3,Jalpaiguri,26.56478354,88.68234242
108380,WB_108380,JALPAIGURI_BLOCK_3_GP_12,JALPAIGURI_BLOCK_3,Jalpaiguri,26.51042015,88.65791179
108381,WB_108381,JALPAIGURI_BLOCK_4_GP_1,JALPAIGURI_BLOCK_4,Jalpaiguri,26.62772162,88.7446051
108382,WB_108382,JALPAIGURI_BLOCK_4_GP_2,JALPAIGURI_BLOCK_4,Jalpaiguri,26.61331852,88.75444073
108383,WB_108383,JALPAIGURI_BLOCK_4_GP_3,JALPAIGURI_BLOCK_4,Jalpaiguri,26.64115438,88.75360876
108384,WB_108384,JALPAIGURI_BLOCK_4_GP_4,JALPAIGURI_BLOCK_4,Jalpaiguri,26.61465544,88.73691963
108385,WB_108385,JALPAIGURI_BLOCK_4_GP_5,JALPAIGURI_BLOCK_4,Jalpaiguri,26.62062475,88.76703128
108386,WB_108386,JALPAIGURI_BLOCK_4_GP_6,JALPAIGURI_BLOCK_4,Jalpaiguri,26.64510093,88.73862959
108387,WB_108387,JALPAIGURI_BLOCK_4_GP_7,JALPAIGURI_BLOCK_4,Jalpaiguri,26.59803241,88.74776009
108388,WB_108388,JALPAIGURI_BLOCK_4_GP_8,JALPAIGURI_BLOCK_4,Jalpaiguri,26.64424714,88.76682606
108389,WB_108389,JALPAIGURI_BLOCK_4_GP_9,JALPAIGURI_BLOCK_4,Jalpaiguri,26.62562103,88.72614488
108390,WB_108390,JALPAIGURI_BLOCK_4_GP_10,JALPAIGURI_BLOCK_4,Jalpaiguri,26.60236983,88.76825482
108391,WB_108391,JALPAIGURI_BLOCK_4_GP_11,JALPAIGURI_BLOCK_4,Jalpaiguri,26.6593959,88.74821095
108392,WB_108392,JALPAIGURI_BLOCK_5_GP_1,JALPAIGURI_BLOCK_5,Jalpaiguri,26.71072753,88.81958189
108393,WB_108393,JALPAIGURI_BLOCK_5_GP_2,JALPAIGURI_BLOCK_5,Jalpaiguri,26.72415403,88.83020364
108394,WB_108394,JALPAIGURI_BLOCK_5_GP_3,JALPAIGURI_BLOCK_5,Jalpaiguri,26.72181092,88.80885122
108395,WB_108395,JALPAIGURI_BLOCK_5_GP_4,JALPAIGURI_BLOCK_5,Jalpaiguri,26.70133941,88.82997108
108396,WB_108396,JALPAIGURI_BLOCK_5_GP_5,JALPAIGURI_BLOCK_5,Jalpaiguri,26.74017348,88.82401812
108397,WB_108397,JALPAIGURI_BLOCK_5_GP_6,JALPAIGURI_BLOCK_5,Jalpaiguri,26.70217903,88.80649801
108398,WB_108398,JALPAIGURI_BLOCK_5_GP_7,JALPAIGURI_BLOCK_5,Jalpaiguri,26.71617154,88.84225312
108399,WB_108399,JALPAIGURI_BLOCK_5_GP_8,JALPAIGURI_BLOCK_5,Jalpaiguri,26.73883543,88.80587506
108400,WB_108400,JALPAIGURI_BLOCK_5_GP_9,JALPAIGURI_BLOCK_5,Jalpaiguri,26.68684924,88.82203345
108401,WB_108401,JALPAIGURI_BLOCK_5_GP_10,JALPAIGURI_BLOCK_5,Jalpaiguri,26.74259052,88.83799041
108402,WB_108402,JALPAIGURI_BLOCK_5_GP_11,JALPAIGURI_BLOCK_5,Jalpaiguri,26.71397353,88.79507858
108403,WB_108403,JALPAIGURI_BLOCK_6_GP_1,JALPAIGURI_BLOCK_6,Jalpaiguri,26.81250719,88.89847727
108404,WB_108404,JALPAIGURI_BLOCK_6_GP_2,JALPAIGURI_BLOCK_6,Jalpaiguri,26.81697256,88.88406575
108405,WB_108405,JALPAIGURI_BLOCK_6_GP_3,JALPAIGURI_BLOCK_6,Jalpaiguri,26.79479024,88.8970279
108406,WB_108406,JALPAIGURI_BLOCK_6_GP_4,JALPAIGURI_BLOCK_6,Jalpaiguri,26.82894101,88.89900853
108407,WB_108407,JALPAIGURI_BLOCK_6_GP_5,JALPAIGURI_BLOCK_6,Jalpaiguri,26.80159999,88.87697516
108408,WB_108408,JALPAIGURI_BLOCK_6_GP_6,JALPAIGURI_BLOCK_6,Jalpaiguri,26.80272568,88.9110397
108409,WB_108409,JALPAIGURI_BLOCK_6_GP_7,JALPAIGURI_BLOCK_6,Jalpaiguri,26.83447571,88.88279448
108410,WB_108410,JALPAIGURI_BLOCK_6_GP_8,JALPAIGURI_BLOCK_6,Jalpaiguri,26.78240196,88.88756499
108411,WB_108411,JALPAIGURI_BLOCK_6_GP_9,JALPAIGURI_BLOCK_6,Jalpaiguri,26.82799179,88.91267281
108412,WB_108412,JALPAIGURI_BLOCK_6_GP_10,JALPAIGURI_BLOCK_6,Jalpaiguri,26.81564183,88.86791915
108413,WB_108413,JALPAIGURI_BLOCK_6_GP_11,JALPAIGURI_BLOCK_6,Jalpaiguri,26.78387169,88.90949747
108414,WB_108414,JALPAIGURI_BLOCK_7_GP_1,JALPAIGURI_BLOCK_7,Jalpaiguri,26.89806016,88.96034679
108415,WB_108415,JALPAIGURI_BLOCK_7_GP_2,JALPAIGURI_BLOCK_7,Jalpaiguri,26.90461918,88.97427642
108416,WB_108416,JALPAIGURI_BLOCK_7_GP_3,JALPAIGURI_BLOCK_7,Jalpaiguri,26.9139002,88.95407232
108417,WB_108417,JALPAIGURI_BLOCK_7_GP_4,JALPAIGURI_BLOCK_7,Jalpaiguri,26.88394794,88.96684634
108418,WB_108418,JALPAIGURI_BLOCK_7_GP_5,JALPAIGURI_BLOCK_7,Jalpaiguri,26.92252824,88.97370655
108419,WB_108419,JALPAIGURI_BLOCK_7_GP_6,JALPAIGURI_BLOCK_7,Jalpaiguri,26.8972639,88.94571622
108420,WB_108420,JALPAIGURI_BLOCK_7_GP_7,JALPAIGURI_BLOCK_7,Jalpaiguri,26.89090047,88.98273406
108421,WB_108421,JALPAIGURI_BLOCK_7_GP_8,JALPAIGURI_BLOCK_7,Jalpaiguri,26.93100939,88.95674577
108422,WB_108422,JALPAIGURI_BLOCK_7_GP_9,JALPAIGURI_BLOCK_7,Jalpaiguri,26.87498423,88.95502677
108423,WB_108423,JALPAIGURI_BLOCK_7_GP_10,JALPAIGURI_BLOCK_7,Jalpaiguri,26.91726063,88.98720703
108424,WB_108424,JALPAIGURI_BLOCK_7_GP_11,JALPAIGURI_BLOCK_7,Jalpaiguri,26.9141204,88.93903893
108425,WB_108425,JHARGRAM_BLOCK_1_GP_1,JHARGRAM_BLOCK_1,Jhargram,22.18300064,86.74369392
108426,WB_108426,JHARGRAM_BLOCK_1_GP_2,JHARGRAM_BLOCK_1,Jhargram,22.19277315,86.73134353
108427,WB_108427,JHARGRAM_BLOCK_1_GP_3,JHARGRAM_BLOCK_1,Jhargram,22.17145909,86.73537115
108428,WB_108428,JHARGRAM_BLOCK_1_GP_4,JHARGRAM_BLOCK_1,Jhargram,22.19408401,86.75061886
108429,WB_108429,JHARGRAM_BLOCK_1_GP_5,JHARGRAM_BLOCK_1,Jhargram,22.18546815,86.71841885
108430,WB_108430,JHARGRAM_BLOCK_1_GP_6,JHARGRAM_BLOCK_1,Jhargram,22.17042186,86.75216424
108431,WB_108431,JHARGRAM_BLOCK_1_GP_7,JHARGRAM_BLOCK_1,Jhargram,22.205431,86.73692285
108432,WB_108432,JHARGRAM_BLOCK_1_GP_8,JHARGRAM_BLOCK_1,Jhargram,22.16731348,86.72129014
108433,WB_108433,JHARGRAM_BLOCK_1_GP_9,JHARGRAM_BLOCK_1,Jhargram,22.18708276,86.76360913
108434,WB_108434,JHARGRAM_BLOCK_1_GP_10,JHARGRAM_BLOCK_1,Jhargram,22.19935551,86.71503749
108435,WB_108435,JHARGRAM_BLOCK_2_GP_1,JHARGRAM_BLOCK_2,Jhargram,22.25527144,86.81842702
108436,WB_108436,JHARGRAM_BLOCK_2_GP_2,JHARGRAM_BLOCK_2,Jhargram,22.25674029,86.80219065
108437,WB_108437,JHARGRAM_BLOCK_2_GP_3,JHARGRAM_BLOCK_2,Jhargram,22.24144234,86.81887453
108438,WB_108438,JHARGRAM_BLOCK_2_GP_4,JHARGRAM_BLOCK_2,Jhargram,22.26798801,86.81712466
108439,WB_108439,JHARGRAM_BLOCK_2_GP_5,JHARGRAM_BLOCK_2,Jhargram,22.24394508,86.79621433
108440,WB_108440,JHARGRAM_BLOCK_2_GP_6,JHARGRAM_BLOCK_2,Jhargram,22.24946003,86.83325457
108441,WB_108441,JHARGRAM_BLOCK_2_GP_7,JHARGRAM_BLOCK_2,Jhargram,22.2700336,86.79879902
108442,WB_108442,JHARGRAM_BLOCK_2_GP_8,JHARGRAM_BLOCK_2,Jhargram,22.23061946,86.80996791
108443,WB_108443,JHARGRAM_BLOCK_2_GP_9,JHARGRAM_BLOCK_2,Jhargram,22.26912248,86.832143
108444,WB_108444,JHARGRAM_BLOCK_2_GP_10,JHARGRAM_BLOCK_2,Jhargram,22.25351287,86.78472486
108445,WB_108445,JHARGRAM_BLOCK_3_GP_1,JHARGRAM_BLOCK_3,Jhargram,22.32763164,86.8885837
108446,WB_108446,JHARGRAM_BLOCK_3_GP_2,JHARGRAM_BLOCK_3,Jhargram,22.31568509,86.87876847
108447,WB_108447,JHARGRAM_BLOCK_3_GP_3,JHARGRAM_BLOCK_3,Jhargram,22.32078758,86.90170054
108448,WB_108448,JHARGRAM_BLOCK_3_GP_4,JHARGRAM_BLOCK_3,Jhargram,22.33322771,86.87605864
108449,WB_108449,JHARGRAM_BLOCK_3_GP_5,JHARGRAM_BLOCK_3,Jhargram,22.30434997,86.88758018
108450,WB_108450,JHARGRAM_BLOCK_3_GP_6,JHARGRAM_BLOCK_3,Jhargram,22.33621615,86.90171179
108451,WB_108451,JHARGRAM_BLOCK_3_GP_7,JHARGRAM_BLOCK_3,Jhargram,22.31994561,86.86461917
108452,WB_108452,JHARGRAM_BLOCK_3_GP_8,JHARGRAM_BLOCK_3,Jhargram,22.30818454,86.90715024
108453,WB_108453,JHARGRAM_BLOCK_3_GP_9,JHARGRAM_BLOCK_3,Jhargram,22.34557507,86.88281478
108454,WB_108454,JHARGRAM_BLOCK_3_GP_10,JHARGRAM_BLOCK_3,Jhargram,22.30033291,86.872689
108455,WB_108455,JHARGRAM_BLOCK_4_GP_1,JHARGRAM_BLOCK_4,Jhargram,22.39288686,86.96837571
108456,WB_108456,JHARGRAM_BLOCK_4_GP_2,JHARGRAM_BLOCK_4,Jhargram,22.39403786,86.95210885
108457,WB_108457,JHARGRAM_BLOCK_4_GP_3,JHARGRAM_BLOCK_4,Jhargram,22.37906966,86.96914498
108458,WB_108458,JHARGRAM_BLOCK_4_GP_4,JHARGRAM_BLOCK_4,Jhargram,22.40557507,86.96677769
108459,WB_108459,JHARGRAM_BLOCK_4_GP_5,JHARGRAM_BLOCK_4,Jhargram,22.38112868,86.94643169
108460,WB_108460,JHARGRAM_BLOCK_4_GP_6,JHARGRAM_BLOCK_4,Jhargram,22.38736675,86.98333515
108461,WB_108461,JHARGRAM_BLOCK_4_GP_7,JHARGRAM_BLOCK_4,Jhargram,22.40726181,86.94840861
108462,WB_108462,JHARGRAM_BLOCK_4_GP_8,JHARGRAM_BLOCK_4,Jhargram,22.36807506,86.96049227
108463,WB_108463,JHARGRAM_BLOCK_4_GP_9,JHARGRAM_BLOCK_4,Jhargram,22.40700298,86.98176621
108464,WB_108464,JHARGRAM_BLOCK_4_GP_10,JHARGRAM_BLOCK_4,Jhargram,22.3904696,86.93472215
108465,WB_108465,JHARGRAM_BLOCK_5_GP_1,JHARGRAM_BLOCK_5,Jhargram,22.45822887,87.03125107
108466,WB_108466,JHARGRAM_BLOCK_5_GP_2,JHARGRAM_BLOCK_5,Jhargram,22.45413691,87.04694375
108467,WB_108467,JHARGRAM_BLOCK_5_GP_3,JHARGRAM_BLOCK_5,Jhargram,22.47191052,87.03349329
108468,WB_108468,JHARGRAM_BLOCK_5_GP_4,JHARGRAM_BLOCK_5,Jhargram,22.44550267,87.03006587
108469,WB_108469,JHARGRAM_BLOCK_5_GP_5,JHARGRAM_BLOCK_5,Jhargram,22.46575408,87.05530688
108470,WB_108470,JHARGRAM_BLOCK_5_GP_6,JHARGRAM_BLOCK_5,Jhargram,22.46636454,87.01778712
108471,WB_108471,JHARGRAM_BLOCK_5_GP_7,JHARGRAM_BLOCK_5,Jhargram,22.44050261,87.04770266
108472,WB_108472,JHARGRAM_BLOCK_5_GP_8,JHARGRAM_BLOCK_5,Jhargram,22.48110915,87.04435742
108473,WB_108473,JHARGRAM_BLOCK_5_GP_9,JHARGRAM_BLOCK_5,Jhargram,22.44683426,87.01506681
108474,WB_108474,JHARGRAM_BLOCK_5_GP_10,JHARGRAM_BLOCK_5,Jhargram,22.45446598,87.06475726
108475,WB_108475,JHARGRAM_BLOCK_6_GP_1,JHARGRAM_BLOCK_6,Jhargram,22.5248903,87.11780663
108476,WB_108476,JHARGRAM_BLOCK_6_GP_2,JHARGRAM_BLOCK_6,Jhargram,22.53794751,87.10985117
108477,WB_108477,JHARGRAM_BLOCK_6_GP_3,JHARGRAM_BLOCK_6,Jhargram,22.51665714,87.10567706
108478,WB_108478,JHARGRAM_BLOCK_6_GP_4,JHARGRAM_BLOCK_6,Jhargram,22.53313152,87.12845173
108479,WB_108479,JHARGRAM_BLOCK_6_GP_5,JHARGRAM_BLOCK_6,Jhargram,22.53513887,87.09497952
108480,WB_108480,JHARGRAM_BLOCK_6_GP_6,JHARGRAM_BLOCK_6,Jhargram,22.5104137,87.12106855
108481,WB_108481,JHARGRAM_BLOCK_6_GP_7,JHARGRAM_BLOCK_6,Jhargram,22.5480903,87.11981981
108482,WB_108482,JHARGRAM_BLOCK_6_GP_8,JHARGRAM_BLOCK_6,Jhargram,22.51717986,87.0908986
108483,WB_108483,JHARGRAM_BLOCK_6_GP_9,JHARGRAM_BLOCK_6,Jhargram,22.52247743,87.13804319
108484,WB_108484,JHARGRAM_BLOCK_6_GP_10,JHARGRAM_BLOCK_6,Jhargram,22.54924833,87.0969878
108485,WB_108485,JHARGRAM_BLOCK_7_GP_1,JHARGRAM_BLOCK_7,Jhargram,22.59669751,87.18113015
108486,WB_108486,JHARGRAM_BLOCK_7_GP_2,JHARGRAM_BLOCK_7,Jhargram,22.59027011,87.19586186
108487,WB_108487,JHARGRAM_BLOCK_7_GP_3,JHARGRAM_BLOCK_7,Jhargram,22.60984678,87.18582346
108488,WB_108488,JHARGRAM_BLOCK_7_GP_4,JHARGRAM_BLOCK_7,Jhargram,22.58432924,87.1776525
108489,WB_108489,JHARGRAM_BLOCK_7_GP_5,JHARGRAM_BLOCK_7,Jhargram,22.60045049,87.20621626
108490,WB_108490,JHARGRAM_BLOCK_7_GP_6,JHARGRAM_BLOCK_7,Jhargram,22.60677252,87.16932981
108491,WB_108491,JHARGRAM_BLOCK_7_GP_7,JHARGRAM_BLOCK_7,Jhargram,22.57671001,87.19413647
108492,WB_108492,JHARGRAM_BLOCK_7_GP_8,JHARGRAM_BLOCK_7,Jhargram,22.61726101,87.19820523
108493,WB_108493,JHARGRAM_BLOCK_7_GP_9,JHARGRAM_BLOCK_7,Jhargram,22.58792897,87.16310393
108494,WB_108494,JHARGRAM_BLOCK_7_GP_10,JHARGRAM_BLOCK_7,Jhargram,22.58787885,87.21348698
108495,WB_108495,JHARGRAM_BLOCK_8_GP_1,JHARGRAM_BLOCK_8,Jhargram,22.66507822,87.26919098
108496,WB_108496,JHARGRAM_BLOCK_8_GP_2,JHARGRAM_BLOCK_8,Jhargram,22.6734993,87.25465243
108497,WB_108497,JHARGRAM_BLOCK_8_GP_3,JHARGRAM_BLOCK_8,Jhargram,22.65185593,87.26247933
108498,WB_108498,JHARGRAM_BLOCK_8_GP_4,JHARGRAM_BLOCK_8,Jhargram,22.67762291,87.27452343
108499,WB_108499,JHARGRAM_BLOCK_8_GP_5,JHARGRAM_BLOCK_8,Jhargram,22.66403529,87.24242221
108500,WB_108500,JHARGRAM_BLOCK_8_GP_6,JHARGRAM_BLOCK_8,Jhargram,22.65317665,87.28016234
108501,WB_108501,JHARGRAM_BLOCK_8_GP_7,JHARGRAM_BLOCK_8,Jhargram,22.68749289,87.25831408
108502,WB_108502,JHARGRAM_BLOCK_8_GP_8,JHARGRAM_BLOCK_8,Jhargram,22.64552012,87.24850585
108503,WB_108503,JHARGRAM_BLOCK_8_GP_9,JHARGRAM_BLOCK_8,Jhargram,22.67218233,87.2892573
108504,WB_108504,KALIMPONG_BLOCK_1_GP_1,KALIMPONG_BLOCK_1,Kalimpong,26.98315956,88.50566957
108505,WB_108505,KALIMPONG_BLOCK_1_GP_2,KALIMPONG_BLOCK_1,Kalimpong,26.99801842,88.49953005
108506,WB_108506,KALIMPONG_BLOCK_1_GP_3,KALIMPONG_BLOCK_1,Kalimpong,26.97717974,88.48821719
108507,WB_108507,KALIMPONG_BLOCK_1_GP_4,KALIMPONG_BLOCK_1,Kalimpong,26.98944101,88.52127808
108508,WB_108508,KALIMPONG_BLOCK_1_GP_5,KALIMPONG_BLOCK_1,Kalimpong,26.99810033,88.48022719
108509,WB_108509,KALIMPONG_BLOCK_1_GP_6,KALIMPONG_BLOCK_1,Kalimpong,26.96778421,88.50556378
108510,WB_108510,KALIMPONG_BLOCK_1_GP_7,KALIMPONG_BLOCK_1,Kalimpong,27.00636853,88.51484405
108511,WB_108511,KALIMPONG_BLOCK_1_GP_8,KALIMPONG_BLOCK_1,Kalimpong,26.98063303,88.46998811
108512,WB_108512,KALIMPONG_BLOCK_1_GP_9,KALIMPONG_BLOCK_1,Kalimpong,26.97670401,88.5301432
108513,WB_108513,KALIMPONG_BLOCK_1_GP_10,KALIMPONG_BLOCK_1,Kalimpong,27.01206028,88.48678175
108514,WB_108514,KALIMPONG_BLOCK_1_GP_11,KALIMPONG_BLOCK_1,Kalimpong,26.96142047,88.48699146
108515,WB_108515,KALIMPONG_BLOCK_2_GP_1,KALIMPONG_BLOCK_2,Kalimpong,27.0654012,88.59288151
108516,WB_108516,KALIMPONG_BLOCK_2_GP_2,KALIMPONG_BLOCK_2,Kalimpong,27.05254832,88.60456565
108517,WB_108517,KALIMPONG_BLOCK_2_GP_3,KALIMPONG_BLOCK_2,Kalimpong,27.07495951,88.60722499
108518,WB_108518,KALIMPONG_BLOCK_2_GP_4,KALIMPONG_BLOCK_2,Kalimpong,27.05596042,88.58041873
108519,WB_108519,KALIMPONG_BLOCK_2_GP_5,KALIMPONG_BLOCK_2,Kalimpong,27.05671926,88.62305036
108520,WB_108520,KALIMPONG_BLOCK_2_GP_6,KALIMPONG_BLOCK_2,Kalimpong,27.08012262,88.58696547
108521,WB_108521,KALIMPONG_BLOCK_2_GP_7,KALIMPONG_BLOCK_2,Kalimpong,27.04119484,88.59319398
108522,WB_108522,KALIMPONG_BLOCK_2_GP_8,KALIMPONG_BLOCK_2,Kalimpong,27.07567119,88.62600262
108523,WB_108523,KALIMPONG_BLOCK_2_GP_9,KALIMPONG_BLOCK_2,Kalimpong,27.0661849,88.56695944
108524,WB_108524,KALIMPONG_BLOCK_2_GP_10,KALIMPONG_BLOCK_2,Kalimpong,27.04193128,88.62224775
108525,WB_108525,KALIMPONG_BLOCK_2_GP_11,KALIMPONG_BLOCK_2,Kalimpong,27.0902945,88.60222931
108526,WB_108526,KALIMPONG_BLOCK_3_GP_1,KALIMPONG_BLOCK_3,Kalimpong,27.13834363,88.70842228
108527,WB_108527,KALIMPONG_BLOCK_3_GP_2,KALIMPONG_BLOCK_3,Kalimpong,27.143813,88.68792736
108528,WB_108528,KALIMPONG_BLOCK_3_GP_3,KALIMPONG_BLOCK_3,Kalimpong,27.12359442,88.70415205
108529,WB_108529,KALIMPONG_BLOCK_3_GP_4,KALIMPONG_BLOCK_3,Kalimpong,27.15212105,88.71119621
108530,WB_108530,KALIMPONG_BLOCK_3_GP_5,KALIMPONG_BLOCK_3,Kalimpong,27.13170704,88.67570719
108531,WB_108531,KALIMPONG_BLOCK_3_GP_6,KALIMPONG_BLOCK_3,Kalimpong,27.12861629,88.72557141
108532,WB_108532,KALIMPONG_BLOCK_3_GP_7,KALIMPONG_BLOCK_3,Kalimpong,27.15870472,88.6882
108533,WB_108533,KALIMPONG_BLOCK_3_GP_8,KALIMPONG_BLOCK_3,Kalimpong,27.11428307,88.68883166
108534,WB_108534,KALIMPONG_BLOCK_3_GP_9,KALIMPONG_BLOCK_3,Kalimpong,27.14970155,88.73102786
108535,WB_108535,KALIMPONG_BLOCK_3_GP_10,KALIMPONG_BLOCK_3,Kalimpong,27.14460665,88.66419477
108536,WB_108536,KALIMPONG_BLOCK_4_GP_1,KALIMPONG_BLOCK_4,Kalimpong,27.2077078,88.80560115
108537,WB_108537,KALIMPONG_BLOCK_4_GP_2,KALIMPONG_BLOCK_4,Kalimpong,27.22353536,88.80032216
108538,WB_108538,KALIMPONG_BLOCK_4_GP_3,KALIMPONG_BLOCK_4,Kalimpong,27.20220572,88.78686208
108539,WB_108539,KALIMPONG_BLOCK_4_GP_4,KALIMPONG_BLOCK_4,Kalimpong,27.21360605,88.82243268
108540,WB_108540,KALIMPONG_BLOCK_4_GP_5,KALIMPONG_BLOCK_4,Kalimpong,27.2244617,88.78011454
108541,WB_108541,KALIMPONG_BLOCK_4_GP_6,KALIMPONG_BLOCK_4,Kalimpong,27.19161133,88.80430008
108542,WB_108542,KALIMPONG_BLOCK_4_GP_7,KALIMPONG_BLOCK_4,Kalimpong,27.23161273,88.81700542
108543,WB_108543,KALIMPONG_BLOCK_4_GP_8,KALIMPONG_BLOCK_4,Kalimpong,27.20661581,88.76803992
108544,WB_108544,KALIMPONG_BLOCK_4_GP_9,KALIMPONG_BLOCK_4,Kalimpong,27.19988181,88.83073019
108545,WB_108545,KALIMPONG_BLOCK_4_GP_10,KALIMPONG_BLOCK_4,Kalimpong,27.23879515,88.7880592
108546,WB_108546,MALDA_BLOCK_1_GP_1,MALDA_BLOCK_1,Malda,24.71846236,87.76985284
108547,WB_108547,MALDA_BLOCK_1_GP_2,MALDA_BLOCK_1,Malda,24.72363694,87.7777322
108548,WB_108548,MALDA_BLOCK_1_GP_3,MALDA_BLOCK_1,Malda,24.72508057,87.76417447
108549,WB_108549,MALDA_BLOCK_1_GP_4,MALDA_BLOCK_1,Malda,24.71270001,87.7754748
108550,WB_108550,MALDA_BLOCK_1_GP_5,MALDA_BLOCK_1,Malda,24.73208045,87.77535057
108551,WB_108551,MALDA_BLOCK_1_GP_6,MALDA_BLOCK_1,Malda,24.71592851,87.76088675
108552,WB_108552,MALDA_BLOCK_1_GP_7,MALDA_BLOCK_1,Malda,24.71835033,87.78452163
108553,WB_108553,MALDA_BLOCK_1_GP_8,MALDA_BLOCK_1,Malda,24.73362088,87.76389106
108554,WB_108554,MALDA_BLOCK_1_GP_9,MALDA_BLOCK_1,Malda,24.70669119,87.76917398
108555,WB_108555,MALDA_BLOCK_1_GP_10,MALDA_BLOCK_1,Malda,24.73156054,87.7843041
108556,WB_108556,MALDA_BLOCK_2_GP_1,MALDA_BLOCK_2,Malda,24.76254337,87.81225728
108557,WB_108557,MALDA_BLOCK_2_GP_2,MALDA_BLOCK_2,Malda,24.76492857,87.82137711
108558,WB_108558,MALDA_BLOCK_2_GP_3,MALDA_BLOCK_2,Malda,24.77062918,87.80899166
108559,WB_108559,MALDA_BLOCK_2_GP_4,MALDA_BLOCK_2,Malda,24.75528656,87.81574295
108560,WB_108560,MALDA_BLOCK_2_GP_5,MALDA_BLOCK_2,Malda,24.77369043,87.82181868
108561,WB_108561,MALDA_BLOCK_2_GP_6,MALDA_BLOCK_2,Malda,24.7630077,87.8029516
108562,WB_108562,MALDA_BLOCK_2_GP_7,MALDA_BLOCK_2,Malda,24.75774947,87.82612106
108563,WB_108563,MALDA_BLOCK_2_GP_8,MALDA_BLOCK_2,Malda,24.77881223,87.81145237
108564,WB_108564,MALDA_BLOCK_2_GP_9,MALDA_BLOCK_2,Malda,24.7516064,87.80785228
108565,WB_108565,MALDA_BLOCK_2_GP_10,MALDA_BLOCK_2,Malda,24.77033649,87.83013656
108566,WB_108566,MALDA_BLOCK_3_GP_1,MALDA_BLOCK_3,Malda,24.81181463,87.85953257
108567,WB_108567,MALDA_BLOCK_3_GP_2,MALDA_BLOCK_3,Malda,24.80529025,87.85272867
108568,WB_108568,MALDA_BLOCK_3_GP_3,MALDA_BLOCK_3,Malda,24.80634259,87.86632237
108569,WB_108569,MALDA_BLOCK_3_GP_4,MALDA_BLOCK_3,Malda,24.81645543,87.85295426
108570,WB_108570,MALDA_BLOCK_3_GP_5,MALDA_BLOCK_3,Malda,24.79742245,87.85660977
108571,WB_108571,MALDA_BLOCK_3_GP_6,MALDA_BLOCK_3,Malda,24.81594067,87.86788643
108572,WB_108572,MALDA_BLOCK_3_GP_7,MALDA_BLOCK_3,Malda,24.80925043,87.8450892
108573,WB_108573,MALDA_BLOCK_3_GP_8,MALDA_BLOCK_3,Malda,24.79799708,87.86815806
108574,WB_108574,MALDA_BLOCK_3_GP_9,MALDA_BLOCK_3,Malda,24.82351228,87.85805398
108575,WB_108575,MALDA_BLOCK_3_GP_10,MALDA_BLOCK_3,Malda,24.79630128,87.84771151
108576,WB_108576,MALDA_BLOCK_4_GP_1,MALDA_BLOCK_4,Malda,24.85339554,87.9049176
108577,WB_108577,MALDA_BLOCK_4_GP_2,MALDA_BLOCK_4,Malda,24.85326215,87.89549195
108578,WB_108578,MALDA_BLOCK_4_GP_3,MALDA_BLOCK_4,Malda,24.84476318,87.90615327
108579,WB_108579,MALDA_BLOCK_4_GP_4,MALDA_BLOCK_4,Malda,24.86127565,87.90326987
108580,WB_108580,MALDA_BLOCK_4_GP_5,MALDA_BLOCK_4,Malda,24.84486056,87.89296638
108581,WB_108581,MALDA_BLOCK_4_GP_6,MALDA_BLOCK_4,Malda,24.85071773,87.91384175
108582,WB_108582,MALDA_BLOCK_4_GP_7,MALDA_BLOCK_4,Malda,24.86136793,87.89260391
108583,WB_108583,MALDA_BLOCK_4_GP_8,MALDA_BLOCK_4,Malda,24.83740679,87.90180576
108584,WB_108584,MALDA_BLOCK_4_GP_9,MALDA_BLOCK_4,Malda,24.86296053,87.91181196
108585,WB_108585,MALDA_BLOCK_4_GP_10,MALDA_BLOCK_4,Malda,24.85010764,87.88569285
108586,WB_108586,MALDA_BLOCK_5_GP_1,MALDA_BLOCK_5,Malda,24.89289,87.94801753
108587,WB_108587,MALDA_BLOCK_5_GP_2,MALDA_BLOCK_5,Malda,24.90122526,87.9436148
108588,WB_108588,MALDA_BLOCK_5_GP_3,MALDA_BLOCK_5,Malda,24.88786596,87.94088986
108589,WB_108589,MALDA_BLOCK_5_GP_4,MALDA_BLOCK_5,Malda,24.89793918,87.95428785
108590,WB_108590,MALDA_BLOCK_5_GP_5,MALDA_BLOCK_5,Malda,24.89965643,87.93498323
108591,WB_108591,MALDA_BLOCK_5_GP_6,MALDA_BLOCK_5,Malda,24.88372377,87.94968824
108592,WB_108592,MALDA_BLOCK_5_GP_7,MALDA_BLOCK_5,Malda,24.90748182,87.94952242
108593,WB_108593,MALDA_BLOCK_5_GP_8,MALDA_BLOCK_5,Malda,24.88839507,87.93236124
108594,WB_108594,MALDA_BLOCK_5_GP_9,MALDA_BLOCK_5,Malda,24.89109609,87.95967099
108595,WB_108595,MALDA_BLOCK_5_GP_10,MALDA_BLOCK_5,Malda,24.9085201,87.93635127
108596,WB_108596,MALDA_BLOCK_6_GP_1,MALDA_BLOCK_6,Malda,24.9384947,87.98465481
108597,WB_108597,MALDA_BLOCK_6_GP_2,MALDA_BLOCK_6,Malda,24.93382343,87.99284259
108598,WB_108598,MALDA_BLOCK_6_GP_3,MALDA_BLOCK_6,Malda,24.94655881,87.98797367
108599,WB_108599,MALDA_BLOCK_6_GP_4,MALDA_BLOCK_6,Malda,24.93086942,87.98207291
108600,WB_108600,MALDA_BLOCK_6_GP_5,MALDA_BLOCK_6,Malda,24.93977882,87.99928452
108601,WB_108601,MALDA_BLOCK_6_GP_6,MALDA_BLOCK_6,Malda,24.94533314,87.97832655
108602,WB_108602,MALDA_BLOCK_6_GP_7,MALDA_BLOCK_6,Malda,24.92537392,87.99121461
108603,WB_108603,MALDA_BLOCK_6_GP_8,MALDA_BLOCK_6,Malda,24.95068862,87.99545445
108604,WB_108604,MALDA_BLOCK_6_GP_9,MALDA_BLOCK_6,Malda,24.93375546,87.97385847
108605,WB_108605,MALDA_BLOCK_6_GP_10,MALDA_BLOCK_6,Malda,24.93156516,88.00288618
108606,WB_108606,MALDA_BLOCK_7_GP_1,MALDA_BLOCK_7,Malda,24.97866698,88.03380196
108607,WB_108607,MALDA_BLOCK_7_GP_2,MALDA_BLOCK_7,Malda,24.987996,88.03244914
108608,WB_108608,MALDA_BLOCK_7_GP_3,MALDA_BLOCK_7,Malda,24.97632389,88.02540228
108609,WB_108609,MALDA_BLOCK_7_GP_4,MALDA_BLOCK_7,Malda,24.98132124,88.04140235
108610,WB_108610,MALDA_BLOCK_7_GP_5,MALDA_BLOCK_7,Malda,24.98941237,88.02379125
108611,WB_108611,MALDA_BLOCK_7_GP_6,MALDA_BLOCK_7,Malda,24.96947121,88.03230229
108612,WB_108612,MALDA_BLOCK_7_GP_7,MALDA_BLOCK_7,Malda,24.99190936,88.0401127
108613,WB_108613,MALDA_BLOCK_7_GP_8,MALDA_BLOCK_7,Malda,24.97968221,88.01754487
108614,WB_108614,MALDA_BLOCK_7_GP_9,MALDA_BLOCK_7,Malda,24.97306925,88.04417918
108615,WB_108615,MALDA_BLOCK_7_GP_10,MALDA_BLOCK_7,Malda,24.99730412,88.02805228
108616,WB_108616,MALDA_BLOCK_8_GP_1,MALDA_BLOCK_8,Malda,25.02173637,88.07670479
108617,WB_108617,MALDA_BLOCK_8_GP_2,MALDA_BLOCK_8,Malda,25.03116275,88.0766411
108618,WB_108618,MALDA_BLOCK_8_GP_3,MALDA_BLOCK_8,Malda,25.02056457,88.06806352
108619,WB_108619,MALDA_BLOCK_8_GP_4,MALDA_BLOCK_8,Malda,25.02332578,88.08459687
108620,WB_108620,MALDA_BLOCK_8_GP_5,MALDA_BLOCK_8,Malda,25.03375038,88.06825843
108621,WB_108621,MALDA_BLOCK_8_GP_6,MALDA_BLOCK_8,Malda,25.01283227,88.07396104
108622,WB_108622,MALDA_BLOCK_8_GP_7,MALDA_BLOCK_8,Malda,25.03399076,88.08476803
108623,WB_108623,MALDA_BLOCK_8_GP_8,MALDA_BLOCK_8,Malda,25.02496638,88.06073949
108624,WB_108624,MALDA_BLOCK_8_GP_9,MALDA_BLOCK_8,Malda,25.01477146,88.08621853
108625,WB_108625,MALDA_BLOCK_8_GP_10,MALDA_BLOCK_8,Malda,25.04098491,88.07355915
108626,WB_108626,MALDA_BLOCK_9_GP_1,MALDA_BLOCK_9,Malda,25.06868845,88.12199823
108627,WB_108627,MALDA_BLOCK_9_GP_2,MALDA_BLOCK_9,Malda,25.07216766,88.11323719
108628,WB_108628,MALDA_BLOCK_9_GP_3,MALDA_BLOCK_9,Malda,25.06023918,88.11984081
108629,WB_108629,MALDA_BLOCK_9_GP_4,MALDA_BLOCK_9,Malda,25.07660006,88.12348737
108630,WB_108630,MALDA_BLOCK_9_GP_5,MALDA_BLOCK_9,Malda,25.06536919,88.10769229
108631,WB_108631,MALDA_BLOCK_9_GP_6,MALDA_BLOCK_9,Malda,25.06280313,88.1292214
108632,WB_108632,MALDA_BLOCK_9_GP_7,MALDA_BLOCK_9,Malda,25.08076186,88.11366643
108633,WB_108633,MALDA_BLOCK_9_GP_8,MALDA_BLOCK_9,Malda,25.05510291,88.11301175
108634,WB_108634,MALDA_BLOCK_9_GP_9,MALDA_BLOCK_9,Malda,25.07489225,88.1320249
108635,WB_108635,MALDA_BLOCK_9_GP_10,MALDA_BLOCK_9,Malda,25.07299784,88.10297638
108636,WB_108636,MALDA_BLOCK_10_GP_1,MALDA_BLOCK_10,Malda,25.108903,88.16409971
108637,WB_108637,MALDA_BLOCK_10_GP_2,MALDA_BLOCK_10,Malda,25.11804293,88.16179273
108638,WB_108638,MALDA_BLOCK_10_GP_3,MALDA_BLOCK_10,Malda,25.10570678,88.15598621
108639,WB_108639,MALDA_BLOCK_10_GP_4,MALDA_BLOCK_10,Malda,25.11232636,88.17138612
108640,WB_108640,MALDA_BLOCK_10_GP_5,MALDA_BLOCK_10,Malda,25.11855956,88.15303498
108641,WB_108641,MALDA_BLOCK_10_GP_6,MALDA_BLOCK_10,Malda,25.09960164,88.16355566
108642,WB_108642,MALDA_BLOCK_10_GP_7,MALDA_BLOCK_10,Malda,25.1227252,88.16901222
108643,WB_108643,MALDA_BLOCK_10_GP_8,MALDA_BLOCK_10,Malda,25.10823751,88.14782455
108644,WB_108644,MALDA_BLOCK_10_GP_9,MALDA_BLOCK_10,Malda,25.10440445,88.17499853
108645,WB_108645,MALDA_BLOCK_10_GP_10,MALDA_BLOCK_10,Malda,25.1268484,88.15646007
108646,WB_108646,MALDA_BLOCK_11_GP_1,MALDA_BLOCK_11,Malda,25.15137872,88.20566627
108647,WB_108647,MALDA_BLOCK_11_GP_2,MALDA_BLOCK_11,Malda,25.16040448,88.2083859
108648,WB_108648,MALDA_BLOCK_11_GP_3,MALDA_BLOCK_11,Malda,25.15280795,88.19706384
108649,WB_108649,MALDA_BLOCK_11_GP_4,MALDA_BLOCK_11,Malda,25.1505695,88.21367604
108650,WB_108650,MALDA_BLOCK_11_GP_5,MALDA_BLOCK_11,Malda,25.1653496,88.20113945
108651,WB_108651,MALDA_BLOCK_11_GP_6,MALDA_BLOCK_11,Malda,25.1436801,88.20041819
108652,WB_108652,MALDA_BLOCK_11_GP_7,MALDA_BLOCK_11,Malda,25.16070949,88.2169854
108653,WB_108653,MALDA_BLOCK_11_GP_8,MALDA_BLOCK_11,Malda,25.15917426,88.19136406
108654,WB_108654,MALDA_BLOCK_11_GP_9,MALDA_BLOCK_11,Malda,25.14191745,88.2127023
108655,WB_108655,MALDA_BLOCK_11_GP_10,MALDA_BLOCK_11,Malda,25.17069871,88.20833828
108656,WB_108656,MALDA_BLOCK_12_GP_1,MALDA_BLOCK_12,Malda,25.19545631,88.25093846
108657,WB_108657,MALDA_BLOCK_12_GP_2,MALDA_BLOCK_12,Malda,25.20505571,88.24837223
108658,WB_108658,MALDA_BLOCK_12_GP_3,MALDA_BLOCK_12,Malda,25.19196796,88.24243403
108659,WB_108659,MALDA_BLOCK_12_GP_4,MALDA_BLOCK_12,Malda,25.19917189,88.25856781
108660,WB_108660,MALDA_BLOCK_12_GP_5,MALDA_BLOCK_12,Malda,25.20547115,88.23913403
108661,WB_108661,MALDA_BLOCK_12_GP_6,MALDA_BLOCK_12,Malda,25.18564476,88.25050213
108662,WB_108662,MALDA_BLOCK_12_GP_7,MALDA_BLOCK_12,Malda,25.21009717,88.25591248
108663,WB_108663,MALDA_BLOCK_12_GP_8,MALDA_BLOCK_12,Malda,25.19451503,88.23379443
108664,WB_108664,MALDA_BLOCK_12_GP_9,MALDA_BLOCK_12,Malda,25.19087552,88.26249201
108665,WB_108665,MALDA_BLOCK_13_GP_1,MALDA_BLOCK_13,Malda,25.24400518,88.28856904
108666,WB_108666,MALDA_BLOCK_13_GP_2,MALDA_BLOCK_13,Malda,25.23505584,88.29288682
108667,WB_108667,MALDA_BLOCK_13_GP_3,MALDA_BLOCK_13,Malda,25.24902382,88.29627016
108668,WB_108668,MALDA_BLOCK_13_GP_4,MALDA_BLOCK_13,Malda,25.23892714,88.28177007
108669,WB_108669,MALDA_BLOCK_13_GP_5,MALDA_BLOCK_13,Malda,25.23637703,88.30203948
108670,WB_108670,MALDA_BLOCK_13_GP_6,MALDA_BLOCK_13,Malda,25.25372497,88.28716103
108671,WB_108671,MALDA_BLOCK_13_GP_7,MALDA_BLOCK_13,Malda,25.22869203,88.28642356
108672,WB_108672,MALDA_BLOCK_13_GP_8,MALDA_BLOCK_13,Malda,25.24813901,88.30523383
108673,WB_108673,MALDA_BLOCK_13_GP_9,MALDA_BLOCK_13,Malda,25.24634229,88.27636223
108674,WB_108674,MALDA_BLOCK_14_GP_1,MALDA_BLOCK_14,Malda,25.28469236,88.33113098
108675,WB_108675,MALDA_BLOCK_14_GP_2,MALDA_BLOCK_14,Malda,25.28086622,88.34030129
108676,WB_108676,MALDA_BLOCK_14_GP_3,MALDA_BLOCK_14,Malda,25.29355812,88.33355837
108677,WB_108677,MALDA_BLOCK_14_GP_4,MALDA_BLOCK_14,Malda,25.2763811,88.32941768
108678,WB_108678,MALDA_BLOCK_14_GP_5,MALDA_BLOCK_14,Malda,25.28793055,88.34626887
108679,WB_108679,MALDA_BLOCK_14_GP_6,MALDA_BLOCK_14,Malda,25.29102643,88.32362522
108680,WB_108680,MALDA_BLOCK_14_GP_7,MALDA_BLOCK_14,Malda,25.27181628,88.33969265
108681,WB_108681,MALDA_BLOCK_14_GP_8,MALDA_BLOCK_14,Malda,25.29884727,88.34084915
108682,WB_108682,MALDA_BLOCK_14_GP_9,MALDA_BLOCK_14,Malda,25.27833625,88.32045072
108683,WB_108683,MALDA_BLOCK_15_GP_1,MALDA_BLOCK_15,Malda,25.32669051,88.38184973
108684,WB_108684,MALDA_BLOCK_15_GP_2,MALDA_BLOCK_15,Malda,25.33454561,88.3757644
108685,WB_108685,MALDA_BLOCK_15_GP_3,MALDA_BLOCK_15,Malda,25.32017937,88.37536135
108686,WB_108686,MALDA_BLOCK_15_GP_4,MALDA_BLOCK_15,Malda,25.33307203,88.38744335
108687,WB_108687,MALDA_BLOCK_15_GP_5,MALDA_BLOCK_15,Malda,25.33134899,88.36708694
108688,WB_108688,MALDA_BLOCK_15_GP_6,MALDA_BLOCK_15,Malda,25.31747639,88.38524927
108689,WB_108689,MALDA_BLOCK_15_GP_7,MALDA_BLOCK_15,Malda,25.34211493,88.38076213
108690,WB_108690,MALDA_BLOCK_15_GP_8,MALDA_BLOCK_15,Malda,25.31917979,88.36640975
108691,WB_108691,MALDA_BLOCK_15_GP_9,MALDA_BLOCK_15,Malda,25.32694435,88.39427566
108692,WB_108692,MURSHIDABAD_BLOCK_1_GP_1,MURSHIDABAD_BLOCK_1,Murshidabad,23.77461234,87.81742209
108693,WB_108693,MURSHIDABAD_BLOCK_1_GP_2,MURSHIDABAD_BLOCK_1,Murshidabad,23.76558915,87.81585656
108694,WB_108694,MURSHIDABAD_BLOCK_1_GP_3,MURSHIDABAD_BLOCK_1,Murshidabad,23.77401491,87.82475693
108695,WB_108695,MURSHIDABAD_BLOCK_1_GP_4,MURSHIDABAD_BLOCK_1,Murshidabad,23.77466169,87.81063405
108696,WB_108696,MURSHIDABAD_BLOCK_1_GP_5,MURSHIDABAD_BLOCK_1,Murshidabad,23.76144952,87.82233259
108697,WB_108697,MURSHIDABAD_BLOCK_1_GP_6,MURSHIDABAD_BLOCK_1,Murshidabad,23.7825783,87.8212156
108698,WB_108698,MURSHIDABAD_BLOCK_1_GP_7,MURSHIDABAD_BLOCK_1,Murshidabad,23.7645012,87.80866203
108699,WB_108699,MURSHIDABAD_BLOCK_1_GP_8,MURSHIDABAD_BLOCK_1,Murshidabad,23.76835156,87.83004759
108700,WB_108700,MURSHIDABAD_BLOCK_1_GP_9,MURSHIDABAD_BLOCK_1,Murshidabad,23.78316096,87.81076372
108701,WB_108701,MURSHIDABAD_BLOCK_1_GP_10,MURSHIDABAD_BLOCK_1,Murshidabad,23.75558771,87.81671479
108702,WB_108702,MURSHIDABAD_BLOCK_2_GP_1,MURSHIDABAD_BLOCK_2,Murshidabad,23.81414329,87.85175934
108703,WB_108703,MURSHIDABAD_BLOCK_2_GP_2,MURSHIDABAD_BLOCK_2,Murshidabad,23.80846118,87.85801206
108704,WB_108704,MURSHIDABAD_BLOCK_2_GP_3,MURSHIDABAD_BLOCK_2,Murshidabad,23.82145718,87.85552329
108705,WB_108705,MURSHIDABAD_BLOCK_2_GP_4,MURSHIDABAD_BLOCK_2,Murshidabad,23.80714785,87.84866427
108706,WB_108706,MURSHIDABAD_BLOCK_2_GP_5,MURSHIDABAD_BLOCK_2,Murshidabad,23.81329197,87.86412062
108707,WB_108707,MURSHIDABAD_BLOCK_2_GP_6,MURSHIDABAD_BLOCK_2,Murshidabad,23.82165262,87.84732523
108708,WB_108708,MURSHIDABAD_BLOCK_2_GP_7,MURSHIDABAD_BLOCK_2,Murshidabad,23.80053332,87.8556109
108709,WB_108709,MURSHIDABAD_BLOCK_2_GP_8,MURSHIDABAD_BLOCK_2,Murshidabad,23.8243763,87.86227295
108710,WB_108710,MURSHIDABAD_BLOCK_2_GP_9,MURSHIDABAD_BLOCK_2,Murshidabad,23.81110958,87.84216889
108711,WB_108711,MURSHIDABAD_BLOCK_2_GP_10,MURSHIDABAD_BLOCK_2,Murshidabad,23.80484425,87.86611066
108712,WB_108712,MURSHIDABAD_BLOCK_3_GP_1,MURSHIDABAD_BLOCK_3,Murshidabad,23.85614331,87.88825831
108713,WB_108713,MURSHIDABAD_BLOCK_3_GP_2,MURSHIDABAD_BLOCK_3,Murshidabad,23.85110832,87.89491184
108714,WB_108714,MURSHIDABAD_BLOCK_3_GP_3,MURSHIDABAD_BLOCK_3,Murshidabad,23.86380657,87.89146215
108715,WB_108715,MURSHIDABAD_BLOCK_3_GP_4,MURSHIDABAD_BLOCK_3,Murshidabad,23.84886427,87.88569708
108716,WB_108716,MURSHIDABAD_BLOCK_3_GP_5,MURSHIDABAD_BLOCK_3,Murshidabad,23.85653246,87.90063688
108717,WB_108717,MURSHIDABAD_BLOCK_3_GP_6,MURSHIDABAD_BLOCK_3,Murshidabad,23.86318071,87.88328018
108718,WB_108718,MURSHIDABAD_BLOCK_3_GP_7,MURSHIDABAD_BLOCK_3,Murshidabad,23.8429698,87.89311152
108719,WB_108719,MURSHIDABAD_BLOCK_3_GP_8,MURSHIDABAD_BLOCK_3,Murshidabad,23.86739036,87.89796862
108720,WB_108720,MURSHIDABAD_BLOCK_3_GP_9,MURSHIDABAD_BLOCK_3,Murshidabad,23.85216103,87.87893025
108721,WB_108721,MURSHIDABAD_BLOCK_3_GP_10,MURSHIDABAD_BLOCK_3,Murshidabad,23.84831555,87.90325014
108722,WB_108722,MURSHIDABAD_BLOCK_4_GP_1,MURSHIDABAD_BLOCK_4,Murshidabad,23.89497296,87.9263184
108723,WB_108723,MURSHIDABAD_BLOCK_4_GP_2,MURSHIDABAD_BLOCK_4,Murshidabad,23.8999194,87.93302128
108724,WB_108724,MURSHIDABAD_BLOCK_4_GP_3,MURSHIDABAD_BLOCK_4,Murshidabad,23.90150973,87.92160718
108725,WB_108725,MURSHIDABAD_BLOCK_4_GP_4,MURSHIDABAD_BLOCK_4,Murshidabad,23.88927247,87.93099193
108726,WB_108726,MURSHIDABAD_BLOCK_4_GP_5,MURSHIDABAD_BLOCK_4,Murshidabad,23.9081941,87.93111064
108727,WB_108727,MURSHIDABAD_BLOCK_4_GP_6,MURSHIDABAD_BLOCK_4,Murshidabad,23.89261901,87.91872973
108728,WB_108728,MURSHIDABAD_BLOCK_4_GP_7,MURSHIDABAD_BLOCK_4,Murshidabad,23.89466777,87.93868461
108729,WB_108729,MURSHIDABAD_BLOCK_4_GP_8,MURSHIDABAD_BLOCK_4,Murshidabad,23.90985091,87.9214667
108730,WB_108730,MURSHIDABAD_BLOCK_4_GP_9,MURSHIDABAD_BLOCK_4,Murshidabad,23.88349054,87.92561033
108731,WB_108731,MURSHIDABAD_BLOCK_4_GP_10,MURSHIDABAD_BLOCK_4,Murshidabad,23.90756701,87.93865352
108732,WB_108732,MURSHIDABAD_BLOCK_5_GP_1,MURSHIDABAD_BLOCK_5,Murshidabad,23.93942244,87.96143165
108733,WB_108733,MURSHIDABAD_BLOCK_5_GP_2,MURSHIDABAD_BLOCK_5,Murshidabad,23.93756093,87.96921582
108734,WB_108734,MURSHIDABAD_BLOCK_5_GP_3,MURSHIDABAD_BLOCK_5,Murshidabad,23.94791206,87.9619873
108735,WB_108735,MURSHIDABAD_BLOCK_5_GP_4,MURSHIDABAD_BLOCK_5,Murshidabad,23.93156299,87.9613523
108736,WB_108736,MURSHIDABAD_BLOCK_5_GP_5,MURSHIDABAD_BLOCK_5,Murshidabad,23.94503697,87.97282595
108737,WB_108737,MURSHIDABAD_BLOCK_5_GP_6,MURSHIDABAD_BLOCK_5,Murshidabad,23.94385798,87.95457259
108738,WB_108738,MURSHIDABAD_BLOCK_5_GP_7,MURSHIDABAD_BLOCK_5,Murshidabad,23.92922465,87.97011647
108739,WB_108739,MURSHIDABAD_BLOCK_5_GP_8,MURSHIDABAD_BLOCK_5,Murshidabad,23.95400735,87.96690693
108740,WB_108740,MURSHIDABAD_BLOCK_5_GP_9,MURSHIDABAD_BLOCK_5,Murshidabad,23.93175912,87.95401283
108741,WB_108741,MURSHIDABAD_BLOCK_5_GP_10,MURSHIDABAD_BLOCK_5,Murshidabad,23.93850053,87.97785795
108742,WB_108742,MURSHIDABAD_BLOCK_6_GP_1,MURSHIDABAD_BLOCK_6,Murshidabad,23.97934687,87.99982513
108743,WB_108743,MURSHIDABAD_BLOCK_6_GP_2,MURSHIDABAD_BLOCK_6,Murshidabad,23.98542544,88.00579328
108744,WB_108744,MURSHIDABAD_BLOCK_6_GP_3,MURSHIDABAD_BLOCK_6,Murshidabad,23.98496937,87.99430359
108745,WB_108745,MURSHIDABAD_BLOCK_6_GP_4,MURSHIDABAD_BLOCK_6,Murshidabad,23.97454406,88.00519861
108746,WB_108746,MURSHIDABAD_BLOCK_6_GP_5,MURSHIDABAD_BLOCK_6,Murshidabad,23.99326278,88.0028089
108747,WB_108747,MURSHIDABAD_BLOCK_6_GP_6,MURSHIDABAD_BLOCK_6,Murshidabad,23.97567275,87.99263817
108748,WB_108748,MURSHIDABAD_BLOCK_6_GP_7,MURSHIDABAD_BLOCK_6,Murshidabad,23.981242,88.01208538
108749,WB_108749,MURSHIDABAD_BLOCK_6_GP_8,MURSHIDABAD_BLOCK_6,Murshidabad,23.99318685,87.99305961
108750,WB_108750,MURSHIDABAD_BLOCK_6_GP_9,MURSHIDABAD_BLOCK_6,Murshidabad,23.9678746,88.00064679
108751,WB_108751,MURSHIDABAD_BLOCK_6_GP_10,MURSHIDABAD_BLOCK_6,Murshidabad,23.99398302,88.01034557
108752,WB_108752,MURSHIDABAD_BLOCK_7_GP_1,MURSHIDABAD_BLOCK_7,Murshidabad,24.02268574,88.0398758
108753,WB_108753,MURSHIDABAD_BLOCK_7_GP_2,MURSHIDABAD_BLOCK_7,Murshidabad,24.03117422,88.03680415
108754,WB_108754,MURSHIDABAD_BLOCK_7_GP_3,MURSHIDABAD_BLOCK_7,Murshidabad,24.01841989,88.03351237
108755,WB_108755,MURSHIDABAD_BLOCK_7_GP_4,MURSHIDABAD_BLOCK_7,Murshidabad,24.02705058,88.04552107
108756,WB_108756,MURSHIDABAD_BLOCK_7_GP_5,MURSHIDABAD_BLOCK_7,Murshidabad,24.03039917,88.02943716
108757,WB_108757,MURSHIDABAD_BLOCK_7_GP_6,MURSHIDABAD_BLOCK_7,Murshidabad,24.01362674,88.04059057
108758,WB_108758,MURSHIDABAD_BLOCK_7_GP_7,MURSHIDABAD_BLOCK_7,Murshidabad,24.03674472,88.04223549
108759,WB_108759,MURSHIDABAD_BLOCK_7_GP_8,MURSHIDABAD_BLOCK_7,Murshidabad,24.01967603,88.02638939
108760,WB_108760,MURSHIDABAD_BLOCK_7_GP_9,MURSHIDABAD_BLOCK_7,Murshidabad,24.01992791,88.04952817
108761,WB_108761,MURSHIDABAD_BLOCK_7_GP_10,MURSHIDABAD_BLOCK_7,Murshidabad,24.03889969,88.03125175
108762,WB_108762,MURSHIDABAD_BLOCK_8_GP_1,MURSHIDABAD_BLOCK_8,Murshidabad,24.06586075,88.07688057
108763,WB_108763,MURSHIDABAD_BLOCK_8_GP_2,MURSHIDABAD_BLOCK_8,Murshidabad,24.07300591,88.07187069
108764,WB_108764,MURSHIDABAD_BLOCK_8_GP_3,MURSHIDABAD_BLOCK_8,Murshidabad,24.05969443,88.07181051
108765,WB_108765,MURSHIDABAD_BLOCK_8_GP_4,MURSHIDABAD_BLOCK_8,Murshidabad,24.07188816,88.08123743
108766,WB_108766,MURSHIDABAD_BLOCK_8_GP_5,MURSHIDABAD_BLOCK_8,Murshidabad,24.06986253,88.0649895
108767,WB_108767,MURSHIDABAD_BLOCK_8_GP_6,MURSHIDABAD_BLOCK_8,Murshidabad,24.05740041,88.07976736
108768,WB_108768,MURSHIDABAD_BLOCK_8_GP_7,MURSHIDABAD_BLOCK_8,Murshidabad,24.0801206,88.07572933
108769,WB_108769,MURSHIDABAD_BLOCK_8_GP_8,MURSHIDABAD_BLOCK_8,Murshidabad,24.05857969,88.06467
108770,WB_108770,MURSHIDABAD_BLOCK_8_GP_9,MURSHIDABAD_BLOCK_8,Murshidabad,24.06635835,88.08681316
108771,WB_108771,MURSHIDABAD_BLOCK_8_GP_10,MURSHIDABAD_BLOCK_8,Murshidabad,24.07861084,88.0646656
108772,WB_108772,MURSHIDABAD_BLOCK_9_GP_1,MURSHIDABAD_BLOCK_9,Murshidabad,24.10677481,88.10867408
108773,WB_108773,MURSHIDABAD_BLOCK_9_GP_2,MURSHIDABAD_BLOCK_9,Murshidabad,24.11066543,88.11587739
108774,WB_108774,MURSHIDABAD_BLOCK_9_GP_3,MURSHIDABAD_BLOCK_9,Murshidabad,24.11396793,88.10474037
108775,WB_108775,MURSHIDABAD_BLOCK_9_GP_4,MURSHIDABAD_BLOCK_9,Murshidabad,24.1004165,88.11266472
108776,WB_108776,MURSHIDABAD_BLOCK_9_GP_5,MURSHIDABAD_BLOCK_9,Murshidabad,24.11915816,88.11491627
108777,WB_108777,MURSHIDABAD_BLOCK_9_GP_6,MURSHIDABAD_BLOCK_9,Murshidabad,24.10558841,88.10088492
108778,WB_108778,MURSHIDABAD_BLOCK_9_GP_7,MURSHIDABAD_BLOCK_9,Murshidabad,24.10460248,88.12089998
108779,WB_108779,MURSHIDABAD_BLOCK_9_GP_8,MURSHIDABAD_BLOCK_9,Murshidabad,24.12225894,88.10554176
108780,WB_108780,MURSHIDABAD_BLOCK_9_GP_9,MURSHIDABAD_BLOCK_9,Murshidabad,24.09549776,88.10667715
108781,WB_108781,MURSHIDABAD_BLOCK_9_GP_10,MURSHIDABAD_BLOCK_9,Murshidabad,24.11739598,88.12232385
108782,WB_108782,MURSHIDABAD_BLOCK_10_GP_1,MURSHIDABAD_BLOCK_10,Murshidabad,24.14932021,88.1449739
108783,WB_108783,MURSHIDABAD_BLOCK_10_GP_2,MURSHIDABAD_BLOCK_10,Murshidabad,24.15234625,88.15248044
108784,WB_108784,MURSHIDABAD_BLOCK_10_GP_3,MURSHIDABAD_BLOCK_10,Murshidabad,24.15693759,88.14168947
108785,WB_108785,MURSHIDABAD_BLOCK_10_GP_4,MURSHIDABAD_BLOCK_10,Murshidabad,24.14252668,88.14838799
108786,WB_108786,MURSHIDABAD_BLOCK_10_GP_5,MURSHIDABAD_BLOCK_10,Murshidabad,24.16090802,88.15226697
108787,WB_108787,MURSHIDABAD_BLOCK_10_GP_6,MURSHIDABAD_BLOCK_10,Murshidabad,24.14905318,88.13712103
108788,WB_108788,MURSHIDABAD_BLOCK_10_GP_7,MURSHIDABAD_BLOCK_10,Murshidabad,24.14572557,88.15694699
108789,WB_108789,MURSHIDABAD_BLOCK_10_GP_8,MURSHIDABAD_BLOCK_10,Murshidabad,24.16509201,88.14321181
108790,WB_108790,MURSHIDABAD_BLOCK_10_GP_9,MURSHIDABAD_BLOCK_10,Murshidabad,24.13833526,88.14200104
108791,WB_108791,MURSHIDABAD_BLOCK_10_GP_10,MURSHIDABAD_BLOCK_10,Murshidabad,24.15828636,88.15948236
108792,WB_108792,MURSHIDABAD_BLOCK_11_GP_1,MURSHIDABAD_BLOCK_11,Murshidabad,24.19119509,88.18199081
108793,WB_108793,MURSHIDABAD_BLOCK_11_GP_2,MURSHIDABAD_BLOCK_11,Murshidabad,24.19585487,88.18884519
108794,WB_108794,MURSHIDABAD_BLOCK_11_GP_3,MURSHIDABAD_BLOCK_11,Murshidabad,24.19792667,88.17748884
108795,WB_108795,MURSHIDABAD_BLOCK_11_GP_4,MURSHIDABAD_BLOCK_11,Murshidabad,24.18530082,88.18648147
108796,WB_108796,MURSHIDABAD_BLOCK_11_GP_5,MURSHIDABAD_BLOCK_11,Murshidabad,24.20420482,88.18719673
108797,WB_108797,MURSHIDABAD_BLOCK_11_GP_6,MURSHIDABAD_BLOCK_11,Murshidabad,24.18916352,88.17433297
108798,WB_108798,MURSHIDABAD_BLOCK_11_GP_7,MURSHIDABAD_BLOCK_11,Murshidabad,24.19036731,88.19433914
108799,WB_108799,MURSHIDABAD_BLOCK_11_GP_8,MURSHIDABAD_BLOCK_11,Murshidabad,24.20626823,88.17761147
108800,WB_108800,MURSHIDABAD_BLOCK_11_GP_9,MURSHIDABAD_BLOCK_11,Murshidabad,24.17975025,88.18092114
108801,WB_108801,MURSHIDABAD_BLOCK_11_GP_10,MURSHIDABAD_BLOCK_11,Murshidabad,24.20325927,88.19471481
108802,WB_108802,MURSHIDABAD_BLOCK_12_GP_1,MURSHIDABAD_BLOCK_12,Murshidabad,24.2383599,88.22286898
108803,WB_108803,MURSHIDABAD_BLOCK_12_GP_2,MURSHIDABAD_BLOCK_12,Murshidabad,24.23783833,88.2149333
108804,WB_108804,MURSHIDABAD_BLOCK_12_GP_3,MURSHIDABAD_BLOCK_12,Murshidabad,24.2299908,88.22421958
108805,WB_108805,MURSHIDABAD_BLOCK_12_GP_4,MURSHIDABAD_BLOCK_12,Murshidabad,24.24597811,88.22119825
108806,WB_108806,MURSHIDABAD_BLOCK_12_GP_5,MURSHIDABAD_BLOCK_12,Murshidabad,24.22953814,88.21310703
108807,WB_108807,MURSHIDABAD_BLOCK_12_GP_6,MURSHIDABAD_BLOCK_12,Murshidabad,24.23611846,88.23048302
108808,WB_108808,MURSHIDABAD_BLOCK_12_GP_7,MURSHIDABAD_BLOCK_12,Murshidabad,24.24562516,88.21220959
108809,WB_108809,MURSHIDABAD_BLOCK_12_GP_8,MURSHIDABAD_BLOCK_12,Murshidabad,24.22263448,88.22082094
108810,WB_108810,MURSHIDABAD_BLOCK_12_GP_9,MURSHIDABAD_BLOCK_12,Murshidabad,24.24797638,88.22833395
108811,WB_108811,MURSHIDABAD_BLOCK_12_GP_10,MURSHIDABAD_BLOCK_12,Murshidabad,24.2343543,88.20679137
108812,WB_108812,MURSHIDABAD_BLOCK_13_GP_1,MURSHIDABAD_BLOCK_13,Murshidabad,24.27621288,88.2546172
108813,WB_108813,MURSHIDABAD_BLOCK_13_GP_2,MURSHIDABAD_BLOCK_13,Murshidabad,24.27934599,88.2620909
108814,WB_108814,MURSHIDABAD_BLOCK_13_GP_3,MURSHIDABAD_BLOCK_13,Murshidabad,24.28378272,88.2512518
108815,WB_108815,MURSHIDABAD_BLOCK_13_GP_4,MURSHIDABAD_BLOCK_13,Murshidabad,24.26946866,88.25810346
108816,WB_108816,MURSHIDABAD_BLOCK_13_GP_5,MURSHIDABAD_BLOCK_13,Murshidabad,24.28790405,88.26178617
108817,WB_108817,MURSHIDABAD_BLOCK_13_GP_6,MURSHIDABAD_BLOCK_13,Murshidabad,24.27583361,88.24676777
108818,WB_108818,MURSHIDABAD_BLOCK_13_GP_7,MURSHIDABAD_BLOCK_13,Murshidabad,24.27278965,88.2666277
108819,WB_108819,MURSHIDABAD_BLOCK_13_GP_8,MURSHIDABAD_BLOCK_13,Murshidabad,24.29195829,88.25268709
108820,WB_108820,MURSHIDABAD_BLOCK_13_GP_9,MURSHIDABAD_BLOCK_13,Murshidabad,24.26518627,88.25176168
108821,WB_108821,MURSHIDABAD_BLOCK_13_GP_10,MURSHIDABAD_BLOCK_13,Murshidabad,24.28538573,88.26902896
108822,WB_108822,MURSHIDABAD_BLOCK_14_GP_1,MURSHIDABAD_BLOCK_14,Murshidabad,24.31800705,88.29477033
108823,WB_108823,MURSHIDABAD_BLOCK_14_GP_2,MURSHIDABAD_BLOCK_14,Murshidabad,24.32720637,88.29453174
108824,WB_108824,MURSHIDABAD_BLOCK_14_GP_3,MURSHIDABAD_BLOCK_14,Murshidabad,24.31666702,88.28750901
108825,WB_108825,MURSHIDABAD_BLOCK_14_GP_4,MURSHIDABAD_BLOCK_14,Murshidabad,24.31973766,88.30139191
108826,WB_108826,MURSHIDABAD_BLOCK_14_GP_5,MURSHIDABAD_BLOCK_14,Murshidabad,24.32954169,88.28741466
108827,WB_108827,MURSHIDABAD_BLOCK_14_GP_6,MURSHIDABAD_BLOCK_14,Murshidabad,24.30925373,88.2926321
108828,WB_108828,MURSHIDABAD_BLOCK_14_GP_7,MURSHIDABAD_BLOCK_14,Murshidabad,24.3301513,88.301327
108829,WB_108829,MURSHIDABAD_BLOCK_14_GP_8,MURSHIDABAD_BLOCK_14,Murshidabad,24.32079713,88.28124875
108830,WB_108830,MURSHIDABAD_BLOCK_14_GP_9,MURSHIDABAD_BLOCK_14,Murshidabad,24.31142491,88.30292672
108831,WB_108831,MURSHIDABAD_BLOCK_14_GP_10,MURSHIDABAD_BLOCK_14,Murshidabad,24.33672347,88.29174108
108832,WB_108832,MURSHIDABAD_BLOCK_15_GP_1,MURSHIDABAD_BLOCK_15,Murshidabad,24.36494682,88.332635
108833,WB_108833,MURSHIDABAD_BLOCK_15_GP_2,MURSHIDABAD_BLOCK_15,Murshidabad,24.3653948,88.32469597
108834,WB_108834,MURSHIDABAD_BLOCK_15_GP_3,MURSHIDABAD_BLOCK_15,Murshidabad,24.35645964,88.33321773
108835,WB_108835,MURSHIDABAD_BLOCK_15_GP_4,MURSHIDABAD_BLOCK_15,Murshidabad,24.37272627,88.33166569
108836,WB_108836,MURSHIDABAD_BLOCK_15_GP_5,MURSHIDABAD_BLOCK_15,Murshidabad,24.35736313,88.32212571
108837,WB_108837,MURSHIDABAD_BLOCK_15_GP_6,MURSHIDABAD_BLOCK_15,Murshidabad,24.36179034,88.34000315
108838,WB_108838,MURSHIDABAD_BLOCK_15_GP_7,MURSHIDABAD_BLOCK_15,Murshidabad,24.3734702,88.32269484
108839,WB_108839,MURSHIDABAD_BLOCK_15_GP_8,MURSHIDABAD_BLOCK_15,Murshidabad,24.34955813,88.32916959
108840,WB_108840,MURSHIDABAD_BLOCK_15_GP_9,MURSHIDABAD_BLOCK_15,Murshidabad,24.37384424,88.33894335
108841,WB_108841,MURSHIDABAD_BLOCK_15_GP_10,MURSHIDABAD_BLOCK_15,Murshidabad,24.36292189,88.31628267
108842,WB_108842,MURSHIDABAD_BLOCK_16_GP_1,MURSHIDABAD_BLOCK_16,Murshidabad,24.40624956,88.36942301
108843,WB_108843,MURSHIDABAD_BLOCK_16_GP_2,MURSHIDABAD_BLOCK_16,Murshidabad,24.40932404,88.36193117
108844,WB_108844,MURSHIDABAD_BLOCK_16_GP_3,MURSHIDABAD_BLOCK_16,Murshidabad,24.39792725,88.36787169
108845,WB_108845,MURSHIDABAD_BLOCK_16_GP_4,MURSHIDABAD_BLOCK_16,Murshidabad,24.4140229,88.3704282
108846,WB_108846,MURSHIDABAD_BLOCK_16_GP_5,MURSHIDABAD_BLOCK_16,Murshidabad,24.4024886,88.35747346
108847,WB_108847,MURSHIDABAD_BLOCK_16_GP_6,MURSHIDABAD_BLOCK_16,Murshidabad,24.40077139,88.37569494
108848,WB_108848,MURSHIDABAD_BLOCK_16_GP_7,MURSHIDABAD_BLOCK_16,Murshidabad,24.41772464,88.36202175
108849,WB_108849,MURSHIDABAD_BLOCK_16_GP_8,MURSHIDABAD_BLOCK_16,Murshidabad,24.39266662,88.36227951
108850,WB_108850,MURSHIDABAD_BLOCK_16_GP_9,MURSHIDABAD_BLOCK_16,Murshidabad,24.41266851,88.37767584
108851,WB_108851,MURSHIDABAD_BLOCK_16_GP_10,MURSHIDABAD_BLOCK_16,Murshidabad,24.40975923,88.35325917
108852,WB_108852,MURSHIDABAD_BLOCK_17_GP_1,MURSHIDABAD_BLOCK_17,Murshidabad,24.45023646,88.40040254
108853,WB_108853,MURSHIDABAD_BLOCK_17_GP_2,MURSHIDABAD_BLOCK_17,Murshidabad,24.44195634,88.40387254
108854,WB_108854,MURSHIDABAD_BLOCK_17_GP_3,MURSHIDABAD_BLOCK_17,Murshidabad,24.45490091,88.40655381
108855,WB_108855,MURSHIDABAD_BLOCK_17_GP_4,MURSHIDABAD_BLOCK_17,Murshidabad,24.44551888,88.39497303
108856,WB_108856,MURSHIDABAD_BLOCK_17_GP_5,MURSHIDABAD_BLOCK_17,Murshidabad,24.44319914,88.41119159
108857,WB_108857,MURSHIDABAD_BLOCK_17_GP_6,MURSHIDABAD_BLOCK_17,Murshidabad,24.45923626,88.39925875
108858,WB_108858,MURSHIDABAD_BLOCK_17_GP_7,MURSHIDABAD_BLOCK_17,Murshidabad,24.43604854,88.39871389
108859,WB_108859,MURSHIDABAD_BLOCK_17_GP_8,MURSHIDABAD_BLOCK_17,Murshidabad,24.45410006,88.41372566
108860,WB_108860,MURSHIDABAD_BLOCK_17_GP_9,MURSHIDABAD_BLOCK_17,Murshidabad,24.45237572,88.39063383
108861,WB_108861,MURSHIDABAD_BLOCK_17_GP_10,MURSHIDABAD_BLOCK_17,Murshidabad,24.43459597,88.40978333
108862,WB_108862,MURSHIDABAD_BLOCK_18_GP_1,MURSHIDABAD_BLOCK_18,Murshidabad,24.4937532,88.43833888
108863,WB_108863,MURSHIDABAD_BLOCK_18_GP_2,MURSHIDABAD_BLOCK_18,Murshidabad,24.48461361,88.43740402
108864,WB_108864,MURSHIDABAD_BLOCK_18_GP_3,MURSHIDABAD_BLOCK_18,Murshidabad,24.49383953,88.44569146
108865,WB_108865,MURSHIDABAD_BLOCK_18_GP_4,MURSHIDABAD_BLOCK_18,Murshidabad,24.49317139,88.43156933
108866,WB_108866,MURSHIDABAD_BLOCK_18_GP_5,MURSHIDABAD_BLOCK_18,Murshidabad,24.48108934,88.44414616
108867,WB_108867,MURSHIDABAD_BLOCK_18_GP_6,MURSHIDABAD_BLOCK_18,Murshidabad,24.50204608,88.44156783
108868,WB_108868,MURSHIDABAD_BLOCK_18_GP_7,MURSHIDABAD_BLOCK_18,Murshidabad,24.48286038,88.43030814
108869,WB_108869,MURSHIDABAD_BLOCK_18_GP_8,MURSHIDABAD_BLOCK_18,Murshidabad,24.48868626,88.45135771
108870,WB_108870,MURSHIDABAD_BLOCK_18_GP_9,MURSHIDABAD_BLOCK_18,Murshidabad,24.50165528,88.43110928
108871,WB_108871,MURSHIDABAD_BLOCK_18_GP_10,MURSHIDABAD_BLOCK_18,Murshidabad,24.47472423,88.43895292
108872,WB_108872,MURSHIDABAD_BLOCK_19_GP_1,MURSHIDABAD_BLOCK_19,Murshidabad,24.53412883,88.47880758
108873,WB_108873,MURSHIDABAD_BLOCK_19_GP_2,MURSHIDABAD_BLOCK_19,Murshidabad,24.53471322,88.47087517
108874,WB_108874,MURSHIDABAD_BLOCK_19_GP_3,MURSHIDABAD_BLOCK_19,Murshidabad,24.52563257,88.47928143
108875,WB_108875,MURSHIDABAD_BLOCK_19_GP_4,MURSHIDABAD_BLOCK_19,Murshidabad,24.54192408,88.47793812
108876,WB_108876,MURSHIDABAD_BLOCK_19_GP_5,MURSHIDABAD_BLOCK_19,Murshidabad,24.52672661,88.46820222
108877,WB_108877,MURSHIDABAD_BLOCK_19_GP_6,MURSHIDABAD_BLOCK_19,Murshidabad,24.53084604,88.48613444
108878,WB_108878,MURSHIDABAD_BLOCK_19_GP_7,MURSHIDABAD_BLOCK_19,Murshidabad,24.54282213,88.46897779
108879,WB_108879,MURSHIDABAD_BLOCK_19_GP_8,MURSHIDABAD_BLOCK_19,Murshidabad,24.5188014,88.47514526
108880,WB_108880,MURSHIDABAD_BLOCK_19_GP_9,MURSHIDABAD_BLOCK_19,Murshidabad,24.54291683,88.4852293
108881,WB_108881,MURSHIDABAD_BLOCK_19_GP_10,MURSHIDABAD_BLOCK_19,Murshidabad,24.5323852,88.46243109
108882,WB_108882,MURSHIDABAD_BLOCK_20_GP_1,MURSHIDABAD_BLOCK_20,Murshidabad,24.57322921,88.51520191
108883,WB_108883,MURSHIDABAD_BLOCK_20_GP_2,MURSHIDABAD_BLOCK_20,Murshidabad,24.58092191,88.51083851
108884,WB_108884,MURSHIDABAD_BLOCK_20_GP_3,MURSHIDABAD_BLOCK_20,Murshidabad,24.56768502,88.50962163
108885,WB_108885,MURSHIDABAD_BLOCK_20_GP_4,MURSHIDABAD_BLOCK_20,Murshidabad,24.57871829,88.52006054
108886,WB_108886,MURSHIDABAD_BLOCK_20_GP_5,MURSHIDABAD_BLOCK_20,Murshidabad,24.57859637,88.50371904
108887,WB_108887,MURSHIDABAD_BLOCK_20_GP_6,MURSHIDABAD_BLOCK_20,Murshidabad,24.56447541,88.51733869
108888,WB_108888,MURSHIDABAD_BLOCK_20_GP_7,MURSHIDABAD_BLOCK_20,Murshidabad,24.58755081,88.51529596
108889,WB_108889,MURSHIDABAD_BLOCK_20_GP_8,MURSHIDABAD_BLOCK_20,Murshidabad,24.56740804,88.50242048
108890,WB_108890,MURSHIDABAD_BLOCK_20_GP_9,MURSHIDABAD_BLOCK_20,Murshidabad,24.5725668,88.52512732
108891,WB_108891,MURSHIDABAD_BLOCK_20_GP_10,MURSHIDABAD_BLOCK_20,Murshidabad,24.587338,88.50415718
108892,WB_108892,MURSHIDABAD_BLOCK_21_GP_1,MURSHIDABAD_BLOCK_21,Murshidabad,24.61548309,88.54636339
108893,WB_108893,MURSHIDABAD_BLOCK_21_GP_2,MURSHIDABAD_BLOCK_21,Murshidabad,24.61601405,88.55429861
108894,WB_108894,MURSHIDABAD_BLOCK_21_GP_3,MURSHIDABAD_BLOCK_21,Murshidabad,24.62385058,88.54500541
108895,WB_108895,MURSHIDABAD_BLOCK_21_GP_4,MURSHIDABAD_BLOCK_21,Murshidabad,24.60786686,88.54804085
108896,WB_108896,MURSHIDABAD_BLOCK_21_GP_5,MURSHIDABAD_BLOCK_21,Murshidabad,24.6243164,88.55611756
108897,WB_108897,MURSHIDABAD_BLOCK_21_GP_6,MURSHIDABAD_BLOCK_21,Murshidabad,24.61771552,88.53874738
108898,WB_108898,MURSHIDABAD_BLOCK_21_GP_7,MURSHIDABAD_BLOCK_21,Murshidabad,24.60823044,88.55702919
108899,WB_108899,MURSHIDABAD_BLOCK_21_GP_8,MURSHIDABAD_BLOCK_21,Murshidabad,24.63121092,88.54839756
108900,WB_108900,MURSHIDABAD_BLOCK_21_GP_9,MURSHIDABAD_BLOCK_21,Murshidabad,24.60586015,88.54090692
108901,WB_108901,MURSHIDABAD_BLOCK_21_GP_10,MURSHIDABAD_BLOCK_21,Murshidabad,24.6195077,88.56243747
108902,WB_108902,MURSHIDABAD_BLOCK_22_GP_1,MURSHIDABAD_BLOCK_22,Murshidabad,24.66185896,88.5882143
108903,WB_108903,MURSHIDABAD_BLOCK_22_GP_2,MURSHIDABAD_BLOCK_22,Murshidabad,24.66032288,88.57994158
108904,WB_108904,MURSHIDABAD_BLOCK_22_GP_3,MURSHIDABAD_BLOCK_22,Murshidabad,24.65325162,88.59040858
108905,WB_108905,MURSHIDABAD_BLOCK_22_GP_4,MURSHIDABAD_BLOCK_22,Murshidabad,24.66963901,88.58575412
108906,WB_108906,MURSHIDABAD_BLOCK_22_GP_5,MURSHIDABAD_BLOCK_22,Murshidabad,24.65139181,88.57879826
108907,WB_108907,MURSHIDABAD_BLOCK_22_GP_6,MURSHIDABAD_BLOCK_22,Murshidabad,24.66045769,88.59640662
108908,WB_108908,MURSHIDABAD_BLOCK_22_GP_7,MURSHIDABAD_BLOCK_22,Murshidabad,24.6681485,88.5763616
108909,WB_108909,MURSHIDABAD_BLOCK_22_GP_8,MURSHIDABAD_BLOCK_22,Murshidabad,24.64511429,88.58752876
108910,WB_108910,MURSHIDABAD_BLOCK_22_GP_9,MURSHIDABAD_BLOCK_22,Murshidabad,24.67262381,88.5930507
108911,WB_108911,MURSHIDABAD_BLOCK_23_GP_1,MURSHIDABAD_BLOCK_23,Murshidabad,24.70570626,88.62230229
108912,WB_108912,MURSHIDABAD_BLOCK_23_GP_2,MURSHIDABAD_BLOCK_23,Murshidabad,24.69734455,88.618054
108913,WB_108913,MURSHIDABAD_BLOCK_23_GP_3,MURSHIDABAD_BLOCK_23,Murshidabad,24.70218058,88.62942984
108914,WB_108914,MURSHIDABAD_BLOCK_23_GP_4,MURSHIDABAD_BLOCK_23,Murshidabad,24.70846756,88.61555602
108915,WB_108915,MURSHIDABAD_BLOCK_23_GP_5,MURSHIDABAD_BLOCK_23,Murshidabad,24.69063394,88.62327055
108916,WB_108916,MURSHIDABAD_BLOCK_23_GP_6,MURSHIDABAD_BLOCK_23,Murshidabad,24.71212476,88.62845462
108917,WB_108917,MURSHIDABAD_BLOCK_23_GP_7,MURSHIDABAD_BLOCK_23,Murshidabad,24.6991355,88.61056393
108918,WB_108918,MURSHIDABAD_BLOCK_23_GP_8,MURSHIDABAD_BLOCK_23,Murshidabad,24.69442593,88.63301167
108919,WB_108919,MURSHIDABAD_BLOCK_23_GP_9,MURSHIDABAD_BLOCK_23,Murshidabad,24.71688114,88.61821804
108920,WB_108920,MURSHIDABAD_BLOCK_24_GP_1,MURSHIDABAD_BLOCK_24,Murshidabad,24.74799426,88.65903563
108921,WB_108921,MURSHIDABAD_BLOCK_24_GP_2,MURSHIDABAD_BLOCK_24,Murshidabad,24.7399414,88.65436346
108922,WB_108922,MURSHIDABAD_BLOCK_24_GP_3,MURSHIDABAD_BLOCK_24,Murshidabad,24.74398178,88.66596852
108923,WB_108923,MURSHIDABAD_BLOCK_24_GP_4,MURSHIDABAD_BLOCK_24,Murshidabad,24.75121736,88.65244391
108924,WB_108924,MURSHIDABAD_BLOCK_24_GP_5,MURSHIDABAD_BLOCK_24,Murshidabad,24.73288188,88.65922442
108925,WB_108925,MURSHIDABAD_BLOCK_24_GP_6,MURSHIDABAD_BLOCK_24,Murshidabad,24.75397566,88.66550817
108926,WB_108926,MURSHIDABAD_BLOCK_24_GP_7,MURSHIDABAD_BLOCK_24,Murshidabad,24.74224734,88.64697919
108927,WB_108927,MURSHIDABAD_BLOCK_24_GP_8,MURSHIDABAD_BLOCK_24,Murshidabad,24.73599319,88.6691438
108928,WB_108928,MURSHIDABAD_BLOCK_24_GP_9,MURSHIDABAD_BLOCK_24,Murshidabad,24.75943174,88.65553532
108929,WB_108929,MURSHIDABAD_BLOCK_25_GP_1,MURSHIDABAD_BLOCK_25,Murshidabad,24.78711016,88.69842748
108930,WB_108930,MURSHIDABAD_BLOCK_25_GP_2,MURSHIDABAD_BLOCK_25,Murshidabad,24.79019106,88.6904828
108931,WB_108931,MURSHIDABAD_BLOCK_25_GP_3,MURSHIDABAD_BLOCK_25,Murshidabad,24.778306,88.69692456
108932,WB_108932,MURSHIDABAD_BLOCK_25_GP_4,MURSHIDABAD_BLOCK_25,Murshidabad,24.79532412,88.69936353
108933,WB_108933,MURSHIDABAD_BLOCK_25_GP_5,MURSHIDABAD_BLOCK_25,Murshidabad,24.78289213,88.68589315
108934,WB_108934,MURSHIDABAD_BLOCK_25_GP_6,MURSHIDABAD_BLOCK_25,Murshidabad,24.78146998,88.70512461
108935,WB_108935,MURSHIDABAD_BLOCK_25_GP_7,MURSHIDABAD_BLOCK_25,Murshidabad,24.79904664,88.69044495
108936,WB_108936,MURSHIDABAD_BLOCK_25_GP_8,MURSHIDABAD_BLOCK_25,Murshidabad,24.77264268,88.69111427
108937,WB_108937,MURSHIDABAD_BLOCK_25_GP_9,MURSHIDABAD_BLOCK_25,Murshidabad,24.79405089,88.70702355
108938,WB_108938,MURSHIDABAD_BLOCK_26_GP_1,MURSHIDABAD_BLOCK_26,Murshidabad,24.82619924,88.73407266
108939,WB_108939,MURSHIDABAD_BLOCK_26_GP_2,MURSHIDABAD_BLOCK_26,Murshidabad,24.8353993,88.73141435
108940,WB_108940,MURSHIDABAD_BLOCK_26_GP_3,MURSHIDABAD_BLOCK_26,Murshidabad,24.82228845,88.72709657
108941,WB_108941,MURSHIDABAD_BLOCK_26_GP_4,MURSHIDABAD_BLOCK_26,Murshidabad,24.83027881,88.74030049
108942,WB_108942,MURSHIDABAD_BLOCK_26_GP_5,MURSHIDABAD_BLOCK_26,Murshidabad,24.83524855,88.72361796
108943,WB_108943,MURSHIDABAD_BLOCK_26_GP_6,MURSHIDABAD_BLOCK_26,Murshidabad,24.81661186,88.73421505
108944,WB_108944,MURSHIDABAD_BLOCK_26_GP_7,MURSHIDABAD_BLOCK_26,Murshidabad,24.84076556,88.73749833
108945,WB_108945,MURSHIDABAD_BLOCK_26_GP_8,MURSHIDABAD_BLOCK_26,Murshidabad,24.82425093,88.71969323
108946,WB_108946,MURSHIDABAD_BLOCK_26_GP_9,MURSHIDABAD_BLOCK_26,Murshidabad,24.8224302,88.74403399
108947,WB_108947,NADIA_BLOCK_1_GP_1,NADIA_BLOCK_1,Nadia,22.93853003,88.36528351
108948,WB_108948,NADIA_BLOCK_1_GP_2,NADIA_BLOCK_1,Nadia,22.94116672,88.35987584
108949,WB_108949,NADIA_BLOCK_1_GP_3,NADIA_BLOCK_1,Nadia,22.92443641,88.36505132
108950,WB_108950,NADIA_BLOCK_1_GP_4,NADIA_BLOCK_1,Nadia,22.95155256,88.36519809
108951,WB_108951,NADIA_BLOCK_1_GP_5,NADIA_BLOCK_1,Nadia,22.92857665,88.35751665
108952,WB_108952,NADIA_BLOCK_1_GP_6,NADIA_BLOCK_1,Nadia,22.93157681,88.37009837
108953,WB_108953,NADIA_BLOCK_1_GP_7,NADIA_BLOCK_1,Nadia,22.9549228,88.35910529
108954,WB_108954,NADIA_BLOCK_1_GP_8,NADIA_BLOCK_1,Nadia,22.91405822,88.36176337
108955,WB_108955,NADIA_BLOCK_1_GP_9,NADIA_BLOCK_1,Nadia,22.95164882,88.37026902
108956,WB_108956,NADIA_BLOCK_1_GP_10,NADIA_BLOCK_1,Nadia,22.93911455,88.35392578
108957,WB_108957,NADIA_BLOCK_1_GP_11,NADIA_BLOCK_1,Nadia,22.9165787,88.36985134
108958,WB_108958,NADIA_BLOCK_2_GP_1,NADIA_BLOCK_2,Nadia,23.01621975,88.38992596
108959,WB_108959,NADIA_BLOCK_2_GP_2,NADIA_BLOCK_2,Nadia,23.00344137,88.38692897
108960,WB_108960,NADIA_BLOCK_2_GP_3,NADIA_BLOCK_2,Nadia,23.0100908,88.39450068
108961,WB_108961,NADIA_BLOCK_2_GP_4,NADIA_BLOCK_2,Nadia,23.02111663,88.38558108
108962,WB_108962,NADIA_BLOCK_2_GP_5,NADIA_BLOCK_2,Nadia,22.99246954,88.39017046
108963,WB_108963,NADIA_BLOCK_2_GP_6,NADIA_BLOCK_2,Nadia,23.02578829,88.39411916
108964,WB_108964,NADIA_BLOCK_2_GP_7,NADIA_BLOCK_2,Nadia,23.00687621,88.38207213
108965,WB_108965,NADIA_BLOCK_2_GP_8,NADIA_BLOCK_2,Nadia,22.99761522,88.39664508
108966,WB_108966,NADIA_BLOCK_2_GP_9,NADIA_BLOCK_2,Nadia,23.03410825,88.38754101
108967,WB_108967,NADIA_BLOCK_2_GP_10,NADIA_BLOCK_2,Nadia,22.98743572,88.38527126
108968,WB_108968,NADIA_BLOCK_2_GP_11,NADIA_BLOCK_2,Nadia,23.01926616,88.3989875
108969,WB_108969,NADIA_BLOCK_3_GP_1,NADIA_BLOCK_3,Nadia,23.08973485,88.41591116
108970,WB_108970,NADIA_BLOCK_3_GP_2,NADIA_BLOCK_3,Nadia,23.07541158,88.4140255
108971,WB_108971,NADIA_BLOCK_3_GP_3,NADIA_BLOCK_3,Nadia,23.08662075,88.4208649
108972,WB_108972,NADIA_BLOCK_3_GP_4,NADIA_BLOCK_3,Nadia,23.09179203,88.41128113
108973,WB_108973,NADIA_BLOCK_3_GP_5,NADIA_BLOCK_3,Nadia,23.06674578,88.41807225
108974,WB_108974,NADIA_BLOCK_3_GP_6,NADIA_BLOCK_3,Nadia,23.10167778,88.41922226
108975,WB_108975,NADIA_BLOCK_3_GP_7,NADIA_BLOCK_3,Nadia,23.07572434,88.40901499
108976,WB_108976,NADIA_BLOCK_3_GP_8,NADIA_BLOCK_3,Nadia,23.07580437,88.42396442
108977,WB_108977,NADIA_BLOCK_3_GP_9,NADIA_BLOCK_3,Nadia,23.10567522,88.41213903
108978,WB_108978,NADIA_BLOCK_3_GP_10,NADIA_BLOCK_3,Nadia,23.05878036,88.41370611
108979,WB_108979,NADIA_BLOCK_3_GP_11,NADIA_BLOCK_3,Nadia,23.09836401,88.42449393
108980,WB_108980,NADIA_BLOCK_4_GP_1,NADIA_BLOCK_4,Nadia,23.15151387,88.44222232
108981,WB_108981,NADIA_BLOCK_4_GP_2,NADIA_BLOCK_4,Nadia,23.16343,88.4456489
108982,WB_108982,NADIA_BLOCK_4_GP_3,NADIA_BLOCK_4,Nadia,23.15883953,88.43788166
108983,WB_108983,NADIA_BLOCK_4_GP_4,NADIA_BLOCK_4,Nadia,23.14547609,88.44637698
108984,WB_108984,NADIA_BLOCK_4_GP_5,NADIA_BLOCK_4,Nadia,23.1752189,88.44280336
108985,WB_108985,NADIA_BLOCK_4_GP_6,NADIA_BLOCK_4,Nadia,23.14311299,88.43771652
108986,WB_108986,NADIA_BLOCK_4_GP_7,NADIA_BLOCK_4,Nadia,23.15871034,88.45036388
108987,WB_108987,NADIA_BLOCK_4_GP_8,NADIA_BLOCK_4,Nadia,23.17183133,88.43618029
108988,WB_108988,NADIA_BLOCK_4_GP_9,NADIA_BLOCK_4,Nadia,23.13306994,88.44397522
108989,WB_108989,NADIA_BLOCK_4_GP_10,NADIA_BLOCK_4,Nadia,23.17891709,88.44785446
108990,WB_108990,NADIA_BLOCK_4_GP_11,NADIA_BLOCK_4,Nadia,23.15090864,88.43309726
108991,WB_108991,NADIA_BLOCK_5_GP_1,NADIA_BLOCK_5,Nadia,23.23548229,88.4704803
108992,WB_108992,NADIA_BLOCK_5_GP_2,NADIA_BLOCK_5,Nadia,23.22943605,88.46543985
108993,WB_108993,NADIA_BLOCK_5_GP_3,NADIA_BLOCK_5,Nadia,23.22335016,88.47307273
108994,WB_108994,NADIA_BLOCK_5_GP_4,NADIA_BLOCK_5,Nadia,23.2462348,88.46783421
108995,WB_108995,NADIA_BLOCK_5_GP_5,NADIA_BLOCK_5,Nadia,23.21531557,88.4659575
108996,WB_108996,NADIA_BLOCK_5_GP_6,NADIA_BLOCK_5,Nadia,23.23701688,88.47587877
108997,WB_108997,NADIA_BLOCK_5_GP_7,NADIA_BLOCK_5,Nadia,23.23975637,88.46207617
108998,WB_108998,NADIA_BLOCK_5_GP_8,NADIA_BLOCK_5,Nadia,23.20966124,88.47237691
108999,WB_108999,NADIA_BLOCK_5_GP_9,NADIA_BLOCK_5,Nadia,23.25405121,88.4720529
109000,WB_109000,NADIA_BLOCK_5_GP_10,NADIA_BLOCK_5,Nadia,23.21864393,88.46087318
109001,WB_109001,NADIA_BLOCK_5_GP_11,NADIA_BLOCK_5,Nadia,23.22410623,88.47863763
109002,WB_109002,NADIA_BLOCK_6_GP_1,NADIA_BLOCK_6,Nadia,23.31033871,88.49537279
109003,WB_109003,NADIA_BLOCK_6_GP_2,NADIA_BLOCK_6,Nadia,23.29614193,88.493367
109004,WB_109004,NADIA_BLOCK_6_GP_3,NADIA_BLOCK_6,Nadia,23.30690348,88.50029895
109005,WB_109005,NADIA_BLOCK_6_GP_4,NADIA_BLOCK_6,Nadia,23.31269628,88.49076136
109006,WB_109006,NADIA_BLOCK_6_GP_5,NADIA_BLOCK_6,Nadia,23.28721546,88.49733964
109007,WB_109007,NADIA_BLOCK_6_GP_6,NADIA_BLOCK_6,Nadia,23.32206316,88.49878359
109008,WB_109008,NADIA_BLOCK_6_GP_7,NADIA_BLOCK_6,Nadia,23.29678028,88.48836049
109009,WB_109009,NADIA_BLOCK_6_GP_8,NADIA_BLOCK_6,Nadia,23.29588859,88.5033065
109010,WB_109010,NADIA_BLOCK_6_GP_9,NADIA_BLOCK_6,Nadia,23.3265199,88.49173597
109011,WB_109011,NADIA_BLOCK_6_GP_10,NADIA_BLOCK_6,Nadia,23.27953603,88.49290758
109012,WB_109012,NADIA_BLOCK_6_GP_11,NADIA_BLOCK_6,Nadia,23.31840763,88.5040259
109013,WB_109013,NADIA_BLOCK_7_GP_1,NADIA_BLOCK_7,Nadia,23.37396529,88.52365582
109014,WB_109014,NADIA_BLOCK_7_GP_2,NADIA_BLOCK_7,Nadia,23.3882092,88.52169382
109015,WB_109015,NADIA_BLOCK_7_GP_3,NADIA_BLOCK_7,Nadia,23.36728246,88.51918275
109016,WB_109016,NADIA_BLOCK_7_GP_4,NADIA_BLOCK_7,Nadia,23.38085525,88.52763494
109017,WB_109017,NADIA_BLOCK_7_GP_5,NADIA_BLOCK_7,Nadia,23.38736844,88.51659313
109018,WB_109018,NADIA_BLOCK_7_GP_6,NADIA_BLOCK_7,Nadia,23.35891813,88.52397997
109019,WB_109019,NADIA_BLOCK_7_GP_7,NADIA_BLOCK_7,Nadia,23.39710893,88.52554777
109020,WB_109020,NADIA_BLOCK_7_GP_8,NADIA_BLOCK_7,Nadia,23.36979123,88.51428849
109021,WB_109021,NADIA_BLOCK_7_GP_9,NADIA_BLOCK_7,Nadia,23.36881725,88.53026832
109022,WB_109022,NADIA_BLOCK_7_GP_10,NADIA_BLOCK_7,Nadia,23.40133853,88.51800482
109023,WB_109023,NADIA_BLOCK_7_GP_11,NADIA_BLOCK_7,Nadia,23.35180627,88.51921986
109024,WB_109024,NADIA_BLOCK_8_GP_1,NADIA_BLOCK_8,Nadia,23.45703163,88.54929829
109025,WB_109025,NADIA_BLOCK_8_GP_2,NADIA_BLOCK_8,Nadia,23.44686707,88.54520515
109026,WB_109026,NADIA_BLOCK_8_GP_3,NADIA_BLOCK_8,Nadia,23.44780025,88.55313913
109027,WB_109027,NADIA_BLOCK_8_GP_4,NADIA_BLOCK_8,Nadia,23.46490707,88.54556365
109028,WB_109028,NADIA_BLOCK_8_GP_5,NADIA_BLOCK_8,Nadia,23.43392644,88.54730415
109029,WB_109029,NADIA_BLOCK_8_GP_6,NADIA_BLOCK_8,Nadia,23.46323077,88.55424483
109030,WB_109030,NADIA_BLOCK_8_GP_7,NADIA_BLOCK_8,Nadia,23.45370201,88.54083897
109031,WB_109031,NADIA_BLOCK_8_GP_8,NADIA_BLOCK_8,Nadia,23.43420281,88.55403783
109032,WB_109032,NADIA_BLOCK_8_GP_9,NADIA_BLOCK_8,Nadia,23.47602889,88.54867566
109033,WB_109033,NADIA_BLOCK_8_GP_10,NADIA_BLOCK_8,Nadia,23.43261658,88.54210187
109034,WB_109034,NADIA_BLOCK_8_GP_11,NADIA_BLOCK_8,Nadia,23.45340708,88.55833221
109035,WB_109035,NADIA_BLOCK_9_GP_1,NADIA_BLOCK_9,Nadia,23.52824287,88.57320106
109036,WB_109036,NADIA_BLOCK_9_GP_2,NADIA_BLOCK_9,Nadia,23.51501186,88.57593166
109037,WB_109037,NADIA_BLOCK_9_GP_3,NADIA_BLOCK_9,Nadia,23.53676492,88.57724879
109038,WB_109038,NADIA_BLOCK_9_GP_4,NADIA_BLOCK_9,Nadia,23.51972813,88.56965288
109039,WB_109039,NADIA_BLOCK_9_GP_5,NADIA_BLOCK_9,Nadia,23.5180313,88.58092436
109040,WB_109040,NADIA_BLOCK_9_GP_6,NADIA_BLOCK_9,Nadia,23.5429703,88.57204399
109041,WB_109041,NADIA_BLOCK_9_GP_7,NADIA_BLOCK_9,Nadia,23.50456519,88.57261891
109042,WB_109042,NADIA_BLOCK_9_GP_8,NADIA_BLOCK_9,Nadia,23.53638645,88.58222382
109043,WB_109043,NADIA_BLOCK_9_GP_9,NADIA_BLOCK_9,Nadia,23.53049162,88.56638165
109044,WB_109044,NADIA_BLOCK_9_GP_10,NADIA_BLOCK_9,Nadia,23.50362312,88.58030653
109045,WB_109045,NADIA_BLOCK_9_GP_11,NADIA_BLOCK_9,Nadia,23.55203941,88.57635145
109046,WB_109046,NADIA_BLOCK_10_GP_1,NADIA_BLOCK_10,Nadia,23.60447693,88.60134916
109047,WB_109047,NADIA_BLOCK_10_GP_2,NADIA_BLOCK_10,Nadia,23.59053884,88.59912061
109048,WB_109048,NADIA_BLOCK_10_GP_3,NADIA_BLOCK_10,Nadia,23.60044342,88.60621618
109049,WB_109049,NADIA_BLOCK_10_GP_4,NADIA_BLOCK_10,Nadia,23.60739539,88.5967795
109050,WB_109050,NADIA_BLOCK_10_GP_5,NADIA_BLOCK_10,Nadia,23.58113585,88.60294813
109051,WB_109051,NADIA_BLOCK_10_GP_6,NADIA_BLOCK_10,Nadia,23.61577351,88.60494223
109052,WB_109052,NADIA_BLOCK_10_GP_7,NADIA_BLOCK_10,Nadia,23.59178799,88.59412905
109053,WB_109053,NADIA_BLOCK_10_GP_8,NADIA_BLOCK_10,Nadia,23.58907189,88.60904649
109054,WB_109054,NADIA_BLOCK_10_GP_9,NADIA_BLOCK_10,Nadia,23.62108663,88.59797196
109055,WB_109055,NADIA_BLOCK_10_GP_10,NADIA_BLOCK_10,Nadia,23.5740051,88.59839881
109056,WB_109056,NADIA_BLOCK_10_GP_11,NADIA_BLOCK_10,Nadia,23.6114813,88.61012161
109057,WB_109057,NADIA_BLOCK_11_GP_1,NADIA_BLOCK_11,Nadia,23.66991191,88.62594074
109058,WB_109058,NADIA_BLOCK_11_GP_2,NADIA_BLOCK_11,Nadia,23.66829946,88.63140032
109059,WB_109059,NADIA_BLOCK_11_GP_3,NADIA_BLOCK_11,Nadia,23.68401684,88.6258285
109060,WB_109060,NADIA_BLOCK_11_GP_4,NADIA_BLOCK_11,Nadia,23.65693541,88.62634374
109061,WB_109061,NADIA_BLOCK_11_GP_5,NADIA_BLOCK_11,Nadia,23.68130477,88.63344687
109062,WB_109062,NADIA_BLOCK_11_GP_6,NADIA_BLOCK_11,Nadia,23.67594259,88.62096729
109063,WB_109063,NADIA_BLOCK_11_GP_7,NADIA_BLOCK_11,Nadia,23.6547201,88.63250476
109064,WB_109064,NADIA_BLOCK_11_GP_8,NADIA_BLOCK_11,Nadia,23.69499023,88.62885564
109065,WB_109065,NADIA_BLOCK_11_GP_9,NADIA_BLOCK_11,Nadia,23.65588461,88.62128682
109066,WB_109066,NADIA_BLOCK_11_GP_10,NADIA_BLOCK_11,Nadia,23.6714672,88.63728662
109067,WB_109067,NADIA_BLOCK_11_GP_11,NADIA_BLOCK_11,Nadia,23.69095272,88.62084778
109068,WB_109068,NADIA_BLOCK_12_GP_1,NADIA_BLOCK_12,Nadia,23.75034575,88.65570239
109069,WB_109069,NADIA_BLOCK_12_GP_2,NADIA_BLOCK_12,Nadia,23.74370661,88.65075959
109070,WB_109070,NADIA_BLOCK_12_GP_3,NADIA_BLOCK_12,Nadia,23.73853249,88.65847913
109071,WB_109071,NADIA_BLOCK_12_GP_4,NADIA_BLOCK_12,Nadia,23.76077427,88.65289327
109072,WB_109072,NADIA_BLOCK_12_GP_5,NADIA_BLOCK_12,Nadia,23.72966049,88.65149403
109073,WB_109073,NADIA_BLOCK_12_GP_6,NADIA_BLOCK_12,Nadia,23.75251987,88.66107232
109074,WB_109074,NADIA_BLOCK_12_GP_7,NADIA_BLOCK_12,Nadia,23.75361815,88.64724018
109075,WB_109075,NADIA_BLOCK_12_GP_8,NADIA_BLOCK_12,Nadia,23.72477347,88.65799458
109076,WB_109076,NADIA_BLOCK_12_GP_9,NADIA_BLOCK_12,Nadia,23.76908441,88.65698785
109077,WB_109077,NADIA_BLOCK_12_GP_10,NADIA_BLOCK_12,Nadia,23.73238217,88.64636314
109078,WB_109078,NADIA_BLOCK_12_GP_11,NADIA_BLOCK_12,Nadia,23.73994856,88.66402731
109079,WB_109079,NADIA_BLOCK_13_GP_1,NADIA_BLOCK_13,Nadia,23.82504743,88.68108742
109080,WB_109080,NADIA_BLOCK_13_GP_2,NADIA_BLOCK_13,Nadia,23.81221082,88.67812286
109081,WB_109081,NADIA_BLOCK_13_GP_3,NADIA_BLOCK_13,Nadia,23.819008,88.68567755
109082,WB_109082,NADIA_BLOCK_13_GP_4,NADIA_BLOCK_13,Nadia,23.82985932,88.67673025
109083,WB_109083,NADIA_BLOCK_13_GP_5,NADIA_BLOCK_13,Nadia,23.80130258,88.68139205
109084,WB_109084,NADIA_BLOCK_13_GP_6,NADIA_BLOCK_13,Nadia,23.83469765,88.68525629
109085,WB_109085,NADIA_BLOCK_13_GP_7,NADIA_BLOCK_13,Nadia,23.81555069,88.67325745
109086,WB_109086,NADIA_BLOCK_13_GP_8,NADIA_BLOCK_13,Nadia,23.80657462,88.68785348
109087,WB_109087,NADIA_BLOCK_13_GP_9,NADIA_BLOCK_13,Nadia,23.8428889,88.67865725
109088,WB_109088,NADIA_BLOCK_13_GP_10,NADIA_BLOCK_13,Nadia,23.79617318,88.67650571
109089,WB_109089,NADIA_BLOCK_13_GP_11,NADIA_BLOCK_13,Nadia,23.82827079,88.69014102
109090,WB_109090,NADIA_BLOCK_14_GP_1,NADIA_BLOCK_14,Nadia,23.8985278,88.70701072
109091,WB_109091,NADIA_BLOCK_14_GP_2,NADIA_BLOCK_14,Nadia,23.88402421,88.70531308
109092,WB_109092,NADIA_BLOCK_14_GP_3,NADIA_BLOCK_14,Nadia,23.89591418,88.71200182
109093,WB_109093,NADIA_BLOCK_14_GP_4,NADIA_BLOCK_14,Nadia,23.90011778,88.7023569
109094,WB_109094,NADIA_BLOCK_14_GP_5,NADIA_BLOCK_14,Nadia,23.87577126,88.70947017
109095,WB_109095,NADIA_BLOCK_14_GP_6,NADIA_BLOCK_14,Nadia,23.91079605,88.71016391
109096,WB_109096,NADIA_BLOCK_14_GP_7,NADIA_BLOCK_14,Nadia,23.88383262,88.70030177
109097,WB_109097,NADIA_BLOCK_14_GP_8,NADIA_BLOCK_14,Nadia,23.88541675,88.71524035
109098,WB_109098,NADIA_BLOCK_14_GP_9,NADIA_BLOCK_14,Nadia,23.91407818,88.7030332
109099,WB_109099,NADIA_BLOCK_14_GP_10,NADIA_BLOCK_14,Nadia,23.86737177,88.70521076
109100,WB_109100,NADIA_BLOCK_14_GP_11,NADIA_BLOCK_14,Nadia,23.90801486,88.71547534
109101,WB_109101,NADIA_BLOCK_15_GP_1,NADIA_BLOCK_15,Nadia,23.97076257,88.73245484
109102,WB_109102,NADIA_BLOCK_15_GP_2,NADIA_BLOCK_15,Nadia,23.95587112,88.73363992
109103,WB_109103,NADIA_BLOCK_15_GP_3,NADIA_BLOCK_15,Nadia,23.97554177,88.73723357
109104,WB_109104,NADIA_BLOCK_15_GP_4,NADIA_BLOCK_15,Nadia,23.96557633,88.7281537
109105,WB_109105,NADIA_BLOCK_15_GP_5,NADIA_BLOCK_15,Nadia,23.95461516,88.73872954
109106,WB_109106,NADIA_BLOCK_15_GP_6,NADIA_BLOCK_15,Nadia,23.98577817,88.73293235
109107,WB_109107,NADIA_BLOCK_15_GP_7,NADIA_BLOCK_15,Nadia,23.94864582,88.72935598
109108,WB_109108,NADIA_BLOCK_15_GP_8,NADIA_BLOCK_15,Nadia,23.97105732,88.74194134
109109,WB_109109,NADIA_BLOCK_15_GP_9,NADIA_BLOCK_15,Nadia,23.97856072,88.72618758
109110,WB_109110,NADIA_BLOCK_15_GP_10,NADIA_BLOCK_15,Nadia,23.94137529,88.73659226
109111,WB_109111,NADIA_BLOCK_15_GP_11,NADIA_BLOCK_15,Nadia,23.99086425,88.73801774
109112,WB_109112,NADIA_BLOCK_16_GP_1,NADIA_BLOCK_16,Nadia,24.03548042,88.76180579
109113,WB_109113,NADIA_BLOCK_16_GP_2,NADIA_BLOCK_16,Nadia,24.05001533,88.76014321
109114,WB_109114,NADIA_BLOCK_16_GP_3,NADIA_BLOCK_16,Nadia,24.02952637,88.75720123
109115,WB_109115,NADIA_BLOCK_16_GP_4,NADIA_BLOCK_16,Nadia,24.04172051,88.76592152
109116,WB_109116,NADIA_BLOCK_16_GP_5,NADIA_BLOCK_16,Nadia,24.04999428,88.75503356
109117,WB_109117,NADIA_BLOCK_16_GP_6,NADIA_BLOCK_16,Nadia,24.02040638,88.76181653
109118,WB_109118,NADIA_BLOCK_16_GP_7,NADIA_BLOCK_16,Nadia,24.0582819,88.76417577
109119,WB_109119,NADIA_BLOCK_16_GP_8,NADIA_BLOCK_16,Nadia,24.03281615,88.7523673
109120,WB_109120,NADIA_BLOCK_16_GP_9,NADIA_BLOCK_16,Nadia,24.02928011,88.7683002
109121,WB_109121,NADIA_BLOCK_16_GP_10,NADIA_BLOCK_16,Nadia,24.06371458,88.75673336
109122,WB_109122,NADIA_BLOCK_16_GP_11,NADIA_BLOCK_16,Nadia,24.01407006,88.75691649
109123,WB_109123,NADIA_BLOCK_17_GP_1,NADIA_BLOCK_17,Nadia,24.11418433,88.78888186
109124,WB_109124,NADIA_BLOCK_17_GP_2,NADIA_BLOCK_17,Nadia,24.11890389,88.78366103
109125,WB_109125,NADIA_BLOCK_17_GP_3,NADIA_BLOCK_17,Nadia,24.10032087,88.78793963
109126,WB_109126,NADIA_BLOCK_17_GP_4,NADIA_BLOCK_17,Nadia,24.12711119,88.7894555
109127,WB_109127,NADIA_BLOCK_17_GP_5,NADIA_BLOCK_17,Nadia,24.10735861,88.78068885
109128,WB_109128,NADIA_BLOCK_17_GP_6,NADIA_BLOCK_17,Nadia,24.10542219,88.79329759
109129,WB_109129,NADIA_BLOCK_17_GP_7,NADIA_BLOCK_17,Nadia,24.13282423,88.78359339
109130,WB_109130,NADIA_BLOCK_17_GP_8,NADIA_BLOCK_17,Nadia,24.09132777,88.78415969
109131,WB_109131,NADIA_BLOCK_17_GP_9,NADIA_BLOCK_17,Nadia,24.12522884,88.79448106
109132,WB_109132,NADIA_BLOCK_17_GP_10,NADIA_BLOCK_17,Nadia,24.11919257,88.77766617
109133,WB_109133,NADIA_BLOCK_17_GP_11,NADIA_BLOCK_17,Nadia,24.09066898,88.79229494
107777,WB_107777,ADHATA,AMDANGA,North 24 Parganas,22.8765,88.53034991
107778,WB_107778,AMDANGA,AMDANGA,North 24 Parganas,22.80494678,88.50961366
107779,WB_107779,BERABERIA,AMDANGA,North 24 Parganas,22.7754176,88.44586403
107780,WB_107780,BODAI,AMDANGA,North 24 Parganas,22.79300507,88.47801809
107781,WB_107781,CHANDIGARH,AMDANGA,North 24 Parganas,22.86563831,88.48422221
107782,WB_107782,MARICHA,AMDANGA,North 24 Parganas,22.91561015,88.52656344
107783,WB_107783,SADHANPUR,AMDANGA,North 24 Parganas,22.83668928,88.50403437
107784,WB_107784,TARABERIA,AMDANGA,North 24 Parganas,22.82118012,88.46001494
109134,WB_109134,NORTH_24_PARGANAS_BLOCK_2_GP_1,NORTH_24_PARGANAS_BLOCK_2,North 24 Parganas,22.32183265,88.44513748
109135,WB_109135,NORTH_24_PARGANAS_BLOCK_2_GP_2,NORTH_24_PARGANAS_BLOCK_2,North 24 Parganas,22.31499384,88.44049538
109136,WB_109136,NORTH_24_PARGANAS_BLOCK_2_GP_3,NORTH_24_PARGANAS_BLOCK_2,North 24 Parganas,22.31608782,88.44976431
109137,WB_109137,NORTH_24_PARGANAS_BLOCK_2_GP_4,NORTH_24_PARGANAS_BLOCK_2,North 24 Parganas,22.32670541,88.44065447
109138,WB_109138,NORTH_24_PARGANAS_BLOCK_2_GP_5,NORTH_24_PARGANAS_BLOCK_2,North 24 Parganas,22.30673809,88.44313787
109139,WB_109139,NORTH_24_PARGANAS_BLOCK_2_GP_6,NORTH_24_PARGANAS_BLOCK_2,North 24 Parganas,22.32615459,88.45083525
109140,WB_109140,NORTH_24_PARGANAS_BLOCK_2_GP_7,NORTH_24_PARGANAS_BLOCK_2,North 24 Parganas,22.31915344,88.43528852
109141,WB_109141,NORTH_24_PARGANAS_BLOCK_2_GP_8,NORTH_24_PARGANAS_BLOCK_2,North 24 Parganas,22.30733246,88.45101197
109142,WB_109142,NORTH_24_PARGANAS_BLOCK_2_GP_9,NORTH_24_PARGANAS_BLOCK_2,North 24 Parganas,22.33410399,88.44413488
109143,WB_109143,NORTH_24_PARGANAS_BLOCK_2_GP_10,NORTH_24_PARGANAS_BLOCK_2,North 24 Parganas,22.30556851,88.43707034
109144,WB_109144,NORTH_24_PARGANAS_BLOCK_3_GP_1,NORTH_24_PARGANAS_BLOCK_3,North 24 Parganas,22.36683692,88.47526887
109145,WB_109145,NORTH_24_PARGANAS_BLOCK_3_GP_2,NORTH_24_PARGANAS_BLOCK_3,North 24 Parganas,22.36207813,88.46963494
109146,WB_109146,NORTH_24_PARGANAS_BLOCK_3_GP_3,NORTH_24_PARGANAS_BLOCK_3,North 24 Parganas,22.3594464,88.47877236
109147,WB_109147,NORTH_24_PARGANAS_BLOCK_3_GP_4,NORTH_24_PARGANAS_BLOCK_3,North 24 Parganas,22.37332782,88.47175768
109148,WB_109148,NORTH_24_PARGANAS_BLOCK_3_GP_5,NORTH_24_PARGANAS_BLOCK_3,North 24 Parganas,22.35305179,88.47079946
109149,WB_109149,NORTH_24_PARGANAS_BLOCK_3_GP_6,NORTH_24_PARGANAS_BLOCK_3,North 24 Parganas,22.3687444,88.48149937
109150,WB_109150,NORTH_24_PARGANAS_BLOCK_3_GP_7,NORTH_24_PARGANAS_BLOCK_3,North 24 Parganas,22.36816819,88.46530463
109151,WB_109151,NORTH_24_PARGANAS_BLOCK_3_GP_8,NORTH_24_PARGANAS_BLOCK_3,North 24 Parganas,22.3504925,88.47850552
109152,WB_109152,NORTH_24_PARGANAS_BLOCK_3_GP_9,NORTH_24_PARGANAS_BLOCK_3,North 24 Parganas,22.37908961,88.47636357
109153,WB_109153,NORTH_24_PARGANAS_BLOCK_3_GP_10,NORTH_24_PARGANAS_BLOCK_3,North 24 Parganas,22.35433652,88.46474178
109154,WB_109154,NORTH_24_PARGANAS_BLOCK_4_GP_1,NORTH_24_PARGANAS_BLOCK_4,North 24 Parganas,22.41294695,88.50355197
109155,WB_109155,NORTH_24_PARGANAS_BLOCK_4_GP_2,NORTH_24_PARGANAS_BLOCK_4,North 24 Parganas,22.40442331,88.50029413
109156,WB_109156,NORTH_24_PARGANAS_BLOCK_4_GP_3,NORTH_24_PARGANAS_BLOCK_4,North 24 Parganas,22.40935508,88.5090201
109157,WB_109157,NORTH_24_PARGANAS_BLOCK_4_GP_4,NORTH_24_PARGANAS_BLOCK_4,North 24 Parganas,22.41575982,88.49837643
109158,WB_109158,NORTH_24_PARGANAS_BLOCK_4_GP_5,NORTH_24_PARGANAS_BLOCK_4,North 24 Parganas,22.39758476,88.50429672
109159,WB_109159,NORTH_24_PARGANAS_BLOCK_4_GP_6,NORTH_24_PARGANAS_BLOCK_4,North 24 Parganas,22.41949042,88.50827069
109160,WB_109160,NORTH_24_PARGANAS_BLOCK_4_GP_7,NORTH_24_PARGANAS_BLOCK_4,North 24 Parganas,22.40624699,88.49454814
109161,WB_109161,NORTH_24_PARGANAS_BLOCK_4_GP_8,NORTH_24_PARGANAS_BLOCK_4,North 24 Parganas,22.40145202,88.5117688
109162,WB_109162,NORTH_24_PARGANAS_BLOCK_4_GP_9,NORTH_24_PARGANAS_BLOCK_4,North 24 Parganas,22.42433595,88.50041741
109163,WB_109163,NORTH_24_PARGANAS_BLOCK_4_GP_10,NORTH_24_PARGANAS_BLOCK_4,North 24 Parganas,22.39392003,88.4986648
109164,WB_109164,NORTH_24_PARGANAS_BLOCK_5_GP_1,NORTH_24_PARGANAS_BLOCK_5,North 24 Parganas,22.45270383,88.53531462
109165,WB_109165,NORTH_24_PARGANAS_BLOCK_5_GP_2,NORTH_24_PARGANAS_BLOCK_5,North 24 Parganas,22.46114557,88.53134089
109166,WB_109166,NORTH_24_PARGANAS_BLOCK_5_GP_3,NORTH_24_PARGANAS_BLOCK_5,North 24 Parganas,22.44609763,88.53074947
109167,WB_109167,NORTH_24_PARGANAS_BLOCK_5_GP_4,NORTH_24_PARGANAS_BLOCK_5,North 24 Parganas,22.4592045,88.53926715
109168,WB_109168,NORTH_24_PARGANAS_BLOCK_5_GP_5,NORTH_24_PARGANAS_BLOCK_5,North 24 Parganas,22.45808856,88.52535705
109169,WB_109169,NORTH_24_PARGANAS_BLOCK_5_GP_6,NORTH_24_PARGANAS_BLOCK_5,North 24 Parganas,22.44292841,88.53742811
109170,WB_109170,NORTH_24_PARGANAS_BLOCK_5_GP_7,NORTH_24_PARGANAS_BLOCK_5,North 24 Parganas,22.46891172,88.53491354
109171,WB_109171,NORTH_24_PARGANAS_BLOCK_5_GP_8,NORTH_24_PARGANAS_BLOCK_5,North 24 Parganas,22.44535331,88.52462726
109172,WB_109172,NORTH_24_PARGANAS_BLOCK_5_GP_9,NORTH_24_PARGANAS_BLOCK_5,North 24 Parganas,22.45254846,88.54378801
109173,WB_109173,NORTH_24_PARGANAS_BLOCK_6_GP_1,NORTH_24_PARGANAS_BLOCK_6,North 24 Parganas,22.503943,88.5618411
109174,WB_109174,NORTH_24_PARGANAS_BLOCK_6_GP_2,NORTH_24_PARGANAS_BLOCK_6,North 24 Parganas,22.49377816,88.5603429
109175,WB_109175,NORTH_24_PARGANAS_BLOCK_6_GP_3,NORTH_24_PARGANAS_BLOCK_6,North 24 Parganas,22.50302881,88.56808019
109176,WB_109176,NORTH_24_PARGANAS_BLOCK_6_GP_4,NORTH_24_PARGANAS_BLOCK_6,North 24 Parganas,22.50421896,88.55605797
109177,WB_109177,NORTH_24_PARGANAS_BLOCK_6_GP_5,NORTH_24_PARGANAS_BLOCK_6,North 24 Parganas,22.48888151,88.56578573
109178,WB_109178,NORTH_24_PARGANAS_BLOCK_6_GP_6,NORTH_24_PARGANAS_BLOCK_6,North 24 Parganas,22.51283867,88.56521851
109179,WB_109179,NORTH_24_PARGANAS_BLOCK_6_GP_7,NORTH_24_PARGANAS_BLOCK_6,North 24 Parganas,22.4927797,88.5541927
109180,WB_109180,NORTH_24_PARGANAS_BLOCK_6_GP_8,NORTH_24_PARGANAS_BLOCK_6,North 24 Parganas,22.49644551,88.57248524
109181,WB_109181,NORTH_24_PARGANAS_BLOCK_6_GP_9,NORTH_24_PARGANAS_BLOCK_6,North 24 Parganas,22.5138372,88.55632315
109182,WB_109182,NORTH_24_PARGANAS_BLOCK_7_GP_1,NORTH_24_PARGANAS_BLOCK_7,North 24 Parganas,22.54399398,88.59451559
109183,WB_109183,NORTH_24_PARGANAS_BLOCK_7_GP_2,NORTH_24_PARGANAS_BLOCK_7,North 24 Parganas,22.55176611,88.59000144
109184,WB_109184,NORTH_24_PARGANAS_BLOCK_7_GP_3,NORTH_24_PARGANAS_BLOCK_7,North 24 Parganas,22.53670403,88.59041361
109185,WB_109185,NORTH_24_PARGANAS_BLOCK_7_GP_4,NORTH_24_PARGANAS_BLOCK_7,North 24 Parganas,22.55108254,88.59801519
109186,WB_109186,NORTH_24_PARGANAS_BLOCK_7_GP_5,NORTH_24_PARGANAS_BLOCK_7,North 24 Parganas,22.54778349,88.58425224
109187,WB_109187,NORTH_24_PARGANAS_BLOCK_7_GP_6,NORTH_24_PARGANAS_BLOCK_7,North 24 Parganas,22.53460242,88.59726793
109188,WB_109188,NORTH_24_PARGANAS_BLOCK_7_GP_7,NORTH_24_PARGANAS_BLOCK_7,North 24 Parganas,22.56005374,88.59303901
109189,WB_109189,NORTH_24_PARGANAS_BLOCK_7_GP_8,NORTH_24_PARGANAS_BLOCK_7,North 24 Parganas,22.53500019,88.584373
109190,WB_109190,NORTH_24_PARGANAS_BLOCK_7_GP_9,NORTH_24_PARGANAS_BLOCK_7,North 24 Parganas,22.54517284,88.60295487
109191,WB_109191,NORTH_24_PARGANAS_BLOCK_8_GP_1,NORTH_24_PARGANAS_BLOCK_8,North 24 Parganas,22.58702979,88.62078798
109192,WB_109192,NORTH_24_PARGANAS_BLOCK_8_GP_2,NORTH_24_PARGANAS_BLOCK_8,North 24 Parganas,22.59441833,88.62556654
109193,WB_109193,NORTH_24_PARGANAS_BLOCK_8_GP_3,NORTH_24_PARGANAS_BLOCK_8,North 24 Parganas,22.5929023,88.61581719
109194,WB_109194,NORTH_24_PARGANAS_BLOCK_8_GP_4,NORTH_24_PARGANAS_BLOCK_8,North 24 Parganas,22.58207062,88.62559278
109195,WB_109195,NORTH_24_PARGANAS_BLOCK_8_GP_5,NORTH_24_PARGANAS_BLOCK_8,North 24 Parganas,22.60301456,88.62264525
109196,WB_109196,NORTH_24_PARGANAS_BLOCK_8_GP_6,NORTH_24_PARGANAS_BLOCK_8,North 24 Parganas,22.58225213,88.61485532
109197,WB_109197,NORTH_24_PARGANAS_BLOCK_8_GP_7,NORTH_24_PARGANAS_BLOCK_8,North 24 Parganas,22.59023904,88.63112231
109198,WB_109198,NORTH_24_PARGANAS_BLOCK_8_GP_8,NORTH_24_PARGANAS_BLOCK_8,North 24 Parganas,22.60207969,88.61435748
109199,WB_109199,NORTH_24_PARGANAS_BLOCK_8_GP_9,NORTH_24_PARGANAS_BLOCK_8,North 24 Parganas,22.57413773,88.62204767
109200,WB_109200,NORTH_24_PARGANAS_BLOCK_9_GP_1,NORTH_24_PARGANAS_BLOCK_9,North 24 Parganas,22.63427185,88.65340665
109201,WB_109201,NORTH_24_PARGANAS_BLOCK_9_GP_2,NORTH_24_PARGANAS_BLOCK_9,North 24 Parganas,22.64312164,88.64982763
109202,WB_109202,NORTH_24_PARGANAS_BLOCK_9_GP_3,NORTH_24_PARGANAS_BLOCK_9,North 24 Parganas,22.6281746,88.64855153
109203,WB_109203,NORTH_24_PARGANAS_BLOCK_9_GP_4,NORTH_24_PARGANAS_BLOCK_9,North 24 Parganas,22.64032994,88.65764586
109204,WB_109204,NORTH_24_PARGANAS_BLOCK_9_GP_5,NORTH_24_PARGANAS_BLOCK_9,North 24 Parganas,22.64071795,88.64371914
109205,WB_109205,NORTH_24_PARGANAS_BLOCK_9_GP_6,NORTH_24_PARGANAS_BLOCK_9,North 24 Parganas,22.62429242,88.65506921
109206,WB_109206,NORTH_24_PARGANAS_BLOCK_9_GP_7,NORTH_24_PARGANAS_BLOCK_9,North 24 Parganas,22.6504831,88.65374559
109207,WB_109207,NORTH_24_PARGANAS_BLOCK_9_GP_8,NORTH_24_PARGANAS_BLOCK_9,North 24 Parganas,22.62809283,88.64241046
109208,WB_109208,NORTH_24_PARGANAS_BLOCK_9_GP_9,NORTH_24_PARGANAS_BLOCK_9,North 24 Parganas,22.6332024,88.66185208
109209,WB_109209,NORTH_24_PARGANAS_BLOCK_10_GP_1,NORTH_24_PARGANAS_BLOCK_10,North 24 Parganas,22.68219033,88.68331703
109210,WB_109210,NORTH_24_PARGANAS_BLOCK_10_GP_2,NORTH_24_PARGANAS_BLOCK_10,North 24 Parganas,22.68608621,88.67703322
109211,WB_109211,NORTH_24_PARGANAS_BLOCK_10_GP_3,NORTH_24_PARGANAS_BLOCK_10,North 24 Parganas,22.67286023,88.68173579
109212,WB_109212,NORTH_24_PARGANAS_BLOCK_10_GP_4,NORTH_24_PARGANAS_BLOCK_10,North 24 Parganas,22.69092968,88.68441603
109213,WB_109213,NORTH_24_PARGANAS_BLOCK_10_GP_5,NORTH_24_PARGANAS_BLOCK_10,North 24 Parganas,22.67860032,88.67302342
109214,WB_109214,NORTH_24_PARGANAS_BLOCK_10_GP_6,NORTH_24_PARGANAS_BLOCK_10,North 24 Parganas,22.67564265,88.68848686
109215,WB_109215,NORTH_24_PARGANAS_BLOCK_10_GP_7,NORTH_24_PARGANAS_BLOCK_10,North 24 Parganas,22.69558623,88.67737296
109216,WB_109216,NORTH_24_PARGANAS_BLOCK_10_GP_8,NORTH_24_PARGANAS_BLOCK_10,North 24 Parganas,22.66721937,88.67680914
109217,WB_109217,NORTH_24_PARGANAS_BLOCK_10_GP_9,NORTH_24_PARGANAS_BLOCK_10,North 24 Parganas,22.68899363,88.69054567
109218,WB_109218,NORTH_24_PARGANAS_BLOCK_11_GP_1,NORTH_24_PARGANAS_BLOCK_11,North 24 Parganas,22.73098583,88.71131254
109219,WB_109219,NORTH_24_PARGANAS_BLOCK_11_GP_2,NORTH_24_PARGANAS_BLOCK_11,North 24 Parganas,22.72448395,88.70601744
109220,WB_109220,NORTH_24_PARGANAS_BLOCK_11_GP_3,NORTH_24_PARGANAS_BLOCK_11,North 24 Parganas,22.72427947,88.71581556
109221,WB_109221,NORTH_24_PARGANAS_BLOCK_11_GP_4,NORTH_24_PARGANAS_BLOCK_11,North 24 Parganas,22.73675569,88.70690672
109222,WB_109222,NORTH_24_PARGANAS_BLOCK_11_GP_5,NORTH_24_PARGANAS_BLOCK_11,North 24 Parganas,22.71543123,88.70828242
109223,WB_109223,NORTH_24_PARGANAS_BLOCK_11_GP_6,NORTH_24_PARGANAS_BLOCK_11,North 24 Parganas,22.73469138,88.71756067
109224,WB_109224,NORTH_24_PARGANAS_BLOCK_11_GP_7,NORTH_24_PARGANAS_BLOCK_11,North 24 Parganas,22.72961078,88.70080773
109225,WB_109225,NORTH_24_PARGANAS_BLOCK_11_GP_8,NORTH_24_PARGANAS_BLOCK_11,North 24 Parganas,22.71490584,88.71658542
109226,WB_109226,NORTH_24_PARGANAS_BLOCK_11_GP_9,NORTH_24_PARGANAS_BLOCK_11,North 24 Parganas,22.7440148,88.71101678
109227,WB_109227,NORTH_24_PARGANAS_BLOCK_12_GP_1,NORTH_24_PARGANAS_BLOCK_12,North 24 Parganas,22.77521315,88.73767702
109228,WB_109228,NORTH_24_PARGANAS_BLOCK_12_GP_2,NORTH_24_PARGANAS_BLOCK_12,North 24 Parganas,22.76578019,88.7405588
109229,WB_109229,NORTH_24_PARGANAS_BLOCK_12_GP_3,NORTH_24_PARGANAS_BLOCK_12,North 24 Parganas,22.78039509,88.74296228
109230,WB_109230,NORTH_24_PARGANAS_BLOCK_12_GP_4,NORTH_24_PARGANAS_BLOCK_12,North 24 Parganas,22.76995929,88.73300641
109231,WB_109231,NORTH_24_PARGANAS_BLOCK_12_GP_5,NORTH_24_PARGANAS_BLOCK_12,North 24 Parganas,22.76706842,88.74680809
109232,WB_109232,NORTH_24_PARGANAS_BLOCK_12_GP_6,NORTH_24_PARGANAS_BLOCK_12,North 24 Parganas,22.78542322,88.73678441
109233,WB_109233,NORTH_24_PARGANAS_BLOCK_12_GP_7,NORTH_24_PARGANAS_BLOCK_12,North 24 Parganas,22.75917411,88.73610817
109234,WB_109234,NORTH_24_PARGANAS_BLOCK_12_GP_8,NORTH_24_PARGANAS_BLOCK_12,North 24 Parganas,22.77937147,88.74906744
109235,WB_109235,NORTH_24_PARGANAS_BLOCK_12_GP_9,NORTH_24_PARGANAS_BLOCK_12,North 24 Parganas,22.77779466,88.72937082
109236,WB_109236,NORTH_24_PARGANAS_BLOCK_13_GP_1,NORTH_24_PARGANAS_BLOCK_13,North 24 Parganas,22.81621813,88.76700006
109237,WB_109237,NORTH_24_PARGANAS_BLOCK_13_GP_2,NORTH_24_PARGANAS_BLOCK_13,North 24 Parganas,22.8165172,88.77377216
109238,WB_109238,NORTH_24_PARGANAS_BLOCK_13_GP_3,NORTH_24_PARGANAS_BLOCK_13,North 24 Parganas,22.82574198,88.76602183
109239,WB_109239,NORTH_24_PARGANAS_BLOCK_13_GP_4,NORTH_24_PARGANAS_BLOCK_13,North 24 Parganas,22.80753258,88.76826653
109240,WB_109240,NORTH_24_PARGANAS_BLOCK_13_GP_5,NORTH_24_PARGANAS_BLOCK_13,North 24 Parganas,22.8258464,88.77549926
109241,WB_109241,NORTH_24_PARGANAS_BLOCK_13_GP_6,NORTH_24_PARGANAS_BLOCK_13,North 24 Parganas,22.81903513,88.76055896
109242,WB_109242,NORTH_24_PARGANAS_BLOCK_13_GP_7,NORTH_24_PARGANAS_BLOCK_13,North 24 Parganas,22.8076021,88.77593231
109243,WB_109243,NORTH_24_PARGANAS_BLOCK_13_GP_8,NORTH_24_PARGANAS_BLOCK_13,North 24 Parganas,22.83394493,88.76906916
109244,WB_109244,NORTH_24_PARGANAS_BLOCK_13_GP_9,NORTH_24_PARGANAS_BLOCK_13,North 24 Parganas,22.80553244,88.7621456
109245,WB_109245,NORTH_24_PARGANAS_BLOCK_14_GP_1,NORTH_24_PARGANAS_BLOCK_14,North 24 Parganas,22.86758798,88.79822692
109246,WB_109246,NORTH_24_PARGANAS_BLOCK_14_GP_2,NORTH_24_PARGANAS_BLOCK_14,North 24 Parganas,22.85744344,88.79667166
109247,WB_109247,NORTH_24_PARGANAS_BLOCK_14_GP_3,NORTH_24_PARGANAS_BLOCK_14,North 24 Parganas,22.86659085,88.80446063
109248,WB_109248,NORTH_24_PARGANAS_BLOCK_14_GP_4,NORTH_24_PARGANAS_BLOCK_14,North 24 Parganas,22.86794083,88.79244555
109249,WB_109249,NORTH_24_PARGANAS_BLOCK_14_GP_5,NORTH_24_PARGANAS_BLOCK_14,North 24 Parganas,22.85247459,88.80208677
109250,WB_109250,NORTH_24_PARGANAS_BLOCK_14_GP_6,NORTH_24_PARGANAS_BLOCK_14,North 24 Parganas,22.8764384,88.80165418
109251,WB_109251,NORTH_24_PARGANAS_BLOCK_14_GP_7,NORTH_24_PARGANAS_BLOCK_14,North 24 Parganas,22.8565268,88.79051608
109252,WB_109252,NORTH_24_PARGANAS_BLOCK_14_GP_8,NORTH_24_PARGANAS_BLOCK_14,North 24 Parganas,22.85994922,88.80882853
109253,WB_109253,NORTH_24_PARGANAS_BLOCK_14_GP_9,NORTH_24_PARGANAS_BLOCK_14,North 24 Parganas,22.87755519,88.79276476
109254,WB_109254,NORTH_24_PARGANAS_BLOCK_15_GP_1,NORTH_24_PARGANAS_BLOCK_15,North 24 Parganas,22.9074952,88.82597453
109255,WB_109255,NORTH_24_PARGANAS_BLOCK_15_GP_2,NORTH_24_PARGANAS_BLOCK_15,North 24 Parganas,22.90674674,88.83273193
109256,WB_109256,NORTH_24_PARGANAS_BLOCK_15_GP_3,NORTH_24_PARGANAS_BLOCK_15,North 24 Parganas,22.91712203,88.82562277
109257,WB_109257,NORTH_24_PARGANAS_BLOCK_15_GP_4,NORTH_24_PARGANAS_BLOCK_15,North 24 Parganas,22.89865792,88.82666779
109258,WB_109258,NORTH_24_PARGANAS_BLOCK_15_GP_5,NORTH_24_PARGANAS_BLOCK_15,North 24 Parganas,22.91576203,88.83505912
109259,WB_109259,NORTH_24_PARGANAS_BLOCK_15_GP_6,NORTH_24_PARGANAS_BLOCK_15,North 24 Parganas,22.91129286,88.81974982
109260,WB_109260,NORTH_24_PARGANAS_BLOCK_15_GP_7,NORTH_24_PARGANAS_BLOCK_15,North 24 Parganas,22.89754303,88.83429937
109261,WB_109261,NORTH_24_PARGANAS_BLOCK_15_GP_8,NORTH_24_PARGANAS_BLOCK_15,North 24 Parganas,22.92481284,88.82919002
109262,WB_109262,NORTH_24_PARGANAS_BLOCK_15_GP_9,NORTH_24_PARGANAS_BLOCK_15,North 24 Parganas,22.89761333,88.82044726
109263,WB_109263,NORTH_24_PARGANAS_BLOCK_16_GP_1,NORTH_24_PARGANAS_BLOCK_16,North 24 Parganas,22.95843869,88.85872845
109264,WB_109264,NORTH_24_PARGANAS_BLOCK_16_GP_2,NORTH_24_PARGANAS_BLOCK_16,North 24 Parganas,22.95096619,88.85400538
109265,WB_109265,NORTH_24_PARGANAS_BLOCK_16_GP_3,NORTH_24_PARGANAS_BLOCK_16,North 24 Parganas,22.95265441,88.86374276
109266,WB_109266,NORTH_24_PARGANAS_BLOCK_16_GP_4,NORTH_24_PARGANAS_BLOCK_16,North 24 Parganas,22.96331262,88.85388694
109267,WB_109267,NORTH_24_PARGANAS_BLOCK_16_GP_5,NORTH_24_PARGANAS_BLOCK_16,North 24 Parganas,22.94242215,88.85699067
109268,WB_109268,NORTH_24_PARGANAS_BLOCK_16_GP_6,NORTH_24_PARGANAS_BLOCK_16,North 24 Parganas,22.96332088,88.86462505
109269,WB_109269,NORTH_24_PARGANAS_BLOCK_16_GP_7,NORTH_24_PARGANAS_BLOCK_16,North 24 Parganas,22.95504701,88.84841877
109270,WB_109270,NORTH_24_PARGANAS_BLOCK_16_GP_8,NORTH_24_PARGANAS_BLOCK_16,North 24 Parganas,22.94350343,88.86527091
109271,WB_109271,NORTH_24_PARGANAS_BLOCK_16_GP_9,NORTH_24_PARGANAS_BLOCK_16,North 24 Parganas,22.97130763,88.85737259
109272,WB_109272,NORTH_24_PARGANAS_BLOCK_17_GP_1,NORTH_24_PARGANAS_BLOCK_17,North 24 Parganas,23.00401909,88.88792213
109273,WB_109273,NORTH_24_PARGANAS_BLOCK_17_GP_2,NORTH_24_PARGANAS_BLOCK_17,North 24 Parganas,22.99562681,88.88390439
109274,WB_109274,NORTH_24_PARGANAS_BLOCK_17_GP_3,NORTH_24_PARGANAS_BLOCK_17,North 24 Parganas,22.99933907,88.89340168
109275,WB_109275,NORTH_24_PARGANAS_BLOCK_17_GP_4,NORTH_24_PARGANAS_BLOCK_17,North 24 Parganas,23.00783344,88.88269435
109276,WB_109276,NORTH_24_PARGANAS_BLOCK_17_GP_5,NORTH_24_PARGANAS_BLOCK_17,North 24 Parganas,22.98778769,88.88761806
109277,WB_109277,NORTH_24_PARGANAS_BLOCK_17_GP_6,NORTH_24_PARGANAS_BLOCK_17,North 24 Parganas,23.01009102,88.89333172
109278,WB_109278,NORTH_24_PARGANAS_BLOCK_17_GP_7,NORTH_24_PARGANAS_BLOCK_17,North 24 Parganas,22.99849936,88.87800864
109279,WB_109279,NORTH_24_PARGANAS_BLOCK_17_GP_8,NORTH_24_PARGANAS_BLOCK_17,North 24 Parganas,22.99059343,88.89572549
109280,WB_109280,NORTH_24_PARGANAS_BLOCK_17_GP_9,NORTH_24_PARGANAS_BLOCK_17,North 24 Parganas,23.01648416,88.88543994
109281,WB_109281,NORTH_24_PARGANAS_BLOCK_18_GP_1,NORTH_24_PARGANAS_BLOCK_18,North 24 Parganas,23.04736689,88.91470927
109282,WB_109282,NORTH_24_PARGANAS_BLOCK_18_GP_2,NORTH_24_PARGANAS_BLOCK_18,North 24 Parganas,23.0388071,88.91857482
109283,WB_109283,NORTH_24_PARGANAS_BLOCK_18_GP_3,NORTH_24_PARGANAS_BLOCK_18,North 24 Parganas,23.05383434,88.91935759
109284,WB_109284,NORTH_24_PARGANAS_BLOCK_18_GP_4,NORTH_24_PARGANAS_BLOCK_18,North 24 Parganas,23.0409865,88.91067478
109285,WB_109285,NORTH_24_PARGANAS_BLOCK_18_GP_5,NORTH_24_PARGANAS_BLOCK_18,North 24 Parganas,23.04168332,88.92459641
109286,WB_109286,NORTH_24_PARGANAS_BLOCK_18_GP_6,NORTH_24_PARGANAS_BLOCK_18,North 24 Parganas,23.05720409,88.91272056
109287,WB_109287,NORTH_24_PARGANAS_BLOCK_18_GP_7,NORTH_24_PARGANAS_BLOCK_18,North 24 Parganas,23.03115003,88.91490404
109288,WB_109288,NORTH_24_PARGANAS_BLOCK_18_GP_8,NORTH_24_PARGANAS_BLOCK_18,North 24 Parganas,23.05439415,88.9254881
109289,WB_109289,NORTH_24_PARGANAS_BLOCK_18_GP_9,NORTH_24_PARGANAS_BLOCK_18,North 24 Parganas,23.04777741,88.90623948
109290,WB_109290,NORTH_24_PARGANAS_BLOCK_19_GP_1,NORTH_24_PARGANAS_BLOCK_19,North 24 Parganas,23.09497731,88.94669256
109291,WB_109291,NORTH_24_PARGANAS_BLOCK_19_GP_2,NORTH_24_PARGANAS_BLOCK_19,North 24 Parganas,23.0858963,88.94336725
109292,WB_109292,NORTH_24_PARGANAS_BLOCK_19_GP_3,NORTH_24_PARGANAS_BLOCK_19,North 24 Parganas,23.09135603,88.95250107
109293,WB_109293,NORTH_24_PARGANAS_BLOCK_19_GP_4,NORTH_24_PARGANAS_BLOCK_19,North 24 Parganas,23.09778638,88.9412023
109294,WB_109294,NORTH_24_PARGANAS_BLOCK_19_GP_5,NORTH_24_PARGANAS_BLOCK_19,North 24 Parganas,23.07880929,88.9476724
109295,WB_109295,NORTH_24_PARGANAS_BLOCK_19_GP_6,NORTH_24_PARGANAS_BLOCK_19,North 24 Parganas,23.10201528,88.95158263
109296,WB_109296,NORTH_24_PARGANAS_BLOCK_19_GP_7,NORTH_24_PARGANAS_BLOCK_19,North 24 Parganas,23.0876457,88.93728834
109297,WB_109297,NORTH_24_PARGANAS_BLOCK_19_GP_8,NORTH_24_PARGANAS_BLOCK_19,North 24 Parganas,23.08310946,88.95549824
109298,WB_109298,NORTH_24_PARGANAS_BLOCK_19_GP_9,NORTH_24_PARGANAS_BLOCK_19,North 24 Parganas,23.10688616,88.94324448
109299,WB_109299,NORTH_24_PARGANAS_BLOCK_20_GP_1,NORTH_24_PARGANAS_BLOCK_20,North 24 Parganas,23.13634582,88.97878263
109300,WB_109300,NORTH_24_PARGANAS_BLOCK_20_GP_2,NORTH_24_PARGANAS_BLOCK_20,North 24 Parganas,23.14114961,88.97277021
109301,WB_109301,NORTH_24_PARGANAS_BLOCK_20_GP_3,NORTH_24_PARGANAS_BLOCK_20,North 24 Parganas,23.12729157,88.97662788
109302,WB_109302,NORTH_24_PARGANAS_BLOCK_20_GP_4,NORTH_24_PARGANAS_BLOCK_20,North 24 Parganas,23.14488309,88.98042059
109303,WB_109303,NORTH_24_PARGANAS_BLOCK_20_GP_5,NORTH_24_PARGANAS_BLOCK_20,North 24 Parganas,23.13428889,88.96831286
109304,WB_109304,NORTH_24_PARGANAS_BLOCK_20_GP_6,NORTH_24_PARGANAS_BLOCK_20,North 24 Parganas,23.12906656,88.98352112
109305,WB_109305,NORTH_24_PARGANAS_BLOCK_20_GP_7,NORTH_24_PARGANAS_BLOCK_20,North 24 Parganas,23.15055591,88.97369974
109306,WB_109306,NORTH_24_PARGANAS_BLOCK_20_GP_8,NORTH_24_PARGANAS_BLOCK_20,North 24 Parganas,23.12240249,88.97137274
109307,WB_109307,NORTH_24_PARGANAS_BLOCK_20_GP_9,NORTH_24_PARGANAS_BLOCK_20,North 24 Parganas,23.14205285,88.98640153
109308,WB_109308,NORTH_24_PARGANAS_BLOCK_21_GP_1,NORTH_24_PARGANAS_BLOCK_21,North 24 Parganas,23.17774784,89.00562699
109309,WB_109309,NORTH_24_PARGANAS_BLOCK_21_GP_2,NORTH_24_PARGANAS_BLOCK_21,North 24 Parganas,23.18691797,89.0088473
109310,WB_109310,NORTH_24_PARGANAS_BLOCK_21_GP_3,NORTH_24_PARGANAS_BLOCK_21,North 24 Parganas,23.18121038,88.99977773
109311,WB_109311,NORTH_24_PARGANAS_BLOCK_21_GP_4,NORTH_24_PARGANAS_BLOCK_21,North 24 Parganas,23.1750887,89.0111487
109312,WB_109312,NORTH_24_PARGANAS_BLOCK_21_GP_5,NORTH_24_PARGANAS_BLOCK_21,North 24 Parganas,23.19388664,89.00446129
109313,WB_109313,NORTH_24_PARGANAS_BLOCK_21_GP_6,NORTH_24_PARGANAS_BLOCK_21,North 24 Parganas,23.17057781,89.00081865
109314,WB_109314,NORTH_24_PARGANAS_BLOCK_21_GP_7,NORTH_24_PARGANAS_BLOCK_21,North 24 Parganas,23.18533437,89.01494539
109315,WB_109315,NORTH_24_PARGANAS_BLOCK_21_GP_8,NORTH_24_PARGANAS_BLOCK_21,North 24 Parganas,23.18937404,88.99668615
109316,WB_109316,NORTH_24_PARGANAS_BLOCK_21_GP_9,NORTH_24_PARGANAS_BLOCK_21,North 24 Parganas,23.16593474,89.00921153
109317,WB_109317,NORTH_24_PARGANAS_BLOCK_22_GP_1,NORTH_24_PARGANAS_BLOCK_22,North 24 Parganas,23.2304584,89.03357951
109318,WB_109318,NORTH_24_PARGANAS_BLOCK_22_GP_2,NORTH_24_PARGANAS_BLOCK_22,North 24 Parganas,23.22023818,89.03490905
109319,WB_109319,NORTH_24_PARGANAS_BLOCK_22_GP_3,NORTH_24_PARGANAS_BLOCK_22,North 24 Parganas,23.23354226,89.03951763
109320,WB_109320,NORTH_24_PARGANAS_BLOCK_22_GP_4,NORTH_24_PARGANAS_BLOCK_22,North 24 Parganas,23.22707826,89.02822698
109321,WB_109321,NORTH_24_PARGANAS_BLOCK_22_GP_5,NORTH_24_PARGANAS_BLOCK_22,North 24 Parganas,23.21918645,89.04117702
109322,WB_109322,NORTH_24_PARGANAS_BLOCK_22_GP_6,NORTH_24_PARGANAS_BLOCK_22,North 24 Parganas,23.24070023,89.03430224
109323,WB_109323,NORTH_24_PARGANAS_BLOCK_22_GP_7,NORTH_24_PARGANAS_BLOCK_22,North 24 Parganas,23.21546412,89.02955959
109324,WB_109324,NORTH_24_PARGANAS_BLOCK_22_GP_8,NORTH_24_PARGANAS_BLOCK_22,North 24 Parganas,23.23029905,89.04528578
109325,WB_109325,NORTH_24_PARGANAS_BLOCK_22_GP_9,NORTH_24_PARGANAS_BLOCK_22,North 24 Parganas,23.23602512,89.02591688
109326,WB_109326,PASCHIM_MEDINIPUR_BLOCK_1_GP_1,PASCHIM_MEDINIPUR_BLOCK_1,Paschim Medinipur,22.07347081,87.06589706
109327,WB_109327,PASCHIM_MEDINIPUR_BLOCK_1_GP_2,PASCHIM_MEDINIPUR_BLOCK_1,Paschim Medinipur,22.06675331,87.06204639
109328,WB_109328,PASCHIM_MEDINIPUR_BLOCK_1_GP_3,PASCHIM_MEDINIPUR_BLOCK_1,Paschim Medinipur,22.06964412,87.07106503
109329,WB_109329,PASCHIM_MEDINIPUR_BLOCK_1_GP_4,PASCHIM_MEDINIPUR_BLOCK_1,Paschim Medinipur,22.07659763,87.06096315
109330,WB_109330,PASCHIM_MEDINIPUR_BLOCK_1_GP_5,PASCHIM_MEDINIPUR_BLOCK_1,Paschim Medinipur,22.06040061,87.06552467
109331,WB_109331,PASCHIM_MEDINIPUR_BLOCK_1_GP_6,PASCHIM_MEDINIPUR_BLOCK_1,Paschim Medinipur,22.07830487,87.07105456
109332,WB_109332,PASCHIM_MEDINIPUR_BLOCK_1_GP_7,PASCHIM_MEDINIPUR_BLOCK_1,Paschim Medinipur,22.06912855,87.05647464
109333,WB_109333,PASCHIM_MEDINIPUR_BLOCK_1_GP_8,PASCHIM_MEDINIPUR_BLOCK_1,Paschim Medinipur,22.06257578,87.07322162
109334,WB_109334,PASCHIM_MEDINIPUR_BLOCK_1_GP_9,PASCHIM_MEDINIPUR_BLOCK_1,Paschim Medinipur,22.08353657,87.0636097
109335,WB_109335,PASCHIM_MEDINIPUR_BLOCK_1_GP_10,PASCHIM_MEDINIPUR_BLOCK_1,Paschim Medinipur,22.05812841,87.05966899
109336,WB_109336,PASCHIM_MEDINIPUR_BLOCK_1_GP_11,PASCHIM_MEDINIPUR_BLOCK_1,Paschim Medinipur,22.07423268,87.07655423
109337,WB_109337,PASCHIM_MEDINIPUR_BLOCK_2_GP_1,PASCHIM_MEDINIPUR_BLOCK_2,Paschim Medinipur,22.11298422,87.09445272
109338,WB_109338,PASCHIM_MEDINIPUR_BLOCK_2_GP_2,PASCHIM_MEDINIPUR_BLOCK_2,Paschim Medinipur,22.1047922,87.09692116
109339,WB_109339,PASCHIM_MEDINIPUR_BLOCK_2_GP_3,PASCHIM_MEDINIPUR_BLOCK_2,Paschim Medinipur,22.11691349,87.09990889
109340,WB_109340,PASCHIM_MEDINIPUR_BLOCK_2_GP_4,PASCHIM_MEDINIPUR_BLOCK_2,Paschim Medinipur,22.10894322,87.08960321
109341,WB_109341,PASCHIM_MEDINIPUR_BLOCK_2_GP_5,PASCHIM_MEDINIPUR_BLOCK_2,Paschim Medinipur,22.10535874,87.10317258
109342,WB_109342,PASCHIM_MEDINIPUR_BLOCK_2_GP_6,PASCHIM_MEDINIPUR_BLOCK_2,Paschim Medinipur,22.12166602,87.09398929
109343,WB_109343,PASCHIM_MEDINIPUR_BLOCK_2_GP_7,PASCHIM_MEDINIPUR_BLOCK_2,Paschim Medinipur,22.09959292,87.09223395
109344,WB_109344,PASCHIM_MEDINIPUR_BLOCK_2_GP_8,PASCHIM_MEDINIPUR_BLOCK_2,Paschim Medinipur,22.11554301,87.10592182
109345,WB_109345,PASCHIM_MEDINIPUR_BLOCK_2_GP_9,PASCHIM_MEDINIPUR_BLOCK_2,Paschim Medinipur,22.11585106,87.0863211
109346,WB_109346,PASCHIM_MEDINIPUR_BLOCK_2_GP_10,PASCHIM_MEDINIPUR_BLOCK_2,Paschim Medinipur,22.09727112,87.10150258
109347,WB_109347,PASCHIM_MEDINIPUR_BLOCK_3_GP_1,PASCHIM_MEDINIPUR_BLOCK_3,Paschim Medinipur,22.14780849,87.12785903
109348,WB_109348,PASCHIM_MEDINIPUR_BLOCK_3_GP_2,PASCHIM_MEDINIPUR_BLOCK_3,Paschim Medinipur,22.15624127,87.1297962
109349,WB_109349,PASCHIM_MEDINIPUR_BLOCK_3_GP_3,PASCHIM_MEDINIPUR_BLOCK_3,Paschim Medinipur,22.14913673,87.12171358
109350,WB_109350,PASCHIM_MEDINIPUR_BLOCK_3_GP_4,PASCHIM_MEDINIPUR_BLOCK_3,Paschim Medinipur,22.14705891,87.13358078
109351,WB_109351,PASCHIM_MEDINIPUR_BLOCK_3_GP_5,PASCHIM_MEDINIPUR_BLOCK_3,Paschim Medinipur,22.16085465,87.12461721
109352,WB_109352,PASCHIM_MEDINIPUR_BLOCK_3_GP_6,PASCHIM_MEDINIPUR_BLOCK_3,Paschim Medinipur,22.14061335,87.12411502
109353,WB_109353,PASCHIM_MEDINIPUR_BLOCK_3_GP_7,PASCHIM_MEDINIPUR_BLOCK_3,Paschim Medinipur,22.15653292,87.13593853
109354,WB_109354,PASCHIM_MEDINIPUR_BLOCK_3_GP_8,PASCHIM_MEDINIPUR_BLOCK_3,Paschim Medinipur,22.1550788,87.11763849
109355,WB_109355,PASCHIM_MEDINIPUR_BLOCK_3_GP_9,PASCHIM_MEDINIPUR_BLOCK_3,Paschim Medinipur,22.13897656,87.13289044
109356,WB_109356,PASCHIM_MEDINIPUR_BLOCK_3_GP_10,PASCHIM_MEDINIPUR_BLOCK_3,Paschim Medinipur,22.16585672,87.12975602
109357,WB_109357,PASCHIM_MEDINIPUR_BLOCK_4_GP_1,PASCHIM_MEDINIPUR_BLOCK_4,Paschim Medinipur,22.18856022,87.15946207
109358,WB_109358,PASCHIM_MEDINIPUR_BLOCK_4_GP_2,PASCHIM_MEDINIPUR_BLOCK_4,Paschim Medinipur,22.19736103,87.15967107
109359,WB_109359,PASCHIM_MEDINIPUR_BLOCK_4_GP_3,PASCHIM_MEDINIPUR_BLOCK_4,Paschim Medinipur,22.18777151,87.15326251
109360,WB_109360,PASCHIM_MEDINIPUR_BLOCK_4_GP_4,PASCHIM_MEDINIPUR_BLOCK_4,Paschim Medinipur,22.18976517,87.16513815
109361,WB_109361,PASCHIM_MEDINIPUR_BLOCK_4_GP_5,PASCHIM_MEDINIPUR_BLOCK_4,Paschim Medinipur,22.20007224,87.15375758
109362,WB_109362,PASCHIM_MEDINIPUR_BLOCK_4_GP_6,PASCHIM_MEDINIPUR_BLOCK_4,Paschim Medinipur,22.180346,87.15726329
109363,WB_109363,PASCHIM_MEDINIPUR_BLOCK_4_GP_7,PASCHIM_MEDINIPUR_BLOCK_4,Paschim Medinipur,22.19971381,87.16554822
109364,WB_109364,PASCHIM_MEDINIPUR_BLOCK_4_GP_8,PASCHIM_MEDINIPUR_BLOCK_4,Paschim Medinipur,22.19213869,87.14815362
109365,WB_109365,PASCHIM_MEDINIPUR_BLOCK_4_GP_9,PASCHIM_MEDINIPUR_BLOCK_4,Paschim Medinipur,22.18172333,87.16606472
109366,WB_109366,PASCHIM_MEDINIPUR_BLOCK_4_GP_10,PASCHIM_MEDINIPUR_BLOCK_4,Paschim Medinipur,22.20663783,87.1577364
109367,WB_109367,PASCHIM_MEDINIPUR_BLOCK_5_GP_1,PASCHIM_MEDINIPUR_BLOCK_5,Paschim Medinipur,22.23423544,87.18719851
109368,WB_109368,PASCHIM_MEDINIPUR_BLOCK_5_GP_2,PASCHIM_MEDINIPUR_BLOCK_5,Paschim Medinipur,22.2262769,87.19007919
109369,WB_109369,PASCHIM_MEDINIPUR_BLOCK_5_GP_3,PASCHIM_MEDINIPUR_BLOCK_5,Paschim Medinipur,22.23863175,87.19244217
109370,WB_109370,PASCHIM_MEDINIPUR_BLOCK_5_GP_4,PASCHIM_MEDINIPUR_BLOCK_5,Paschim Medinipur,22.22978056,87.18256585
109371,WB_109371,PASCHIM_MEDINIPUR_BLOCK_5_GP_5,PASCHIM_MEDINIPUR_BLOCK_5,Paschim Medinipur,22.22738731,87.1962878
109372,WB_109372,PASCHIM_MEDINIPUR_BLOCK_5_GP_6,PASCHIM_MEDINIPUR_BLOCK_5,Paschim Medinipur,22.24285751,87.18629341
109373,WB_109373,PASCHIM_MEDINIPUR_BLOCK_5_GP_7,PASCHIM_MEDINIPUR_BLOCK_5,Paschim Medinipur,22.22068048,87.18566753
109374,WB_109374,PASCHIM_MEDINIPUR_BLOCK_5_GP_8,PASCHIM_MEDINIPUR_BLOCK_5,Paschim Medinipur,22.23778865,87.19851161
109375,WB_109375,PASCHIM_MEDINIPUR_BLOCK_5_GP_9,PASCHIM_MEDINIPUR_BLOCK_5,Paschim Medinipur,22.23638682,87.17893881
109376,WB_109376,PASCHIM_MEDINIPUR_BLOCK_5_GP_10,PASCHIM_MEDINIPUR_BLOCK_5,Paschim Medinipur,22.21917207,87.19503392
109377,WB_109377,PASCHIM_MEDINIPUR_BLOCK_6_GP_1,PASCHIM_MEDINIPUR_BLOCK_6,Paschim Medinipur,22.27372298,87.22272897
109378,WB_109378,PASCHIM_MEDINIPUR_BLOCK_6_GP_2,PASCHIM_MEDINIPUR_BLOCK_6,Paschim Medinipur,22.27502014,87.21606916
109379,WB_109379,PASCHIM_MEDINIPUR_BLOCK_6_GP_3,PASCHIM_MEDINIPUR_BLOCK_6,Paschim Medinipur,22.26557919,87.22260546
109380,WB_109380,PASCHIM_MEDINIPUR_BLOCK_6_GP_4,PASCHIM_MEDINIPUR_BLOCK_6,Paschim Medinipur,22.28123539,87.22247535
109381,WB_109381,PASCHIM_MEDINIPUR_BLOCK_6_GP_5,PASCHIM_MEDINIPUR_BLOCK_6,Paschim Medinipur,22.26765579,87.21332081
109382,WB_109382,PASCHIM_MEDINIPUR_BLOCK_6_GP_6,PASCHIM_MEDINIPUR_BLOCK_6,Paschim Medinipur,22.2699099,87.22871137
109383,WB_109383,PASCHIM_MEDINIPUR_BLOCK_6_GP_7,PASCHIM_MEDINIPUR_BLOCK_6,Paschim Medinipur,22.28292747,87.2149672
109384,WB_109384,PASCHIM_MEDINIPUR_BLOCK_6_GP_8,PASCHIM_MEDINIPUR_BLOCK_6,Paschim Medinipur,22.25945285,87.21869318
109385,WB_109385,PASCHIM_MEDINIPUR_BLOCK_6_GP_9,PASCHIM_MEDINIPUR_BLOCK_6,Paschim Medinipur,22.28150157,87.22869107
109386,WB_109386,PASCHIM_MEDINIPUR_BLOCK_6_GP_10,PASCHIM_MEDINIPUR_BLOCK_6,Paschim Medinipur,22.2735886,87.20879801
109387,WB_109387,PASCHIM_MEDINIPUR_BLOCK_7_GP_1,PASCHIM_MEDINIPUR_BLOCK_7,Paschim Medinipur,22.31029794,87.25272061
109388,WB_109388,PASCHIM_MEDINIPUR_BLOCK_7_GP_2,PASCHIM_MEDINIPUR_BLOCK_7,Paschim Medinipur,22.31900892,87.25173897
109389,WB_109389,PASCHIM_MEDINIPUR_BLOCK_7_GP_3,PASCHIM_MEDINIPUR_BLOCK_7,Paschim Medinipur,22.30809127,87.24672472
109390,WB_109390,PASCHIM_MEDINIPUR_BLOCK_7_GP_4,PASCHIM_MEDINIPUR_BLOCK_7,Paschim Medinipur,22.31279354,87.25814509
109391,WB_109391,PASCHIM_MEDINIPUR_BLOCK_7_GP_5,PASCHIM_MEDINIPUR_BLOCK_7,Paschim Medinipur,22.32031327,87.24555245
109392,WB_109392,PASCHIM_MEDINIPUR_BLOCK_7_GP_6,PASCHIM_MEDINIPUR_BLOCK_7,Paschim Medinipur,22.30170528,87.25166456
109393,WB_109393,PASCHIM_MEDINIPUR_BLOCK_7_GP_7,PASCHIM_MEDINIPUR_BLOCK_7,Paschim Medinipur,22.32268073,87.25720649
109394,WB_109394,PASCHIM_MEDINIPUR_BLOCK_7_GP_8,PASCHIM_MEDINIPUR_BLOCK_7,Paschim Medinipur,22.31121125,87.24110677
109395,WB_109395,PASCHIM_MEDINIPUR_BLOCK_7_GP_9,PASCHIM_MEDINIPUR_BLOCK_7,Paschim Medinipur,22.30509163,87.26014211
109396,WB_109396,PASCHIM_MEDINIPUR_BLOCK_7_GP_10,PASCHIM_MEDINIPUR_BLOCK_7,Paschim Medinipur,22.32769383,87.24858305
109397,WB_109397,PASCHIM_MEDINIPUR_BLOCK_8_GP_1,PASCHIM_MEDINIPUR_BLOCK_8,Paschim Medinipur,22.35701057,87.28211912
109398,WB_109398,PASCHIM_MEDINIPUR_BLOCK_8_GP_2,PASCHIM_MEDINIPUR_BLOCK_8,Paschim Medinipur,22.34914277,87.2790962
109399,WB_109399,PASCHIM_MEDINIPUR_BLOCK_8_GP_3,PASCHIM_MEDINIPUR_BLOCK_8,Paschim Medinipur,22.3543129,87.28799641
109400,WB_109400,PASCHIM_MEDINIPUR_BLOCK_8_GP_4,PASCHIM_MEDINIPUR_BLOCK_8,Paschim Medinipur,22.35904251,87.27658265
109401,WB_109401,PASCHIM_MEDINIPUR_BLOCK_8_GP_5,PASCHIM_MEDINIPUR_BLOCK_8,Paschim Medinipur,22.34342793,87.28358725
109402,WB_109402,PASCHIM_MEDINIPUR_BLOCK_8_GP_6,PASCHIM_MEDINIPUR_BLOCK_8,Paschim Medinipur,22.36325086,87.28675804
109403,WB_109403,PASCHIM_MEDINIPUR_BLOCK_8_GP_7,PASCHIM_MEDINIPUR_BLOCK_8,Paschim Medinipur,22.35024424,87.27300781
109404,WB_109404,PASCHIM_MEDINIPUR_BLOCK_8_GP_8,PASCHIM_MEDINIPUR_BLOCK_8,Paschim Medinipur,22.34753896,87.29122451
109405,WB_109405,PASCHIM_MEDINIPUR_BLOCK_8_GP_9,PASCHIM_MEDINIPUR_BLOCK_8,Paschim Medinipur,22.36684706,87.27833118
109406,WB_109406,PASCHIM_MEDINIPUR_BLOCK_8_GP_10,PASCHIM_MEDINIPUR_BLOCK_8,Paschim Medinipur,22.33966304,87.27786449
109407,WB_109407,PASCHIM_MEDINIPUR_BLOCK_9_GP_1,PASCHIM_MEDINIPUR_BLOCK_9,Paschim Medinipur,22.39478356,87.31566436
109408,WB_109408,PASCHIM_MEDINIPUR_BLOCK_9_GP_2,PASCHIM_MEDINIPUR_BLOCK_9,Paschim Medinipur,22.3970384,87.30915561
109409,WB_109409,PASCHIM_MEDINIPUR_BLOCK_9_GP_3,PASCHIM_MEDINIPUR_BLOCK_9,Paschim Medinipur,22.38670791,87.31485107
109410,WB_109410,PASCHIM_MEDINIPUR_BLOCK_9_GP_4,PASCHIM_MEDINIPUR_BLOCK_9,Paschim Medinipur,22.40228643,87.3160493
109411,WB_109411,PASCHIM_MEDINIPUR_BLOCK_9_GP_5,PASCHIM_MEDINIPUR_BLOCK_9,Paschim Medinipur,22.39011798,87.30579976
109412,WB_109412,PASCHIM_MEDINIPUR_BLOCK_9_GP_6,PASCHIM_MEDINIPUR_BLOCK_9,Paschim Medinipur,22.39012655,87.32128655
109413,WB_109413,PASCHIM_MEDINIPUR_BLOCK_9_GP_7,PASCHIM_MEDINIPUR_BLOCK_9,Paschim Medinipur,22.40505676,87.30873093
109414,WB_109414,PASCHIM_MEDINIPUR_BLOCK_9_GP_8,PASCHIM_MEDINIPUR_BLOCK_9,Paschim Medinipur,22.38118662,87.31044345
109415,WB_109415,PASCHIM_MEDINIPUR_BLOCK_9_GP_9,PASCHIM_MEDINIPUR_BLOCK_9,Paschim Medinipur,22.40164967,87.32224926
109416,WB_109416,PASCHIM_MEDINIPUR_BLOCK_9_GP_10,PASCHIM_MEDINIPUR_BLOCK_9,Paschim Medinipur,22.39667002,87.30180791
109417,WB_109417,PASCHIM_MEDINIPUR_BLOCK_10_GP_1,PASCHIM_MEDINIPUR_BLOCK_10,Paschim Medinipur,22.43675406,87.34204551
109418,WB_109418,PASCHIM_MEDINIPUR_BLOCK_10_GP_2,PASCHIM_MEDINIPUR_BLOCK_10,Paschim Medinipur,22.42861224,87.34460925
109419,WB_109419,PASCHIM_MEDINIPUR_BLOCK_10_GP_3,PASCHIM_MEDINIPUR_BLOCK_10,Paschim Medinipur,22.44079173,87.3474552
109420,WB_109420,PASCHIM_MEDINIPUR_BLOCK_10_GP_4,PASCHIM_MEDINIPUR_BLOCK_10,Paschim Medinipur,22.43261677,87.33724371
109421,WB_109421,PASCHIM_MEDINIPUR_BLOCK_10_GP_5,PASCHIM_MEDINIPUR_BLOCK_10,Paschim Medinipur,22.42930344,87.35085333
109422,WB_109422,PASCHIM_MEDINIPUR_BLOCK_10_GP_6,PASCHIM_MEDINIPUR_BLOCK_10,Paschim Medinipur,22.4454256,87.34148085
109423,WB_109423,PASCHIM_MEDINIPUR_BLOCK_10_GP_7,PASCHIM_MEDINIPUR_BLOCK_10,Paschim Medinipur,22.42332005,87.33998324
109424,WB_109424,PASCHIM_MEDINIPUR_BLOCK_10_GP_8,PASCHIM_MEDINIPUR_BLOCK_10,Paschim Medinipur,22.43954138,87.35348343
109425,WB_109425,PASCHIM_MEDINIPUR_BLOCK_10_GP_9,PASCHIM_MEDINIPUR_BLOCK_10,Paschim Medinipur,22.43945832,87.33388139
109426,WB_109426,PASCHIM_MEDINIPUR_BLOCK_10_GP_10,PASCHIM_MEDINIPUR_BLOCK_10,Paschim Medinipur,22.42118345,87.34927788
109427,WB_109427,PASCHIM_MEDINIPUR_BLOCK_11_GP_1,PASCHIM_MEDINIPUR_BLOCK_11,Paschim Medinipur,22.47266667,87.37693219
109428,WB_109428,PASCHIM_MEDINIPUR_BLOCK_11_GP_2,PASCHIM_MEDINIPUR_BLOCK_11,Paschim Medinipur,22.48093624,87.3746199
109429,WB_109429,PASCHIM_MEDINIPUR_BLOCK_11_GP_3,PASCHIM_MEDINIPUR_BLOCK_11,Paschim Medinipur,22.4689156,87.37140316
109430,WB_109430,PASCHIM_MEDINIPUR_BLOCK_11_GP_4,PASCHIM_MEDINIPUR_BLOCK_11,Paschim Medinipur,22.4765491,87.38185686
109431,WB_109431,PASCHIM_MEDINIPUR_BLOCK_11_GP_5,PASCHIM_MEDINIPUR_BLOCK_11,Paschim Medinipur,22.48057267,87.36835966
109432,WB_109432,PASCHIM_MEDINIPUR_BLOCK_11_GP_6,PASCHIM_MEDINIPUR_BLOCK_11,Paschim Medinipur,22.4639725,87.37723077
109433,WB_109433,PASCHIM_MEDINIPUR_BLOCK_11_GP_7,PASCHIM_MEDINIPUR_BLOCK_11,Paschim Medinipur,22.48598187,87.3794043
109434,WB_109434,PASCHIM_MEDINIPUR_BLOCK_11_GP_8,PASCHIM_MEDINIPUR_BLOCK_11,Paschim Medinipur,22.47048072,87.36541807
109435,WB_109435,PASCHIM_MEDINIPUR_BLOCK_11_GP_9,PASCHIM_MEDINIPUR_BLOCK_11,Paschim Medinipur,22.46953692,87.38500691
109436,WB_109436,PASCHIM_MEDINIPUR_BLOCK_11_GP_10,PASCHIM_MEDINIPUR_BLOCK_11,Paschim Medinipur,22.48860363,87.37018258
109437,WB_109437,PASCHIM_MEDINIPUR_BLOCK_12_GP_1,PASCHIM_MEDINIPUR_BLOCK_12,Paschim Medinipur,22.51449216,87.40343229
109438,WB_109438,PASCHIM_MEDINIPUR_BLOCK_12_GP_2,PASCHIM_MEDINIPUR_BLOCK_12,Paschim Medinipur,22.51287726,87.41005135
109439,WB_109439,PASCHIM_MEDINIPUR_BLOCK_12_GP_3,PASCHIM_MEDINIPUR_BLOCK_12,Paschim Medinipur,22.52262459,87.40378355
109440,WB_109440,PASCHIM_MEDINIPUR_BLOCK_12_GP_4,PASCHIM_MEDINIPUR_BLOCK_12,Paschim Medinipur,22.50697264,87.40347557
109441,WB_109441,PASCHIM_MEDINIPUR_BLOCK_12_GP_5,PASCHIM_MEDINIPUR_BLOCK_12,Paschim Medinipur,22.5201052,87.41300388
109442,WB_109442,PASCHIM_MEDINIPUR_BLOCK_12_GP_6,PASCHIM_MEDINIPUR_BLOCK_12,Paschim Medinipur,22.51858889,87.39756057
109443,WB_109443,PASCHIM_MEDINIPUR_BLOCK_12_GP_7,PASCHIM_MEDINIPUR_BLOCK_12,Paschim Medinipur,22.50492251,87.41093136
109444,WB_109444,PASCHIM_MEDINIPUR_BLOCK_12_GP_8,PASCHIM_MEDINIPUR_BLOCK_12,Paschim Medinipur,22.52855967,87.4078646
109445,WB_109445,PASCHIM_MEDINIPUR_BLOCK_12_GP_9,PASCHIM_MEDINIPUR_BLOCK_12,Paschim Medinipur,22.50700401,87.39725657
109446,WB_109446,PASCHIM_MEDINIPUR_BLOCK_12_GP_10,PASCHIM_MEDINIPUR_BLOCK_12,Paschim Medinipur,22.51395999,87.41735768
109447,WB_109447,PASCHIM_MEDINIPUR_BLOCK_13_GP_1,PASCHIM_MEDINIPUR_BLOCK_13,Paschim Medinipur,22.55282693,87.43580714
109448,WB_109448,PASCHIM_MEDINIPUR_BLOCK_13_GP_2,PASCHIM_MEDINIPUR_BLOCK_13,Paschim Medinipur,22.55826474,87.44110292
109449,WB_109449,PASCHIM_MEDINIPUR_BLOCK_13_GP_3,PASCHIM_MEDINIPUR_BLOCK_13,Paschim Medinipur,22.55853865,87.43136633
109450,WB_109450,PASCHIM_MEDINIPUR_BLOCK_13_GP_4,PASCHIM_MEDINIPUR_BLOCK_13,Paschim Medinipur,22.54790733,87.44015615
109451,WB_109451,PASCHIM_MEDINIPUR_BLOCK_13_GP_5,PASCHIM_MEDINIPUR_BLOCK_13,Paschim Medinipur,22.56593544,87.43889839
109452,WB_109452,PASCHIM_MEDINIPUR_BLOCK_13_GP_6,PASCHIM_MEDINIPUR_BLOCK_13,Paschim Medinipur,22.54976117,87.42957856
109453,WB_109453,PASCHIM_MEDINIPUR_BLOCK_13_GP_7,PASCHIM_MEDINIPUR_BLOCK_13,Paschim Medinipur,22.55388005,87.44625416
109454,WB_109454,PASCHIM_MEDINIPUR_BLOCK_13_GP_8,PASCHIM_MEDINIPUR_BLOCK_13,Paschim Medinipur,22.56646499,87.43064934
109455,WB_109455,PASCHIM_MEDINIPUR_BLOCK_13_GP_9,PASCHIM_MEDINIPUR_BLOCK_13,Paschim Medinipur,22.54181761,87.4360342
109456,WB_109456,PASCHIM_MEDINIPUR_BLOCK_13_GP_10,PASCHIM_MEDINIPUR_BLOCK_13,Paschim Medinipur,22.56615799,87.44530228
109457,WB_109457,PASCHIM_MEDINIPUR_BLOCK_14_GP_1,PASCHIM_MEDINIPUR_BLOCK_14,Paschim Medinipur,22.59428104,87.46991146
109458,WB_109458,PASCHIM_MEDINIPUR_BLOCK_14_GP_2,PASCHIM_MEDINIPUR_BLOCK_14,Paschim Medinipur,22.60231437,87.46715483
109459,WB_109459,PASCHIM_MEDINIPUR_BLOCK_14_GP_3,PASCHIM_MEDINIPUR_BLOCK_14,Paschim Medinipur,22.59002475,87.46460067
109460,WB_109460,PASCHIM_MEDINIPUR_BLOCK_14_GP_4,PASCHIM_MEDINIPUR_BLOCK_14,Paschim Medinipur,22.5986121,87.47461227
109461,WB_109461,PASCHIM_MEDINIPUR_BLOCK_14_GP_5,PASCHIM_MEDINIPUR_BLOCK_14,Paschim Medinipur,22.6013689,87.46093027
109462,WB_109462,PASCHIM_MEDINIPUR_BLOCK_14_GP_6,PASCHIM_MEDINIPUR_BLOCK_14,Paschim Medinipur,22.58563673,87.4706826
109463,WB_109463,PASCHIM_MEDINIPUR_BLOCK_14_GP_7,PASCHIM_MEDINIPUR_BLOCK_14,Paschim Medinipur,22.6077926,87.4716524
109464,WB_109464,PASCHIM_MEDINIPUR_BLOCK_14_GP_8,PASCHIM_MEDINIPUR_BLOCK_14,Paschim Medinipur,22.5910287,87.45854556
109465,WB_109465,PASCHIM_MEDINIPUR_BLOCK_14_GP_9,PASCHIM_MEDINIPUR_BLOCK_14,Paschim Medinipur,22.59191098,87.47813608
109466,WB_109466,PASCHIM_MEDINIPUR_BLOCK_14_GP_10,PASCHIM_MEDINIPUR_BLOCK_14,Paschim Medinipur,22.60954919,87.46231134
109467,WB_109467,PASCHIM_MEDINIPUR_BLOCK_15_GP_1,PASCHIM_MEDINIPUR_BLOCK_15,Paschim Medinipur,22.63702401,87.50143798
109468,WB_109468,PASCHIM_MEDINIPUR_BLOCK_15_GP_2,PASCHIM_MEDINIPUR_BLOCK_15,Paschim Medinipur,22.64077395,87.49534587
109469,WB_109469,PASCHIM_MEDINIPUR_BLOCK_15_GP_3,PASCHIM_MEDINIPUR_BLOCK_15,Paschim Medinipur,22.62927165,87.49952649
109470,WB_109470,PASCHIM_MEDINIPUR_BLOCK_15_GP_4,PASCHIM_MEDINIPUR_BLOCK_15,Paschim Medinipur,22.64431375,87.50284929
109471,WB_109471,PASCHIM_MEDINIPUR_BLOCK_15_GP_5,PASCHIM_MEDINIPUR_BLOCK_15,Paschim Medinipur,22.63475637,87.49109233
109472,WB_109472,PASCHIM_MEDINIPUR_BLOCK_15_GP_6,PASCHIM_MEDINIPUR_BLOCK_15,Paschim Medinipur,22.6311198,87.50632739
109473,WB_109473,PASCHIM_MEDINIPUR_BLOCK_15_GP_7,PASCHIM_MEDINIPUR_BLOCK_15,Paschim Medinipur,22.64876131,87.49603172
109474,WB_109474,PASCHIM_MEDINIPUR_BLOCK_15_GP_8,PASCHIM_MEDINIPUR_BLOCK_15,Paschim Medinipur,22.62487792,87.49443093
109475,WB_109475,PASCHIM_MEDINIPUR_BLOCK_15_GP_9,PASCHIM_MEDINIPUR_BLOCK_15,Paschim Medinipur,22.64222816,87.50886036
109476,WB_109476,PASCHIM_MEDINIPUR_BLOCK_15_GP_10,PASCHIM_MEDINIPUR_BLOCK_15,Paschim Medinipur,22.64214095,87.48806745
109477,WB_109477,PASCHIM_MEDINIPUR_BLOCK_16_GP_1,PASCHIM_MEDINIPUR_BLOCK_16,Paschim Medinipur,22.67421928,87.53079709
109478,WB_109478,PASCHIM_MEDINIPUR_BLOCK_16_GP_2,PASCHIM_MEDINIPUR_BLOCK_16,Paschim Medinipur,22.68300273,87.53126853
109479,WB_109479,PASCHIM_MEDINIPUR_BLOCK_16_GP_3,PASCHIM_MEDINIPUR_BLOCK_16,Paschim Medinipur,22.67374748,87.52457873
109480,WB_109480,PASCHIM_MEDINIPUR_BLOCK_16_GP_4,PASCHIM_MEDINIPUR_BLOCK_16,Paschim Medinipur,22.67513371,87.5365048
109481,WB_109481,PASCHIM_MEDINIPUR_BLOCK_16_GP_5,PASCHIM_MEDINIPUR_BLOCK_16,Paschim Medinipur,22.68601359,87.52544043
109482,WB_109482,PASCHIM_MEDINIPUR_BLOCK_16_GP_6,PASCHIM_MEDINIPUR_BLOCK_16,Paschim Medinipur,22.6661235,87.52835491
109483,WB_109483,PASCHIM_MEDINIPUR_BLOCK_16_GP_7,PASCHIM_MEDINIPUR_BLOCK_16,Paschim Medinipur,22.68505386,87.53721139
109484,WB_109484,PASCHIM_MEDINIPUR_BLOCK_16_GP_8,PASCHIM_MEDINIPUR_BLOCK_16,Paschim Medinipur,22.678372,87.51960403
109485,WB_109485,PASCHIM_MEDINIPUR_BLOCK_16_GP_9,PASCHIM_MEDINIPUR_BLOCK_16,Paschim Medinipur,22.66705072,87.53719074
109486,WB_109486,PASCHIM_MEDINIPUR_BLOCK_16_GP_10,PASCHIM_MEDINIPUR_BLOCK_16,Paschim Medinipur,22.69237117,87.52961211
109487,WB_109487,PASCHIM_MEDINIPUR_BLOCK_17_GP_1,PASCHIM_MEDINIPUR_BLOCK_17,Paschim Medinipur,22.72119667,87.56134312
109488,WB_109488,PASCHIM_MEDINIPUR_BLOCK_17_GP_2,PASCHIM_MEDINIPUR_BLOCK_17,Paschim Medinipur,22.71455413,87.55692331
109489,WB_109489,PASCHIM_MEDINIPUR_BLOCK_17_GP_3,PASCHIM_MEDINIPUR_BLOCK_17,Paschim Medinipur,22.71667826,87.56652573
109490,WB_109490,PASCHIM_MEDINIPUR_BLOCK_17_GP_4,PASCHIM_MEDINIPUR_BLOCK_17,Paschim Medinipur,22.72495965,87.55636452
109491,WB_109491,PASCHIM_MEDINIPUR_BLOCK_17_GP_5,PASCHIM_MEDINIPUR_BLOCK_17,Paschim Medinipur,22.707562,87.56019108
109492,WB_109492,PASCHIM_MEDINIPUR_BLOCK_17_GP_6,PASCHIM_MEDINIPUR_BLOCK_17,Paschim Medinipur,22.72573872,87.56702004
109493,WB_109493,PASCHIM_MEDINIPUR_BLOCK_17_GP_7,PASCHIM_MEDINIPUR_BLOCK_17,Paschim Medinipur,22.71759456,87.55123366
109494,WB_109494,PASCHIM_MEDINIPUR_BLOCK_17_GP_8,PASCHIM_MEDINIPUR_BLOCK_17,Paschim Medinipur,22.70906941,87.56836922
109495,WB_109495,PASCHIM_MEDINIPUR_BLOCK_17_GP_9,PASCHIM_MEDINIPUR_BLOCK_17,Paschim Medinipur,22.73195396,87.55953772
109496,WB_109496,PASCHIM_MEDINIPUR_BLOCK_17_GP_10,PASCHIM_MEDINIPUR_BLOCK_17,Paschim Medinipur,22.7057694,87.5539333
109497,WB_109497,PASCHIM_MEDINIPUR_BLOCK_18_GP_1,PASCHIM_MEDINIPUR_BLOCK_18,Paschim Medinipur,22.75491345,87.5919456
109498,WB_109498,PASCHIM_MEDINIPUR_BLOCK_18_GP_2,PASCHIM_MEDINIPUR_BLOCK_18,Paschim Medinipur,22.76312784,87.59437017
109499,WB_109499,PASCHIM_MEDINIPUR_BLOCK_18_GP_3,PASCHIM_MEDINIPUR_BLOCK_18,Paschim Medinipur,22.75685227,87.5858958
109500,WB_109500,PASCHIM_MEDINIPUR_BLOCK_18_GP_4,PASCHIM_MEDINIPUR_BLOCK_18,Paschim Medinipur,22.75359395,87.59760677
109501,WB_109501,PASCHIM_MEDINIPUR_BLOCK_18_GP_5,PASCHIM_MEDINIPUR_BLOCK_18,Paschim Medinipur,22.76824556,87.58947609
109502,WB_109502,PASCHIM_MEDINIPUR_BLOCK_18_GP_6,PASCHIM_MEDINIPUR_BLOCK_18,Paschim Medinipur,22.74811373,87.58779185
109503,WB_109503,PASCHIM_MEDINIPUR_BLOCK_18_GP_7,PASCHIM_MEDINIPUR_BLOCK_18,Paschim Medinipur,22.76280448,87.60051157
109504,WB_109504,PASCHIM_MEDINIPUR_BLOCK_18_GP_8,PASCHIM_MEDINIPUR_BLOCK_18,Paschim Medinipur,22.76318441,87.58218008
109505,WB_109505,PASCHIM_MEDINIPUR_BLOCK_18_GP_9,PASCHIM_MEDINIPUR_BLOCK_18,Paschim Medinipur,22.74560429,87.59644587
109506,WB_109506,PASCHIM_MEDINIPUR_BLOCK_18_GP_10,PASCHIM_MEDINIPUR_BLOCK_18,Paschim Medinipur,22.77271916,87.59489233
109507,WB_109507,PASCHIM_MEDINIPUR_BLOCK_19_GP_1,PASCHIM_MEDINIPUR_BLOCK_19,Paschim Medinipur,22.79990821,87.62012681
109508,WB_109508,PASCHIM_MEDINIPUR_BLOCK_19_GP_2,PASCHIM_MEDINIPUR_BLOCK_19,Paschim Medinipur,22.79359326,87.62481904
109509,WB_109509,PASCHIM_MEDINIPUR_BLOCK_19_GP_3,PASCHIM_MEDINIPUR_BLOCK_19,Paschim Medinipur,22.80628392,87.62400333
109510,WB_109510,PASCHIM_MEDINIPUR_BLOCK_19_GP_4,PASCHIM_MEDINIPUR_BLOCK_19,Paschim Medinipur,22.79373519,87.61684302
109511,WB_109511,PASCHIM_MEDINIPUR_BLOCK_19_GP_5,PASCHIM_MEDINIPUR_BLOCK_19,Paschim Medinipur,22.79726686,87.63042049
109512,WB_109512,PASCHIM_MEDINIPUR_BLOCK_19_GP_6,PASCHIM_MEDINIPUR_BLOCK_19,Paschim Medinipur,22.80768568,87.61714035
109513,WB_109513,PASCHIM_MEDINIPUR_BLOCK_19_GP_7,PASCHIM_MEDINIPUR_BLOCK_19,Paschim Medinipur,22.78643325,87.62202639
109514,WB_109514,PASCHIM_MEDINIPUR_BLOCK_19_GP_8,PASCHIM_MEDINIPUR_BLOCK_19,Paschim Medinipur,22.80804995,87.62995563
109515,WB_109515,PASCHIM_MEDINIPUR_BLOCK_19_GP_9,PASCHIM_MEDINIPUR_BLOCK_19,Paschim Medinipur,22.79845507,87.6117785
109516,WB_109516,PASCHIM_MEDINIPUR_BLOCK_19_GP_10,PASCHIM_MEDINIPUR_BLOCK_19,Paschim Medinipur,22.78896239,87.63126323
109517,WB_109517,PASCHIM_MEDINIPUR_BLOCK_20_GP_1,PASCHIM_MEDINIPUR_BLOCK_20,Paschim Medinipur,22.84122665,87.65140022
109518,WB_109518,PASCHIM_MEDINIPUR_BLOCK_20_GP_2,PASCHIM_MEDINIPUR_BLOCK_20,Paschim Medinipur,22.83348493,87.65460787
109519,WB_109519,PASCHIM_MEDINIPUR_BLOCK_20_GP_3,PASCHIM_MEDINIPUR_BLOCK_20,Paschim Medinipur,22.84598964,87.65645314
109520,WB_109520,PASCHIM_MEDINIPUR_BLOCK_20_GP_4,PASCHIM_MEDINIPUR_BLOCK_20,Paschim Medinipur,22.83644865,87.64695985
109521,WB_109521,PASCHIM_MEDINIPUR_BLOCK_20_GP_5,PASCHIM_MEDINIPUR_BLOCK_20,Paschim Medinipur,22.83503558,87.66076107
109522,WB_109522,PASCHIM_MEDINIPUR_BLOCK_20_GP_6,PASCHIM_MEDINIPUR_BLOCK_20,Paschim Medinipur,22.84977152,87.65013762
109523,WB_109523,PASCHIM_MEDINIPUR_BLOCK_20_GP_7,PASCHIM_MEDINIPUR_BLOCK_20,Paschim Medinipur,22.82758281,87.65043568
109524,WB_109524,PASCHIM_MEDINIPUR_BLOCK_20_GP_8,PASCHIM_MEDINIPUR_BLOCK_20,Paschim Medinipur,22.84557977,87.66254867
109525,WB_109525,PASCHIM_MEDINIPUR_BLOCK_20_GP_9,PASCHIM_MEDINIPUR_BLOCK_20,Paschim Medinipur,22.84278697,87.64306322
109526,WB_109526,PASCHIM_MEDINIPUR_BLOCK_20_GP_10,PASCHIM_MEDINIPUR_BLOCK_20,Paschim Medinipur,22.82674327,87.65985096
109527,WB_109527,PASCHIM_MEDINIPUR_BLOCK_21_GP_1,PASCHIM_MEDINIPUR_BLOCK_21,Paschim Medinipur,22.87641603,87.68391502
109528,WB_109528,PASCHIM_MEDINIPUR_BLOCK_21_GP_2,PASCHIM_MEDINIPUR_BLOCK_21,Paschim Medinipur,22.88310369,87.68829487
109529,WB_109529,PASCHIM_MEDINIPUR_BLOCK_21_GP_3,PASCHIM_MEDINIPUR_BLOCK_21,Paschim Medinipur,22.88088116,87.67870547
109530,WB_109530,PASCHIM_MEDINIPUR_BLOCK_21_GP_4,PASCHIM_MEDINIPUR_BLOCK_21,Paschim Medinipur,22.87270422,87.68891604
109531,WB_109531,PASCHIM_MEDINIPUR_BLOCK_21_GP_5,PASCHIM_MEDINIPUR_BLOCK_21,Paschim Medinipur,22.8900621,87.68498527
109532,WB_109532,PASCHIM_MEDINIPUR_BLOCK_21_GP_6,PASCHIM_MEDINIPUR_BLOCK_21,Paschim Medinipur,22.87181591,87.67826551
109533,WB_109533,PASCHIM_MEDINIPUR_BLOCK_21_GP_7,PASCHIM_MEDINIPUR_BLOCK_21,Paschim Medinipur,22.8801217,87.69400257
109534,WB_109534,PASCHIM_MEDINIPUR_BLOCK_21_GP_8,PASCHIM_MEDINIPUR_BLOCK_21,Paschim Medinipur,22.88847087,87.67681641
109535,WB_109535,PASCHIM_MEDINIPUR_BLOCK_21_GP_9,PASCHIM_MEDINIPUR_BLOCK_21,Paschim Medinipur,22.86567758,87.68578488
109536,WB_109536,PASCHIM_MEDINIPUR_BLOCK_21_GP_10,PASCHIM_MEDINIPUR_BLOCK_21,Paschim Medinipur,22.89191881,87.6912321
109537,WB_109537,PURBA_MEDINIPUR_BLOCK_1_GP_1,PURBA_MEDINIPUR_BLOCK_1,Purba Medinipur,21.66344715,87.46195332
109538,WB_109538,PURBA_MEDINIPUR_BLOCK_1_GP_2,PURBA_MEDINIPUR_BLOCK_1,Purba Medinipur,21.66441761,87.46830962
109539,WB_109539,PURBA_MEDINIPUR_BLOCK_1_GP_3,PURBA_MEDINIPUR_BLOCK_1,Purba Medinipur,21.66958106,87.46037152
109540,WB_109540,PURBA_MEDINIPUR_BLOCK_1_GP_4,PURBA_MEDINIPUR_BLOCK_1,Purba Medinipur,21.65789596,87.4637484
109541,WB_109541,PURBA_MEDINIPUR_BLOCK_1_GP_5,PURBA_MEDINIPUR_BLOCK_1,Purba Medinipur,21.6707332,87.46928883
109542,WB_109542,PURBA_MEDINIPUR_BLOCK_1_GP_6,PURBA_MEDINIPUR_BLOCK_1,Purba Medinipur,21.66455807,87.45569256
109543,WB_109543,PURBA_MEDINIPUR_BLOCK_1_GP_7,PURBA_MEDINIPUR_BLOCK_1,Purba Medinipur,21.65881806,87.47096217
109544,WB_109544,PURBA_MEDINIPUR_BLOCK_1_GP_8,PURBA_MEDINIPUR_BLOCK_1,Purba Medinipur,21.67530901,87.46267207
109545,WB_109545,PURBA_MEDINIPUR_BLOCK_1_GP_9,PURBA_MEDINIPUR_BLOCK_1,Purba Medinipur,21.65588439,87.45812328
109546,WB_109546,PURBA_MEDINIPUR_BLOCK_2_GP_1,PURBA_MEDINIPUR_BLOCK_2,Purba Medinipur,21.69467773,87.48951023
109547,WB_109547,PURBA_MEDINIPUR_BLOCK_2_GP_2,PURBA_MEDINIPUR_BLOCK_2,Purba Medinipur,21.69229053,87.49553175
109548,WB_109548,PURBA_MEDINIPUR_BLOCK_2_GP_3,PURBA_MEDINIPUR_BLOCK_2,Purba Medinipur,21.70087912,87.49084327
109549,WB_109549,PURBA_MEDINIPUR_BLOCK_2_GP_4,PURBA_MEDINIPUR_BLOCK_2,Purba Medinipur,21.68888011,87.48862358
109550,WB_109550,PURBA_MEDINIPUR_BLOCK_2_GP_5,PURBA_MEDINIPUR_BLOCK_2,Purba Medinipur,21.69734599,87.49919795
109551,WB_109551,PURBA_MEDINIPUR_BLOCK_2_GP_6,PURBA_MEDINIPUR_BLOCK_2,Purba Medinipur,21.69884683,87.48449714
109552,WB_109552,PURBA_MEDINIPUR_BLOCK_2_GP_7,PURBA_MEDINIPUR_BLOCK_2,Purba Medinipur,21.68601321,87.49537779
109553,WB_109553,PURBA_MEDINIPUR_BLOCK_2_GP_8,PURBA_MEDINIPUR_BLOCK_2,Purba Medinipur,21.70474405,87.49541062
109554,WB_109554,PURBA_MEDINIPUR_BLOCK_2_GP_9,PURBA_MEDINIPUR_BLOCK_2,Purba Medinipur,21.68997884,87.48278275
109555,WB_109555,PURBA_MEDINIPUR_BLOCK_3_GP_1,PURBA_MEDINIPUR_BLOCK_3,Purba Medinipur,21.72540834,87.52247874
109556,WB_109556,PURBA_MEDINIPUR_BLOCK_3_GP_2,PURBA_MEDINIPUR_BLOCK_3,Purba Medinipur,21.72758572,87.51638834
109557,WB_109557,PURBA_MEDINIPUR_BLOCK_3_GP_3,PURBA_MEDINIPUR_BLOCK_3,Purba Medinipur,21.71916402,87.52133352
109558,WB_109558,PURBA_MEDINIPUR_BLOCK_3_GP_4,PURBA_MEDINIPUR_BLOCK_3,Purba Medinipur,21.73123364,87.52319
109559,WB_109559,PURBA_MEDINIPUR_BLOCK_3_GP_5,PURBA_MEDINIPUR_BLOCK_3,Purba Medinipur,21.72240592,87.5128766
109560,WB_109560,PURBA_MEDINIPUR_BLOCK_3_GP_6,PURBA_MEDINIPUR_BLOCK_3,Purba Medinipur,21.72141507,87.52761501
109561,WB_109561,PURBA_MEDINIPUR_BLOCK_3_GP_7,PURBA_MEDINIPUR_BLOCK_3,Purba Medinipur,21.73386509,87.51635281
109562,WB_109562,PURBA_MEDINIPUR_BLOCK_3_GP_8,PURBA_MEDINIPUR_BLOCK_3,Purba Medinipur,21.7151429,87.51688517
109563,WB_109563,PURBA_MEDINIPUR_BLOCK_3_GP_9,PURBA_MEDINIPUR_BLOCK_3,Purba Medinipur,21.7303378,87.52906092
109564,WB_109564,PURBA_MEDINIPUR_BLOCK_4_GP_1,PURBA_MEDINIPUR_BLOCK_4,Purba Medinipur,21.75308232,87.54624332
109565,WB_109565,PURBA_MEDINIPUR_BLOCK_4_GP_2,PURBA_MEDINIPUR_BLOCK_4,Purba Medinipur,21.75524709,87.55233764
109566,WB_109566,PURBA_MEDINIPUR_BLOCK_4_GP_3,PURBA_MEDINIPUR_BLOCK_4,Purba Medinipur,21.75881763,87.54366972
109567,WB_109567,PURBA_MEDINIPUR_BLOCK_4_GP_4,PURBA_MEDINIPUR_BLOCK_4,Purba Medinipur,21.74796106,87.5489302
109568,WB_109568,PURBA_MEDINIPUR_BLOCK_4_GP_5,PURBA_MEDINIPUR_BLOCK_4,Purba Medinipur,21.7616486,87.5522542
109569,WB_109569,PURBA_MEDINIPUR_BLOCK_4_GP_6,PURBA_MEDINIPUR_BLOCK_4,Purba Medinipur,21.752984,87.53989795
109570,WB_109570,PURBA_MEDINIPUR_BLOCK_4_GP_7,PURBA_MEDINIPUR_BLOCK_4,Purba Medinipur,21.75024144,87.55587636
109571,WB_109571,PURBA_MEDINIPUR_BLOCK_4_GP_8,PURBA_MEDINIPUR_BLOCK_4,Purba Medinipur,21.76489232,87.54498403
109572,WB_109572,PURBA_MEDINIPUR_BLOCK_4_GP_9,PURBA_MEDINIPUR_BLOCK_4,Purba Medinipur,21.74491089,87.54372804
109573,WB_109573,PURBA_MEDINIPUR_BLOCK_5_GP_1,PURBA_MEDINIPUR_BLOCK_5,Purba Medinipur,21.78231422,87.57607576
109574,WB_109574,PURBA_MEDINIPUR_BLOCK_5_GP_2,PURBA_MEDINIPUR_BLOCK_5,Purba Medinipur,21.78852514,87.57883607
109575,WB_109575,PURBA_MEDINIPUR_BLOCK_5_GP_3,PURBA_MEDINIPUR_BLOCK_5,Purba Medinipur,21.78429415,87.57043106
109576,WB_109576,PURBA_MEDINIPUR_BLOCK_5_GP_4,PURBA_MEDINIPUR_BLOCK_5,Purba Medinipur,21.78084692,87.58138526
109577,WB_109577,PURBA_MEDINIPUR_BLOCK_5_GP_5,PURBA_MEDINIPUR_BLOCK_5,Purba Medinipur,21.79289175,87.57446632
109578,WB_109578,PURBA_MEDINIPUR_BLOCK_5_GP_6,PURBA_MEDINIPUR_BLOCK_5,Purba Medinipur,21.77733957,87.57174972
109579,WB_109579,PURBA_MEDINIPUR_BLOCK_5_GP_7,PURBA_MEDINIPUR_BLOCK_5,Purba Medinipur,21.78779657,87.58465735
109580,WB_109580,PURBA_MEDINIPUR_BLOCK_5_GP_8,PURBA_MEDINIPUR_BLOCK_5,Purba Medinipur,21.78951536,87.56724896
109581,WB_109581,PURBA_MEDINIPUR_BLOCK_5_GP_9,PURBA_MEDINIPUR_BLOCK_5,Purba Medinipur,21.774713,87.57983889
109582,WB_109582,PURBA_MEDINIPUR_BLOCK_6_GP_1,PURBA_MEDINIPUR_BLOCK_6,Purba Medinipur,21.81600833,87.6063246
109583,WB_109583,PURBA_MEDINIPUR_BLOCK_6_GP_2,PURBA_MEDINIPUR_BLOCK_6,Purba Medinipur,21.81662621,87.59993004
109584,WB_109584,PURBA_MEDINIPUR_BLOCK_6_GP_3,PURBA_MEDINIPUR_BLOCK_6,Purba Medinipur,21.80964921,87.60655075
109585,WB_109585,PURBA_MEDINIPUR_BLOCK_6_GP_4,PURBA_MEDINIPUR_BLOCK_6,Purba Medinipur,21.8218527,87.60576607
109586,WB_109586,PURBA_MEDINIPUR_BLOCK_6_GP_5,PURBA_MEDINIPUR_BLOCK_6,Purba Medinipur,21.81071979,87.59762459
109587,WB_109587,PURBA_MEDINIPUR_BLOCK_6_GP_6,PURBA_MEDINIPUR_BLOCK_6,Purba Medinipur,21.81338807,87.61218048
109588,WB_109588,PURBA_MEDINIPUR_BLOCK_6_GP_7,PURBA_MEDINIPUR_BLOCK_6,Purba Medinipur,21.82272843,87.59854728
109589,WB_109589,PURBA_MEDINIPUR_BLOCK_6_GP_8,PURBA_MEDINIPUR_BLOCK_6,Purba Medinipur,21.80463955,87.60308504
109590,WB_109590,PURBA_MEDINIPUR_BLOCK_6_GP_9,PURBA_MEDINIPUR_BLOCK_6,Purba Medinipur,21.82242789,87.61167189
109591,WB_109591,PURBA_MEDINIPUR_BLOCK_7_GP_1,PURBA_MEDINIPUR_BLOCK_7,Purba Medinipur,21.84256258,87.63305553
109592,WB_109592,PURBA_MEDINIPUR_BLOCK_7_GP_2,PURBA_MEDINIPUR_BLOCK_7,Purba Medinipur,21.84943614,87.63331354
109593,WB_109593,PURBA_MEDINIPUR_BLOCK_7_GP_3,PURBA_MEDINIPUR_BLOCK_7,Purba Medinipur,21.84200436,87.62713894
109594,WB_109594,PURBA_MEDINIPUR_BLOCK_7_GP_4,PURBA_MEDINIPUR_BLOCK_7,Purba Medinipur,21.84345088,87.63847576
109595,WB_109595,PURBA_MEDINIPUR_BLOCK_7_GP_5,PURBA_MEDINIPUR_BLOCK_7,Purba Medinipur,21.85160951,87.62769306
109596,WB_109596,PURBA_MEDINIPUR_BLOCK_7_GP_6,PURBA_MEDINIPUR_BLOCK_7,Purba Medinipur,21.83616589,87.63090418
109597,WB_109597,PURBA_MEDINIPUR_BLOCK_7_GP_7,PURBA_MEDINIPUR_BLOCK_7,Purba Medinipur,21.85121928,87.63893314
109598,WB_109598,PURBA_MEDINIPUR_BLOCK_7_GP_8,PURBA_MEDINIPUR_BLOCK_7,Purba Medinipur,21.84546391,87.62229671
109599,WB_109599,PURBA_MEDINIPUR_BLOCK_7_GP_9,PURBA_MEDINIPUR_BLOCK_7,Purba Medinipur,21.83715964,87.63930561
109600,WB_109600,PURBA_MEDINIPUR_BLOCK_8_GP_1,PURBA_MEDINIPUR_BLOCK_8,Purba Medinipur,21.87749949,87.65907956
109601,WB_109601,PURBA_MEDINIPUR_BLOCK_8_GP_2,PURBA_MEDINIPUR_BLOCK_8,Purba Medinipur,21.87065393,87.65844616
109602,WB_109602,PURBA_MEDINIPUR_BLOCK_8_GP_3,PURBA_MEDINIPUR_BLOCK_8,Purba Medinipur,21.87768537,87.66501651
109603,WB_109603,PURBA_MEDINIPUR_BLOCK_8_GP_4,PURBA_MEDINIPUR_BLOCK_8,Purba Medinipur,21.87695294,87.65362007
109604,WB_109604,PURBA_MEDINIPUR_BLOCK_8_GP_5,PURBA_MEDINIPUR_BLOCK_8,Purba Medinipur,21.8681315,87.66393815
109605,WB_109605,PURBA_MEDINIPUR_BLOCK_8_GP_6,PURBA_MEDINIPUR_BLOCK_8,Purba Medinipur,21.88375015,87.66157698
109606,WB_109606,PURBA_MEDINIPUR_BLOCK_8_GP_7,PURBA_MEDINIPUR_BLOCK_8,Purba Medinipur,21.86922659,87.65273871
109607,WB_109607,PURBA_MEDINIPUR_BLOCK_8_GP_8,PURBA_MEDINIPUR_BLOCK_8,Purba Medinipur,21.87392781,87.66966126
109608,WB_109608,PURBA_MEDINIPUR_BLOCK_8_GP_9,PURBA_MEDINIPUR_BLOCK_8,Purba Medinipur,21.88328546,87.65313564
109609,WB_109609,PURBA_MEDINIPUR_BLOCK_9_GP_1,PURBA_MEDINIPUR_BLOCK_9,Purba Medinipur,21.90550303,87.69046353
109610,WB_109610,PURBA_MEDINIPUR_BLOCK_9_GP_2,PURBA_MEDINIPUR_BLOCK_9,Purba Medinipur,21.90744573,87.68430437
109611,WB_109611,PURBA_MEDINIPUR_BLOCK_9_GP_3,PURBA_MEDINIPUR_BLOCK_9,Purba Medinipur,21.89921883,87.68952739
109612,WB_109612,PURBA_MEDINIPUR_BLOCK_9_GP_4,PURBA_MEDINIPUR_BLOCK_9,Purba Medinipur,21.91135184,87.69097997
109613,WB_109613,PURBA_MEDINIPUR_BLOCK_9_GP_5,PURBA_MEDINIPUR_BLOCK_9,Purba Medinipur,21.90213473,87.68096771
109614,WB_109614,PURBA_MEDINIPUR_BLOCK_9_GP_6,PURBA_MEDINIPUR_BLOCK_9,Purba Medinipur,21.90170904,87.69572976
109615,WB_109615,PURBA_MEDINIPUR_BLOCK_9_GP_7,PURBA_MEDINIPUR_BLOCK_9,Purba Medinipur,21.91371973,87.68405935
109616,WB_109616,PURBA_MEDINIPUR_BLOCK_9_GP_8,PURBA_MEDINIPUR_BLOCK_9,Purba Medinipur,21.8950299,87.68521606
109617,WB_109617,PURBA_MEDINIPUR_BLOCK_9_GP_9,PURBA_MEDINIPUR_BLOCK_9,Purba Medinipur,21.91068145,87.69687703
109618,WB_109618,PURBA_MEDINIPUR_BLOCK_10_GP_1,PURBA_MEDINIPUR_BLOCK_10,Purba Medinipur,21.93590697,87.71363931
109619,WB_109619,PURBA_MEDINIPUR_BLOCK_10_GP_2,PURBA_MEDINIPUR_BLOCK_10,Purba Medinipur,21.9308824,87.71802458
109620,WB_109620,PURBA_MEDINIPUR_BLOCK_10_GP_3,PURBA_MEDINIPUR_BLOCK_10,Purba Medinipur,21.94081135,87.71742411
109621,WB_109621,PURBA_MEDINIPUR_BLOCK_10_GP_4,PURBA_MEDINIPUR_BLOCK_10,Purba Medinipur,21.93114931,87.71042243
109622,WB_109622,PURBA_MEDINIPUR_BLOCK_10_GP_5,PURBA_MEDINIPUR_BLOCK_10,Purba Medinipur,21.93364236,87.72341614
109623,WB_109623,PURBA_MEDINIPUR_BLOCK_10_GP_6,PURBA_MEDINIPUR_BLOCK_10,Purba Medinipur,21.94204057,87.71090069
109624,WB_109624,PURBA_MEDINIPUR_BLOCK_10_GP_7,PURBA_MEDINIPUR_BLOCK_10,Purba Medinipur,21.92534417,87.71526216
109625,WB_109625,PURBA_MEDINIPUR_BLOCK_10_GP_8,PURBA_MEDINIPUR_BLOCK_10,Purba Medinipur,21.9420744,87.72312354
109626,WB_109626,PURBA_MEDINIPUR_BLOCK_10_GP_9,PURBA_MEDINIPUR_BLOCK_10,Purba Medinipur,21.93493521,87.70565996
109627,WB_109627,PURBA_MEDINIPUR_BLOCK_11_GP_1,PURBA_MEDINIPUR_BLOCK_11,Purba Medinipur,21.96762721,87.74452614
109628,WB_109628,PURBA_MEDINIPUR_BLOCK_11_GP_2,PURBA_MEDINIPUR_BLOCK_11,Purba Medinipur,21.96230419,87.74045916
109629,WB_109629,PURBA_MEDINIPUR_BLOCK_11_GP_3,PURBA_MEDINIPUR_BLOCK_11,Purba Medinipur,21.96425789,87.74956483
109630,WB_109630,PURBA_MEDINIPUR_BLOCK_11_GP_4,PURBA_MEDINIPUR_BLOCK_11,Purba Medinipur,21.97041286,87.73969846
109631,WB_109631,PURBA_MEDINIPUR_BLOCK_11_GP_5,PURBA_MEDINIPUR_BLOCK_11,Purba Medinipur,21.95694429,87.74372701
109632,WB_109632,PURBA_MEDINIPUR_BLOCK_11_GP_6,PURBA_MEDINIPUR_BLOCK_11,Purba Medinipur,21.97134852,87.74983735
109633,WB_109633,PURBA_MEDINIPUR_BLOCK_11_GP_7,PURBA_MEDINIPUR_BLOCK_11,Purba Medinipur,21.96450375,87.73496961
109634,WB_109634,PURBA_MEDINIPUR_BLOCK_11_GP_8,PURBA_MEDINIPUR_BLOCK_11,Purba Medinipur,21.95837264,87.75148869
109635,WB_109635,PURBA_MEDINIPUR_BLOCK_11_GP_9,PURBA_MEDINIPUR_BLOCK_11,Purba Medinipur,21.97597229,87.74256956
109636,WB_109636,PURBA_MEDINIPUR_BLOCK_12_GP_1,PURBA_MEDINIPUR_BLOCK_12,Purba Medinipur,21.99758773,87.77267541
109637,WB_109637,PURBA_MEDINIPUR_BLOCK_12_GP_2,PURBA_MEDINIPUR_BLOCK_12,Purba Medinipur,21.99254172,87.76831164
109638,WB_109638,PURBA_MEDINIPUR_BLOCK_12_GP_3,PURBA_MEDINIPUR_BLOCK_12,Purba Medinipur,21.99389394,87.77751193
109639,WB_109639,PURBA_MEDINIPUR_BLOCK_12_GP_4,PURBA_MEDINIPUR_BLOCK_12,Purba Medinipur,22.00068509,87.76801611
109640,WB_109640,PURBA_MEDINIPUR_BLOCK_12_GP_5,PURBA_MEDINIPUR_BLOCK_12,Purba Medinipur,21.98697735,87.77126681
109641,WB_109641,PURBA_MEDINIPUR_BLOCK_12_GP_6,PURBA_MEDINIPUR_BLOCK_12,Purba Medinipur,22.00095336,87.77818945
109642,WB_109642,PURBA_MEDINIPUR_BLOCK_12_GP_7,PURBA_MEDINIPUR_BLOCK_12,Purba Medinipur,21.99509755,87.7629582
109643,WB_109643,PURBA_MEDINIPUR_BLOCK_12_GP_8,PURBA_MEDINIPUR_BLOCK_12,Purba Medinipur,21.98789345,87.7790956
109644,WB_109644,PURBA_MEDINIPUR_BLOCK_12_GP_9,PURBA_MEDINIPUR_BLOCK_12,Purba Medinipur,22.00604558,87.77119976
109645,WB_109645,PURBA_MEDINIPUR_BLOCK_13_GP_1,PURBA_MEDINIPUR_BLOCK_13,Purba Medinipur,22.02233776,87.79966029
109646,WB_109646,PURBA_MEDINIPUR_BLOCK_13_GP_2,PURBA_MEDINIPUR_BLOCK_13,Purba Medinipur,22.02797426,87.80334099
109647,WB_109647,PURBA_MEDINIPUR_BLOCK_13_GP_3,PURBA_MEDINIPUR_BLOCK_13,Purba Medinipur,22.02529032,87.79439878
109648,WB_109648,PURBA_MEDINIPUR_BLOCK_13_GP_4,PURBA_MEDINIPUR_BLOCK_13,Purba Medinipur,22.01995015,87.80467031
109649,WB_109649,PURBA_MEDINIPUR_BLOCK_13_GP_5,PURBA_MEDINIPUR_BLOCK_13,Purba Medinipur,22.03305482,87.79970516
109650,WB_109650,PURBA_MEDINIPUR_BLOCK_13_GP_6,PURBA_MEDINIPUR_BLOCK_13,Purba Medinipur,22.01819786,87.79462617
109651,WB_109651,PURBA_MEDINIPUR_BLOCK_13_GP_7,PURBA_MEDINIPUR_BLOCK_13,Purba Medinipur,22.02622456,87.80896974
109652,WB_109652,PURBA_MEDINIPUR_BLOCK_13_GP_8,PURBA_MEDINIPUR_BLOCK_13,Purba Medinipur,22.03100334,87.79206612
109653,WB_109653,PURBA_MEDINIPUR_BLOCK_13_GP_9,PURBA_MEDINIPUR_BLOCK_13,Purba Medinipur,22.01417455,87.80219873
109654,WB_109654,PURBA_MEDINIPUR_BLOCK_14_GP_1,PURBA_MEDINIPUR_BLOCK_14,Purba Medinipur,22.05482254,87.8305024
109655,WB_109655,PURBA_MEDINIPUR_BLOCK_14_GP_2,PURBA_MEDINIPUR_BLOCK_14,Purba Medinipur,22.05836353,87.82499782
109656,WB_109656,PURBA_MEDINIPUR_BLOCK_14_GP_3,PURBA_MEDINIPUR_BLOCK_14,Purba Medinipur,22.04899305,87.82812025
109657,WB_109657,PURBA_MEDINIPUR_BLOCK_14_GP_4,PURBA_MEDINIPUR_BLOCK_14,Purba Medinipur,22.06034384,87.83237607
109658,WB_109658,PURBA_MEDINIPUR_BLOCK_14_GP_5,PURBA_MEDINIPUR_BLOCK_14,Purba Medinipur,22.05412322,87.82052102
109659,WB_109659,PURBA_MEDINIPUR_BLOCK_14_GP_6,PURBA_MEDINIPUR_BLOCK_14,Purba Medinipur,22.04973063,87.83470791
109660,WB_109660,PURBA_MEDINIPUR_BLOCK_14_GP_7,PURBA_MEDINIPUR_BLOCK_14,Purba Medinipur,22.06450166,87.82623443
109661,WB_109661,PURBA_MEDINIPUR_BLOCK_14_GP_8,PURBA_MEDINIPUR_BLOCK_14,Purba Medinipur,22.04610151,87.82296373
109662,WB_109662,PURBA_MEDINIPUR_BLOCK_14_GP_9,PURBA_MEDINIPUR_BLOCK_14,Purba Medinipur,22.05810487,87.83792585
109663,WB_109663,PURBA_MEDINIPUR_BLOCK_15_GP_1,PURBA_MEDINIPUR_BLOCK_15,Purba Medinipur,22.08306106,87.85773623
109664,WB_109664,PURBA_MEDINIPUR_BLOCK_15_GP_2,PURBA_MEDINIPUR_BLOCK_15,Purba Medinipur,22.08965279,87.85589985
109665,WB_109665,PURBA_MEDINIPUR_BLOCK_15_GP_3,PURBA_MEDINIPUR_BLOCK_15,Purba Medinipur,22.08047725,87.85230835
109666,WB_109666,PURBA_MEDINIPUR_BLOCK_15_GP_4,PURBA_MEDINIPUR_BLOCK_15,Purba Medinipur,22.08578465,87.86259467
109667,WB_109667,PURBA_MEDINIPUR_BLOCK_15_GP_5,PURBA_MEDINIPUR_BLOCK_15,Purba Medinipur,22.08975583,87.84992529
109668,WB_109668,PURBA_MEDINIPUR_BLOCK_15_GP_6,PURBA_MEDINIPUR_BLOCK_15,Purba Medinipur,22.07626256,87.85763725
109669,WB_109669,PURBA_MEDINIPUR_BLOCK_15_GP_7,PURBA_MEDINIPUR_BLOCK_15,Purba Medinipur,22.09329214,87.86067603
109670,WB_109670,PURBA_MEDINIPUR_BLOCK_15_GP_8,PURBA_MEDINIPUR_BLOCK_15,Purba Medinipur,22.08206736,87.84668069
109671,WB_109671,PURBA_MEDINIPUR_BLOCK_15_GP_9,PURBA_MEDINIPUR_BLOCK_15,Purba Medinipur,22.08012175,87.86528386
109672,WB_109672,PURBA_MEDINIPUR_BLOCK_16_GP_1,PURBA_MEDINIPUR_BLOCK_16,Purba Medinipur,22.1173547,87.88279192
109673,WB_109673,PURBA_MEDINIPUR_BLOCK_16_GP_2,PURBA_MEDINIPUR_BLOCK_16,Purba Medinipur,22.11047828,87.88297162
109674,WB_109674,PURBA_MEDINIPUR_BLOCK_16_GP_3,PURBA_MEDINIPUR_BLOCK_16,Purba Medinipur,22.11834354,87.88865926
109675,WB_109675,PURBA_MEDINIPUR_BLOCK_16_GP_4,PURBA_MEDINIPUR_BLOCK_16,Purba Medinipur,22.11607278,87.87744078
109676,WB_109676,PURBA_MEDINIPUR_BLOCK_16_GP_5,PURBA_MEDINIPUR_BLOCK_16,Purba Medinipur,22.10872026,87.88871725
109677,WB_109677,PURBA_MEDINIPUR_BLOCK_16_GP_6,PURBA_MEDINIPUR_BLOCK_16,Purba Medinipur,22.12389358,87.88453149
109678,WB_109678,PURBA_MEDINIPUR_BLOCK_16_GP_7,PURBA_MEDINIPUR_BLOCK_16,Purba Medinipur,22.10828904,87.87747848
109679,WB_109679,PURBA_MEDINIPUR_BLOCK_16_GP_8,PURBA_MEDINIPUR_BLOCK_16,Purba Medinipur,22.11524552,87.89371024
109680,WB_109680,PURBA_MEDINIPUR_BLOCK_16_GP_9,PURBA_MEDINIPUR_BLOCK_16,Purba Medinipur,22.12228881,87.87621278
109681,WB_109681,PURBA_MEDINIPUR_BLOCK_17_GP_1,PURBA_MEDINIPUR_BLOCK_17,Purba Medinipur,22.14232989,87.91171922
109682,WB_109682,PURBA_MEDINIPUR_BLOCK_17_GP_2,PURBA_MEDINIPUR_BLOCK_17,Purba Medinipur,22.14805819,87.91527432
109683,WB_109683,PURBA_MEDINIPUR_BLOCK_17_GP_3,PURBA_MEDINIPUR_BLOCK_17,Purba Medinipur,22.14514813,87.90639393
109684,WB_109684,PURBA_MEDINIPUR_BLOCK_17_GP_4,PURBA_MEDINIPUR_BLOCK_17,Purba Medinipur,22.14007006,87.91678061
109685,WB_109685,PURBA_MEDINIPUR_BLOCK_17_GP_5,PURBA_MEDINIPUR_BLOCK_17,Purba Medinipur,22.15304509,87.91152722
109686,WB_109686,PURBA_MEDINIPUR_BLOCK_17_GP_6,PURBA_MEDINIPUR_BLOCK_17,Purba Medinipur,22.13806343,87.90677801
109687,WB_109687,PURBA_MEDINIPUR_BLOCK_17_GP_7,PURBA_MEDINIPUR_BLOCK_17,Purba Medinipur,22.14645179,87.92094016
109688,WB_109688,PURBA_MEDINIPUR_BLOCK_17_GP_8,PURBA_MEDINIPUR_BLOCK_17,Purba Medinipur,22.15080036,87.90393567
109689,WB_109689,PURBA_MEDINIPUR_BLOCK_17_GP_9,PURBA_MEDINIPUR_BLOCK_17,Purba Medinipur,22.13423337,87.91443736
109690,WB_109690,PURBA_MEDINIPUR_BLOCK_18_GP_1,PURBA_MEDINIPUR_BLOCK_18,Purba Medinipur,22.17761781,87.94056545
109691,WB_109691,PURBA_MEDINIPUR_BLOCK_18_GP_2,PURBA_MEDINIPUR_BLOCK_18,Purba Medinipur,22.17236546,87.93641921
109692,WB_109692,PURBA_MEDINIPUR_BLOCK_18_GP_3,PURBA_MEDINIPUR_BLOCK_18,Purba Medinipur,22.17416224,87.94555299
109693,WB_109693,PURBA_MEDINIPUR_BLOCK_18_GP_4,PURBA_MEDINIPUR_BLOCK_18,Purba Medinipur,22.18048617,87.93578014
109694,WB_109694,PURBA_MEDINIPUR_BLOCK_18_GP_5,PURBA_MEDINIPUR_BLOCK_18,Purba Medinipur,22.16695003,87.93960631
109695,WB_109695,PURBA_MEDINIPUR_BLOCK_18_GP_6,PURBA_MEDINIPUR_BLOCK_18,Purba Medinipur,22.18124727,87.94593174
109696,WB_109696,PURBA_MEDINIPUR_BLOCK_18_GP_7,PURBA_MEDINIPUR_BLOCK_18,Purba Medinipur,22.17465919,87.93096334
109697,WB_109697,PURBA_MEDINIPUR_BLOCK_18_GP_8,PURBA_MEDINIPUR_BLOCK_18,Purba Medinipur,22.16824465,87.9473884
109698,WB_109698,PURBA_MEDINIPUR_BLOCK_18_GP_9,PURBA_MEDINIPUR_BLOCK_18,Purba Medinipur,22.18599548,87.9387342
109699,WB_109699,PURBA_MEDINIPUR_BLOCK_19_GP_1,PURBA_MEDINIPUR_BLOCK_19,Purba Medinipur,22.20529097,87.97049312
109700,WB_109700,PURBA_MEDINIPUR_BLOCK_19_GP_2,PURBA_MEDINIPUR_BLOCK_19,Purba Medinipur,22.20775365,87.96449815
109701,WB_109701,PURBA_MEDINIPUR_BLOCK_19_GP_3,PURBA_MEDINIPUR_BLOCK_19,Purba Medinipur,22.19910675,87.9690923
109702,WB_109702,PURBA_MEDINIPUR_BLOCK_19_GP_4,PURBA_MEDINIPUR_BLOCK_19,Purba Medinipur,22.21107704,87.97144317
109703,WB_109703,PURBA_MEDINIPUR_BLOCK_19_GP_5,PURBA_MEDINIPUR_BLOCK_19,Purba Medinipur,22.20274461,87.96077687
109704,WB_109704,PURBA_MEDINIPUR_BLOCK_19_GP_6,PURBA_MEDINIPUR_BLOCK_19,Purba Medinipur,22.20105917,87.97546024
109705,WB_109705,PURBA_MEDINIPUR_BLOCK_19_GP_7,PURBA_MEDINIPUR_BLOCK_19,Purba Medinipur,22.21402861,87.96472081
109706,WB_109706,PURBA_MEDINIPUR_BLOCK_19_GP_8,PURBA_MEDINIPUR_BLOCK_19,Purba Medinipur,22.19529947,87.96448296
109707,WB_109707,PURBA_MEDINIPUR_BLOCK_19_GP_9,PURBA_MEDINIPUR_BLOCK_19,Purba Medinipur,22.20990501,87.97727157
109708,WB_109708,PURBA_MEDINIPUR_BLOCK_20_GP_1,PURBA_MEDINIPUR_BLOCK_20,Purba Medinipur,22.23605469,87.99830661
109709,WB_109709,PURBA_MEDINIPUR_BLOCK_20_GP_2,PURBA_MEDINIPUR_BLOCK_20,Purba Medinipur,22.23654445,87.99190239
109710,WB_109710,PURBA_MEDINIPUR_BLOCK_20_GP_3,PURBA_MEDINIPUR_BLOCK_20,Purba Medinipur,22.2297012,87.99864362
109711,WB_109711,PURBA_MEDINIPUR_BLOCK_20_GP_4,PURBA_MEDINIPUR_BLOCK_20,Purba Medinipur,22.24188686,87.99764626
109712,WB_109712,PURBA_MEDINIPUR_BLOCK_20_GP_5,PURBA_MEDINIPUR_BLOCK_20,Purba Medinipur,22.23059291,87.98970034
109713,WB_109713,PURBA_MEDINIPUR_BLOCK_20_GP_6,PURBA_MEDINIPUR_BLOCK_20,Purba Medinipur,22.23355212,88.00420716
109714,WB_109714,PURBA_MEDINIPUR_BLOCK_20_GP_7,PURBA_MEDINIPUR_BLOCK_20,Purba Medinipur,22.24261792,87.99041345
109715,WB_109715,PURBA_MEDINIPUR_BLOCK_20_GP_8,PURBA_MEDINIPUR_BLOCK_20,Purba Medinipur,22.22462304,87.99526588
109716,WB_109716,PURBA_MEDINIPUR_BLOCK_20_GP_9,PURBA_MEDINIPUR_BLOCK_20,Purba Medinipur,22.24258018,88.00354102
109717,WB_109717,PURBA_MEDINIPUR_BLOCK_21_GP_1,PURBA_MEDINIPUR_BLOCK_21,Purba Medinipur,22.26766837,88.02429482
109718,WB_109718,PURBA_MEDINIPUR_BLOCK_21_GP_2,PURBA_MEDINIPUR_BLOCK_21,Purba Medinipur,22.26196162,88.02070965
109719,WB_109719,PURBA_MEDINIPUR_BLOCK_21_GP_3,PURBA_MEDINIPUR_BLOCK_21,Purba Medinipur,22.26481803,88.0296052
109720,WB_109720,PURBA_MEDINIPUR_BLOCK_21_GP_4,PURBA_MEDINIPUR_BLOCK_21,Purba Medinipur,22.26995872,88.01924539
109721,WB_109721,PURBA_MEDINIPUR_BLOCK_21_GP_5,PURBA_MEDINIPUR_BLOCK_21,Purba Medinipur,22.25695219,88.02443047
109722,WB_109722,PURBA_MEDINIPUR_BLOCK_21_GP_6,PURBA_MEDINIPUR_BLOCK_21,Purba Medinipur,22.27190494,88.02925839
109723,WB_109723,PURBA_MEDINIPUR_BLOCK_21_GP_7,PURBA_MEDINIPUR_BLOCK_21,Purba Medinipur,22.26360221,88.01505235
109724,WB_109724,PURBA_MEDINIPUR_BLOCK_21_GP_8,PURBA_MEDINIPUR_BLOCK_21,Purba Medinipur,22.25915104,88.0320337
109725,WB_109725,PURBA_MEDINIPUR_BLOCK_21_GP_9,PURBA_MEDINIPUR_BLOCK_21,Purba Medinipur,22.27578117,88.0216193
109726,WB_109726,PURBA_MEDINIPUR_BLOCK_22_GP_1,PURBA_MEDINIPUR_BLOCK_22,Purba Medinipur,22.29297332,88.05035337
109727,WB_109727,PURBA_MEDINIPUR_BLOCK_22_GP_2,PURBA_MEDINIPUR_BLOCK_22,Purba Medinipur,22.29552425,88.05631612
109728,WB_109728,PURBA_MEDINIPUR_BLOCK_22_GP_3,PURBA_MEDINIPUR_BLOCK_22,Purba Medinipur,22.29853368,88.04746462
109729,WB_109729,PURBA_MEDINIPUR_BLOCK_22_GP_4,PURBA_MEDINIPUR_BLOCK_22,Purba Medinipur,22.28803316,88.05332096
109730,WB_109730,PURBA_MEDINIPUR_BLOCK_22_GP_5,PURBA_MEDINIPUR_BLOCK_22,Purba Medinipur,22.301909,88.05587595
109731,WB_109731,PURBA_MEDINIPUR_BLOCK_22_GP_6,PURBA_MEDINIPUR_BLOCK_22,Purba Medinipur,22.29246908,88.04402481
109732,WB_109732,PURBA_MEDINIPUR_BLOCK_22_GP_7,PURBA_MEDINIPUR_BLOCK_22,Purba Medinipur,22.29075401,88.06012759
109733,WB_109733,PURBA_MEDINIPUR_BLOCK_22_GP_8,PURBA_MEDINIPUR_BLOCK_22,Purba Medinipur,22.30468164,88.04843792
109734,WB_109734,PURBA_MEDINIPUR_BLOCK_22_GP_9,PURBA_MEDINIPUR_BLOCK_22,Purba Medinipur,22.28465551,88.04829813
109735,WB_109735,PURBA_MEDINIPUR_BLOCK_23_GP_1,PURBA_MEDINIPUR_BLOCK_23,Purba Medinipur,22.32322939,88.07811362
109736,WB_109736,PURBA_MEDINIPUR_BLOCK_23_GP_2,PURBA_MEDINIPUR_BLOCK_23,Purba Medinipur,22.32489667,88.08434269
109737,WB_109737,PURBA_MEDINIPUR_BLOCK_23_GP_3,PURBA_MEDINIPUR_BLOCK_23,Purba Medinipur,22.32915593,88.07595013
109738,WB_109738,PURBA_MEDINIPUR_BLOCK_23_GP_4,PURBA_MEDINIPUR_BLOCK_23,Purba Medinipur,22.31790602,88.08043319
109739,WB_109739,PURBA_MEDINIPUR_BLOCK_23_GP_5,PURBA_MEDINIPUR_BLOCK_23,Purba Medinipur,22.33128675,88.0847091
109740,WB_109740,PURBA_MEDINIPUR_BLOCK_23_GP_6,PURBA_MEDINIPUR_BLOCK_23,Purba Medinipur,22.32364296,88.07177933
109741,WB_109741,PURBA_MEDINIPUR_BLOCK_23_GP_7,PURBA_MEDINIPUR_BLOCK_23,Purba Medinipur,22.31961989,88.08751982
109742,WB_109742,PURBA_MEDINIPUR_BLOCK_23_GP_8,PURBA_MEDINIPUR_BLOCK_23,Purba Medinipur,22.33510744,88.07768736
109743,WB_109743,PURBA_MEDINIPUR_BLOCK_23_GP_9,PURBA_MEDINIPUR_BLOCK_23,Purba Medinipur,22.31528393,88.07503155
109744,WB_109744,PURBA_MEDINIPUR_BLOCK_24_GP_1,PURBA_MEDINIPUR_BLOCK_24,Purba Medinipur,22.35330022,88.10586488
109745,WB_109745,PURBA_MEDINIPUR_BLOCK_24_GP_2,PURBA_MEDINIPUR_BLOCK_24,Purba Medinipur,22.35449439,88.11258302
109746,WB_109746,PURBA_MEDINIPUR_BLOCK_24_GP_3,PURBA_MEDINIPUR_BLOCK_24,Purba Medinipur,22.35976343,88.10404876
109747,WB_109747,PURBA_MEDINIPUR_BLOCK_24_GP_4,PURBA_MEDINIPUR_BLOCK_24,Purba Medinipur,22.34746046,88.10789396
109748,WB_109748,PURBA_MEDINIPUR_BLOCK_24_GP_5,PURBA_MEDINIPUR_BLOCK_24,Purba Medinipur,22.36121677,88.11347846
109749,WB_109749,PURBA_MEDINIPUR_BLOCK_24_GP_6,PURBA_MEDINIPUR_BLOCK_24,Purba Medinipur,22.35431559,88.09920093
109750,WB_109750,PURBA_MEDINIPUR_BLOCK_24_GP_7,PURBA_MEDINIPUR_BLOCK_24,Purba Medinipur,22.34862563,88.11552245
109751,WB_109751,PURBA_MEDINIPUR_BLOCK_24_GP_8,PURBA_MEDINIPUR_BLOCK_24,Purba Medinipur,22.365897,88.10635861
109752,WB_109752,PURBA_MEDINIPUR_BLOCK_25_GP_1,PURBA_MEDINIPUR_BLOCK_25,Purba Medinipur,22.38712589,88.13422836
109753,WB_109753,PURBA_MEDINIPUR_BLOCK_25_GP_2,PURBA_MEDINIPUR_BLOCK_25,Purba Medinipur,22.38006406,88.13594123
109754,WB_109754,PURBA_MEDINIPUR_BLOCK_25_GP_3,PURBA_MEDINIPUR_BLOCK_25,Purba Medinipur,22.38964381,88.14007339
109755,WB_109755,PURBA_MEDINIPUR_BLOCK_25_GP_4,PURBA_MEDINIPUR_BLOCK_25,Purba Medinipur,22.38443664,88.12898197
109756,WB_109756,PURBA_MEDINIPUR_BLOCK_25_GP_5,PURBA_MEDINIPUR_BLOCK_25,Purba Medinipur,22.37971172,88.14227049
109757,WB_109757,PURBA_MEDINIPUR_BLOCK_25_GP_6,PURBA_MEDINIPUR_BLOCK_25,Purba Medinipur,22.39432813,88.13457427
109758,WB_109758,PURBA_MEDINIPUR_BLOCK_25_GP_7,PURBA_MEDINIPUR_BLOCK_25,Purba Medinipur,22.37640078,88.13074956
109759,WB_109759,PURBA_MEDINIPUR_BLOCK_25_GP_8,PURBA_MEDINIPUR_BLOCK_25,Purba Medinipur,22.38772931,88.14598223
109760,WB_109760,PURULIA_BLOCK_1_GP_1,PURULIA_BLOCK_1,Purulia,22.96442565,85.87587553
109761,WB_109761,PURULIA_BLOCK_1_GP_2,PURULIA_BLOCK_1,Purulia,22.97214348,85.87902029
109762,WB_109762,PURULIA_BLOCK_1_GP_3,PURULIA_BLOCK_1,Purulia,22.96553383,85.86538811
109763,WB_109763,PURULIA_BLOCK_1_GP_4,PURULIA_BLOCK_1,Purulia,22.9638378,85.885631
109764,WB_109764,PURULIA_BLOCK_1_GP_5,PURULIA_BLOCK_1,Purulia,22.9762618,85.87011859
109765,WB_109765,PURULIA_BLOCK_1_GP_6,PURULIA_BLOCK_1,Purulia,22.9578057,85.86963191
109766,WB_109766,PURULIA_BLOCK_1_GP_7,PURULIA_BLOCK_1,Purulia,22.97251161,85.88947289
109767,WB_109767,PURULIA_BLOCK_1_GP_8,PURULIA_BLOCK_1,Purulia,22.9708815,85.85834174
109768,WB_109768,PURULIA_BLOCK_1_GP_9,PURULIA_BLOCK_1,Purulia,22.95646012,85.88460271
109769,WB_109769,PURULIA_BLOCK_2_GP_1,PURULIA_BLOCK_2,Purulia,23.00471495,85.92183089
109770,WB_109770,PURULIA_BLOCK_2_GP_2,PURULIA_BLOCK_2,Purulia,22.99707568,85.92534538
109771,WB_109771,PURULIA_BLOCK_2_GP_3,PURULIA_BLOCK_2,Purulia,23.00787445,85.93142879
109772,WB_109772,PURULIA_BLOCK_2_GP_4,PURULIA_BLOCK_2,Purulia,23.00140772,85.91325462
109773,WB_109773,PURULIA_BLOCK_2_GP_5,PURULIA_BLOCK_2,Purulia,22.99711592,85.93601545
109774,WB_109774,PURULIA_BLOCK_2_GP_6,PURULIA_BLOCK_2,Purulia,23.01264736,85.9217642
109775,WB_109775,PURULIA_BLOCK_2_GP_7,PURULIA_BLOCK_2,Purulia,22.99270252,85.91694874
109776,WB_109776,PURULIA_BLOCK_2_GP_8,PURULIA_BLOCK_2,Purulia,23.00617085,85.94153279
109777,WB_109777,PURULIA_BLOCK_2_GP_9,PURULIA_BLOCK_2,Purulia,23.0079407,85.90825086
109778,WB_109778,PURULIA_BLOCK_3_GP_1,PURULIA_BLOCK_3,Purulia,23.03437185,85.97470759
109779,WB_109779,PURULIA_BLOCK_3_GP_2,PURULIA_BLOCK_3,Purulia,23.04125567,85.98060186
109780,WB_109780,PURULIA_BLOCK_3_GP_3,PURULIA_BLOCK_3,Purulia,23.03734442,85.96498859
109781,WB_109781,PURULIA_BLOCK_3_GP_4,PURULIA_BLOCK_3,Purulia,23.03203459,85.98391226
109782,WB_109782,PURULIA_BLOCK_3_GP_5,PURULIA_BLOCK_3,Purulia,23.04684795,85.97352868
109783,WB_109783,PURULIA_BLOCK_3_GP_6,PURULIA_BLOCK_3,Purulia,23.02911049,85.96622671
109784,WB_109784,PURULIA_BLOCK_3_GP_7,PURULIA_BLOCK_3,Purulia,23.03971529,85.99083373
109785,WB_109785,PURULIA_BLOCK_3_GP_8,PURULIA_BLOCK_3,Purulia,23.04378755,85.96016244
109786,WB_109786,PURULIA_BLOCK_3_GP_9,PURULIA_BLOCK_3,Purulia,23.02509541,85.98018809
109787,WB_109787,PURULIA_BLOCK_4_GP_1,PURULIA_BLOCK_4,Purulia,23.07559168,86.02574061
109788,WB_109788,PURULIA_BLOCK_4_GP_2,PURULIA_BLOCK_4,Purulia,23.06915798,86.01888668
109789,WB_109789,PURULIA_BLOCK_4_GP_3,PURULIA_BLOCK_4,Purulia,23.0719496,86.03498296
109790,WB_109790,PURULIA_BLOCK_4_GP_4,PURULIA_BLOCK_4,Purulia,23.07856543,86.01691864
109791,WB_109791,PURULIA_BLOCK_4_GP_5,PURULIA_BLOCK_4,Purulia,23.06309586,86.02512006
109792,WB_109792,PURULIA_BLOCK_4_GP_6,PURULIA_BLOCK_4,Purulia,23.08022894,86.03493477
109793,WB_109793,PURULIA_BLOCK_4_GP_7,PURULIA_BLOCK_4,Purulia,23.07141126,86.00892819
109794,WB_109794,PURULIA_BLOCK_4_GP_8,PURULIA_BLOCK_4,Purulia,23.06519923,86.0388584
109795,WB_109795,PURULIA_BLOCK_4_GP_9,PURULIA_BLOCK_4,Purulia,23.08520707,86.02162143
109796,WB_109796,PURULIA_BLOCK_5_GP_1,PURULIA_BLOCK_5,Purulia,23.11043907,86.07344221
109797,WB_109797,PURULIA_BLOCK_5_GP_2,PURULIA_BLOCK_5,Purulia,23.10247053,86.07207716
109798,WB_109798,PURULIA_BLOCK_5_GP_3,PURULIA_BLOCK_5,Purulia,23.11050354,86.08404804
109799,WB_109799,PURULIA_BLOCK_5_GP_4,PURULIA_BLOCK_5,Purulia,23.10994167,86.06367648
109800,WB_109800,PURULIA_BLOCK_5_GP_5,PURULIA_BLOCK_5,Purulia,23.09938738,86.08179592
109801,WB_109801,PURULIA_BLOCK_5_GP_6,PURULIA_BLOCK_5,Purulia,23.11766589,86.07811483
109802,WB_109802,PURULIA_BLOCK_5_GP_7,PURULIA_BLOCK_5,Purulia,23.1009521,86.0618386
109803,WB_109803,PURULIA_BLOCK_5_GP_8,PURULIA_BLOCK_5,Purulia,23.10600146,86.09221193
109804,WB_109804,PURULIA_BLOCK_5_GP_9,PURULIA_BLOCK_5,Purulia,23.11734048,86.06302828
109805,WB_109805,PURULIA_BLOCK_6_GP_1,PURULIA_BLOCK_6,Purulia,23.14239981,86.12947605
109806,WB_109806,PURULIA_BLOCK_6_GP_2,PURULIA_BLOCK_6,Purulia,23.1462938,86.11945082
109807,WB_109807,PURULIA_BLOCK_6_GP_3,PURULIA_BLOCK_6,Purulia,23.13550111,86.12555619
109808,WB_109808,PURULIA_BLOCK_6_GP_4,PURULIA_BLOCK_6,Purulia,23.14891748,86.13250599
109809,WB_109809,PURULIA_BLOCK_6_GP_5,PURULIA_BLOCK_6,Purulia,23.14115873,86.11170231
109810,WB_109810,PURULIA_BLOCK_6_GP_6,PURULIA_BLOCK_6,Purulia,23.13664206,86.13727108
109811,WB_109811,PURULIA_BLOCK_6_GP_7,PURULIA_BLOCK_6,Purulia,23.15350352,86.12130872
109812,WB_109812,PURULIA_BLOCK_6_GP_8,PURULIA_BLOCK_6,Purulia,23.13190969,86.1165179
109813,WB_109813,PURULIA_BLOCK_6_GP_9,PURULIA_BLOCK_6,Purulia,23.14654356,86.14253785
109814,WB_109814,PURULIA_BLOCK_7_GP_1,PURULIA_BLOCK_7,Purulia,23.18051783,86.17621214
109815,WB_109815,PURULIA_BLOCK_7_GP_2,PURULIA_BLOCK_7,Purulia,23.17463848,86.16840789
109816,WB_109816,PURULIA_BLOCK_7_GP_3,PURULIA_BLOCK_7,Purulia,23.17619991,86.18484014
109817,WB_109817,PURULIA_BLOCK_7_GP_4,PURULIA_BLOCK_7,Purulia,23.1841396,86.16789923
109818,WB_109818,PURULIA_BLOCK_7_GP_5,PURULIA_BLOCK_7,Purulia,23.16814154,86.17367195
109819,WB_109819,PURULIA_BLOCK_7_GP_6,PURULIA_BLOCK_7,Purulia,23.1844347,86.18606653
109820,WB_109820,PURULIA_BLOCK_7_GP_7,PURULIA_BLOCK_7,Purulia,23.17762969,86.15885417
109821,WB_109821,PURULIA_BLOCK_7_GP_8,PURULIA_BLOCK_7,Purulia,23.16919657,86.18765406
109822,WB_109822,PURULIA_BLOCK_7_GP_9,PURULIA_BLOCK_7,Purulia,23.1903879,86.17359687
109823,WB_109823,PURULIA_BLOCK_8_GP_1,PURULIA_BLOCK_8,Purulia,23.21084365,86.22880218
109824,WB_109824,PURULIA_BLOCK_8_GP_2,PURULIA_BLOCK_8,Purulia,23.21772937,86.22291244
109825,WB_109825,PURULIA_BLOCK_8_GP_3,PURULIA_BLOCK_8,Purulia,23.20624763,86.22047253
109826,WB_109826,PURULIA_BLOCK_8_GP_4,PURULIA_BLOCK_8,Purulia,23.21542197,86.23608894
109827,WB_109827,PURULIA_BLOCK_8_GP_5,PURULIA_BLOCK_8,Purulia,23.21600232,86.21253137
109828,WB_109828,PURULIA_BLOCK_8_GP_6,PURULIA_BLOCK_8,Purulia,23.20312698,86.23142794
109829,WB_109829,PURULIA_BLOCK_8_GP_7,PURULIA_BLOCK_8,Purulia,23.22331764,86.2296801
109830,WB_109830,PURULIA_BLOCK_8_GP_8,PURULIA_BLOCK_8,Purulia,23.20630886,86.21007993
109831,WB_109831,PURULIA_BLOCK_8_GP_9,PURULIA_BLOCK_8,Purulia,23.20984951,86.24307229
109832,WB_109832,PURULIA_BLOCK_9_GP_1,PURULIA_BLOCK_9,Purulia,23.25024431,86.27716464
109833,WB_109833,PURULIA_BLOCK_9_GP_2,PURULIA_BLOCK_9,Purulia,23.24576789,86.26764855
109834,WB_109834,PURULIA_BLOCK_9_GP_3,PURULIA_BLOCK_9,Purulia,23.24466126,86.28415598
109835,WB_109835,PURULIA_BLOCK_9_GP_4,PURULIA_BLOCK_9,Purulia,23.25509926,86.27025296
109836,WB_109836,PURULIA_BLOCK_9_GP_5,PURULIA_BLOCK_9,Purulia,23.23860113,86.27065395
109837,WB_109837,PURULIA_BLOCK_9_GP_6,PURULIA_BLOCK_9,Purulia,23.2524824,86.28803646
109838,WB_109838,PURULIA_BLOCK_9_GP_7,PURULIA_BLOCK_9,Purulia,23.25020728,86.25932313
109839,WB_109839,PURULIA_BLOCK_9_GP_8,PURULIA_BLOCK_9,Purulia,23.23739315,86.28461078
109840,WB_109840,PURULIA_BLOCK_9_GP_9,PURULIA_BLOCK_9,Purulia,23.26027164,86.27783848
109841,WB_109841,PURULIA_BLOCK_10_GP_1,PURULIA_BLOCK_10,Purulia,23.28299947,86.32057887
109842,WB_109842,PURULIA_BLOCK_10_GP_2,PURULIA_BLOCK_10,Purulia,23.27824124,86.32981168
109843,WB_109843,PURULIA_BLOCK_10_GP_3,PURULIA_BLOCK_10,Purulia,23.28949131,86.32572511
109844,WB_109844,PURULIA_BLOCK_10_GP_4,PURULIA_BLOCK_10,Purulia,23.27680599,86.31638478
109845,WB_109845,PURULIA_BLOCK_10_GP_5,PURULIA_BLOCK_10,Purulia,23.28264166,86.3384335
109846,WB_109846,PURULIA_BLOCK_10_GP_6,PURULIA_BLOCK_10,Purulia,23.28940685,86.31389798
109847,WB_109847,PURULIA_BLOCK_10_GP_7,PURULIA_BLOCK_10,Purulia,23.27125661,86.32665379
109848,WB_109848,PURULIA_BLOCK_10_GP_8,PURULIA_BLOCK_10,Purulia,23.29224543,86.33534456
109849,WB_109849,PURULIA_BLOCK_10_GP_9,PURULIA_BLOCK_10,Purulia,23.28005718,86.30686809
109850,WB_109850,PURULIA_BLOCK_11_GP_1,PURULIA_BLOCK_11,Purulia,23.31699879,86.37030428
109851,WB_109851,PURULIA_BLOCK_11_GP_2,PURULIA_BLOCK_11,Purulia,23.31429438,86.38183492
109852,WB_109852,PURULIA_BLOCK_11_GP_3,PURULIA_BLOCK_11,Purulia,23.32472385,86.37248711
109853,WB_109853,PURULIA_BLOCK_11_GP_4,PURULIA_BLOCK_11,Purulia,23.30979153,86.36894432
109854,WB_109854,PURULIA_BLOCK_11_GP_5,PURULIA_BLOCK_11,Purulia,23.32069826,86.38849768
109855,WB_109855,PURULIA_BLOCK_11_GP_6,PURULIA_BLOCK_11,Purulia,23.32194869,86.3605848
109856,WB_109856,PURULIA_BLOCK_11_GP_7,PURULIA_BLOCK_11,Purulia,23.306524,86.38188839
109857,WB_109857,PURULIA_BLOCK_11_GP_8,PURULIA_BLOCK_11,Purulia,23.32969239,86.38092127
109858,WB_109858,PURULIA_BLOCK_12_GP_1,PURULIA_BLOCK_12,Purulia,23.35036697,86.42864378
109859,WB_109859,PURULIA_BLOCK_12_GP_2,PURULIA_BLOCK_12,Purulia,23.35820844,86.42391146
109860,WB_109860,PURULIA_BLOCK_12_GP_3,PURULIA_BLOCK_12,Purulia,23.34640143,86.41892469
109861,WB_109861,PURULIA_BLOCK_12_GP_4,PURULIA_BLOCK_12,Purulia,23.35442181,86.43726377
109862,WB_109862,PURULIA_BLOCK_12_GP_5,PURULIA_BLOCK_12,Purulia,23.35746844,86.41264346
109863,WB_109863,PURULIA_BLOCK_12_GP_6,PURULIA_BLOCK_12,Purulia,23.34199041,86.42977246
109864,WB_109864,PURULIA_BLOCK_12_GP_7,PURULIA_BLOCK_12,Purulia,23.36337774,86.43219947
109865,WB_109865,PURULIA_BLOCK_12_GP_8,PURULIA_BLOCK_12,Purulia,23.34754088,86.40802213
109866,WB_109866,PURULIA_BLOCK_13_GP_1,PURULIA_BLOCK_13,Purulia,23.39071372,86.47621857
109867,WB_109867,PURULIA_BLOCK_13_GP_2,PURULIA_BLOCK_13,Purulia,23.38439355,86.46807226
109868,WB_109868,PURULIA_BLOCK_13_GP_3,PURULIA_BLOCK_13,Purulia,23.38622819,86.48546477
109869,WB_109869,PURULIA_BLOCK_13_GP_4,PURULIA_BLOCK_13,Purulia,23.3944644,86.46732197
109870,WB_109870,PURULIA_BLOCK_13_GP_5,PURULIA_BLOCK_13,Purulia,23.37756048,86.4737992
109871,WB_109871,PURULIA_BLOCK_13_GP_6,PURULIA_BLOCK_13,Purulia,23.3949749,86.48658269
109872,WB_109872,PURULIA_BLOCK_13_GP_7,PURULIA_BLOCK_13,Purulia,23.38746199,86.45787372
109873,WB_109873,PURULIA_BLOCK_13_GP_8,PURULIA_BLOCK_13,Purulia,23.37883141,86.48860447
109874,WB_109874,PURULIA_BLOCK_14_GP_1,PURULIA_BLOCK_14,Purulia,23.42383149,86.52935252
109875,WB_109875,PURULIA_BLOCK_14_GP_2,PURULIA_BLOCK_14,Purulia,23.42436413,86.51721568
109876,WB_109876,PURULIA_BLOCK_14_GP_3,PURULIA_BLOCK_14,Purulia,23.41597361,86.53008788
109877,WB_109877,PURULIA_BLOCK_14_GP_4,PURULIA_BLOCK_14,Purulia,23.4310406,86.52801274
109878,WB_109878,PURULIA_BLOCK_14_GP_5,PURULIA_BLOCK_14,Purulia,23.41697452,86.513136
109879,WB_109879,PURULIA_BLOCK_14_GP_6,PURULIA_BLOCK_14,Purulia,23.42080245,86.5405662
109880,WB_109880,PURULIA_BLOCK_14_GP_7,PURULIA_BLOCK_14,Purulia,23.43186233,86.51430288
109881,WB_109881,PURULIA_BLOCK_14_GP_8,PURULIA_BLOCK_14,Purulia,23.40965123,86.52376814
109882,WB_109882,PURULIA_BLOCK_15_GP_1,PURULIA_BLOCK_15,Purulia,23.45757285,86.57025114
109883,WB_109883,PURULIA_BLOCK_15_GP_2,PURULIA_BLOCK_15,Purulia,23.4535177,86.5809433
109884,WB_109884,PURULIA_BLOCK_15_GP_3,PURULIA_BLOCK_15,Purulia,23.46491892,86.57430346
109885,WB_109885,PURULIA_BLOCK_15_GP_4,PURULIA_BLOCK_15,Purulia,23.45063754,86.56713688
109886,WB_109886,PURULIA_BLOCK_15_GP_5,PURULIA_BLOCK_15,Purulia,23.45902184,86.58908318
109887,WB_109887,PURULIA_BLOCK_15_GP_6,PURULIA_BLOCK_15,Purulia,23.46362136,86.56189595
109888,WB_109888,PURULIA_BLOCK_15_GP_7,PURULIA_BLOCK_15,Purulia,23.44585716,86.57908265
109889,WB_109889,PURULIA_BLOCK_15_GP_8,PURULIA_BLOCK_15,Purulia,23.46879548,86.58383481
109890,WB_109890,PURULIA_BLOCK_16_GP_1,PURULIA_BLOCK_16,Purulia,23.49041527,86.62129961
109891,WB_109891,PURULIA_BLOCK_16_GP_2,PURULIA_BLOCK_16,Purulia,23.49213196,86.63321042
109892,WB_109892,PURULIA_BLOCK_16_GP_3,PURULIA_BLOCK_16,Purulia,23.49786231,86.61764268
109893,WB_109893,PURULIA_BLOCK_16_GP_4,PURULIA_BLOCK_16,Purulia,23.48370532,86.6252964
109894,WB_109894,PURULIA_BLOCK_16_GP_5,PURULIA_BLOCK_16,Purulia,23.50001212,86.63437524
109895,WB_109895,PURULIA_BLOCK_16_GP_6,PURULIA_BLOCK_16,Purulia,23.49127706,86.6093432
109896,WB_109896,PURULIA_BLOCK_16_GP_7,PURULIA_BLOCK_16,Purulia,23.48543217,86.63883348
109897,WB_109897,PURULIA_BLOCK_16_GP_8,PURULIA_BLOCK_16,Purulia,23.50512439,86.62136927
109898,WB_109898,PURULIA_BLOCK_17_GP_1,PURULIA_BLOCK_17,Purulia,23.53025225,86.67766525
109899,WB_109899,PURULIA_BLOCK_17_GP_2,PURULIA_BLOCK_17,Purulia,23.52616775,86.66699592
109900,WB_109900,PURULIA_BLOCK_17_GP_3,PURULIA_BLOCK_17,Purulia,23.52388223,86.6842791
109901,WB_109901,PURULIA_BLOCK_17_GP_4,PURULIA_BLOCK_17,Purulia,23.53584782,86.67103502
109902,WB_109902,PURULIA_BLOCK_17_GP_5,PURULIA_BLOCK_17,Purulia,23.51839457,86.669181
109903,WB_109903,PURULIA_BLOCK_17_GP_6,PURULIA_BLOCK_17,Purulia,23.53188081,86.68945757
109904,WB_109904,PURULIA_BLOCK_17_GP_7,PURULIA_BLOCK_17,Purulia,23.53142002,86.65881506
109905,WB_109905,PURULIA_BLOCK_17_GP_8,PURULIA_BLOCK_17,Purulia,23.51617453,86.68375612
109906,WB_109906,PURULIA_BLOCK_18_GP_1,PURULIA_BLOCK_18,Purulia,23.56287888,86.72028094
109907,WB_109907,PURULIA_BLOCK_18_GP_2,PURULIA_BLOCK_18,Purulia,23.55815126,86.73039375
109908,WB_109908,PURULIA_BLOCK_18_GP_3,PURULIA_BLOCK_18,Purulia,23.56993228,86.72528311
109909,WB_109909,PURULIA_BLOCK_18_GP_4,PURULIA_BLOCK_18,Purulia,23.55617397,86.71626691
109910,WB_109910,PURULIA_BLOCK_18_GP_5,PURULIA_BLOCK_18,Purulia,23.5631069,86.7392236
109911,WB_109911,PURULIA_BLOCK_18_GP_6,PURULIA_BLOCK_18,Purulia,23.56944062,86.71275758
109912,WB_109912,PURULIA_BLOCK_18_GP_7,PURULIA_BLOCK_18,Purulia,23.55064334,86.72753252
109913,WB_109913,PURULIA_BLOCK_18_GP_8,PURULIA_BLOCK_18,Purulia,23.57317751,86.73528425
109914,WB_109914,PURULIA_BLOCK_19_GP_1,PURULIA_BLOCK_19,Purulia,23.59549499,86.77878923
109915,WB_109915,PURULIA_BLOCK_19_GP_2,PURULIA_BLOCK_19,Purulia,23.60316406,86.77351173
109916,WB_109916,PURULIA_BLOCK_19_GP_3,PURULIA_BLOCK_19,Purulia,23.59119966,86.76936051
109917,WB_109917,PURULIA_BLOCK_19_GP_4,PURULIA_BLOCK_19,Purulia,23.59984168,86.78711391
109918,WB_109918,PURULIA_BLOCK_19_GP_5,PURULIA_BLOCK_19,Purulia,23.60203705,86.76230935
109919,WB_109919,PURULIA_BLOCK_19_GP_6,PURULIA_BLOCK_19,Purulia,23.58716742,86.78050505
109920,WB_109920,PURULIA_BLOCK_19_GP_7,PURULIA_BLOCK_19,Purulia,23.60861243,86.78142652
109921,WB_109921,PURULIA_BLOCK_19_GP_8,PURULIA_BLOCK_19,Purulia,23.5919624,86.75839109
109922,WB_109922,PURULIA_BLOCK_20_GP_1,PURULIA_BLOCK_20,Purulia,23.63349072,86.82046575
109923,WB_109923,PURULIA_BLOCK_20_GP_2,PURULIA_BLOCK_20,Purulia,23.6275212,86.82913507
109924,WB_109924,PURULIA_BLOCK_20_GP_3,PURULIA_BLOCK_20,Purulia,23.63976372,86.82726621
109925,WB_109925,PURULIA_BLOCK_20_GP_4,PURULIA_BLOCK_20,Purulia,23.62743054,86.81472918
109926,WB_109926,PURULIA_BLOCK_20_GP_5,PURULIA_BLOCK_20,Purulia,23.63123183,86.83913437
109927,WB_109927,PURULIA_BLOCK_20_GP_6,PURULIA_BLOCK_20,Purulia,23.64092251,86.8148307
109928,WB_109928,PURULIA_BLOCK_20_GP_7,PURULIA_BLOCK_20,Purulia,23.6205211,86.82431611
109929,WB_109929,PURULIA_BLOCK_20_GP_8,PURULIA_BLOCK_20,Purulia,23.64164066,86.83795854
109930,WB_109930,SOUTH_24_PARGANAS_BLOCK_1_GP_1,SOUTH_24_PARGANAS_BLOCK_1,South 24 Parganas,21.56894969,88.06945186
109931,WB_109931,SOUTH_24_PARGANAS_BLOCK_1_GP_2,SOUTH_24_PARGANAS_BLOCK_1,South 24 Parganas,21.56764581,88.06241954
109932,WB_109932,SOUTH_24_PARGANAS_BLOCK_1_GP_3,SOUTH_24_PARGANAS_BLOCK_1,South 24 Parganas,21.56265148,88.07147879
109933,WB_109933,SOUTH_24_PARGANAS_BLOCK_1_GP_4,SOUTH_24_PARGANAS_BLOCK_1,South 24 Parganas,21.57463267,88.06721287
109934,WB_109934,SOUTH_24_PARGANAS_BLOCK_1_GP_5,SOUTH_24_PARGANAS_BLOCK_1,South 24 Parganas,21.5610397,88.06160398
109935,WB_109935,SOUTH_24_PARGANAS_BLOCK_1_GP_6,SOUTH_24_PARGANAS_BLOCK_1,South 24 Parganas,21.56808703,88.07646825
109936,WB_109936,SOUTH_24_PARGANAS_BLOCK_1_GP_7,SOUTH_24_PARGANAS_BLOCK_1,South 24 Parganas,21.57333912,88.05922409
109937,WB_109937,SOUTH_24_PARGANAS_BLOCK_1_GP_8,SOUTH_24_PARGANAS_BLOCK_1,South 24 Parganas,21.55659431,88.06916708
109938,WB_109938,SOUTH_24_PARGANAS_BLOCK_1_GP_9,SOUTH_24_PARGANAS_BLOCK_1,South 24 Parganas,21.57698401,88.07338618
109939,WB_109939,SOUTH_24_PARGANAS_BLOCK_1_GP_10,SOUTH_24_PARGANAS_BLOCK_1,South 24 Parganas,21.56403476,88.05549386
109940,WB_109940,SOUTH_24_PARGANAS_BLOCK_1_GP_11,SOUTH_24_PARGANAS_BLOCK_1,South 24 Parganas,21.56138464,88.07862533
109941,WB_109941,SOUTH_24_PARGANAS_BLOCK_2_GP_1,SOUTH_24_PARGANAS_BLOCK_2,South 24 Parganas,21.59894181,88.10197557
109942,WB_109942,SOUTH_24_PARGANAS_BLOCK_2_GP_2,SOUTH_24_PARGANAS_BLOCK_2,South 24 Parganas,21.60557179,88.10465829
109943,WB_109943,SOUTH_24_PARGANAS_BLOCK_2_GP_3,SOUTH_24_PARGANAS_BLOCK_2,South 24 Parganas,21.60062015,88.09557564
109944,WB_109944,SOUTH_24_PARGANAS_BLOCK_2_GP_4,SOUTH_24_PARGANAS_BLOCK_2,South 24 Parganas,21.59777314,88.10797086
109945,WB_109945,SOUTH_24_PARGANAS_BLOCK_2_GP_5,SOUTH_24_PARGANAS_BLOCK_2,South 24 Parganas,21.60981214,88.09952747
109946,WB_109946,SOUTH_24_PARGANAS_BLOCK_2_GP_6,SOUTH_24_PARGANAS_BLOCK_2,South 24 Parganas,21.59349043,88.09747487
109947,WB_109947,SOUTH_24_PARGANAS_BLOCK_2_GP_7,SOUTH_24_PARGANAS_BLOCK_2,South 24 Parganas,21.60520392,88.11117667
109948,WB_109948,SOUTH_24_PARGANAS_BLOCK_2_GP_8,SOUTH_24_PARGANAS_BLOCK_2,South 24 Parganas,21.60582663,88.09171224
109949,WB_109949,SOUTH_24_PARGANAS_BLOCK_2_GP_9,SOUTH_24_PARGANAS_BLOCK_2,South 24 Parganas,21.59130403,88.10663321
109950,WB_109950,SOUTH_24_PARGANAS_BLOCK_2_GP_10,SOUTH_24_PARGANAS_BLOCK_2,South 24 Parganas,21.61335267,88.10533854
109951,WB_109951,SOUTH_24_PARGANAS_BLOCK_2_GP_11,SOUTH_24_PARGANAS_BLOCK_2,South 24 Parganas,21.5952764,88.09066419
109952,WB_109952,SOUTH_24_PARGANAS_BLOCK_3_GP_1,SOUTH_24_PARGANAS_BLOCK_3,South 24 Parganas,21.6334999,88.13551646
109953,WB_109953,SOUTH_24_PARGANAS_BLOCK_3_GP_2,SOUTH_24_PARGANAS_BLOCK_3,South 24 Parganas,21.63885637,88.14025585
109954,WB_109954,SOUTH_24_PARGANAS_BLOCK_3_GP_3,SOUTH_24_PARGANAS_BLOCK_3,South 24 Parganas,21.63721566,88.13004206
109955,WB_109955,SOUTH_24_PARGANAS_BLOCK_3_GP_4,SOUTH_24_PARGANAS_BLOCK_3,South 24 Parganas,21.63039953,88.14077925
109956,WB_109956,SOUTH_24_PARGANAS_BLOCK_3_GP_5,SOUTH_24_PARGANAS_BLOCK_3,South 24 Parganas,21.64456454,88.13683202
109957,WB_109957,SOUTH_24_PARGANAS_BLOCK_3_GP_6,SOUTH_24_PARGANAS_BLOCK_3,South 24 Parganas,21.62986064,88.12945595
109958,WB_109958,SOUTH_24_PARGANAS_BLOCK_3_GP_7,SOUTH_24_PARGANAS_BLOCK_3,South 24 Parganas,21.63633663,88.14627876
109959,WB_109959,SOUTH_24_PARGANAS_BLOCK_3_GP_8,SOUTH_24_PARGANAS_BLOCK_3,South 24 Parganas,21.64341222,88.12813523
109960,WB_109960,SOUTH_24_PARGANAS_BLOCK_3_GP_9,SOUTH_24_PARGANAS_BLOCK_3,South 24 Parganas,21.62474635,88.13736162
109961,WB_109961,SOUTH_24_PARGANAS_BLOCK_3_GP_10,SOUTH_24_PARGANAS_BLOCK_3,South 24 Parganas,21.64596544,88.14349096
109962,WB_109962,SOUTH_24_PARGANAS_BLOCK_3_GP_11,SOUTH_24_PARGANAS_BLOCK_3,South 24 Parganas,21.63381481,88.12363018
109963,WB_109963,SOUTH_24_PARGANAS_BLOCK_4_GP_1,SOUTH_24_PARGANAS_BLOCK_4,South 24 Parganas,21.67344909,88.17112564
109964,WB_109964,SOUTH_24_PARGANAS_BLOCK_4_GP_2,SOUTH_24_PARGANAS_BLOCK_4,South 24 Parganas,21.66767551,88.16690434
109965,WB_109965,SOUTH_24_PARGANAS_BLOCK_4_GP_3,SOUTH_24_PARGANAS_BLOCK_4,South 24 Parganas,21.67025794,88.17692154
109966,WB_109966,SOUTH_24_PARGANAS_BLOCK_4_GP_4,SOUTH_24_PARGANAS_BLOCK_4,South 24 Parganas,21.67604715,88.16559759
109967,WB_109967,SOUTH_24_PARGANAS_BLOCK_4_GP_5,SOUTH_24_PARGANAS_BLOCK_4,South 24 Parganas,21.66231008,88.17084363
109968,WB_109968,SOUTH_24_PARGANAS_BLOCK_4_GP_6,SOUTH_24_PARGANAS_BLOCK_4,South 24 Parganas,21.67763561,88.17682186
109969,WB_109969,SOUTH_24_PARGANAS_BLOCK_4_GP_7,SOUTH_24_PARGANAS_BLOCK_4,South 24 Parganas,21.66962484,88.16067339
109970,WB_109970,SOUTH_24_PARGANAS_BLOCK_4_GP_8,SOUTH_24_PARGANAS_BLOCK_4,South 24 Parganas,21.66426532,88.17939577
109971,WB_109971,SOUTH_24_PARGANAS_BLOCK_4_GP_9,SOUTH_24_PARGANAS_BLOCK_4,South 24 Parganas,21.68199338,88.16847528
109972,WB_109972,SOUTH_24_PARGANAS_BLOCK_4_GP_10,SOUTH_24_PARGANAS_BLOCK_4,South 24 Parganas,21.66029665,88.16434363
109973,WB_109973,SOUTH_24_PARGANAS_BLOCK_4_GP_11,SOUTH_24_PARGANAS_BLOCK_4,South 24 Parganas,21.67423973,88.18298977
109974,WB_109974,SOUTH_24_PARGANAS_BLOCK_5_GP_1,SOUTH_24_PARGANAS_BLOCK_5,South 24 Parganas,21.70596569,88.20785109
109975,WB_109975,SOUTH_24_PARGANAS_BLOCK_5_GP_2,SOUTH_24_PARGANAS_BLOCK_5,South 24 Parganas,21.70729328,88.20082321
109976,WB_109976,SOUTH_24_PARGANAS_BLOCK_5_GP_3,SOUTH_24_PARGANAS_BLOCK_5,South 24 Parganas,21.69936073,88.20746309
109977,WB_109977,SOUTH_24_PARGANAS_BLOCK_5_GP_4,SOUTH_24_PARGANAS_BLOCK_5,South 24 Parganas,21.71207373,88.20781887
109978,WB_109978,SOUTH_24_PARGANAS_BLOCK_5_GP_5,SOUTH_24_PARGANAS_BLOCK_5,South 24 Parganas,21.70142925,88.19767376
109979,WB_109979,SOUTH_24_PARGANAS_BLOCK_5_GP_6,SOUTH_24_PARGANAS_BLOCK_5,South 24 Parganas,21.70262395,88.21408058
109980,WB_109980,SOUTH_24_PARGANAS_BLOCK_5_GP_7,SOUTH_24_PARGANAS_BLOCK_5,South 24 Parganas,21.71375686,88.19990301
109981,WB_109981,SOUTH_24_PARGANAS_BLOCK_5_GP_8,SOUTH_24_PARGANAS_BLOCK_5,South 24 Parganas,21.69454957,88.20311729
109982,WB_109982,SOUTH_24_PARGANAS_BLOCK_5_GP_9,SOUTH_24_PARGANAS_BLOCK_5,South 24 Parganas,21.71203336,88.21442471
109983,WB_109983,SOUTH_24_PARGANAS_BLOCK_5_GP_10,SOUTH_24_PARGANAS_BLOCK_5,South 24 Parganas,21.70643129,88.19306036
109984,WB_109984,SOUTH_24_PARGANAS_BLOCK_5_GP_11,SOUTH_24_PARGANAS_BLOCK_5,South 24 Parganas,21.69559511,88.21366777
109985,WB_109985,SOUTH_24_PARGANAS_BLOCK_6_GP_1,SOUTH_24_PARGANAS_BLOCK_6,South 24 Parganas,21.73736127,88.24124971
109986,WB_109986,SOUTH_24_PARGANAS_BLOCK_6_GP_2,SOUTH_24_PARGANAS_BLOCK_6,South 24 Parganas,21.74445044,88.24030252
109987,WB_109987,SOUTH_24_PARGANAS_BLOCK_6_GP_3,SOUTH_24_PARGANAS_BLOCK_6,South 24 Parganas,21.73565489,88.2348572
109988,WB_109988,SOUTH_24_PARGANAS_BLOCK_6_GP_4,SOUTH_24_PARGANAS_BLOCK_6,South 24 Parganas,21.7393105,88.24703847
109989,WB_109989,SOUTH_24_PARGANAS_BLOCK_6_GP_5,SOUTH_24_PARGANAS_BLOCK_6,South 24 Parganas,21.74559847,88.23374601
109990,WB_109990,SOUTH_24_PARGANAS_BLOCK_6_GP_6,SOUTH_24_PARGANAS_BLOCK_6,South 24 Parganas,21.73039738,88.24003392
109991,WB_109991,SOUTH_24_PARGANAS_BLOCK_6_GP_7,SOUTH_24_PARGANAS_BLOCK_6,South 24 Parganas,21.74735439,88.24614989
109992,WB_109992,SOUTH_24_PARGANAS_BLOCK_6_GP_8,SOUTH_24_PARGANAS_BLOCK_6,South 24 Parganas,21.73826944,88.22892446
109993,WB_109993,SOUTH_24_PARGANAS_BLOCK_6_GP_9,SOUTH_24_PARGANAS_BLOCK_6,South 24 Parganas,21.73302635,88.24907516
109994,WB_109994,SOUTH_24_PARGANAS_BLOCK_6_GP_10,SOUTH_24_PARGANAS_BLOCK_6,South 24 Parganas,21.7515496,88.23704571
109995,WB_109995,SOUTH_24_PARGANAS_BLOCK_6_GP_11,SOUTH_24_PARGANAS_BLOCK_6,South 24 Parganas,21.72858141,88.23323118
109996,WB_109996,SOUTH_24_PARGANAS_BLOCK_7_GP_1,SOUTH_24_PARGANAS_BLOCK_7,South 24 Parganas,21.77593582,88.27627619
109997,WB_109997,SOUTH_24_PARGANAS_BLOCK_7_GP_2,SOUTH_24_PARGANAS_BLOCK_7,South 24 Parganas,21.77434347,88.26930353
109998,WB_109998,SOUTH_24_PARGANAS_BLOCK_7_GP_3,SOUTH_24_PARGANAS_BLOCK_7,South 24 Parganas,21.76972641,88.27856075
109999,WB_109999,SOUTH_24_PARGANAS_BLOCK_7_GP_4,SOUTH_24_PARGANAS_BLOCK_7,South 24 Parganas,21.78152177,88.27380508
110000,WB_110000,SOUTH_24_PARGANAS_BLOCK_7_GP_5,SOUTH_24_PARGANAS_BLOCK_7,South 24 Parganas,21.76770937,88.26876069
110001,WB_110001,SOUTH_24_PARGANAS_BLOCK_7_GP_6,SOUTH_24_PARGANAS_BLOCK_7,South 24 Parganas,21.77536281,88.28332215
110002,WB_110002,SOUTH_24_PARGANAS_BLOCK_7_GP_7,SOUTH_24_PARGANAS_BLOCK_7,South 24 Parganas,21.77990036,88.26587635
110003,WB_110003,SOUTH_24_PARGANAS_BLOCK_7_GP_8,SOUTH_24_PARGANAS_BLOCK_7,South 24 Parganas,21.76357919,88.27650043
110004,WB_110004,SOUTH_24_PARGANAS_BLOCK_7_GP_9,SOUTH_24_PARGANAS_BLOCK_7,South 24 Parganas,21.78412534,88.27987633
110005,WB_110005,SOUTH_24_PARGANAS_BLOCK_7_GP_10,SOUTH_24_PARGANAS_BLOCK_7,South 24 Parganas,21.77045028,88.26253242
110006,WB_110006,SOUTH_24_PARGANAS_BLOCK_7_GP_11,SOUTH_24_PARGANAS_BLOCK_7,South 24 Parganas,21.76875493,88.2857534
110007,WB_110007,SOUTH_24_PARGANAS_BLOCK_8_GP_1,SOUTH_24_PARGANAS_BLOCK_8,South 24 Parganas,21.80583482,88.30841212
110008,WB_110008,SOUTH_24_PARGANAS_BLOCK_8_GP_2,SOUTH_24_PARGANAS_BLOCK_8,South 24 Parganas,21.81193466,88.31214649
110009,WB_110009,SOUTH_24_PARGANAS_BLOCK_8_GP_3,SOUTH_24_PARGANAS_BLOCK_8,South 24 Parganas,21.80854068,88.30237438
110010,WB_110010,SOUTH_24_PARGANAS_BLOCK_8_GP_4,SOUTH_24_PARGANAS_BLOCK_8,South 24 Parganas,21.80369813,88.31413434
110011,WB_110011,SOUTH_24_PARGANAS_BLOCK_8_GP_5,SOUTH_24_PARGANAS_BLOCK_8,South 24 Parganas,21.81695952,88.3077811
110012,WB_110012,SOUTH_24_PARGANAS_BLOCK_8_GP_6,SOUTH_24_PARGANAS_BLOCK_8,South 24 Parganas,21.80119595,88.30307782
110013,WB_110013,SOUTH_24_PARGANAS_BLOCK_8_GP_7,SOUTH_24_PARGANAS_BLOCK_8,South 24 Parganas,21.81050208,88.31851613
110014,WB_110014,SOUTH_24_PARGANAS_BLOCK_8_GP_8,SOUTH_24_PARGANAS_BLOCK_8,South 24 Parganas,21.81431058,88.29941778
110015,WB_110015,SOUTH_24_PARGANAS_BLOCK_8_GP_9,SOUTH_24_PARGANAS_BLOCK_8,South 24 Parganas,21.79753624,88.3117532
110016,WB_110016,SOUTH_24_PARGANAS_BLOCK_8_GP_10,SOUTH_24_PARGANAS_BLOCK_8,South 24 Parganas,21.81949842,88.31409441
110017,WB_110017,SOUTH_24_PARGANAS_BLOCK_8_GP_11,SOUTH_24_PARGANAS_BLOCK_8,South 24 Parganas,21.80407538,88.29665257
110018,WB_110018,SOUTH_24_PARGANAS_BLOCK_9_GP_1,SOUTH_24_PARGANAS_BLOCK_9,South 24 Parganas,21.84491419,88.34097606
110019,WB_110019,SOUTH_24_PARGANAS_BLOCK_9_GP_2,SOUTH_24_PARGANAS_BLOCK_9,South 24 Parganas,21.83830183,88.34370193
110020,WB_110020,SOUTH_24_PARGANAS_BLOCK_9_GP_3,SOUTH_24_PARGANAS_BLOCK_9,South 24 Parganas,21.8481962,88.346721
110021,WB_110021,SOUTH_24_PARGANAS_BLOCK_9_GP_4,SOUTH_24_PARGANAS_BLOCK_9,South 24 Parganas,21.84155152,88.33587687
110022,WB_110022,SOUTH_24_PARGANAS_BLOCK_9_GP_5,SOUTH_24_PARGANAS_BLOCK_9,South 24 Parganas,21.83886593,88.35033425
110023,WB_110023,SOUTH_24_PARGANAS_BLOCK_9_GP_6,SOUTH_24_PARGANAS_BLOCK_9,South 24 Parganas,21.85195768,88.34037347
110024,WB_110024,SOUTH_24_PARGANAS_BLOCK_9_GP_7,SOUTH_24_PARGANAS_BLOCK_9,South 24 Parganas,21.83400114,88.33878984
110025,WB_110025,SOUTH_24_PARGANAS_BLOCK_9_GP_8,SOUTH_24_PARGANAS_BLOCK_9,South 24 Parganas,21.84718311,88.35312466
110026,WB_110026,SOUTH_24_PARGANAS_BLOCK_9_GP_9,SOUTH_24_PARGANAS_BLOCK_9,South 24 Parganas,21.84710736,88.33230316
110027,WB_110027,SOUTH_24_PARGANAS_BLOCK_9_GP_10,SOUTH_24_PARGANAS_BLOCK_9,South 24 Parganas,21.83226954,88.34866341
110028,WB_110028,SOUTH_24_PARGANAS_BLOCK_9_GP_11,SOUTH_24_PARGANAS_BLOCK_9,South 24 Parganas,21.85545039,88.34648706
110029,WB_110029,SOUTH_24_PARGANAS_BLOCK_10_GP_1,SOUTH_24_PARGANAS_BLOCK_10,South 24 Parganas,21.87948279,88.37553498
110030,WB_110030,SOUTH_24_PARGANAS_BLOCK_10_GP_2,SOUTH_24_PARGANAS_BLOCK_10,South 24 Parganas,21.87276406,88.37798699
110031,WB_110031,SOUTH_24_PARGANAS_BLOCK_10_GP_3,SOUTH_24_PARGANAS_BLOCK_10,South 24 Parganas,21.8825261,88.38140985
110032,WB_110032,SOUTH_24_PARGANAS_BLOCK_10_GP_4,SOUTH_24_PARGANAS_BLOCK_10,South 24 Parganas,21.87633237,88.37030199
110033,WB_110033,SOUTH_24_PARGANAS_BLOCK_10_GP_5,SOUTH_24_PARGANAS_BLOCK_10,South 24 Parganas,21.87305531,88.38463688
110034,WB_110034,SOUTH_24_PARGANAS_BLOCK_10_GP_6,SOUTH_24_PARGANAS_BLOCK_10,South 24 Parganas,21.88654508,88.37522215
110035,WB_110035,SOUTH_24_PARGANAS_BLOCK_10_GP_7,SOUTH_24_PARGANAS_BLOCK_10,South 24 Parganas,21.86866872,88.37290243
110036,WB_110036,SOUTH_24_PARGANAS_BLOCK_10_GP_8,SOUTH_24_PARGANAS_BLOCK_10,South 24 Parganas,21.88125089,88.38776651
110037,WB_110037,SOUTH_24_PARGANAS_BLOCK_10_GP_9,SOUTH_24_PARGANAS_BLOCK_10,South 24 Parganas,21.88203028,88.36695946
110038,WB_110038,SOUTH_24_PARGANAS_BLOCK_10_GP_10,SOUTH_24_PARGANAS_BLOCK_10,South 24 Parganas,21.86653311,88.38269656
110039,WB_110039,SOUTH_24_PARGANAS_BLOCK_10_GP_11,SOUTH_24_PARGANAS_BLOCK_10,South 24 Parganas,21.88978378,88.38147402
110040,WB_110040,SOUTH_24_PARGANAS_BLOCK_11_GP_1,SOUTH_24_PARGANAS_BLOCK_11,South 24 Parganas,21.91416735,88.41022469
110041,WB_110041,SOUTH_24_PARGANAS_BLOCK_11_GP_2,SOUTH_24_PARGANAS_BLOCK_11,South 24 Parganas,21.90723122,88.41196933
110042,WB_110042,SOUTH_24_PARGANAS_BLOCK_11_GP_3,SOUTH_24_PARGANAS_BLOCK_11,South 24 Parganas,21.91658731,88.41638259
110043,WB_110043,SOUTH_24_PARGANAS_BLOCK_11_GP_4,SOUTH_24_PARGANAS_BLOCK_11,South 24 Parganas,21.91157453,88.40469418
110044,WB_110044,SOUTH_24_PARGANAS_BLOCK_11_GP_5,SOUTH_24_PARGANAS_BLOCK_11,South 24 Parganas,21.90683376,88.41861371
110045,WB_110045,SOUTH_24_PARGANAS_BLOCK_11_GP_6,SOUTH_24_PARGANAS_BLOCK_11,South 24 Parganas,21.92122416,88.4106433
110046,WB_110046,SOUTH_24_PARGANAS_BLOCK_11_GP_7,SOUTH_24_PARGANAS_BLOCK_11,South 24 Parganas,21.9036832,88.4064888
110047,WB_110047,SOUTH_24_PARGANAS_BLOCK_11_GP_8,SOUTH_24_PARGANAS_BLOCK_11,South 24 Parganas,21.91466208,88.42257345
110048,WB_110048,SOUTH_24_PARGANAS_BLOCK_11_GP_9,SOUTH_24_PARGANAS_BLOCK_11,South 24 Parganas,21.91758732,88.40195831
110049,WB_110049,SOUTH_24_PARGANAS_BLOCK_11_GP_10,SOUTH_24_PARGANAS_BLOCK_11,South 24 Parganas,21.90054697,88.41600983
110050,WB_110050,SOUTH_24_PARGANAS_BLOCK_11_GP_11,SOUTH_24_PARGANAS_BLOCK_11,South 24 Parganas,21.92379951,88.41719636
110051,WB_110051,SOUTH_24_PARGANAS_BLOCK_12_GP_1,SOUTH_24_PARGANAS_BLOCK_12,South 24 Parganas,21.94448971,88.44466688
110052,WB_110052,SOUTH_24_PARGANAS_BLOCK_12_GP_2,SOUTH_24_PARGANAS_BLOCK_12,South 24 Parganas,21.94698001,88.4513715
110053,WB_110053,SOUTH_24_PARGANAS_BLOCK_12_GP_3,SOUTH_24_PARGANAS_BLOCK_12,South 24 Parganas,21.95034713,88.4415901
110054,WB_110054,SOUTH_24_PARGANAS_BLOCK_12_GP_4,SOUTH_24_PARGANAS_BLOCK_12,South 24 Parganas,21.93927478,88.4478471
110055,WB_110055,SOUTH_24_PARGANAS_BLOCK_12_GP_5,SOUTH_24_PARGANAS_BLOCK_12,South 24 Parganas,21.95362813,88.45104233
110056,WB_110056,SOUTH_24_PARGANAS_BLOCK_12_GP_6,SOUTH_24_PARGANAS_BLOCK_12,South 24 Parganas,21.9441366,88.43760648
110057,WB_110057,SOUTH_24_PARGANAS_BLOCK_12_GP_7,SOUTH_24_PARGANAS_BLOCK_12,South 24 Parganas,21.94191889,88.45549578
110058,WB_110058,SOUTH_24_PARGANAS_BLOCK_12_GP_8,SOUTH_24_PARGANAS_BLOCK_12,South 24 Parganas,21.95671096,88.44282903
110059,WB_110059,SOUTH_24_PARGANAS_BLOCK_12_GP_9,SOUTH_24_PARGANAS_BLOCK_12,South 24 Parganas,21.9358998,88.44216835
110060,WB_110060,SOUTH_24_PARGANAS_BLOCK_12_GP_10,SOUTH_24_PARGANAS_BLOCK_12,South 24 Parganas,21.95172505,88.45757549
110061,WB_110061,SOUTH_24_PARGANAS_BLOCK_12_GP_11,SOUTH_24_PARGANAS_BLOCK_12,South 24 Parganas,21.95036989,88.43433217
110062,WB_110062,SOUTH_24_PARGANAS_BLOCK_13_GP_1,SOUTH_24_PARGANAS_BLOCK_13,South 24 Parganas,21.98034536,88.47832715
110063,WB_110063,SOUTH_24_PARGANAS_BLOCK_13_GP_2,SOUTH_24_PARGANAS_BLOCK_13,South 24 Parganas,21.97874706,88.48529845
110064,WB_110064,SOUTH_24_PARGANAS_BLOCK_13_GP_3,SOUTH_24_PARGANAS_BLOCK_13,South 24 Parganas,21.98693038,88.47897021
110065,WB_110065,SOUTH_24_PARGANAS_BLOCK_13_GP_4,SOUTH_24_PARGANAS_BLOCK_13,South 24 Parganas,21.97424064,88.4781232
110066,WB_110066,SOUTH_24_PARGANAS_BLOCK_13_GP_5,SOUTH_24_PARGANAS_BLOCK_13,South 24 Parganas,21.98448495,88.48867224
110067,WB_110067,SOUTH_24_PARGANAS_BLOCK_13_GP_6,SOUTH_24_PARGANAS_BLOCK_13,South 24 Parganas,21.98392543,88.4722315
110068,WB_110068,SOUTH_24_PARGANAS_BLOCK_13_GP_7,SOUTH_24_PARGANAS_BLOCK_13,South 24 Parganas,21.97225274,88.48596807
110069,WB_110069,SOUTH_24_PARGANAS_BLOCK_13_GP_8,SOUTH_24_PARGANAS_BLOCK_13,South 24 Parganas,21.99156994,88.48349875
110070,WB_110070,SOUTH_24_PARGANAS_BLOCK_13_GP_9,SOUTH_24_PARGANAS_BLOCK_13,South 24 Parganas,21.97453636,88.47152386
110071,WB_110071,SOUTH_24_PARGANAS_BLOCK_13_GP_10,SOUTH_24_PARGANAS_BLOCK_13,South 24 Parganas,21.97930829,88.49308881
110072,WB_110072,SOUTH_24_PARGANAS_BLOCK_13_GP_11,SOUTH_24_PARGANAS_BLOCK_13,South 24 Parganas,21.99093306,88.47291574
110073,WB_110073,SOUTH_24_PARGANAS_BLOCK_14_GP_1,SOUTH_24_PARGANAS_BLOCK_14,South 24 Parganas,22.01313219,88.51697191
110074,WB_110074,SOUTH_24_PARGANAS_BLOCK_14_GP_2,SOUTH_24_PARGANAS_BLOCK_14,South 24 Parganas,22.02026528,88.51644987
110075,WB_110075,SOUTH_24_PARGANAS_BLOCK_14_GP_3,SOUTH_24_PARGANAS_BLOCK_14,South 24 Parganas,22.0118107,88.51048889
110076,WB_110076,SOUTH_24_PARGANAS_BLOCK_14_GP_4,SOUTH_24_PARGANAS_BLOCK_14,South 24 Parganas,22.01473216,88.52286677
110077,WB_110077,SOUTH_24_PARGANAS_BLOCK_14_GP_5,SOUTH_24_PARGANAS_BLOCK_14,South 24 Parganas,22.0218029,88.50997364
110078,WB_110078,SOUTH_24_PARGANAS_BLOCK_14_GP_6,SOUTH_24_PARGANAS_BLOCK_14,South 24 Parganas,22.00625336,88.51534232
110079,WB_110079,SOUTH_24_PARGANAS_BLOCK_14_GP_7,SOUTH_24_PARGANAS_BLOCK_14,South 24 Parganas,22.02281477,88.52246026
110080,WB_110080,SOUTH_24_PARGANAS_BLOCK_14_GP_8,SOUTH_24_PARGANAS_BLOCK_14,South 24 Parganas,22.01477496,88.50472292
110081,WB_110081,SOUTH_24_PARGANAS_BLOCK_14_GP_9,SOUTH_24_PARGANAS_BLOCK_14,South 24 Parganas,22.00833757,88.52452446
110082,WB_110082,SOUTH_24_PARGANAS_BLOCK_14_GP_10,SOUTH_24_PARGANAS_BLOCK_14,South 24 Parganas,22.0275463,88.51362293
110083,WB_110083,SOUTH_24_PARGANAS_BLOCK_14_GP_11,SOUTH_24_PARGANAS_BLOCK_14,South 24 Parganas,22.00484698,88.50844326
110084,WB_110084,SOUTH_24_PARGANAS_BLOCK_15_GP_1,SOUTH_24_PARGANAS_BLOCK_15,South 24 Parganas,22.05243695,88.54863405
110085,WB_110085,SOUTH_24_PARGANAS_BLOCK_15_GP_2,SOUTH_24_PARGANAS_BLOCK_15,South 24 Parganas,22.04528948,88.54889334
110086,WB_110086,SOUTH_24_PARGANAS_BLOCK_15_GP_3,SOUTH_24_PARGANAS_BLOCK_15,South 24 Parganas,22.05351906,88.5551613
110087,WB_110087,SOUTH_24_PARGANAS_BLOCK_15_GP_4,SOUTH_24_PARGANAS_BLOCK_15,South 24 Parganas,22.05105491,88.54268433
110088,WB_110088,SOUTH_24_PARGANAS_BLOCK_15_GP_5,SOUTH_24_PARGANAS_BLOCK_15,South 24 Parganas,22.04351467,88.55530863
110089,WB_110089,SOUTH_24_PARGANAS_BLOCK_15_GP_6,SOUTH_24_PARGANAS_BLOCK_15,South 24 Parganas,22.05925118,88.55051559
110090,WB_110090,SOUTH_24_PARGANAS_BLOCK_15_GP_7,SOUTH_24_PARGANAS_BLOCK_15,South 24 Parganas,22.04296282,88.54279324
110091,WB_110091,SOUTH_24_PARGANAS_BLOCK_15_GP_8,SOUTH_24_PARGANAS_BLOCK_15,South 24 Parganas,22.0503447,88.56081432
110092,WB_110092,SOUTH_24_PARGANAS_BLOCK_15_GP_9,SOUTH_24_PARGANAS_BLOCK_15,South 24 Parganas,22.05750615,88.541263
110093,WB_110093,SOUTH_24_PARGANAS_BLOCK_15_GP_10,SOUTH_24_PARGANAS_BLOCK_15,South 24 Parganas,22.0379094,88.55145053
110094,WB_110094,SOUTH_24_PARGANAS_BLOCK_15_GP_11,SOUTH_24_PARGANAS_BLOCK_15,South 24 Parganas,22.06040281,88.55746172
110095,WB_110095,SOUTH_24_PARGANAS_BLOCK_16_GP_1,SOUTH_24_PARGANAS_BLOCK_16,South 24 Parganas,22.08512829,88.58720082
110096,WB_110096,SOUTH_24_PARGANAS_BLOCK_16_GP_2,SOUTH_24_PARGANAS_BLOCK_16,South 24 Parganas,22.0868384,88.5802561
110097,WB_110097,SOUTH_24_PARGANAS_BLOCK_16_GP_3,SOUTH_24_PARGANAS_BLOCK_16,South 24 Parganas,22.07855445,88.58645203
110098,WB_110098,SOUTH_24_PARGANAS_BLOCK_16_GP_4,SOUTH_24_PARGANAS_BLOCK_16,South 24 Parganas,22.09122895,88.58750284
110099,WB_110099,SOUTH_24_PARGANAS_BLOCK_16_GP_5,SOUTH_24_PARGANAS_BLOCK_16,South 24 Parganas,22.08115547,88.57679054
110100,WB_110100,SOUTH_24_PARGANAS_BLOCK_16_GP_6,SOUTH_24_PARGANAS_BLOCK_16,South 24 Parganas,22.08145072,88.59323815
110101,WB_110101,SOUTH_24_PARGANAS_BLOCK_16_GP_7,SOUTH_24_PARGANAS_BLOCK_16,South 24 Parganas,22.09334265,88.57969093
110102,WB_110102,SOUTH_24_PARGANAS_BLOCK_16_GP_8,SOUTH_24_PARGANAS_BLOCK_16,South 24 Parganas,22.07398826,88.58184951
110103,WB_110103,SOUTH_24_PARGANAS_BLOCK_16_GP_9,SOUTH_24_PARGANAS_BLOCK_16,South 24 Parganas,22.09082722,88.59409657
110104,WB_110104,SOUTH_24_PARGANAS_BLOCK_16_GP_10,SOUTH_24_PARGANAS_BLOCK_16,South 24 Parganas,22.08640244,88.57245772
110105,WB_110105,SOUTH_24_PARGANAS_BLOCK_16_GP_11,SOUTH_24_PARGANAS_BLOCK_16,South 24 Parganas,22.07445499,88.59244139
110106,WB_110106,SOUTH_24_PARGANAS_BLOCK_17_GP_1,SOUTH_24_PARGANAS_BLOCK_17,South 24 Parganas,22.12157292,88.61996851
110107,WB_110107,SOUTH_24_PARGANAS_BLOCK_17_GP_2,SOUTH_24_PARGANAS_BLOCK_17,South 24 Parganas,22.11680893,88.61463391
110108,WB_110108,SOUTH_24_PARGANAS_BLOCK_17_GP_3,SOUTH_24_PARGANAS_BLOCK_17,South 24 Parganas,22.11724107,88.62496961
110109,WB_110109,SOUTH_24_PARGANAS_BLOCK_17_GP_4,SOUTH_24_PARGANAS_BLOCK_17,South 24 Parganas,22.12526882,88.61510542
110110,WB_110110,SOUTH_24_PARGANAS_BLOCK_17_GP_5,SOUTH_24_PARGANAS_BLOCK_17,South 24 Parganas,22.11073876,88.61736502
110111,WB_110111,SOUTH_24_PARGANAS_BLOCK_17_GP_6,SOUTH_24_PARGANAS_BLOCK_17,South 24 Parganas,22.12447668,88.62641382
110112,WB_110112,SOUTH_24_PARGANAS_BLOCK_17_GP_7,SOUTH_24_PARGANAS_BLOCK_17,South 24 Parganas,22.1200173,88.60894788
110113,WB_110113,SOUTH_24_PARGANAS_BLOCK_17_GP_8,SOUTH_24_PARGANAS_BLOCK_17,South 24 Parganas,22.11086372,88.62613693
110114,WB_110114,SOUTH_24_PARGANAS_BLOCK_17_GP_9,SOUTH_24_PARGANAS_BLOCK_17,South 24 Parganas,22.13048241,88.61916215
110115,WB_110115,SOUTH_24_PARGANAS_BLOCK_17_GP_10,SOUTH_24_PARGANAS_BLOCK_17,South 24 Parganas,22.11012809,88.61058778
110116,WB_110116,SOUTH_24_PARGANAS_BLOCK_17_GP_11,SOUTH_24_PARGANAS_BLOCK_17,South 24 Parganas,22.11986688,88.63173593
110117,WB_110117,SOUTH_24_PARGANAS_BLOCK_18_GP_1,SOUTH_24_PARGANAS_BLOCK_18,South 24 Parganas,22.15459581,88.65599538
110118,WB_110118,SOUTH_24_PARGANAS_BLOCK_18_GP_2,SOUTH_24_PARGANAS_BLOCK_18,South 24 Parganas,22.15496276,88.64885262
110119,WB_110119,SOUTH_24_PARGANAS_BLOCK_18_GP_3,SOUTH_24_PARGANAS_BLOCK_18,South 24 Parganas,22.14799892,88.65650234
110120,WB_110120,SOUTH_24_PARGANAS_BLOCK_18_GP_4,SOUTH_24_PARGANAS_BLOCK_18,South 24 Parganas,22.16064362,88.65513911
110121,WB_110121,SOUTH_24_PARGANAS_BLOCK_18_GP_5,SOUTH_24_PARGANAS_BLOCK_18,South 24 Parganas,22.14872733,88.64652341
110122,WB_110122,SOUTH_24_PARGANAS_BLOCK_18_GP_6,SOUTH_24_PARGANAS_BLOCK_18,South 24 Parganas,22.15212539,88.66261889
110123,WB_110123,SOUTH_24_PARGANAS_BLOCK_18_GP_7,SOUTH_24_PARGANAS_BLOCK_18,South 24 Parganas,22.16124301,88.64706851
110124,WB_110124,SOUTH_24_PARGANAS_BLOCK_18_GP_8,SOUTH_24_PARGANAS_BLOCK_18,South 24 Parganas,22.14264526,88.65284563
110125,WB_110125,SOUTH_24_PARGANAS_BLOCK_18_GP_9,SOUTH_24_PARGANAS_BLOCK_18,South 24 Parganas,22.16149516,88.66168995
110126,WB_110126,SOUTH_24_PARGANAS_BLOCK_18_GP_10,SOUTH_24_PARGANAS_BLOCK_18,South 24 Parganas,22.15306098,88.64127713
110127,WB_110127,SOUTH_24_PARGANAS_BLOCK_18_GP_11,SOUTH_24_PARGANAS_BLOCK_18,South 24 Parganas,22.14510514,88.66315847
110128,WB_110128,SOUTH_24_PARGANAS_BLOCK_19_GP_1,SOUTH_24_PARGANAS_BLOCK_19,South 24 Parganas,22.18857091,88.69065043
110129,WB_110129,SOUTH_24_PARGANAS_BLOCK_19_GP_2,SOUTH_24_PARGANAS_BLOCK_19,South 24 Parganas,22.19029545,88.68370928
110130,WB_110130,SOUTH_24_PARGANAS_BLOCK_19_GP_3,SOUTH_24_PARGANAS_BLOCK_19,South 24 Parganas,22.18199865,88.68988799
110131,WB_110131,SOUTH_24_PARGANAS_BLOCK_19_GP_4,SOUTH_24_PARGANAS_BLOCK_19,South 24 Parganas,22.19467093,88.69096512
110132,WB_110132,SOUTH_24_PARGANAS_BLOCK_19_GP_5,SOUTH_24_PARGANAS_BLOCK_19,South 24 Parganas,22.18461973,88.68023192
110133,WB_110133,SOUTH_24_PARGANAS_BLOCK_19_GP_6,SOUTH_24_PARGANAS_BLOCK_19,South 24 Parganas,22.18488082,88.69668011
110134,WB_110134,SOUTH_24_PARGANAS_BLOCK_19_GP_7,SOUTH_24_PARGANAS_BLOCK_19,South 24 Parganas,22.19680086,88.68315761
110135,WB_110135,SOUTH_24_PARGANAS_BLOCK_19_GP_8,SOUTH_24_PARGANAS_BLOCK_19,South 24 Parganas,22.17744203,88.685276
110136,WB_110136,SOUTH_24_PARGANAS_BLOCK_19_GP_9,SOUTH_24_PARGANAS_BLOCK_19,South 24 Parganas,22.19425551,88.697558
110137,WB_110137,SOUTH_24_PARGANAS_BLOCK_19_GP_10,SOUTH_24_PARGANAS_BLOCK_19,South 24 Parganas,22.18987568,88.67591001
110138,WB_110138,SOUTH_24_PARGANAS_BLOCK_19_GP_11,SOUTH_24_PARGANAS_BLOCK_19,South 24 Parganas,22.17788676,88.69586882
110139,WB_110139,SOUTH_24_PARGANAS_BLOCK_20_GP_1,SOUTH_24_PARGANAS_BLOCK_20,South 24 Parganas,22.21994794,88.72372686
110140,WB_110140,SOUTH_24_PARGANAS_BLOCK_20_GP_2,SOUTH_24_PARGANAS_BLOCK_20,South 24 Parganas,22.22709935,88.72362179
110141,WB_110141,SOUTH_24_PARGANAS_BLOCK_20_GP_3,SOUTH_24_PARGANAS_BLOCK_20,South 24 Parganas,22.21900687,88.71717779
110142,WB_110142,SOUTH_24_PARGANAS_BLOCK_20_GP_4,SOUTH_24_PARGANAS_BLOCK_20,South 24 Parganas,22.22120134,88.72970501
110143,WB_110143,SOUTH_24_PARGANAS_BLOCK_20_GP_5,SOUTH_24_PARGANAS_BLOCK_20,South 24 Parganas,22.22901212,88.71724628
110144,WB_110144,SOUTH_24_PARGANAS_BLOCK_20_GP_6,SOUTH_24_PARGANAS_BLOCK_20,South 24 Parganas,22.21317588,88.72169879
110145,WB_110145,SOUTH_24_PARGANAS_BLOCK_20_GP_7,SOUTH_24_PARGANAS_BLOCK_20,South 24 Parganas,22.22929389,88.72977066
110146,WB_110146,SOUTH_24_PARGANAS_BLOCK_20_GP_8,SOUTH_24_PARGANAS_BLOCK_20,South 24 Parganas,22.22230243,88.71159455
110147,WB_110147,SOUTH_24_PARGANAS_BLOCK_20_GP_9,SOUTH_24_PARGANAS_BLOCK_20,South 24 Parganas,22.21472094,88.73098687
110148,WB_110148,SOUTH_24_PARGANAS_BLOCK_20_GP_10,SOUTH_24_PARGANAS_BLOCK_20,South 24 Parganas,22.23453287,88.72122438
110149,WB_110149,SOUTH_24_PARGANAS_BLOCK_20_GP_11,SOUTH_24_PARGANAS_BLOCK_20,South 24 Parganas,22.21217434,88.71472944
110150,WB_110150,SOUTH_24_PARGANAS_BLOCK_21_GP_1,SOUTH_24_PARGANAS_BLOCK_21,South 24 Parganas,22.25862688,88.75908985
110151,WB_110151,SOUTH_24_PARGANAS_BLOCK_21_GP_2,SOUTH_24_PARGANAS_BLOCK_21,South 24 Parganas,22.25725277,88.75207091
110152,WB_110152,SOUTH_24_PARGANAS_BLOCK_21_GP_3,SOUTH_24_PARGANAS_BLOCK_21,South 24 Parganas,22.25234923,88.76117962
110153,WB_110153,SOUTH_24_PARGANAS_BLOCK_21_GP_4,SOUTH_24_PARGANAS_BLOCK_21,South 24 Parganas,22.26428718,88.75679416
110154,WB_110154,SOUTH_24_PARGANAS_BLOCK_21_GP_5,SOUTH_24_PARGANAS_BLOCK_21,South 24 Parganas,22.25063884,88.75132142
110155,WB_110155,SOUTH_24_PARGANAS_BLOCK_21_GP_6,SOUTH_24_PARGANAS_BLOCK_21,South 24 Parganas,22.25783438,88.7661145
110156,WB_110156,SOUTH_24_PARGANAS_BLOCK_21_GP_7,SOUTH_24_PARGANAS_BLOCK_21,South 24 Parganas,22.26291385,88.74881872
110157,WB_110157,SOUTH_24_PARGANAS_BLOCK_21_GP_8,SOUTH_24_PARGANAS_BLOCK_21,South 24 Parganas,22.24626926,88.75892858
110158,WB_110158,SOUTH_24_PARGANAS_BLOCK_21_GP_9,SOUTH_24_PARGANAS_BLOCK_21,South 24 Parganas,22.26670012,88.76294367
110159,WB_110159,SOUTH_24_PARGANAS_BLOCK_21_GP_10,SOUTH_24_PARGANAS_BLOCK_21,South 24 Parganas,22.25357267,88.74518167
110160,WB_110160,SOUTH_24_PARGANAS_BLOCK_21_GP_11,SOUTH_24_PARGANAS_BLOCK_21,South 24 Parganas,22.25115389,88.76833848
110161,WB_110161,SOUTH_24_PARGANAS_BLOCK_22_GP_1,SOUTH_24_PARGANAS_BLOCK_22,South 24 Parganas,22.29415884,88.79165997
110162,WB_110162,SOUTH_24_PARGANAS_BLOCK_22_GP_2,SOUTH_24_PARGANAS_BLOCK_22,South 24 Parganas,22.28815777,88.78776885
110163,WB_110163,SOUTH_24_PARGANAS_BLOCK_22_GP_3,SOUTH_24_PARGANAS_BLOCK_22,South 24 Parganas,22.2912975,88.7976256
110164,WB_110164,SOUTH_24_PARGANAS_BLOCK_22_GP_4,SOUTH_24_PARGANAS_BLOCK_22,South 24 Parganas,22.29644304,88.78599502
110165,WB_110165,SOUTH_24_PARGANAS_BLOCK_22_GP_5,SOUTH_24_PARGANAS_BLOCK_22,South 24 Parganas,22.28302153,88.79200263
110166,WB_110166,SOUTH_24_PARGANAS_BLOCK_22_GP_6,SOUTH_24_PARGANAS_BLOCK_22,South 24 Parganas,22.29865799,88.79711264
110167,WB_110167,SOUTH_24_PARGANAS_BLOCK_22_GP_7,SOUTH_24_PARGANAS_BLOCK_22,South 24 Parganas,22.28975487,88.78143846
110168,WB_110168,SOUTH_24_PARGANAS_BLOCK_22_GP_8,SOUTH_24_PARGANAS_BLOCK_22,South 24 Parganas,22.28545295,88.80043175
110169,WB_110169,SOUTH_24_PARGANAS_BLOCK_22_GP_9,SOUTH_24_PARGANAS_BLOCK_22,South 24 Parganas,22.30254118,88.78853497
110170,WB_110170,SOUTH_24_PARGANAS_BLOCK_22_GP_10,SOUTH_24_PARGANAS_BLOCK_22,South 24 Parganas,22.28064701,88.78562566
110171,WB_110171,SOUTH_24_PARGANAS_BLOCK_22_GP_11,SOUTH_24_PARGANAS_BLOCK_22,South 24 Parganas,22.29561309,88.80346115
110172,WB_110172,SOUTH_24_PARGANAS_BLOCK_23_GP_1,SOUTH_24_PARGANAS_BLOCK_23,South 24 Parganas,22.32342397,88.82748708
110173,WB_110173,SOUTH_24_PARGANAS_BLOCK_23_GP_2,SOUTH_24_PARGANAS_BLOCK_23,South 24 Parganas,22.33087716,88.82663921
110174,WB_110174,SOUTH_24_PARGANAS_BLOCK_23_GP_3,SOUTH_24_PARGANAS_BLOCK_23,South 24 Parganas,22.32176572,88.82074885
110175,WB_110175,SOUTH_24_PARGANAS_BLOCK_23_GP_4,SOUTH_24_PARGANAS_BLOCK_23,South 24 Parganas,22.32534926,88.83359719
110176,WB_110176,SOUTH_24_PARGANAS_BLOCK_23_GP_5,SOUTH_24_PARGANAS_BLOCK_23,South 24 Parganas,22.33221542,88.81978753
110177,WB_110177,SOUTH_24_PARGANAS_BLOCK_23_GP_6,SOUTH_24_PARGANAS_BLOCK_23,South 24 Parganas,22.3161465,88.82606941
110178,WB_110178,SOUTH_24_PARGANAS_BLOCK_23_GP_7,SOUTH_24_PARGANAS_BLOCK_23,South 24 Parganas,22.33380237,88.83283035
110179,WB_110179,SOUTH_24_PARGANAS_BLOCK_23_GP_8,SOUTH_24_PARGANAS_BLOCK_23,South 24 Parganas,22.324629,88.81458134
110180,WB_110180,SOUTH_24_PARGANAS_BLOCK_23_GP_9,SOUTH_24_PARGANAS_BLOCK_23,South 24 Parganas,22.31871788,88.83560403
110181,WB_110181,SOUTH_24_PARGANAS_BLOCK_23_GP_10,SOUTH_24_PARGANAS_BLOCK_23,South 24 Parganas,22.33838817,88.82336965
110182,WB_110182,SOUTH_24_PARGANAS_BLOCK_24_GP_1,SOUTH_24_PARGANAS_BLOCK_24,South 24 Parganas,22.36303536,88.86150503
110183,WB_110183,SOUTH_24_PARGANAS_BLOCK_24_GP_2,SOUTH_24_PARGANAS_BLOCK_24,South 24 Parganas,22.35826601,88.85571519
110184,WB_110184,SOUTH_24_PARGANAS_BLOCK_24_GP_3,SOUTH_24_PARGANAS_BLOCK_24,South 24 Parganas,22.35828643,88.8665648
110185,WB_110185,SOUTH_24_PARGANAS_BLOCK_24_GP_4,SOUTH_24_PARGANAS_BLOCK_24,South 24 Parganas,22.36711203,88.85656328
110186,WB_110186,SOUTH_24_PARGANAS_BLOCK_24_GP_5,SOUTH_24_PARGANAS_BLOCK_24,South 24 Parganas,22.35179037,88.85832334
110187,WB_110187,SOUTH_24_PARGANAS_BLOCK_24_GP_6,SOUTH_24_PARGANAS_BLOCK_24,South 24 Parganas,22.36580874,88.86838105
110188,WB_110188,SOUTH_24_PARGANAS_BLOCK_24_GP_7,SOUTH_24_PARGANAS_BLOCK_24,South 24 Parganas,22.36186621,88.84989061
110189,WB_110189,SOUTH_24_PARGANAS_BLOCK_24_GP_8,SOUTH_24_PARGANAS_BLOCK_24,South 24 Parganas,22.35155429,88.8675213
110190,WB_110190,SOUTH_24_PARGANAS_BLOCK_24_GP_9,SOUTH_24_PARGANAS_BLOCK_24,South 24 Parganas,22.37240601,88.86103277
110191,WB_110191,SOUTH_24_PARGANAS_BLOCK_24_GP_10,SOUTH_24_PARGANAS_BLOCK_24,South 24 Parganas,22.35143396,88.85119541
110192,WB_110192,SOUTH_24_PARGANAS_BLOCK_25_GP_1,SOUTH_24_PARGANAS_BLOCK_25,South 24 Parganas,22.39553129,88.89198333
110193,WB_110193,SOUTH_24_PARGANAS_BLOCK_25_GP_2,SOUTH_24_PARGANAS_BLOCK_25,South 24 Parganas,22.39060111,88.89763684
110194,WB_110194,SOUTH_24_PARGANAS_BLOCK_25_GP_3,SOUTH_24_PARGANAS_BLOCK_25,South 24 Parganas,22.40130076,88.89583906
110195,WB_110195,SOUTH_24_PARGANAS_BLOCK_25_GP_4,SOUTH_24_PARGANAS_BLOCK_25,South 24 Parganas,22.38998838,88.88877142
110196,WB_110196,SOUTH_24_PARGANAS_BLOCK_25_GP_5,SOUTH_24_PARGANAS_BLOCK_25,South 24 Parganas,22.39423501,88.90359765
110197,WB_110197,SOUTH_24_PARGANAS_BLOCK_25_GP_6,SOUTH_24_PARGANAS_BLOCK_25,South 24 Parganas,22.40185998,88.88812083
110198,WB_110198,SOUTH_24_PARGANAS_BLOCK_25_GP_7,SOUTH_24_PARGANAS_BLOCK_25,South 24 Parganas,22.38426538,88.89503962
110199,WB_110199,SOUTH_24_PARGANAS_BLOCK_25_GP_8,SOUTH_24_PARGANAS_BLOCK_25,South 24 Parganas,22.40334735,88.90232351
110200,WB_110200,SOUTH_24_PARGANAS_BLOCK_25_GP_9,SOUTH_24_PARGANAS_BLOCK_25,South 24 Parganas,22.39353009,88.88281668
110201,WB_110201,SOUTH_24_PARGANAS_BLOCK_25_GP_10,SOUTH_24_PARGANAS_BLOCK_25,South 24 Parganas,22.3872618,88.90511711
110202,WB_110202,SOUTH_24_PARGANAS_BLOCK_26_GP_1,SOUTH_24_PARGANAS_BLOCK_26,South 24 Parganas,22.42751154,88.93162321
110203,WB_110203,SOUTH_24_PARGANAS_BLOCK_26_GP_2,SOUTH_24_PARGANAS_BLOCK_26,South 24 Parganas,22.43431371,88.92846102
110204,WB_110204,SOUTH_24_PARGANAS_BLOCK_26_GP_3,SOUTH_24_PARGANAS_BLOCK_26,South 24 Parganas,22.42380678,88.92575565
110205,WB_110205,SOUTH_24_PARGANAS_BLOCK_26_GP_4,SOUTH_24_PARGANAS_BLOCK_26,South 24 Parganas,22.43127092,88.93681043
110206,WB_110206,SOUTH_24_PARGANAS_BLOCK_26_GP_5,SOUTH_24_PARGANAS_BLOCK_26,South 24 Parganas,22.43341568,88.92153787
110207,WB_110207,SOUTH_24_PARGANAS_BLOCK_26_GP_6,SOUTH_24_PARGANAS_BLOCK_26,South 24 Parganas,22.42015936,88.93258062
110208,WB_110208,SOUTH_24_PARGANAS_BLOCK_26_GP_7,SOUTH_24_PARGANAS_BLOCK_26,South 24 Parganas,22.43904729,88.93340877
110209,WB_110209,SOUTH_24_PARGANAS_BLOCK_26_GP_8,SOUTH_24_PARGANAS_BLOCK_26,South 24 Parganas,22.42457188,88.91899908
110210,WB_110210,SOUTH_24_PARGANAS_BLOCK_26_GP_9,SOUTH_24_PARGANAS_BLOCK_26,South 24 Parganas,22.42561501,88.94081208
110211,WB_110211,SOUTH_24_PARGANAS_BLOCK_26_GP_10,SOUTH_24_PARGANAS_BLOCK_26,South 24 Parganas,22.44040462,88.92298323
110212,WB_110212,SOUTH_24_PARGANAS_BLOCK_27_GP_1,SOUTH_24_PARGANAS_BLOCK_27,South 24 Parganas,22.46279844,88.96654913
110213,WB_110213,SOUTH_24_PARGANAS_BLOCK_27_GP_2,SOUTH_24_PARGANAS_BLOCK_27,South 24 Parganas,22.46828795,88.96143697
110214,WB_110214,SOUTH_24_PARGANAS_BLOCK_27_GP_3,SOUTH_24_PARGANAS_BLOCK_27,South 24 Parganas,22.4574596,88.96211625
110215,WB_110215,SOUTH_24_PARGANAS_BLOCK_27_GP_4,SOUTH_24_PARGANAS_BLOCK_27,South 24 Parganas,22.46797865,88.97031816
110216,WB_110216,SOUTH_24_PARGANAS_BLOCK_27_GP_5,SOUTH_24_PARGANAS_BLOCK_27,South 24 Parganas,22.46529134,88.95513167
110217,WB_110217,SOUTH_24_PARGANAS_BLOCK_27_GP_6,SOUTH_24_PARGANAS_BLOCK_27,South 24 Parganas,22.45610354,88.96973498
110218,WB_110218,SOUTH_24_PARGANAS_BLOCK_27_GP_7,SOUTH_24_PARGANAS_BLOCK_27,South 24 Parganas,22.47432042,88.96467679
110219,WB_110219,SOUTH_24_PARGANAS_BLOCK_27_GP_8,SOUTH_24_PARGANAS_BLOCK_27,South 24 Parganas,22.45609602,88.95545463
110220,WB_110220,SOUTH_24_PARGANAS_BLOCK_27_GP_9,SOUTH_24_PARGANAS_BLOCK_27,South 24 Parganas,22.46383891,88.9758738
110221,WB_110221,SOUTH_24_PARGANAS_BLOCK_27_GP_10,SOUTH_24_PARGANAS_BLOCK_27,South 24 Parganas,22.47238446,88.95434303
110222,WB_110222,SOUTH_24_PARGANAS_BLOCK_28_GP_1,SOUTH_24_PARGANAS_BLOCK_28,South 24 Parganas,22.49685326,88.99571437
110223,WB_110223,SOUTH_24_PARGANAS_BLOCK_28_GP_2,SOUTH_24_PARGANAS_BLOCK_28,South 24 Parganas,22.49709585,89.00321171
110224,WB_110224,SOUTH_24_PARGANAS_BLOCK_28_GP_3,SOUTH_24_PARGANAS_BLOCK_28,South 24 Parganas,22.50370349,88.99460626
110225,WB_110225,SOUTH_24_PARGANAS_BLOCK_28_GP_4,SOUTH_24_PARGANAS_BLOCK_28,South 24 Parganas,22.49060751,88.99713943
110226,WB_110226,SOUTH_24_PARGANAS_BLOCK_28_GP_5,SOUTH_24_PARGANAS_BLOCK_28,South 24 Parganas,22.50381692,89.00509948
110227,WB_110227,SOUTH_24_PARGANAS_BLOCK_28_GP_6,SOUTH_24_PARGANAS_BLOCK_28,South 24 Parganas,22.4988546,88.98857533
110228,WB_110228,SOUTH_24_PARGANAS_BLOCK_28_GP_7,SOUTH_24_PARGANAS_BLOCK_28,South 24 Parganas,22.4906885,89.00562686
110229,WB_110229,SOUTH_24_PARGANAS_BLOCK_28_GP_8,SOUTH_24_PARGANAS_BLOCK_28,South 24 Parganas,22.50961935,88.99795875
110230,WB_110230,SOUTH_24_PARGANAS_BLOCK_28_GP_9,SOUTH_24_PARGANAS_BLOCK_28,South 24 Parganas,22.48914331,88.99036752
110231,WB_110231,SOUTH_24_PARGANAS_BLOCK_28_GP_10,SOUTH_24_PARGANAS_BLOCK_28,South 24 Parganas,22.49974753,89.01096245
110232,WB_110232,SOUTH_24_PARGANAS_BLOCK_29_GP_1,SOUTH_24_PARGANAS_BLOCK_29,South 24 Parganas,22.5301263,89.0314718
110233,WB_110233,SOUTH_24_PARGANAS_BLOCK_29_GP_2,SOUTH_24_PARGANAS_BLOCK_29,South 24 Parganas,22.53461495,89.03748187
110234,WB_110234,SOUTH_24_PARGANAS_BLOCK_29_GP_3,SOUTH_24_PARGANAS_BLOCK_29,South 24 Parganas,22.53511044,89.02664355
110235,WB_110235,SOUTH_24_PARGANAS_BLOCK_29_GP_4,SOUTH_24_PARGANAS_BLOCK_29,South 24 Parganas,22.52581927,89.03621412
110236,WB_110236,SOUTH_24_PARGANAS_BLOCK_29_GP_5,SOUTH_24_PARGANAS_BLOCK_29,South 24 Parganas,22.54120728,89.03518457
110237,WB_110237,SOUTH_24_PARGANAS_BLOCK_29_GP_6,SOUTH_24_PARGANAS_BLOCK_29,South 24 Parganas,22.527683,89.02447169
110238,WB_110238,SOUTH_24_PARGANAS_BLOCK_29_GP_7,SOUTH_24_PARGANAS_BLOCK_29,South 24 Parganas,22.53074187,89.04312867
110239,WB_110239,SOUTH_24_PARGANAS_BLOCK_29_GP_8,SOUTH_24_PARGANAS_BLOCK_29,South 24 Parganas,22.54188044,89.02600824
110240,WB_110240,SOUTH_24_PARGANAS_BLOCK_29_GP_9,SOUTH_24_PARGANAS_BLOCK_29,South 24 Parganas,22.52074379,89.03149796
110241,WB_110241,SOUTH_24_PARGANAS_BLOCK_29_GP_10,SOUTH_24_PARGANAS_BLOCK_29,South 24 Parganas,22.54122437,89.04232139
110242,WB_110242,UTTAR_DINAJPUR_BLOCK_1_GP_1,UTTAR_DINAJPUR_BLOCK_1,Uttar Dinajpur,25.64558097,87.88322988
110243,WB_110243,UTTAR_DINAJPUR_BLOCK_1_GP_2,UTTAR_DINAJPUR_BLOCK_1,Uttar Dinajpur,25.66737375,87.88201484
110244,WB_110244,UTTAR_DINAJPUR_BLOCK_1_GP_3,UTTAR_DINAJPUR_BLOCK_1,Uttar Dinajpur,25.64108138,87.87179729
110245,WB_110245,UTTAR_DINAJPUR_BLOCK_1_GP_4,UTTAR_DINAJPUR_BLOCK_1,Uttar Dinajpur,25.6508915,87.89360905
110246,WB_110246,UTTAR_DINAJPUR_BLOCK_1_GP_5,UTTAR_DINAJPUR_BLOCK_1,Uttar Dinajpur,25.67162437,87.870478
110247,WB_110247,UTTAR_DINAJPUR_BLOCK_1_GP_6,UTTAR_DINAJPUR_BLOCK_1,Uttar Dinajpur,25.62441517,87.88062242
110248,WB_110248,UTTAR_DINAJPUR_BLOCK_1_GP_7,UTTAR_DINAJPUR_BLOCK_1,Uttar Dinajpur,25.67559817,87.89256008
110249,WB_110249,UTTAR_DINAJPUR_BLOCK_1_GP_8,UTTAR_DINAJPUR_BLOCK_1,Uttar Dinajpur,25.64974786,87.86146084
110250,WB_110250,UTTAR_DINAJPUR_BLOCK_1_GP_9,UTTAR_DINAJPUR_BLOCK_1,Uttar Dinajpur,25.63143856,87.89680614
110251,WB_110251,UTTAR_DINAJPUR_BLOCK_1_GP_10,UTTAR_DINAJPUR_BLOCK_1,Uttar Dinajpur,25.68945729,87.87671006
110252,WB_110252,UTTAR_DINAJPUR_BLOCK_1_GP_11,UTTAR_DINAJPUR_BLOCK_1,Uttar Dinajpur,25.61962657,87.86845615
110253,WB_110253,UTTAR_DINAJPUR_BLOCK_2_GP_1,UTTAR_DINAJPUR_BLOCK_2,Uttar Dinajpur,25.76687684,87.9414498
110254,WB_110254,UTTAR_DINAJPUR_BLOCK_2_GP_2,UTTAR_DINAJPUR_BLOCK_2,Uttar Dinajpur,25.74698365,87.93615661
110255,WB_110255,UTTAR_DINAJPUR_BLOCK_2_GP_3,UTTAR_DINAJPUR_BLOCK_2,Uttar Dinajpur,25.76083789,87.95264206
110256,WB_110256,UTTAR_DINAJPUR_BLOCK_2_GP_4,UTTAR_DINAJPUR_BLOCK_2,Uttar Dinajpur,25.77129999,87.93093209
110257,WB_110257,UTTAR_DINAJPUR_BLOCK_2_GP_5,UTTAR_DINAJPUR_BLOCK_2,Uttar Dinajpur,25.73329034,87.94489195
110258,WB_110258,UTTAR_DINAJPUR_BLOCK_2_GP_6,UTTAR_DINAJPUR_BLOCK_2,Uttar Dinajpur,25.78290846,87.94986472
110259,WB_110259,UTTAR_DINAJPUR_BLOCK_2_GP_7,UTTAR_DINAJPUR_BLOCK_2,Uttar Dinajpur,25.7490322,87.92464716
110260,WB_110260,UTTAR_DINAJPUR_BLOCK_2_GP_8,UTTAR_DINAJPUR_BLOCK_2,Uttar Dinajpur,25.74436991,87.95905438
110261,WB_110261,UTTAR_DINAJPUR_BLOCK_2_GP_9,UTTAR_DINAJPUR_BLOCK_2,Uttar Dinajpur,25.79089187,87.93383088
110262,WB_110262,UTTAR_DINAJPUR_BLOCK_2_GP_10,UTTAR_DINAJPUR_BLOCK_2,Uttar Dinajpur,25.72328744,87.93431402
110263,WB_110263,UTTAR_DINAJPUR_BLOCK_2_GP_11,UTTAR_DINAJPUR_BLOCK_2,Uttar Dinajpur,25.77648219,87.96177531
110264,WB_110264,UTTAR_DINAJPUR_BLOCK_3_GP_1,UTTAR_DINAJPUR_BLOCK_3,Uttar Dinajpur,25.86174641,88.00757088
110265,WB_110265,UTTAR_DINAJPUR_BLOCK_3_GP_2,UTTAR_DINAJPUR_BLOCK_3,Uttar Dinajpur,25.87631146,87.99810745
110266,WB_110266,UTTAR_DINAJPUR_BLOCK_3_GP_3,UTTAR_DINAJPUR_BLOCK_3,Uttar Dinajpur,25.84502856,88.00095182
110267,WB_110267,UTTAR_DINAJPUR_BLOCK_3_GP_4,UTTAR_DINAJPUR_BLOCK_3,Uttar Dinajpur,25.87782312,88.013098
110268,WB_110268,UTTAR_DINAJPUR_BLOCK_3_GP_5,UTTAR_DINAJPUR_BLOCK_3,Uttar Dinajpur,25.86589193,87.98797013
110269,WB_110269,UTTAR_DINAJPUR_BLOCK_3_GP_6,UTTAR_DINAJPUR_BLOCK_3,Uttar Dinajpur,25.84315569,88.01398284
110270,WB_110270,UTTAR_DINAJPUR_BLOCK_3_GP_7,UTTAR_DINAJPUR_BLOCK_3,Uttar Dinajpur,25.89472119,88.00261029
110271,WB_110271,UTTAR_DINAJPUR_BLOCK_3_GP_8,UTTAR_DINAJPUR_BLOCK_3,Uttar Dinajpur,25.83925791,87.9899584
110272,WB_110272,UTTAR_DINAJPUR_BLOCK_3_GP_9,UTTAR_DINAJPUR_BLOCK_3,Uttar Dinajpur,25.8673009,88.02309545
110273,WB_110273,UTTAR_DINAJPUR_BLOCK_3_GP_10,UTTAR_DINAJPUR_BLOCK_3,Uttar Dinajpur,25.88629055,87.98552873
110274,WB_110274,UTTAR_DINAJPUR_BLOCK_3_GP_11,UTTAR_DINAJPUR_BLOCK_3,Uttar Dinajpur,25.8253648,88.00693911
110275,WB_110275,UTTAR_DINAJPUR_BLOCK_4_GP_1,UTTAR_DINAJPUR_BLOCK_4,Uttar Dinajpur,25.96228919,88.06660033
110276,WB_110276,UTTAR_DINAJPUR_BLOCK_4_GP_2,UTTAR_DINAJPUR_BLOCK_4,Uttar Dinajpur,25.98406235,88.06527261
110277,WB_110277,UTTAR_DINAJPUR_BLOCK_4_GP_3,UTTAR_DINAJPUR_BLOCK_4,Uttar Dinajpur,25.95761336,88.05519147
110278,WB_110278,UTTAR_DINAJPUR_BLOCK_4_GP_4,UTTAR_DINAJPUR_BLOCK_4,Uttar Dinajpur,25.96775968,88.07695162
110279,WB_110279,UTTAR_DINAJPUR_BLOCK_4_GP_5,UTTAR_DINAJPUR_BLOCK_4,Uttar Dinajpur,25.98813477,88.05371425
110280,WB_110280,UTTAR_DINAJPUR_BLOCK_4_GP_6,UTTAR_DINAJPUR_BLOCK_4,Uttar Dinajpur,25.941084,88.06410245
110281,WB_110281,UTTAR_DINAJPUR_BLOCK_4_GP_7,UTTAR_DINAJPUR_BLOCK_4,Uttar Dinajpur,25.99244918,88.0757749
110282,WB_110282,UTTAR_DINAJPUR_BLOCK_4_GP_8,UTTAR_DINAJPUR_BLOCK_4,Uttar Dinajpur,25.96611998,88.04481061
110283,WB_110283,UTTAR_DINAJPUR_BLOCK_4_GP_9,UTTAR_DINAJPUR_BLOCK_4,Uttar Dinajpur,25.94835685,88.0802492
110284,WB_110284,UTTAR_DINAJPUR_BLOCK_4_GP_10,UTTAR_DINAJPUR_BLOCK_4,Uttar Dinajpur,26.00606315,88.05985382
110285,WB_110285,UTTAR_DINAJPUR_BLOCK_4_GP_11,UTTAR_DINAJPUR_BLOCK_4,Uttar Dinajpur,25.93610785,88.05196144
110286,WB_110286,UTTAR_DINAJPUR_BLOCK_5_GP_1,UTTAR_DINAJPUR_BLOCK_5,Uttar Dinajpur,26.0835281,88.12536774
110287,WB_110287,UTTAR_DINAJPUR_BLOCK_5_GP_2,UTTAR_DINAJPUR_BLOCK_5,Uttar Dinajpur,26.06485141,88.11875376
110288,WB_110288,UTTAR_DINAJPUR_BLOCK_5_GP_3,UTTAR_DINAJPUR_BLOCK_5,Uttar Dinajpur,26.07525227,88.1360698
110289,WB_110289,UTTAR_DINAJPUR_BLOCK_5_GP_4,UTTAR_DINAJPUR_BLOCK_5,Uttar Dinajpur,26.09006202,88.11522524
110290,WB_110290,UTTAR_DINAJPUR_BLOCK_5_GP_5,UTTAR_DINAJPUR_BLOCK_5,Uttar Dinajpur,26.04947489,88.12649362
110291,WB_110291,UTTAR_DINAJPUR_BLOCK_5_GP_6,UTTAR_DINAJPUR_BLOCK_5,Uttar Dinajpur,26.09773448,88.13481814
110292,WB_110292,UTTAR_DINAJPUR_BLOCK_5_GP_7,UTTAR_DINAJPUR_BLOCK_5,Uttar Dinajpur,26.06922924,88.10746437
110293,WB_110293,UTTAR_DINAJPUR_BLOCK_5_GP_8,UTTAR_DINAJPUR_BLOCK_5,Uttar Dinajpur,26.05759344,88.14131348
110294,WB_110294,UTTAR_DINAJPUR_BLOCK_5_GP_9,UTTAR_DINAJPUR_BLOCK_5,Uttar Dinajpur,26.10892704,88.11944096
110295,WB_110295,UTTAR_DINAJPUR_BLOCK_5_GP_10,UTTAR_DINAJPUR_BLOCK_5,Uttar Dinajpur,26.04169563,88.11530675
110296,WB_110296,UTTAR_DINAJPUR_BLOCK_5_GP_11,UTTAR_DINAJPUR_BLOCK_5,Uttar Dinajpur,26.08892777,88.14620708
110297,WB_110297,UTTAR_DINAJPUR_BLOCK_6_GP_1,UTTAR_DINAJPUR_BLOCK_6,Uttar Dinajpur,26.17501501,88.18233976
110298,WB_110298,UTTAR_DINAJPUR_BLOCK_6_GP_2,UTTAR_DINAJPUR_BLOCK_6,Uttar Dinajpur,26.18001026,88.19468067
110299,WB_110299,UTTAR_DINAJPUR_BLOCK_6_GP_3,UTTAR_DINAJPUR_BLOCK_6,Uttar Dinajpur,26.19398277,88.17822872
110300,WB_110300,UTTAR_DINAJPUR_BLOCK_6_GP_4,UTTAR_DINAJPUR_BLOCK_6,Uttar Dinajpur,26.15795893,88.18677514
110301,WB_110301,UTTAR_DINAJPUR_BLOCK_6_GP_5,UTTAR_DINAJPUR_BLOCK_6,Uttar Dinajpur,26.20032704,88.19557607
110302,WB_110302,UTTAR_DINAJPUR_BLOCK_6_GP_6,UTTAR_DINAJPUR_BLOCK_6,Uttar Dinajpur,26.17664682,88.1698472
110303,WB_110303,UTTAR_DINAJPUR_BLOCK_6_GP_7,UTTAR_DINAJPUR_BLOCK_6,Uttar Dinajpur,26.16305971,88.2008101
110304,WB_110304,UTTAR_DINAJPUR_BLOCK_6_GP_8,UTTAR_DINAJPUR_BLOCK_6,Uttar Dinajpur,26.21283554,88.18181827
110305,WB_110305,UTTAR_DINAJPUR_BLOCK_6_GP_9,UTTAR_DINAJPUR_BLOCK_6,Uttar Dinajpur,26.14988395,88.17604184
110306,WB_110306,UTTAR_DINAJPUR_BLOCK_6_GP_10,UTTAR_DINAJPUR_BLOCK_6,Uttar Dinajpur,26.19204498,88.2066413
110307,WB_110307,UTTAR_DINAJPUR_BLOCK_6_GP_11,UTTAR_DINAJPUR_BLOCK_6,Uttar Dinajpur,26.19683177,88.16547219
110308,WB_110308,UTTAR_DINAJPUR_BLOCK_7_GP_1,UTTAR_DINAJPUR_BLOCK_7,Uttar Dinajpur,26.29448223,88.24823434
110309,WB_110309,UTTAR_DINAJPUR_BLOCK_7_GP_2,UTTAR_DINAJPUR_BLOCK_7,Uttar Dinajpur,26.27746522,88.24025933
110310,WB_110310,UTTAR_DINAJPUR_BLOCK_7_GP_3,UTTAR_DINAJPUR_BLOCK_7,Uttar Dinajpur,26.28385344,88.25821555
110311,WB_110311,UTTAR_DINAJPUR_BLOCK_7_GP_4,UTTAR_DINAJPUR_BLOCK_7,Uttar Dinajpur,26.30325742,88.23867559
110312,WB_110312,UTTAR_DINAJPUR_BLOCK_7_GP_5,UTTAR_DINAJPUR_BLOCK_7,Uttar Dinajpur,26.26046813,88.24676476
110313,WB_110313,UTTAR_DINAJPUR_BLOCK_7_GP_6,UTTAR_DINAJPUR_BLOCK_7,Uttar Dinajpur,26.30642499,88.25868183
110314,WB_110314,UTTAR_DINAJPUR_BLOCK_7_GP_7,UTTAR_DINAJPUR_BLOCK_7,Uttar Dinajpur,26.28436275,88.22939988
110315,WB_110315,UTTAR_DINAJPUR_BLOCK_7_GP_8,UTTAR_DINAJPUR_BLOCK_7,Uttar Dinajpur,26.26515923,88.26207306
110316,WB_110316,UTTAR_DINAJPUR_BLOCK_7_GP_9,UTTAR_DINAJPUR_BLOCK_7,Uttar Dinajpur,26.32100443,88.24428736
110317,WB_110317,UTTAR_DINAJPUR_BLOCK_7_GP_10,UTTAR_DINAJPUR_BLOCK_7,Uttar Dinajpur,26.25529035,88.23508383
110318,WB_110318,UTTAR_DINAJPUR_BLOCK_7_GP_11,UTTAR_DINAJPUR_BLOCK_7,Uttar Dinajpur,26.29511428,88.26930367
110319,WB_110319,UTTAR_DINAJPUR_BLOCK_8_GP_1,UTTAR_DINAJPUR_BLOCK_8,Uttar Dinajpur,26.39790677,88.30494795
110320,WB_110320,UTTAR_DINAJPUR_BLOCK_8_GP_2,UTTAR_DINAJPUR_BLOCK_8,Uttar Dinajpur,26.3768556,88.30843022
110321,WB_110321,UTTAR_DINAJPUR_BLOCK_8_GP_3,UTTAR_DINAJPUR_BLOCK_8,Uttar Dinajpur,26.40591183,88.31571882
110322,WB_110322,UTTAR_DINAJPUR_BLOCK_8_GP_4,UTTAR_DINAJPUR_BLOCK_8,Uttar Dinajpur,26.38943408,88.29529816
110323,WB_110323,UTTAR_DINAJPUR_BLOCK_8_GP_5,UTTAR_DINAJPUR_BLOCK_8,Uttar Dinajpur,26.37628809,88.32022202
110324,WB_110324,UTTAR_DINAJPUR_BLOCK_8_GP_6,UTTAR_DINAJPUR_BLOCK_8,Uttar Dinajpur,26.41953834,88.30529066
110325,WB_110325,UTTAR_DINAJPUR_BLOCK_8_GP_7,UTTAR_DINAJPUR_BLOCK_8,Uttar Dinajpur,26.3654653,88.29892294
110326,WB_110326,UTTAR_DINAJPUR_BLOCK_8_GP_8,UTTAR_DINAJPUR_BLOCK_8,Uttar Dinajpur,26.40062574,88.32679361
110327,WB_110327,UTTAR_DINAJPUR_BLOCK_8_GP_9,UTTAR_DINAJPUR_BLOCK_8,Uttar Dinajpur,26.40756352,88.29011229
110328,WB_110328,UTTAR_DINAJPUR_BLOCK_8_GP_10,UTTAR_DINAJPUR_BLOCK_8,Uttar Dinajpur,26.35679916,88.31596496
110329,WB_110329,UTTAR_DINAJPUR_BLOCK_8_GP_11,UTTAR_DINAJPUR_BLOCK_8,Uttar Dinajpur,26.42805737,88.31675271
110330,WB_110330,UTTAR_DINAJPUR_BLOCK_9_GP_1,UTTAR_DINAJPUR_BLOCK_9,Uttar Dinajpur,26.50599582,88.37052276
110331,WB_110331,UTTAR_DINAJPUR_BLOCK_9_GP_2,UTTAR_DINAJPUR_BLOCK_9,Uttar Dinajpur,26.48819609,88.36212439
110332,WB_110332,UTTAR_DINAJPUR_BLOCK_9_GP_3,UTTAR_DINAJPUR_BLOCK_9,Uttar Dinajpur,26.49478853,88.38096975
110333,WB_110333,UTTAR_DINAJPUR_BLOCK_9_GP_4,UTTAR_DINAJPUR_BLOCK_9,Uttar Dinajpur,26.5152565,88.36051513
110334,WB_110334,UTTAR_DINAJPUR_BLOCK_9_GP_5,UTTAR_DINAJPUR_BLOCK_9,Uttar Dinajpur,26.47033052,88.36891319
110335,WB_110335,UTTAR_DINAJPUR_BLOCK_9_GP_6,UTTAR_DINAJPUR_BLOCK_9,Uttar Dinajpur,26.51845885,88.38150409
110336,WB_110336,UTTAR_DINAJPUR_BLOCK_9_GP_7,UTTAR_DINAJPUR_BLOCK_9,Uttar Dinajpur,26.49549527,88.35074881
110337,WB_110337,UTTAR_DINAJPUR_BLOCK_9_GP_8,UTTAR_DINAJPUR_BLOCK_9,Uttar Dinajpur,26.47515889,88.38497799
110338,WB_110338,UTTAR_DINAJPUR_BLOCK_9_GP_9,UTTAR_DINAJPUR_BLOCK_9,Uttar Dinajpur,26.53383602,88.36643639
110339,WB_110339,UTTAR_DINAJPUR_BLOCK_9_GP_10,UTTAR_DINAJPUR_BLOCK_9,Uttar Dinajpur,26.46497001,88.35665179
