{"type":"FeatureCollection","features":[{"type":"Feature","geometry":{"type":"Polygon","coordinates":[[[88.531997894258268,22.905676804973151],[88.531477767013826,22.90580374204546],[88.531210017855187,22.905399914890243],[88.530802494431612,22.905570922208675],[88.530599070037184,22.905252271337346],[88.529544004125881,22.905054712137755],[88.529228295710865,22.904285575909217],[88.529596624740293,22.904096889303585],[88.529919822409838,22.903795743040568],[88.529626144278836,22.903252178329829],[88.52953197298929,22.90311309867678],[88.52807527211111,22.903610292078184],[88.52763734610501,22.903677721975516],[88.527258799637579,22.902954341006161],[88.526885192107542,22.903106948726847],[88.526381070146499,22.902050613731205],[88.52547845372878,22.902406987936935],[88.524982801982574,22.90254270121903],[88.524749548130856,22.902170139782839],[88.524616545366484,22.902044977612121],[88.524539149216579,22.901661889775685],[88.52391241260915,22.901844012700121],[88.523021151794936,22.902344764869326],[88.522761786612875,22.902252423215813],[88.522635206802789,22.901829163145795],[88.523353535636602,22.901555854097939],[88.523218465848799,22.901245568994387],[88.523402202765425,22.901112853303875],[88.523489575604913,22.901080405050809],[88.523407915152333,22.900751545391117],[88.522536844872448,22.900877302079831],[88.522080233010172,22.901017146988686],[88.521481177089925,22.901059008993542],[88.521206931315135,22.900506208212459],[88.520861105083569,22.900527582014099],[88.520648315752339,22.900240616372052],[88.520610375406292,22.899897787869435],[88.520300121561689,22.900049774255827],[88.520152655921265,22.899938293922165],[88.520106075578852,22.899694894144336],[88.520362514948062,22.899525359845978],[88.520169525383992,22.899265298879861],[88.519730895997085,22.898831473617157],[88.519265749241256,22.899079768073381],[88.518374940279656,22.899621131760117],[88.51850733398625,22.900130136659865],[88.518163467878637,22.900327596284075],[88.517955760316966,22.90005864107474],[88.517541751056996,22.900523193719437],[88.517079359434206,22.900581797260504],[88.516946916320265,22.900506295928707],[88.517141664785655,22.899610332659694],[88.516959934705383,22.899485629881859],[88.516930796052492,22.899056920229256],[88.517236729898912,22.898078614302452],[88.517717453441747,22.89791597459952],[88.517521155382482,22.897795926766264],[88.516989235953289,22.897737786265186],[88.516313268075052,22.897875192376087],[88.515902177441461,22.898163601262883],[88.515870916069574,22.897956570617051],[88.515895157107508,22.897944117984242],[88.516036954378478,22.897361778204822],[88.515876503590647,22.896923661884976],[88.515564712728576,22.896778973333696],[88.514881735296143,22.896808646237861],[88.514848282933301,22.896810100215788],[88.514268365620168,22.896809665760237],[88.513937206182248,22.896597243308239],[88.513693742078999,22.896258447292027],[88.513524274900632,22.896074521936196],[88.512861181677053,22.895354840913047],[88.51216018044677,22.894446816853055],[88.511985178747949,22.894022291927467],[88.51126871481668,22.89405791718276],[88.510991458787387,22.89345716831669],[88.511391330361391,22.893150453801923],[88.511654106446642,22.89357053169682],[88.512214494385475,22.893665811282823],[88.51135790404966,22.892324221147927],[88.511046610854279,22.891642242346286],[88.51097391558821,22.891204190313683],[88.510696761966884,22.890409356361879],[88.510326221285197,22.890652930865286],[88.509698553124835,22.889523648801752],[88.509568984619847,22.889346275370222],[88.509401630279044,22.889117167953891],[88.509790072587691,22.888896222598753],[88.510313326867632,22.888598596238758],[88.510172297656212,22.888309486743864],[88.509577544666186,22.888647671989087],[88.509265951433477,22.888227601199169],[88.509622343649397,22.888029820239371],[88.509728458040641,22.887970928241195],[88.510314186555348,22.887645869374904],[88.509632588935204,22.886900392209039],[88.509998259849709,22.886702020894386],[88.509686981027357,22.885992943861488],[88.509390438168921,22.886075986083831],[88.50888278313387,22.886218145319081],[88.508512163400468,22.886506784228121],[88.508166057792849,22.886605890615105],[88.507979743609681,22.886259902647172],[88.507869302033683,22.886054810284698],[88.508425113954473,22.885730187941178],[88.508099147677243,22.885111378612081],[88.508525207836684,22.884833004861466],[88.508796402932774,22.884655813994474],[88.509147019879748,22.884868337073392],[88.509411828852464,22.884995408653666],[88.50958053875101,22.885076366746919],[88.509878002382649,22.884801156040879],[88.510228712754397,22.88499552120814],[88.510579909114711,22.884643573664004],[88.509654832119963,22.883685734175216],[88.509932761885722,22.883460199125004],[88.509304692178404,22.882872800848716],[88.508939154214588,22.882985370280124],[88.509041158813403,22.883360198270747],[88.508504542991886,22.883565330292083],[88.508027256403352,22.883747781242274],[88.508358198448988,22.884217525060123],[88.507695229192862,22.884573778931038],[88.507432171934965,22.88424509030305],[88.507188992597676,22.883941235060838],[88.507520461056032,22.883797022614051],[88.507014446344726,22.882857588375963],[88.506405324801676,22.882898983413028],[88.505635387754822,22.882951304662665],[88.505470074386338,22.882535799610707],[88.505133693041685,22.882711664914314],[88.50499740513834,22.88237136685612],[88.504978136275497,22.88232325301702],[88.505329094582279,22.882179041334251],[88.505085731988643,22.881853775760721],[88.504612892060777,22.882029486354465],[88.5044373118469,22.881775171996988],[88.504886782102673,22.881375097790269],[88.504730592922542,22.880911460332495],[88.505103969585562,22.880740844852038],[88.506517807349979,22.879905598994632],[88.5079782748642,22.879322777918542],[88.508099364171201,22.879696430842742],[88.509099742444647,22.87937535711503],[88.508528513636946,22.877958333655727],[88.510821706843103,22.877322429313558],[88.510700913081806,22.876975868122209],[88.512378833980165,22.87667091486265],[88.512401976378527,22.877000340232836],[88.513184447618556,22.876807753012105],[88.51377647601835,22.876580849177454],[88.514643999749495,22.876148114260815],[88.515132642839831,22.875827362380011],[88.514712046233925,22.875253360787411],[88.5141659477963,22.875226951623567],[88.514211070173033,22.874901392126837],[88.515609446134775,22.874879040123723],[88.517247134186533,22.874904064666712],[88.517315961306991,22.874519576766311],[88.517582180634705,22.872164365876746],[88.51828027312007,22.87227511086601],[88.518397720656949,22.871881125271294],[88.518838064927735,22.872039484758705],[88.519020765188557,22.871378451365626],[88.517771979382871,22.87082591208317],[88.516739550118388,22.870447411772091],[88.516829881110127,22.869805323284677],[88.518152802181262,22.870013971151117],[88.518292508174255,22.868992093311022],[88.516768068035418,22.86862731870913],[88.516731874912637,22.86756196228486],[88.516346648572693,22.86753854132435],[88.516424167791826,22.867059139133708],[88.51593230064789,22.867086405743585],[88.515771071020708,22.866609279011072],[88.515950561600988,22.866097296077619],[88.515516865761612,22.866096912842536],[88.514813483097498,22.864626981373899],[88.514173487356501,22.863598979975734],[88.513536211714126,22.863695358308398],[88.513483336876504,22.863321058769621],[88.513040754902335,22.863397520267487],[88.512385786940484,22.861895505088675],[88.5119439568562,22.862039691127841],[88.511612396769664,22.861139701901426],[88.512580226385424,22.860972453715149],[88.512389857207054,22.860062093058406],[88.512924700652491,22.85995766302036],[88.513522032705723,22.859775869634657],[88.51322754429431,22.8587039359067],[88.514839344696213,22.858169293615198],[88.515046778271753,22.858420197894446],[88.515303869817856,22.859194448848665],[88.516077143207667,22.859060644096573],[88.516459965655898,22.859747897133762],[88.516888518640286,22.859725748749614],[88.517861715689875,22.858727532220961],[88.518582700841961,22.858273599206484],[88.519964580141817,22.857659819317078],[88.520137112371927,22.857400776610135],[88.520147309148712,22.85700329770761],[88.520718396022616,22.856654649170615],[88.520649331746924,22.85614052119773],[88.520372428755536,22.85533937460098],[88.520775551332562,22.855222630901586],[88.520770778583454,22.85479368628425],[88.520941047957322,22.854769480033148],[88.521204886749544,22.854396671600067],[88.521216387880145,22.85411658924323],[88.522184253428506,22.853958317308066],[88.522189723270259,22.853574430715042],[88.522612426425496,22.853466527216522],[88.522508298209345,22.852866937330063],[88.522936676022255,22.852831229249524],[88.523043513557312,22.853236618391126],[88.523456925437614,22.853169442408351],[88.523282514830242,22.851947361036473],[88.523637006211018,22.851840106076196],[88.52361319097453,22.851451985044289],[88.524070594252592,22.851397933126112],[88.524070482861475,22.850950881258722],[88.524503978376572,22.850937699150034],[88.524486531297129,22.850246966124143],[88.52447907887354,22.84957871572615],[88.525315064551648,22.849394596349306],[88.525224624863796,22.848275571604049],[88.525667199651465,22.848203595064096],[88.525064975373169,22.847066897777555],[88.526581572321263,22.846749809976338],[88.527306095937263,22.846620936837354],[88.527368297982463,22.846082972905641],[88.527198777803548,22.845736891660007],[88.526755134020704,22.845276033366119],[88.527197548009909,22.845190505835664],[88.527211186232549,22.844666556749956],[88.52757605315486,22.844617898904612],[88.52753519328418,22.84401319027398],[88.528374095792046,22.843657430237865],[88.528615050900683,22.843420300791941],[88.528733408430952,22.843112098205928],[88.529203551616391,22.843328851238002],[88.529863763044546,22.84311478710033],[88.530517584756112,22.842765310683536],[88.531310839372779,22.842685430919534],[88.532067495726494,22.842818139139524],[88.532480568043582,22.842723847951675],[88.532943732217547,22.842317493635271],[88.533043605114216,22.842099778664931],[88.533686697348017,22.842098103060561],[88.533844054338019,22.842227540123353],[88.534521246620002,22.842225530062322],[88.535880859378921,22.84225306077612],[88.536608694185091,22.842422148329149],[88.536603024019001,22.842439414296944],[88.536597755399868,22.842455459988667],[88.53641083575215,22.843024642879552],[88.536386777072224,22.844352480880122],[88.536318162852524,22.845617531171587],[88.536149678431087,22.847100296878025],[88.536241120638792,22.847867078199133],[88.535726078757165,22.849294482668395],[88.535536430925987,22.849761426729959],[88.535309379941268,22.850368716597082],[88.535385188768089,22.851478840052412],[88.535449783925245,22.852458116663538],[88.535521180227391,22.853608924221145],[88.536088200427983,22.854204034952666],[88.536275059888567,22.854789268366435],[88.536778546740678,22.854933423866282],[88.53693597469757,22.855067373405454],[88.537686226961625,22.85678962511431],[88.537741089770961,22.856901985213185],[88.537928722681002,22.857554942918718],[88.538619148045441,22.858288837610285],[88.539107484810316,22.858816959946875],[88.539706450000722,22.858784072800955],[88.540154835091656,22.858793279215984],[88.540904646282868,22.859174365645032],[88.54272030406716,22.859874761273538],[88.54455266243086,22.860326611270683],[88.546126193703344,22.860726768172462],[88.547313093670795,22.860977137140644],[88.547313707220141,22.861031317690145],[88.547325190384413,22.861184738215091],[88.547360762771362,22.861744332702383],[88.547058839004379,22.861760815650083],[88.546711535044167,22.861642269663044],[88.545971440031053,22.861261118967668],[88.5453842050416,22.861470026625263],[88.545480709255955,22.861816795410654],[88.545682716108843,22.862013520269304],[88.546030432395739,22.862168188753401],[88.546527907722009,22.862208510716748],[88.546663801264927,22.862591021219764],[88.546682302068177,22.862934029200964],[88.546605098157727,22.863431499738706],[88.547265305992639,22.863641832732977],[88.547922128077246,22.863983146172263],[88.548129475414484,22.864220458274239],[88.548147622281547,22.864531860197939],[88.54786271530098,22.86476041727181],[88.547545645040003,22.86516087730887],[88.547226986557575,22.865421366987423],[88.547076047131952,22.865431866688024],[88.546532712810446,22.865215884744934],[88.546240017436375,22.865187121228956],[88.546113133097421,22.865170291051427],[88.54594587218142,22.86546091737296],[88.546194683057266,22.866348080598502],[88.546638102261255,22.866777270999016],[88.547114813928019,22.867133887640435],[88.547277956068456,22.867340020048452],[88.546775417837281,22.867715190028548],[88.546708840996629,22.867860338313733],[88.547841275210089,22.868458934192557],[88.548961207569747,22.868813799961856],[88.54942665256624,22.869035047002495],[88.550119466551024,22.86868059318099],[88.551328753433651,22.868750084865987],[88.551789633191873,22.868998464976137],[88.552450185081526,22.869235862675819],[88.552558869552797,22.869794741152152],[88.552415007953329,22.87042833422602],[88.551817897783963,22.871057318241935],[88.551443330853218,22.871115159787767],[88.550744867363619,22.87140194118999],[88.550753582818487,22.872169514075193],[88.55107137442667,22.873548198735289],[88.550810610567666,22.874187446338745],[88.550755319261953,22.874467954132136],[88.550890417795841,22.874778215212427],[88.551450053844789,22.874709537727256],[88.551718306059982,22.874729498622553],[88.552117148164669,22.875091371590074],[88.55263216130021,22.874955390830074],[88.5530401796955,22.874838516659299],[88.553079057882726,22.874829106069754],[88.553208469182536,22.875067170610219],[88.55335527186628,22.875548910001328],[88.553413187150952,22.875927655153557],[88.553391237715303,22.876140104991119],[88.552803540991803,22.876312922860762],[88.552665468135999,22.876598756379078],[88.552700911165545,22.876715815257754],[88.552762002893047,22.876945516342552],[88.552567099019143,22.877376403879765],[88.551929128979083,22.877414240853984],[88.551578344945469,22.877851164610728],[88.551186985807092,22.87814849920132],[88.550471098594258,22.878191605594786],[88.550152469756227,22.878456619027901],[88.549783932317666,22.878618259082675],[88.549448222014519,22.878666686256967],[88.549034701438103,22.878729420080031],[88.54901233608247,22.87890574800123],[88.549019155193804,22.879077275366932],[88.549182263198247,22.879278888935513],[88.549601939929303,22.879328987708984],[88.550234227226895,22.879218965209773],[88.55009075729285,22.879888676290175],[88.550120299289276,22.880344466297267],[88.550115732254397,22.880800589965208],[88.550151327997511,22.881360182268374],[88.549827407184168,22.881589122355379],[88.549525030666274,22.881569490208904],[88.549278721598512,22.881337078186274],[88.549121149012819,22.881194112693748],[88.54890320155522,22.881313643048646],[88.548741928808923,22.88170355832143],[88.54853531359862,22.881962962706471],[88.548055148807876,22.882166325724487],[88.548066841279621,22.882337805934394],[88.548079351218277,22.882581528170331],[88.548772947635655,22.882719273228133],[88.548936009826022,22.882916371691799],[88.548977704231632,22.883584280195088],[88.549197547134469,22.88406079361858],[88.549438937027745,22.884288737673501],[88.549864271348483,22.884406514080744],[88.55044821041912,22.884757556008879],[88.550655593688973,22.884994860778161],[88.550931099800124,22.885222469739698],[88.551194089684373,22.885206357923469],[88.551362029726732,22.885403405602517],[88.55157547213318,22.885744511247555],[88.551694735165228,22.885946550232539],[88.551672422810228,22.886127393266609],[88.551464780825569,22.886296497402988],[88.551203533672947,22.886466125197849],[88.550979066243002,22.886441221132351],[88.550587424135344,22.88628699574415],[88.550330075671056,22.886370785935238],[88.550543515382572,22.88671189163194],[88.550633948782206,22.886950338375247],[88.550630872950677,22.887537400383739],[88.55030653082747,22.887730219832935],[88.550089753874659,22.887953599368707],[88.550152129294759,22.888296178328961],[88.550740188039299,22.888579442622394],[88.551523174013965,22.888431818003188],[88.551883070557835,22.888794072377824],[88.551592839262582,22.888986560663916],[88.551280191407741,22.88935086181802],[88.55126470175729,22.889703230806465],[88.551444807683552,22.890112395380577],[88.551837693957879,22.890374980612428],[88.552152557058236,22.890633813124463],[88.552164254919873,22.890805291740044],[88.552069615608062,22.891054575762414],[88.551997391059189,22.891132046175812],[88.551812259957231,22.891138369630575],[88.551257528709726,22.890787051246097],[88.551112204652952,22.890865235178136],[88.550860953054496,22.891057342327205],[88.550828019917887,22.891161523353581],[88.550917688851229,22.891332243250236],[88.550890041401715,22.891472496058384],[88.550521109602741,22.891602533245386],[88.550337209192733,22.891717218141913],[88.550443857183254,22.892095490335191],[88.550843057715724,22.892484454387095],[88.55084490824521,22.893075981953011],[88.550599705003577,22.893371891246186],[88.550354500863634,22.893667799066474],[88.550232975873698,22.894125062185978],[88.550537641298931,22.894772339405325],[88.550219385261741,22.895073475083201],[88.549845111181753,22.895162921908231],[88.549124164657243,22.893910093290597],[88.549397023433215,22.893473932921641],[88.549379223315853,22.893194138031056],[88.548947448972854,22.892940956003464],[88.548493668600329,22.892895705952608],[88.548452432335537,22.892268435198808],[88.54896069193677,22.891960935121435],[88.548626911214882,22.890893984979435],[88.548362839758994,22.890386291888447],[88.547993499226564,22.890480201594361],[88.547878019898491,22.891041264306441],[88.547850829691455,22.891222154343691],[88.547582134606827,22.891166068361603],[88.547279328694216,22.891110311728848],[88.547383427265984,22.89040486181052],[88.547117773876892,22.889757196312289],[88.547010317402624,22.889306678975938],[88.546742087645299,22.889291228053604],[88.546557010442243,22.88930205859587],[88.546354088206101,22.889028581138852],[88.545984456619522,22.888666409321019],[88.545648413939702,22.888687738643277],[88.545487124125387,22.889077651768186],[88.545353538354448,22.889331826651748],[88.5452260018386,22.889689803357026],[88.545086723443688,22.88987178014888],[88.543889348221683,22.890009852976558],[88.543988459346991,22.891015876952213],[88.545269456043826,22.890944725798398],[88.545410204082557,22.891322669945563],[88.544857309889807,22.891562858063089],[88.544735412099001,22.89198851203269],[88.544937107236478,22.892153629116439],[88.545357949082501,22.892303068667907],[88.545791593717922,22.893152305873837],[88.545972508127917,22.893633718751623],[88.546654415666822,22.893595475831685],[88.546703979314302,22.893238259195748],[88.547224040981732,22.893111273951302],[88.547359101786398,22.893417021970304],[88.547244439026898,22.894050326883132],[88.547273516594331,22.894465481387506],[88.547042352223954,22.895140560000613],[88.545616995362664,22.895809196162229],[88.545890815335994,22.896316797794089],[88.546222309845504,22.896322603796346],[88.546530502954852,22.89685244928156],[88.544340092288564,22.897537548990577],[88.542899994073437,22.897768288143247],[88.542572011976674,22.897211534071481],[88.538423305432019,22.898425819215067],[88.536797593719626,22.8990556781207],[88.535440574396944,22.899741627319521],[88.535037027815122,22.899397821083785],[88.534728872435011,22.8988679516121],[88.534369446608366,22.898979797762255],[88.53420450693902,22.898615624246801],[88.533908742919934,22.898753948018488],[88.53361815768848,22.898485814730442],[88.53343342094692,22.898094736175697],[88.532982517878267,22.898306807067129],[88.532916168311388,22.898041023899122],[88.533249345365419,22.897762354763465],[88.533029330884375,22.896834254287384],[88.532565943928191,22.896802598616372],[88.5315038738526,22.897277950113711],[88.530845589310729,22.897686185701389],[88.531176870021184,22.898540966722397],[88.531809925378326,22.898489709886643],[88.531919672556583,22.899147935888532],[88.530945965263925,22.899681135849477],[88.529373556885574,22.900287826834312],[88.52956442462893,22.900791743355168],[88.530104880748269,22.901174884954848],[88.53077012004708,22.901818731632879],[88.530734120960389,22.902085502056181],[88.53107065771357,22.902104838298861],[88.53130241407375,22.901908431363708],[88.531555591660165,22.90188341179956],[88.531636865837172,22.902176145789976],[88.531913291823145,22.902485060907463],[88.532562863605079,22.902167217046859],[88.532765272004909,22.902395561813108],[88.532475135032769,22.902601565377186],[88.532553009984753,22.903025283952175],[88.533127346065015,22.902952009119879],[88.533180042137872,22.903303719678998],[88.53256712161955,22.903413494263575],[88.532596819024533,22.903887348831024],[88.532649921135913,22.904275182649709],[88.532661899271915,22.905340759017971],[88.531997894258268,22.905676804973151]]]},"properties":{"GPCODE":"107777","GPNAME":"ADHATA","STNAME":"WEST BENGAL","DTNAME":"North Twenty Four Pargan*","blkname":"AMDANGA","blklgdcode":"2723"}},{"type":"Feature","geometry":{"type":"Polygon","coordinates":[[[88.525022150886983,22.840605359887871],[88.525045059723325,22.84091220795522],[88.524266575206539,22.841005460588661],[88.524167929408549,22.840460006988803],[88.523697004688856,22.840609015791959],[88.523467842663237,22.840593146220233],[88.52283125872367,22.838115605115114],[88.52272167593712,22.837899900167894],[88.52177416172151,22.838125712020226],[88.521709527936821,22.837570899108243],[88.52280789893301,22.837330098092586],[88.522067843445768,22.835183186682556],[88.521389778899632,22.835103867929217],[88.520699710166383,22.835259477725074],[88.52054423335025,22.834859065389196],[88.520339642942631,22.834422996087383],[88.520163929778107,22.833955039812334],[88.519599379046241,22.833129539997383],[88.518952657618655,22.833239570831324],[88.51886563691879,22.83286108094763],[88.518020396796587,22.833081378918639],[88.51805073829361,22.832742412069631],[88.518014649375388,22.832124104914698],[88.518239073686203,22.832153575024801],[88.51807377918233,22.831306197733852],[88.517668419800287,22.831215231001778],[88.517105165337341,22.831383164059488],[88.51699786427163,22.830932614615616],[88.517415583573666,22.830820258726916],[88.517676521705852,22.830628112770963],[88.51767104288092,22.829255391179611],[88.518114162047624,22.82923762097548],[88.518628744890151,22.829074666199638],[88.518594258566381,22.828600846207696],[88.518219385310132,22.828622482192422],[88.517969608745375,22.828502938614648],[88.517980615802557,22.828177702717895],[88.518267507161568,22.828129812283269],[88.518031356243071,22.827481801100728],[88.517796093758363,22.827353086892394],[88.517338466799799,22.827380026142137],[88.517142689763403,22.826858067604633],[88.51690864719086,22.826399694660051],[88.517331524619252,22.826314384609308],[88.517105922617134,22.825738522981311],[88.516399081439218,22.825695579622749],[88.515654871243768,22.825797493283268],[88.51553326810037,22.825374173001126],[88.515163897025218,22.825011914330336],[88.514808518108921,22.825033357140143],[88.514490031204716,22.824426763106196],[88.513842873195941,22.824053594966568],[88.513791889312017,22.824288896873458],[88.513228109334648,22.8244071458866],[88.513078437431886,22.824087951890419],[88.511850612016715,22.824067999291138],[88.511344634136307,22.824126989360217],[88.510934142679019,22.82445149886524],[88.510689101134133,22.824318351292497],[88.510639184448721,22.823767906811153],[88.510365165947732,22.823657611646389],[88.510399799595206,22.82326441581905],[88.51078395334666,22.823202068734314],[88.51123599997068,22.823111983356331],[88.511231840770918,22.82361778332093],[88.511777731697691,22.823644213274143],[88.511724570297503,22.822800277933556],[88.512701922055271,22.822637467801083],[88.513194329984984,22.822673433030996],[88.513541931287548,22.823270720076458],[88.51444457016315,22.822959588810185],[88.514307663320608,22.822473193592639],[88.51512311979954,22.822208045351765],[88.516060395915844,22.821946248299582],[88.516488029923678,22.821851863989789],[88.515968792011364,22.821152354752421],[88.514275792890942,22.821353598834008],[88.514212699716964,22.82093423663348],[88.515623835349004,22.8207943788425],[88.515029444380019,22.819905922352152],[88.514907949932777,22.819491631365526],[88.515289392568732,22.819185451226655],[88.513848484971518,22.817952809623193],[88.513577771372454,22.818140527037432],[88.513401907290955,22.817654498805123],[88.512926985966573,22.816995199041994],[88.512916509813721,22.816046997213856],[88.512881150327502,22.815491899718502],[88.512482240849195,22.81509830190139],[88.511883605340472,22.815144625315575],[88.511734132863708,22.81440094895645],[88.511009317295247,22.812723458103722],[88.510094129853471,22.811449666661396],[88.509842357232159,22.811587524363389],[88.509485761098645,22.811053529935062],[88.508950208882467,22.81107666500607],[88.5081399698187,22.811368825364127],[88.507867669794834,22.810969502039065],[88.507640298111554,22.810669098326333],[88.50713958256209,22.810759634118526],[88.506564728153904,22.809866437746699],[88.504094310816939,22.810232965618216],[88.504047612795191,22.809528951645824],[88.502354732252385,22.809730063022965],[88.499928088022543,22.810091598873036],[88.49982981143215,22.811347901249075],[88.49943191166021,22.811487117062548],[88.499715117231617,22.812884330870073],[88.498933178692582,22.813094896870684],[88.498707031413048,22.813349903600816],[88.498490592226815,22.814047364603692],[88.495806355190965,22.814469966587353],[88.495559816154483,22.81419682131029],[88.495550656033544,22.813804037026028],[88.494811111687696,22.813883228251683],[88.491004401856543,22.814560127237527],[88.489045902958921,22.81498034123997],[88.487519311355001,22.815251996145879],[88.487535801728683,22.814976380759415],[88.486786603188449,22.815064657301118],[88.486610639393973,22.814560533802805],[88.485685166242163,22.814564648310018],[88.485372262367449,22.812661915194642],[88.486135964207961,22.81256447971985],[88.486227153090752,22.811990128270587],[88.48634342922449,22.811483278204356],[88.487294819670552,22.811176362965575],[88.48906730891386,22.810676626209776],[88.490176211758438,22.810521756754216],[88.490539388051388,22.810324184022519],[88.492555671079643,22.809849223955318],[88.493162854956608,22.809694515859867],[88.493162803752625,22.809242942368542],[88.493649110324967,22.809170647908346],[88.494362110352483,22.808893021256925],[88.495096016871599,22.808746148936137],[88.495383953869634,22.808350578203196],[88.495831094793886,22.808260584026335],[88.495823699862441,22.807583291039968],[88.495640034811061,22.806821851613584],[88.494935017213137,22.8069368440425],[88.49487755018778,22.806580639305263],[88.495923640132759,22.80647599431887],[88.496670415018357,22.806170945071432],[88.496699983065923,22.804418556703016],[88.497186464809715,22.804364314688364],[88.497085444764451,22.803588555126058],[88.496867110132939,22.803220314251451],[88.49684628628637,22.802651524731605],[88.497207308419263,22.802259781220709],[88.497284992030089,22.800899809912917],[88.497502717603808,22.80076680908163],[88.497473418152509,22.799868449271496],[88.497434380065215,22.798970182087729],[88.497089124263837,22.798128978272256],[88.497853459416575,22.797652162076698],[88.498414580380711,22.79729917606879],[88.498840671981242,22.797069384369596],[88.499622370670124,22.796845278312517],[88.49954648458818,22.796141534716991],[88.498885205961443,22.796242584372731],[88.49885856821831,22.795588049693869],[88.498449887764664,22.795628017062285],[88.498133917939853,22.795238115052882],[88.497940421726,22.794467738745247],[88.497766444106617,22.79325463601436],[88.49780455064095,22.792730449793495],[88.497628717102188,22.791792824664963],[88.497502089681433,22.791346954309859],[88.496888790972335,22.791379806404287],[88.496679526630274,22.790948258050783],[88.496558256761844,22.790100433927574],[88.496483525913376,22.789500539261368],[88.497877391434088,22.789144258315105],[88.497750296889379,22.787763629281628],[88.497306860617371,22.787740698959347],[88.497062341891976,22.787648161855852],[88.496927263121023,22.787319779813831],[88.496529223211866,22.786993865025394],[88.495933550346976,22.786854948021304],[88.494823960291171,22.786928571160662],[88.494659028706707,22.786541760813087],[88.494457402739485,22.78546889918352],[88.494245105685039,22.783863275675138],[88.49421883984445,22.783240347127514],[88.494378303383797,22.782231837165984],[88.494771152827198,22.781189531783781],[88.494784136178012,22.780146267613766],[88.494696434555152,22.779248451942582],[88.49459889907483,22.778788757629282],[88.49617922430582,22.778570737358045],[88.496881346633572,22.778649949881391],[88.49873178269408,22.778194549716542],[88.498788376556988,22.777579876228184],[88.500086558025188,22.777391561267851],[88.499303704102871,22.776608660995461],[88.499883804672308,22.775772310406381],[88.502290616795619,22.775433564587772],[88.502658552362959,22.775235922783818],[88.502657884016372,22.774730165232409],[88.503129601948473,22.774671533132672],[88.503096039991135,22.775164065841828],[88.503474997886997,22.77508372898221],[88.503485400377983,22.774699792303743],[88.504180654187081,22.774598408628197],[88.504496327567807,22.774076122020791],[88.504927588972791,22.774324936632027],[88.505275960131542,22.775008045327244],[88.505310921664076,22.775531542615294],[88.505906452595156,22.775661395778847],[88.506432478177786,22.775669978328473],[88.506860949415483,22.77655101865264],[88.50673502268063,22.777500515653262],[88.507078683972352,22.778639754909687],[88.5072086603125,22.778945597931529],[88.507627621984582,22.778959702227684],[88.507763609850628,22.779369349853567],[88.507961058651745,22.780053876926978],[88.508973044056987,22.779967542308292],[88.50928721635286,22.780194872295606],[88.509802825969743,22.78058286432055],[88.51034536707887,22.780762874249376],[88.510643497260418,22.781301940198933],[88.510672467928316,22.781721630593253],[88.509757612863197,22.782227022655203],[88.510015744658418,22.782671637414172],[88.51024908385007,22.783075844869597],[88.509776101090068,22.783906702648402],[88.509778537321125,22.784570493237517],[88.509291433943133,22.784561555942449],[88.508800257603653,22.784624907114686],[88.508817151320898,22.784832472252592],[88.509115335401361,22.785376055756387],[88.508909122636325,22.785667013152],[88.508573719556978,22.785724375021015],[88.508199308933115,22.7857775891896],[88.507863455797803,22.785794310751406],[88.507814508394645,22.786214737680293],[88.508207004800141,22.786477455609745],[88.508412671389479,22.78657937293266],[88.509847865701488,22.787328956278156],[88.509850303729138,22.787992745120054],[88.509380880094298,22.788263617346079],[88.509152652316601,22.788767024838648],[88.509192753110852,22.788870505732294],[88.508941168237456,22.789021904826665],[88.508976896032905,22.789613129654118],[88.510064107258358,22.792370986346736],[88.51070475068471,22.793493852016635],[88.511744248792112,22.79501031904352],[88.51367832788705,22.7946171680661],[88.515002517379386,22.794125926301319],[88.515400619272242,22.794451790089742],[88.516379361622072,22.794433454682267],[88.516939532168621,22.796640832030931],[88.517277385852054,22.797242724226312],[88.517748501912905,22.79756337240152],[88.518353811005852,22.798126589930554],[88.518517122029579,22.798359852212332],[88.518885939742518,22.798238929728637],[88.519076070867357,22.79825518269455],[88.519797682145196,22.79832507224776],[88.520168140181838,22.798791176698511],[88.520264928263799,22.799174089076445],[88.520275819438325,22.799277846947653],[88.520092411305072,22.79942861421836],[88.520075233720192,22.799636502151003],[88.520009458176787,22.799853881731597],[88.519712535330981,22.799870261207989],[88.519601725445753,22.799979695338614],[88.519585748908412,22.800295947201132],[88.519815292718022,22.800352462372651],[88.520642804588078,22.800308446045328],[88.521056860560392,22.800313528229228],[88.521331388406168,22.800473474902773],[88.521354425701631,22.800793871183021],[88.521226844270018,22.801147314370795],[88.521244560844082,22.801427119012057],[88.521419576915918,22.801836378670849],[88.521615786041977,22.801960945795742],[88.522123087140812,22.801590331288885],[88.522161997667311,22.8015854437594],[88.522419561727261,22.801533310652726],[88.522430857143675,22.801673189875814],[88.522544571282225,22.802263663400474],[88.522552699238915,22.8029951301768],[88.52253713143503,22.803347505199291],[88.521984138427598,22.803551476027895],[88.521985135557586,22.804079805850602],[88.521701054128741,22.804376038888599],[88.52121503501732,22.8044709926174],[88.521288632191911,22.804957986243927],[88.521900164813161,22.805638536734669],[88.522060020916285,22.806436291806168],[88.522194929007355,22.80674207165665],[88.52212925407521,22.806968485037032],[88.522073016843493,22.807167713826964],[88.521850238246287,22.807282733290617],[88.521772557330408,22.807744077131673],[88.521824320952021,22.808019042206951],[88.521718276629358,22.808119399895158],[88.52186493378602,22.808605695667151],[88.522247879303436,22.809315523301631],[88.521879484697024,22.809477089043558],[88.521476596580285,22.809602859815385],[88.521304472185307,22.809893509633866],[88.521339913418217,22.810453118030527],[88.521822380591018,22.810913629703077],[88.52207488803424,22.811281506143224],[88.522092609998154,22.811561310676282],[88.522500323864591,22.811430978305349],[88.522757554649544,22.811347237977181],[88.52317349977892,22.811957397899029],[88.523422900847891,22.812921375134636],[88.523479189283606,22.813164686900169],[88.523727186285768,22.813564211628549],[88.523879078823882,22.814082066031968],[88.523902781770971,22.814461157942045],[88.523859200903274,22.814922176897529],[88.523518410627204,22.81493898265564],[88.523137550997902,22.814856825199957],[88.522947348007847,22.814836063915287],[88.522690463074255,22.814951410601864],[88.522629505195695,22.815164233105211],[88.522239453106081,22.815569856199396],[88.521881586754759,22.815803576329333],[88.521720753284626,22.816234103688448],[88.521952380287345,22.816913764032936],[88.522009822159873,22.817260923798326],[88.522474693132907,22.817450659217371],[88.523296631854947,22.81733442701174],[88.523420205003717,22.817057786610494],[88.52343345964573,22.816935736395376],[88.523384601175763,22.816484633214031],[88.523408952706475,22.816046376194194],[88.523614772907749,22.815719278114226],[88.523824861903236,22.815775973194803],[88.524028177601494,22.816537182891693],[88.52437475662127,22.817477649279503],[88.524916865640733,22.818041441109699],[88.52508976168852,22.818694562164318],[88.52523895209427,22.818968591841962],[88.525583976130264,22.819331060345778],[88.525609687710315,22.819452738295709],[88.525509767202976,22.819665932990734],[88.525166661070074,22.819913064703822],[88.525082709015209,22.820248031137574],[88.525100238739668,22.820509774323028],[88.525179536623043,22.821068960707589],[88.524861736031724,22.821401648971229],[88.524175107845991,22.821859788690773],[88.523376848714847,22.822355120089124],[88.523464378759499,22.823216781158514],[88.523486275194543,22.823433325768306],[88.524195887675148,22.825038642082646],[88.524628201905642,22.825364152085772],[88.524797846052095,22.82616180735592],[88.524905871159945,22.826675561808102],[88.525584359710891,22.827233527296521],[88.526118636319381,22.827964466706625],[88.526253627055453,22.828274756926543],[88.526186591175687,22.828379260143439],[88.526125685399421,22.828596596340887],[88.526149045190067,22.828944082335557],[88.526233767999443,22.829114866332549],[88.526693362268489,22.829263995193159],[88.526833933339091,22.829637448764785],[88.526936393383764,22.830088035613951],[88.526803175023772,22.830373800750483],[88.526820912259069,22.830653604965853],[88.527000454941643,22.831026687121287],[88.527057916577078,22.831373843189905],[88.527320806748364,22.831357776320832],[88.52770100881088,22.831376707010168],[88.528160160210476,22.831485194339624],[88.528660115785257,22.832193875255467],[88.529001754969244,22.832249300058113],[88.529461312407363,22.832393904175973],[88.529859561623951,22.832719723619491],[88.529993760944237,22.832957766702329],[88.529985004166861,22.8334816698138],[88.529920163769631,22.834218348724072],[88.529137004420107,22.834325216042121],[88.528623222874856,22.83456044968931],[88.528232383861024,22.834898362217732],[88.527954287008612,22.835298410985867],[88.527630379669986,22.835522785768458],[88.527484342350888,22.835533219061848],[88.52728883391076,22.835476389808875],[88.526828598244634,22.834835060084075],[88.526156309865755,22.834836989946822],[88.526050803633964,22.834987019099742],[88.52610786282419,22.835298054157033],[88.526444803819274,22.83580509788715],[88.52646776565625,22.836116461408121],[88.526531209173186,22.836562904683511],[88.527029042927239,22.836643929718065],[88.52757258655619,22.836891595234704],[88.527741289268235,22.837165434291322],[88.527636488213929,22.837378675755208],[88.527469569556047,22.837700891028518],[88.527621992100194,22.838285413108803],[88.52762226608634,22.838286466186108],[88.527377102370593,22.838582336706885],[88.5274117746456,22.83906970010656],[88.52744720509871,22.839624789214284],[88.526584572694333,22.840034957340521],[88.52593330579144,22.840176672163604],[88.525902278879826,22.840452425284354],[88.525022150886983,22.840605359887871]]]},"properties":{"GPCODE":"107778","GPNAME":"AMDANGA","STNAME":"WEST BENGAL","DTNAME":"North Twenty Four Pargan*","blkname":"AMDANGA","blklgdcode":"2723"}},{"type":"Feature","geometry":{"type":"Polygon","coordinates":[[[88.433870266094004,22.793141992313121],[88.434901419750759,22.795336449039425],[88.432976966104107,22.796211764065909],[88.431154632938942,22.79660746112949],[88.431167724985912,22.798327881278048],[88.430333631159755,22.798678569868986],[88.428918049765372,22.798849315630218],[88.428944267096952,22.800429628379362],[88.427338109013348,22.800543363318567],[88.42588296491553,22.800537490288146],[88.425785514775171,22.800159408868204],[88.425883204765697,22.79986948359905],[88.426130898137302,22.799134382780192],[88.426303500436006,22.799008937738829],[88.427119183290387,22.798416099871368],[88.427415989355211,22.797788450339304],[88.426870450568003,22.797224244269572],[88.426047219170286,22.796596860881163],[88.424761253891603,22.795572419179248],[88.42371886141234,22.794719380754344],[88.422963766330597,22.794046845333078],[88.422216226080366,22.793428649049456],[88.420835228926109,22.792286574254707],[88.418200768438453,22.792377581065118],[88.417454732866361,22.792349303195401],[88.416189551908431,22.792301341364148],[88.41510791562763,22.791960860159676],[88.414700121811165,22.791832491690826],[88.413741417282054,22.79153069669773],[88.41366694065681,22.791507252711952],[88.414226807572788,22.79014224561319],[88.414620736791164,22.789181791038949],[88.415429121732188,22.78938027229886],[88.416894202095364,22.787162978126446],[88.418719445802054,22.784701772269678],[88.419940991095089,22.782773555096007],[88.420914561843816,22.781658048651583],[88.422019374658916,22.780172329147486],[88.422710452200249,22.779178819308953],[88.424637708590581,22.776712939620886],[88.424729251409602,22.776467879755135],[88.425099869346354,22.775475709593305],[88.425245671306897,22.774744193762789],[88.425478042114676,22.77333041678104],[88.425637511942256,22.772360171053197],[88.42582379378608,22.771226767747308],[88.42590986855997,22.77084543764915],[88.426183561870843,22.769632885228177],[88.426224807118814,22.768769923742198],[88.426246362194036,22.768318927897923],[88.426313867892702,22.766558039068279],[88.426475783832771,22.76611342979238],[88.426775946901785,22.765289197208848],[88.427695838820725,22.764525826850697],[88.428289025148914,22.76414061961993],[88.428745725046113,22.763844040747312],[88.42951136185772,22.763346834251525],[88.429516230726563,22.763346791177526],[88.429735275925438,22.763161665597973],[88.429725417813515,22.762822972975616],[88.429667438748425,22.762272777185416],[88.429744056957318,22.762209280615242],[88.430313932902237,22.761757106714438],[88.430576712580702,22.761741204764796],[88.430845703211062,22.762321340187917],[88.430854079102758,22.763125089913363],[88.430982836429067,22.763331666401928],[88.431284947045654,22.763351535116598],[88.431647717300109,22.763117972750365],[88.431657944619587,22.762697906231754],[88.43174715900544,22.762380995637116],[88.432282238707771,22.761861388402163],[88.432253843859954,22.761473279373249],[88.431867977021227,22.761359327134222],[88.431721628885057,22.7613335436501],[88.431699233885027,22.761053761139813],[88.431838217632517,22.760840269357193],[88.432128372570958,22.760648000722],[88.43234695334084,22.76059636472619],[88.432716309144638,22.760994963292315],[88.432794587440185,22.761030387298252],[88.4333201432039,22.760998574944274],[88.433644707211002,22.760837605346612],[88.433621271063558,22.760458483640704],[88.433575660003299,22.760287291384685],[88.433697441013109,22.759825579093683],[88.433254300286833,22.759355391840192],[88.433980660059277,22.758969537147181],[88.434878007857805,22.760036251046763],[88.436026662950354,22.760920062910909],[88.437140211881641,22.761239699712256],[88.438930633294603,22.761562260694458],[88.439992615335299,22.761606876829344],[88.440552251384261,22.761574733266855],[88.440702084983769,22.761004383408178],[88.442462711075407,22.760807850598148],[88.442900604742121,22.760760331621867],[88.443688376042331,22.760674844639542],[88.444402740610784,22.760076807857967],[88.445945389600425,22.759990590656745],[88.447674005125222,22.759992988778169],[88.448859503720854,22.760208026786685],[88.449491393963058,22.760563559063673],[88.450343622079814,22.761034499278896],[88.45242600584163,22.761796805666407],[88.453027167412912,22.762008095844358],[88.453216957177958,22.761997337176929],[88.453451325838941,22.761597809635116],[88.453892669036364,22.761431221163907],[88.45507221898815,22.761542401659668],[88.456471106989611,22.761674152641714],[88.45703560382259,22.761641908035532],[88.456901822218882,22.759588426343772],[88.456989442095079,22.75912701238904],[88.458191783203958,22.759093458353576],[88.458789631788491,22.758993163166764],[88.45880423839499,22.758076317194412],[88.459290869259121,22.758049289694505],[88.459449188344792,22.7587432810023],[88.460281740661927,22.758735669071477],[88.460431489819783,22.758165304870815],[88.460372816356994,22.757226550057233],[88.460378087671089,22.756806529202709],[88.459125210937586,22.756664445198421],[88.458887991023872,22.755876343045568],[88.458690947362953,22.75474467011491],[88.458828730961216,22.754422787230933],[88.458823526122458,22.75439122434328],[88.459146939387693,22.754126351278284],[88.45913012741714,22.753918776722678],[88.459453585598112,22.753658418377615],[88.459828271106502,22.753636930377443],[88.459850741564992,22.753460606707321],[88.460218687013793,22.75326306315463],[88.460602794052875,22.752753778019976],[88.461048986356175,22.752131027268383],[88.461650965394384,22.751506851284223],[88.4620017018173,22.751065603616325],[88.462241664287546,22.750738267669732],[88.462515643262691,22.750862202970858],[88.463237663273972,22.750995579676204],[88.463732069955242,22.751243935981584],[88.464330600361052,22.751211353403047],[88.46459406814904,22.751719226037949],[88.465696027016492,22.751867169601145],[88.466747134950666,22.751812360765367],[88.467485649827196,22.752121682754659],[88.46795649729178,22.752442494952788],[88.468324403214709,22.754064807607627],[88.468754848051091,22.75607038701169],[88.46936944572407,22.757992983973566],[88.469696251926123,22.758956360219855],[88.470172382382898,22.759313241029446],[88.470373789161158,22.759478472729562],[88.470757837809757,22.760784518960961],[88.470921217105442,22.761035900864549],[88.471492123417946,22.761148050862914],[88.471685672632447,22.762397145189517],[88.471770980245068,22.763087276667267],[88.471846619290304,22.764238108749051],[88.472199987777003,22.764496767882591],[88.47315196841619,22.765178903597441],[88.474621726307063,22.766917462847196],[88.474831348178611,22.767845782144068],[88.474957179692041,22.768680042599414],[88.474481104930788,22.770599139703407],[88.473765533924933,22.772890743798218],[88.473009360864836,22.774577603111272],[88.472918813379138,22.776122840820779],[88.472988442695126,22.777165348905466],[88.473147198362042,22.777890926399245],[88.473602068390974,22.778527968804791],[88.473182356625642,22.778897623932604],[88.472862328212372,22.778119345691003],[88.472455044638991,22.77828567360298],[88.47265154302255,22.77889800906971],[88.47238980628812,22.779013319080406],[88.472026633588428,22.778298658165877],[88.471667559003038,22.778419381328419],[88.471345431226993,22.77789851904036],[88.470714589318746,22.778107546346412],[88.470214107331216,22.778211505776049],[88.468826873173938,22.778730052730644],[88.468691241939069,22.778342943326443],[88.469036145600825,22.778262999275022],[88.468963866254768,22.777879821115206],[88.46830259661121,22.77797622369707],[88.468352268954845,22.778522179308098],[88.467958329854966,22.778570961814864],[88.467983728821295,22.778213978948678],[88.467711284168686,22.778239065166034],[88.4677211773149,22.778708616714859],[88.467258678792575,22.778721902721582],[88.467232995958582,22.779507889345446],[88.467319350108539,22.779841263811999],[88.467291445740869,22.780419543245198],[88.466736904037873,22.780478832155978],[88.466446664657795,22.780662131996142],[88.466389341362898,22.78076652264911],[88.467053187374702,22.780909441282116],[88.46717140656439,22.781034796959766],[88.467654066874971,22.781084546779123],[88.467691438587423,22.78139127715982],[88.467507750179834,22.781519410298294],[88.467269434321452,22.781548695891811],[88.466654425220071,22.781418877319336],[88.46558457303918,22.780651991010458],[88.465129445193739,22.780900024196377],[88.46552605678157,22.782923977852175],[88.465215465170402,22.783026178599126],[88.465399547040121,22.783390269121249],[88.465650408769719,22.784078882336427],[88.464888917683169,22.784370371730748],[88.463661768699424,22.784837732251571],[88.462119623664634,22.785452478222822],[88.460567146207453,22.786013113730675],[88.45894161056485,22.786574402044501],[88.458039490915539,22.786925852997882],[88.458261875152317,22.787686992778571],[88.45580894531895,22.788761583617173],[88.454749835192246,22.786712034789208],[88.457314933163545,22.785654498057763],[88.456839553698345,22.78445763365211],[88.455475468227604,22.781661245639235],[88.45527289543611,22.781387628776752],[88.455026225245589,22.78154793225838],[88.454640606341911,22.781005034190212],[88.453166726082188,22.781628102149742],[88.45393638015976,22.782564896046747],[88.454615564905041,22.783236077624725],[88.454236370752255,22.783758854262913],[88.453856910698136,22.78333782592701],[88.453426529642144,22.783626244196814],[88.453714758592639,22.784170032936789],[88.451111848734413,22.785796850043365],[88.451258525653984,22.787231548243419],[88.450201024409935,22.787168912191763],[88.450243467112159,22.786576953745023],[88.446915337443585,22.786408480949003],[88.446529129245064,22.787193222393967],[88.446420445672103,22.787970929589225],[88.446306951620812,22.790139558157243],[88.446161844057997,22.792543293653196],[88.443950395746072,22.793904534257475],[88.442733156078205,22.794403260053702],[88.442220689666499,22.79291315510854],[88.441467456792338,22.793073503843825],[88.440634052872355,22.791166320652479],[88.433870266094004,22.793141992313121]]]},"properties":{"GPCODE":"107779","GPNAME":"BERABERIA","STNAME":"WEST BENGAL","DTNAME":"North Twenty Four Pargan*","blkname":"AMDANGA","blklgdcode":"2723"}},{"type":"Feature","geometry":{"type":"Polygon","coordinates":[[[88.442733156078205,22.794403260053702],[88.441011934586513,22.795145872890835],[88.44009192229332,22.795194825848704],[88.439329124158007,22.795373315052892],[88.438648129307438,22.795921360012059],[88.437404565408485,22.796700267924809],[88.436166230602808,22.797050112685902],[88.435708910868087,22.797099389591409],[88.434684473914714,22.798341436173327],[88.431167724985912,22.798327881278048],[88.431154632938942,22.79660746112949],[88.432976966104107,22.796211764065909],[88.434901419750759,22.795336449039425],[88.433870266094004,22.793141992313121],[88.440634052872355,22.791166320652479],[88.441467456792338,22.793073503843825],[88.442220689666499,22.79291315510854],[88.442733156078205,22.794403260053702]]]},"properties":{"GPCODE":"107780","GPNAME":"BODAI","STNAME":"WEST BENGAL","DTNAME":"North Twenty Four Pargan*","blkname":"AMDANGA","blklgdcode":"2723"}},{"type":"Feature","geometry":{"type":"Polygon","coordinates":[[[88.482730793223979,22.813887704632506],[88.481915018741418,22.814125596819959],[88.481356738250227,22.813850809677877],[88.48092856076164,22.813895431067536],[88.480849386845748,22.812880120258853],[88.480596836283411,22.812498625922153],[88.480072486957098,22.810855240876563],[88.479512180764942,22.810842378654272],[88.479281260736343,22.810207799168545],[88.479087551621717,22.809410304662702],[88.478873734617792,22.809005869723254],[88.478710276270377,22.808302925905174],[88.478241153571119,22.808162772770189],[88.478134829872431,22.807788949772647],[88.478016624157434,22.807216542395512],[88.477247781258569,22.807286890249671],[88.47718510130963,22.806894597796614],[88.476405885564191,22.806906333372304],[88.476341310170014,22.806337944297361],[88.475674991994524,22.806429913898057],[88.475516562416075,22.806192043879644],[88.475093667021341,22.806272725943895],[88.474748715748873,22.805449530144433],[88.473626627432552,22.805735370173664],[88.472975597684894,22.805890408203265],[88.47308755382042,22.806336436354108],[88.473221077607619,22.806976442071104],[88.473710860660091,22.80813247104923],[88.473817851807055,22.808569512251633],[88.473191456559462,22.808751417949342],[88.47255737442795,22.807312227823221],[88.47170611828831,22.807419435898993],[88.471252100760552,22.807324279689198],[88.470976302696982,22.8070423316614],[88.470164928162689,22.807234963859866],[88.470540997076611,22.808690094340776],[88.47007497985328,22.808838896953294],[88.470305734591889,22.809916041243554],[88.469155343954228,22.810292427878725],[88.467619495211281,22.810609136910433],[88.467262671804008,22.810038916702808],[88.465254482596464,22.810825077212083],[88.464167555238674,22.808482337805295],[88.463381812334347,22.806972246182774],[88.462859522845022,22.805500374072491],[88.462415266411156,22.804036815085837],[88.462224941250213,22.803546339309964],[88.461937978025958,22.803585097800362],[88.461945170836444,22.802889598019551],[88.461611920120546,22.802698474286604],[88.461125805787702,22.802788731334417],[88.461111059044015,22.802319223773715],[88.460366831780561,22.801955746081365],[88.459983416444274,22.800712896861342],[88.459602279235497,22.799226170085277],[88.459161125582639,22.797590970116307],[88.458685605081939,22.795928988087997],[88.458395436668766,22.795665209288057],[88.457369442036651,22.795823611948826],[88.456966044575168,22.795904066613176],[88.45690935459254,22.795611058198979],[88.456474721810324,22.795502132358575],[88.456301081059166,22.794745061036348],[88.45617300914742,22.792316722974459],[88.455248392988409,22.792388385371332],[88.455192438726002,22.79124639461914],[88.454286879427428,22.791277232611947],[88.454366364160393,22.789587591681947],[88.453435698746247,22.789546402623078],[88.453114541150711,22.790032521175036],[88.452570495363503,22.789707822021423],[88.45351496788355,22.788294798057876],[88.452965436983234,22.787911445167435],[88.452558393260006,22.788565430336153],[88.451172933275402,22.788347734606592],[88.451258525653984,22.787231548243419],[88.451111848734413,22.785796850043365],[88.453714758592639,22.784170032936789],[88.453426529642144,22.783626244196814],[88.453856910698136,22.78333782592701],[88.454236370752255,22.783758854262913],[88.454615564905041,22.783236077624725],[88.45393638015976,22.782564896046747],[88.453166726082188,22.781628102149742],[88.454640606341911,22.781005034190212],[88.455026225245589,22.78154793225838],[88.45527289543611,22.781387628776752],[88.455475468227604,22.781661245639235],[88.456839553698345,22.78445763365211],[88.457314933163545,22.785654498057763],[88.454749835192246,22.786712034789208],[88.45580894531895,22.788761583617173],[88.458261875152317,22.787686992778571],[88.458039490915539,22.786925852997882],[88.45894161056485,22.786574402044501],[88.460567146207453,22.786013113730675],[88.462119623664634,22.785452478222822],[88.463661768699424,22.784837732251571],[88.464888917683169,22.784370371730748],[88.465650408769719,22.784078882336427],[88.465399547040121,22.783390269121249],[88.465215465170402,22.783026178599126],[88.46552605678157,22.782923977852175],[88.465129445193739,22.780900024196377],[88.46558457303918,22.780651991010458],[88.466654425220071,22.781418877319336],[88.467269434321452,22.781548695891811],[88.467507750179834,22.781519410298294],[88.467691438587423,22.78139127715982],[88.467654066874971,22.781084546779123],[88.46717140656439,22.781034796959766],[88.467053187374702,22.780909441282116],[88.466389341362898,22.78076652264911],[88.466446664657795,22.780662131996142],[88.466736904037873,22.780478832155978],[88.467291445740869,22.780419543245198],[88.467319350108539,22.779841263811999],[88.467232995958582,22.779507889345446],[88.467258678792575,22.778721902721582],[88.4677211773149,22.778708616714859],[88.467711284168686,22.778239065166034],[88.467983728821295,22.778213978948678],[88.467958329854966,22.778570961814864],[88.468352268954845,22.778522179308098],[88.46830259661121,22.77797622369707],[88.468963866254768,22.777879821115206],[88.469036145600825,22.778262999275022],[88.468691241939069,22.778342943326443],[88.468826873173938,22.778730052730644],[88.470214107331216,22.778211505776049],[88.470714589318746,22.778107546346412],[88.471345431226993,22.77789851904036],[88.471667559003038,22.778419381328419],[88.472026633588428,22.778298658165877],[88.47238980628812,22.779013319080406],[88.47265154302255,22.77889800906971],[88.472455044638991,22.77828567360298],[88.472862328212372,22.778119345691003],[88.473182356625642,22.778897623932604],[88.473602068390974,22.778527968804791],[88.474393544343428,22.77967218470263],[88.474875459052328,22.780105763146821],[88.476062234153972,22.780419924236796],[88.476885803318225,22.780471007750577],[88.477110083000269,22.780947605733953],[88.477670511363286,22.7809830576916],[88.477849849230012,22.78135620712548],[88.477945774929282,22.781671423820463],[88.478248608689668,22.781754417919181],[88.479109000695757,22.781606453732749],[88.479444411859902,22.781549153906226],[88.479701227623238,22.781429362794405],[88.479429365078886,22.780153915621721],[88.480267198591577,22.779721660869136],[88.481720572109964,22.779468833295521],[88.482719716996527,22.779093772066428],[88.483821115315237,22.778717755658839],[88.484802644239082,22.777615805310241],[88.486341923648084,22.776305445798418],[88.487295717985845,22.775343729246778],[88.488544854134489,22.774225716974346],[88.489494482085945,22.773331762745318],[88.49103406063395,22.772057483979101],[88.492182851372135,22.771121012214042],[88.492869694255205,22.770694622215363],[88.49393253239036,22.770364057374177],[88.494742961896947,22.770108101349141],[88.494662697426335,22.769445036408232],[88.495272604995222,22.769556732212802],[88.496157247022381,22.769855514396244],[88.496923557570454,22.770019927397453],[88.497017490806456,22.769702942684667],[88.497302695129392,22.769510605355386],[88.497906553443173,22.769513969946029],[88.498181336410482,22.769705569248412],[88.498810059192991,22.770647976397118],[88.499202444207413,22.770906205922763],[88.499259407277904,22.771217258880498],[88.498907220075822,22.77151860597731],[88.498936891429636,22.772006031209791],[88.499101777200053,22.772835382648676],[88.499137059431149,22.773390489016887],[88.499601307871657,22.773539663125202],[88.500820672953495,22.77371786177887],[88.501838969921891,22.773766985599167],[88.502319238917167,22.77359989761262],[88.502582075189522,22.773588391918121],[88.503113308305856,22.773628547127313],[88.503729938866329,22.773907231242394],[88.504496327567807,22.774076122020791],[88.504180654187081,22.774598408628197],[88.503485400377983,22.774699792303743],[88.503474997886997,22.77508372898221],[88.503096039991135,22.775164065841828],[88.503129601948473,22.774671533132672],[88.502657884016372,22.774730165232409],[88.502658552362959,22.775235922783818],[88.502290616795619,22.775433564587772],[88.499883804672308,22.775772310406381],[88.499303704102871,22.776608660995461],[88.500086558025188,22.777391561267851],[88.498788376556988,22.777579876228184],[88.49873178269408,22.778194549716542],[88.496881346633572,22.778649949881391],[88.49617922430582,22.778570737358045],[88.49459889907483,22.778788757629282],[88.494696434555152,22.779248451942582],[88.494784136178012,22.780146267613766],[88.494771152827198,22.781189531783781],[88.494378303383797,22.782231837165984],[88.49421883984445,22.783240347127514],[88.494245105685039,22.783863275675138],[88.494457402739485,22.78546889918352],[88.494659028706707,22.786541760813087],[88.494823960291171,22.786928571160662],[88.495933550346976,22.786854948021304],[88.496529223211866,22.786993865025394],[88.496927263121023,22.787319779813831],[88.497062341891976,22.787648161855852],[88.497306860617371,22.787740698959347],[88.497750296889379,22.787763629281628],[88.497877391434088,22.789144258315105],[88.496483525913376,22.789500539261368],[88.496558256761844,22.790100433927574],[88.496679526630274,22.790948258050783],[88.496888790972335,22.791379806404287],[88.497502089681433,22.791346954309859],[88.497628717102188,22.791792824664963],[88.49780455064095,22.792730449793495],[88.497766444106617,22.79325463601436],[88.497940421726,22.794467738745247],[88.498133917939853,22.795238115052882],[88.498449887764664,22.795628017062285],[88.49885856821831,22.795588049693869],[88.498885205961443,22.796242584372731],[88.49954648458818,22.796141534716991],[88.499622370670124,22.796845278312517],[88.498840671981242,22.797069384369596],[88.498414580380711,22.79729917606879],[88.497853459416575,22.797652162076698],[88.497089124263837,22.798128978272256],[88.497434380065215,22.798970182087729],[88.497473418152509,22.799868449271496],[88.497502717603808,22.80076680908163],[88.497284992030089,22.800899809912917],[88.497207308419263,22.802259781220709],[88.49684628628637,22.802651524731605],[88.496867110132939,22.803220314251451],[88.497085444764451,22.803588555126058],[88.497186464809715,22.804364314688364],[88.496699983065923,22.804418556703016],[88.496670415018357,22.806170945071432],[88.495923640132759,22.80647599431887],[88.49487755018778,22.806580639305263],[88.494935017213137,22.8069368440425],[88.495640034811061,22.806821851613584],[88.495823699862441,22.807583291039968],[88.495831094793886,22.808260584026335],[88.495383953869634,22.808350578203196],[88.495096016871599,22.808746148936137],[88.494362110352483,22.808893021256925],[88.493649110324967,22.809170647908346],[88.493162803752625,22.809242942368542],[88.493162854956608,22.809694515859867],[88.492555671079643,22.809849223955318],[88.490539388051388,22.810324184022519],[88.490176211758438,22.810521756754216],[88.48906730891386,22.810676626209776],[88.487294819670552,22.811176362965575],[88.48634342922449,22.811483278204356],[88.486227153090752,22.811990128270587],[88.486135964207961,22.81256447971985],[88.485372262367449,22.812661915194642],[88.48421930434472,22.812799095984296],[88.483831613027647,22.812983336917181],[88.483828915386823,22.813633632939357],[88.482730793223979,22.813887704632506]]]},"properties":{"GPCODE":"107780","GPNAME":"BODAI","STNAME":"WEST BENGAL","DTNAME":"North Twenty Four Pargan*","blkname":"AMDANGA","blklgdcode":"2723"}},{"type":"Feature","geometry":{"type":"Polygon","coordinates":[[[88.49374316034195,22.883837114700988],[88.492369418880202,22.884330216690362],[88.492064262076525,22.883645456657895],[88.491973216025855,22.883441153201193],[88.491934951387975,22.883355288022479],[88.490633979752488,22.883532315064013],[88.489833714683328,22.882101651055752],[88.48635944708434,22.882216986216367],[88.485760643590666,22.882822360748374],[88.485646871959929,22.882822431923678],[88.485346391785626,22.882822618965712],[88.485106776065038,22.882389855112567],[88.484936562386693,22.882082436933626],[88.483659794958214,22.882038179722198],[88.481462017208258,22.881804890390836],[88.481095449775111,22.880396416923546],[88.479812784008459,22.880090286998612],[88.478756164011713,22.879838097693227],[88.478478375281469,22.879765992206348],[88.477777257270219,22.880547590898296],[88.474424544305577,22.880192981732929],[88.473539496239894,22.87987706618976],[88.472202053902166,22.879399655816297],[88.471792398776401,22.878867159942079],[88.471322082216133,22.878440228319491],[88.470768510693645,22.877937717736703],[88.468989732345051,22.877613672719786],[88.46759103837968,22.877212583134011],[88.467303146297425,22.876652938147295],[88.46715635529182,22.875745451925098],[88.467204726874925,22.875465472337389],[88.46720813059153,22.875445773920013],[88.467470490756796,22.873927217633661],[88.467539769729811,22.873526224757523],[88.467593218590906,22.873216843122066],[88.467583246392934,22.872869221954623],[88.467154227182903,22.872472091233391],[88.466593948838508,22.872567214298826],[88.465867713033589,22.872228993962214],[88.46581546072845,22.872158562979511],[88.46514113407224,22.871249628891881],[88.46461000695713,22.871281615804701],[88.464610855865047,22.871306294208484],[88.46464482835249,22.872292914347241],[88.464284215851336,22.872229944143765],[88.4637009127879,22.871934495306256],[88.462895116791515,22.871526345317942],[88.462471209893806,22.871776272264796],[88.461931608970602,22.872094404985649],[88.461906344751569,22.872109300005562],[88.4618746917142,22.872072986977123],[88.461710396136965,22.871884490644067],[88.46121403472165,22.871315017231876],[88.460258733010861,22.870945279404729],[88.459365724973438,22.868715370894581],[88.458930450794085,22.868300549010389],[88.458210346889302,22.867614273717308],[88.457730350083523,22.867236168382281],[88.45434977497203,22.864573107690763],[88.453043468242072,22.863422412004393],[88.452599694203485,22.862813039916361],[88.45246501877611,22.862496433340894],[88.452058233767673,22.861540107217106],[88.451808815630727,22.859950930856051],[88.451988368194776,22.858560238850036],[88.452132695121591,22.857446064978443],[88.452235782190328,22.856650241246612],[88.453984743658026,22.85655461202494],[88.454156409013862,22.856542613356986],[88.45428670515426,22.856533506950846],[88.455090605705379,22.856477308963463],[88.455377152111339,22.856368421882149],[88.455816328572297,22.856201532876192],[88.455932950557411,22.855713842640721],[88.455567355999705,22.85537985918101],[88.455435531825017,22.854842693126898],[88.455995364605045,22.853998088739825],[88.455897509324529,22.853420243335957],[88.455897123947267,22.852697810612277],[88.456061918987785,22.851261909613655],[88.457415232759971,22.849518445287927],[88.457345493849502,22.849859843862877],[88.457673023195355,22.8499607079602],[88.458799797124243,22.850076827035611],[88.458936303318168,22.850540699695252],[88.459447621682955,22.850513433904801],[88.460093090858976,22.849816600168062],[88.460630307653403,22.849477502832066],[88.461084700676949,22.849139166249305],[88.461286479357739,22.849783069283419],[88.461347021316328,22.850432784682948],[88.462068170860093,22.850435193630481],[88.462045206328199,22.850110270098995],[88.463500039608917,22.849920783028445],[88.463485364730431,22.849460309778422],[88.464171777320502,22.849404323273269],[88.464154308681472,22.849138053652656],[88.465382228419742,22.849144816981958],[88.465608464632481,22.847977665005811],[88.465958175179324,22.847875098241531],[88.466360537781625,22.847230152204723],[88.466351113555973,22.846805757010287],[88.466011615955594,22.846497296359168],[88.466135331038188,22.846220695365005],[88.466463003216177,22.846335085788773],[88.466583567907094,22.845764988737173],[88.466847448021809,22.845383233071139],[88.467375878394421,22.845590602983229],[88.467967839420567,22.844907780228173],[88.468560039398568,22.845155202213107],[88.468956689613961,22.845341204061452],[88.468709904439123,22.845953109860805],[88.469247889293086,22.84614232264931],[88.468890387657794,22.847333269138478],[88.469293131145747,22.847632107633931],[88.468985531822796,22.848479395653591],[88.469636017191391,22.848708212340686],[88.469407145321625,22.849627024111282],[88.469694200174033,22.849588248098737],[88.470220839305966,22.85008011927248],[88.470859501947118,22.850114858699595],[88.470888282172183,22.850525528303841],[88.472268602895028,22.85065727026269],[88.47328621175393,22.850589149295139],[88.473328216078315,22.849965586302769],[88.474032845604029,22.849791979120329],[88.473988612559452,22.849304687253898],[88.47570757029662,22.849211990814105],[88.476305350609195,22.849070974983874],[88.476421403960742,22.849440190368046],[88.476464868945754,22.850306812396735],[88.47685862389099,22.850673450746562],[88.479005091668526,22.850012281957902],[88.480692422419523,22.849698555357623],[88.481226768198297,22.849549078859461],[88.481937039143986,22.849447636636345],[88.481913538317841,22.849077565301045],[88.481778326596228,22.848740143300205],[88.482281451427284,22.848857382639533],[88.483031622842944,22.848841364193586],[88.483113245566301,22.849179284293704],[88.483575389254099,22.849111757791935],[88.483534720724577,22.848507026096531],[88.485121476994664,22.84835675771123],[88.485612113446635,22.848221222059845],[88.486030345686714,22.84680389023309],[88.486386134234806,22.84681411487362],[88.486873780195211,22.845956086788856],[88.487290503265598,22.845297410894112],[88.487599354840057,22.844576522834203],[88.488285031709907,22.844904277592001],[88.487660327091646,22.84704606276134],[88.487377812324695,22.847053218589743],[88.487322090725925,22.847753678324835],[88.48742277030972,22.848050776622387],[88.488293845979484,22.84795231927199],[88.488622897969762,22.849534266632379],[88.48893454240644,22.850858978159629],[88.488765104872471,22.850959910224311],[88.488662784964987,22.85185498179332],[88.488195164248907,22.852762502591769],[88.488077786780593,22.8531700177296],[88.488055978380473,22.853852097023957],[88.488148394361929,22.854284744021911],[88.488352572442878,22.854689251370527],[88.488899226039351,22.855221509249041],[88.489751055304126,22.85558834211901],[88.490434823254006,22.855735474313178],[88.490795165362243,22.856161093241131],[88.491264519826842,22.856752771590923],[88.492500023142753,22.856556044083899],[88.494189747903974,22.856011847349784],[88.495132466912594,22.855777206246447],[88.495503852010614,22.856320119203584],[88.495994848687019,22.856216158125985],[88.495952166134614,22.855877881357845],[88.49642888858115,22.855805662162801],[88.497214014342873,22.855418957206329],[88.497464073876927,22.855561107141202],[88.497553800302455,22.855745406901832],[88.497894696579721,22.85572865088341],[88.498183514825044,22.856294913264463],[88.499053541262526,22.856097059310528],[88.499632380597305,22.856005807016714],[88.500114371663017,22.85596965441324],[88.500780707804779,22.855859510349188],[88.500760242386008,22.855326847697508],[88.502427986270533,22.855004043408229],[88.502477194185161,22.855491275113359],[88.502988315818882,22.855445807291883],[88.503502718100037,22.855255803668186],[88.50397506036127,22.85522876232611],[88.504041128755475,22.855476501611847],[88.50403337180299,22.855657203932704],[88.503673036881281,22.855678671712727],[88.503688689126804,22.856658432949004],[88.50378642403308,22.857569683911169],[88.504165902951812,22.857516424121766],[88.504224415616164,22.857962926280152],[88.506477437061122,22.85768873176993],[88.507008064712934,22.858528144643454],[88.508114242967267,22.86030136716996],[88.507712737357764,22.860567082678447],[88.507126085374964,22.860834551677431],[88.507374429126813,22.861261190982031],[88.507787425985441,22.861153416920676],[88.508225404992075,22.86198466998977],[88.508817232169264,22.86174424330558],[88.509129270966369,22.862201883787627],[88.509508462424193,22.862121519623138],[88.510194633367448,22.863803880282159],[88.510843882654214,22.863468069192496],[88.510572390215771,22.862712009874286],[88.5119439568562,22.862039691127841],[88.512385786940484,22.861895505088675],[88.513040754902335,22.863397520267487],[88.513483336876504,22.863321058769621],[88.513536211714126,22.863695358308398],[88.514173487356501,22.863598979975734],[88.514813483097498,22.864626981373899],[88.515516865761612,22.866096912842536],[88.515950561600988,22.866097296077619],[88.515771071020708,22.866609279011072],[88.51593230064789,22.867086405743585],[88.516424167791826,22.867059139133708],[88.516346648572693,22.86753854132435],[88.516731874912637,22.86756196228486],[88.516768068035418,22.86862731870913],[88.518292508174255,22.868992093311022],[88.518152802181262,22.870013971151117],[88.516829881110127,22.869805323284677],[88.516739550118388,22.870447411772091],[88.517771979382871,22.87082591208317],[88.519020765188557,22.871378451365626],[88.518838064927735,22.872039484758705],[88.518397720656949,22.871881125271294],[88.51828027312007,22.87227511086601],[88.517582180634705,22.872164365876746],[88.517315961306991,22.874519576766311],[88.517247134186533,22.874904064666712],[88.515609446134775,22.874879040123723],[88.514211070173033,22.874901392126837],[88.5141659477963,22.875226951623567],[88.514712046233925,22.875253360787411],[88.515132642839831,22.875827362380011],[88.514643999749495,22.876148114260815],[88.51377647601835,22.876580849177454],[88.513184447618556,22.876807753012105],[88.512401976378527,22.877000340232836],[88.512378833980165,22.87667091486265],[88.510700913081806,22.876975868122209],[88.510821706843103,22.877322429313558],[88.508528513636946,22.877958333655727],[88.509099742444647,22.87937535711503],[88.508099364171201,22.879696430842742],[88.5079782748642,22.879322777918542],[88.506517807349979,22.879905598994632],[88.505103969585562,22.880740844852038],[88.504730592922542,22.880911460332495],[88.504886782102673,22.881375097790269],[88.5044373118469,22.881775171996988],[88.504369621095307,22.881677126410935],[88.504235020228094,22.881761512027925],[88.503930820130151,22.881952217651587],[88.50368733895894,22.88173984560099],[88.50370556757268,22.881677671816892],[88.503877942597569,22.881089769249623],[88.503493101634945,22.880963084655189],[88.502971741003606,22.881007842933695],[88.501709965558888,22.880686236828939],[88.500871817635868,22.880685571412219],[88.500384654070771,22.880649076114995],[88.500412127247117,22.880796978179038],[88.500471885874745,22.88111869988969],[88.500039814189378,22.881134265127649],[88.499996419272975,22.881135829348306],[88.499979759117707,22.881136437656338],[88.499770801101121,22.880472522858479],[88.498966782870724,22.880553169148385],[88.49902435140568,22.881031571932947],[88.4991069703607,22.881718164273295],[88.498732497753025,22.881735397937241],[88.498721961413068,22.881735882098628],[88.498735251987682,22.881774890604106],[88.498843525928891,22.882092650643504],[88.498478058033655,22.882105939803687],[88.49846459498248,22.88207467795651],[88.497865342331181,22.880683215969491],[88.497568024226652,22.880777776286742],[88.497845084423204,22.881590703123344],[88.497781428903863,22.881606179751085],[88.497400730971293,22.881698748156047],[88.495914674047896,22.881776591375697],[88.495914976780156,22.882133328363889],[88.494900866859282,22.882355186836456],[88.494589817107311,22.88242323559983],[88.494596375707218,22.882468520592074],[88.49463884895215,22.882761813733506],[88.493406346009294,22.883164638164956],[88.49374316034195,22.883837114700988]]]},"properties":{"GPCODE":"107781","GPNAME":"CHANDIGARH","STNAME":"WEST BENGAL","DTNAME":"North Twenty Four Pargan*","blkname":"AMDANGA","blklgdcode":"2723"}},{"type":"Feature","geometry":{"type":"Polygon","coordinates":[[[88.511424757571419,22.934363302621875],[88.511468483067901,22.934498807689163],[88.511668308811281,22.934598327396692],[88.511706589618797,22.934883822983302],[88.511711896865478,22.934923400275654],[88.511608560963396,22.935001041691706],[88.511399743982352,22.935157935971173],[88.511399667625568,22.93522562897224],[88.509206206280552,22.93507955669282],[88.506915755630956,22.934314872998009],[88.506863512308968,22.934197320291236],[88.506375772025464,22.933099866111196],[88.507270554235561,22.932922307283157],[88.507599425664452,22.932857044607506],[88.507268623756048,22.932111761401369],[88.506518876345183,22.931122452342844],[88.506134288707429,22.930476567328743],[88.50527089004008,22.931084809880499],[88.504802690808958,22.931414639201282],[88.504644330400765,22.931098612145508],[88.504282138661381,22.930375820144516],[88.504213881971111,22.930366712901151],[88.50320000740885,22.930329805724956],[88.502376456210897,22.930053747835874],[88.501470349838314,22.929470587935864],[88.501070753148795,22.929379988929231],[88.50065183639245,22.929004904243772],[88.49953076766397,22.928990481261941],[88.498219724117519,22.928795229363786],[88.498327776174818,22.927919431785259],[88.498102705975342,22.927549593397856],[88.49803087488857,22.927431559921441],[88.49838240182892,22.92683135936441],[88.499060344204182,22.926362372075069],[88.499708216373605,22.926882149614194],[88.500127224758131,22.92704500029015],[88.501002568323798,22.926979895288369],[88.501809035361688,22.926919909073597],[88.501561224310763,22.926030227919515],[88.501005555222108,22.92602979190286],[88.500620830142097,22.925686352666457],[88.500601517261799,22.925428962133093],[88.500216598145713,22.925297761849091],[88.500204369379759,22.924991958303963],[88.500202333797347,22.924941068061955],[88.499904993234907,22.92490919722011],[88.499944779618858,22.924543690144347],[88.499973793405914,22.924277163311487],[88.501426298253421,22.924377680887094],[88.501514748172923,22.923583077781732],[88.503678581283197,22.923955011967323],[88.503610703682014,22.923485393364235],[88.503313579613589,22.923322660860364],[88.50359667109899,22.9229029117656],[88.505341289212254,22.923261000905484],[88.506198846135291,22.923600214288417],[88.50651433985297,22.923591727117699],[88.506686298957931,22.923587099632005],[88.50682313303696,22.923185350866209],[88.506092475724202,22.922665574863441],[88.504852620070764,22.922050621684871],[88.504816039774056,22.922032478887576],[88.504739891384062,22.921908563715633],[88.504587198446998,22.921660092637598],[88.504480164180904,22.921485924325339],[88.504466072309029,22.920871923907555],[88.504496073344598,22.920747919143729],[88.504572735570932,22.920431040640032],[88.50458840488443,22.920366274172206],[88.50495416383383,22.920140816658641],[88.505656156804179,22.919965276230602],[88.506128904205582,22.920060499211118],[88.507208124018248,22.920368914375658],[88.507332513735676,22.920404460726303],[88.507350683958933,22.920292488283621],[88.507474628111922,22.91952869660803],[88.510881487030318,22.91966213396266],[88.510917805018934,22.919082741982066],[88.510955630380622,22.918479315631036],[88.509956536698027,22.918334112268479],[88.50980034572126,22.918677072046201],[88.509498972621529,22.918645194766505],[88.508854788934656,22.918577050819458],[88.50885484373191,22.918519511648729],[88.508855394399163,22.917944941866015],[88.508686849790607,22.917951782026378],[88.50841666440094,22.917962747629257],[88.508368672805176,22.917167992721922],[88.508418526608523,22.915858696710231],[88.509086035950034,22.915867828096562],[88.509817298727313,22.91587782909863],[88.509754407674265,22.915495248665508],[88.509662163271017,22.914934081911273],[88.509296654053244,22.914933763353112],[88.509121491556016,22.914531816000135],[88.508668195375421,22.914545063921114],[88.508507520008777,22.914350790737824],[88.508410549568794,22.914357789118188],[88.508073728947977,22.914382094793172],[88.508114560970867,22.915338948868605],[88.508121510337915,22.915501800179793],[88.50768775520973,22.915501493206868],[88.50767274705629,22.915363851765733],[88.507658580624224,22.915233915138355],[88.507634588419634,22.915013853815363],[88.506425713863706,22.915062624618361],[88.506445871160338,22.914398899010305],[88.506308387599361,22.914392523684675],[88.505753798285667,22.914366808075549],[88.505540080994734,22.914486127170004],[88.505261277168216,22.914641785040693],[88.504999975218382,22.914493234763679],[88.504179817855558,22.914026971692802],[88.503562200944899,22.91466762388405],[88.50305773403079,22.915190899118723],[88.502078089772411,22.915126923644809],[88.501888109564561,22.914688478312627],[88.50174736332248,22.914363648958265],[88.501138124100166,22.914381240060909],[88.501188095582776,22.913067426638168],[88.501330562098644,22.911857501657312],[88.501433660845464,22.910968111336508],[88.500339715848668,22.910951147824033],[88.500210424024758,22.910949143744698],[88.500231161633124,22.910815490122104],[88.500318299113985,22.910253882820847],[88.499933085350463,22.910366440290961],[88.499912876849834,22.910373663116388],[88.499761163974767,22.910427899249886],[88.499567470131552,22.910497142839034],[88.499557618307819,22.910424217091567],[88.499494872781852,22.909959738082602],[88.499823393867771,22.909885724770721],[88.499914115626623,22.909865285812977],[88.499948586679025,22.90942739109801],[88.499736411795453,22.908770015143393],[88.499671634280304,22.90856931505617],[88.500390488628526,22.908319115774486],[88.500422449788019,22.908307991345787],[88.50035800285292,22.907610490987253],[88.5003210749082,22.907210823117001],[88.500808507967889,22.907147966755627],[88.500815065669485,22.907327431925296],[88.500827481285029,22.907667181669211],[88.50120211199615,22.907639496237167],[88.501734073646162,22.907600182384407],[88.502429513406526,22.907405573225397],[88.502538409880202,22.907375099993789],[88.502449930316288,22.906910139706863],[88.502402642999741,22.906661641133034],[88.502870494582865,22.906671033793284],[88.502920397793531,22.906923631649633],[88.502991812061993,22.907285102679655],[88.503410920159467,22.907285471731477],[88.50386918222695,22.907141329608063],[88.503792661934384,22.906757436969297],[88.503781874964474,22.906703321006173],[88.503837366594524,22.906679215858162],[88.504269417618616,22.906491526381043],[88.504655132642071,22.905683630030456],[88.504763092172894,22.90483934764811],[88.505162792168662,22.90483971587912],[88.505059576640861,22.904398808599247],[88.505007381827909,22.904175848369981],[88.504588363561936,22.904094289330203],[88.503116465884077,22.904142813332097],[88.503068080826225,22.903786078763851],[88.503076330953803,22.903672800050074],[88.503087808728182,22.903515223040412],[88.503878299228759,22.903599289732128],[88.504028284643539,22.903615238830671],[88.504085501038929,22.903564361249408],[88.504119580425851,22.903534055135733],[88.504535595623835,22.903164107171644],[88.504677280605407,22.902708215896162],[88.505275388803028,22.902543594918381],[88.50614941364185,22.902303028213971],[88.507806728085939,22.901965611828697],[88.507877749790637,22.901956174157352],[88.508279515911539,22.901902781171163],[88.50829924111855,22.901659018334037],[88.508280124071021,22.901252606944041],[88.508090700818627,22.900475903070433],[88.508003265995384,22.900132727606575],[88.507633019961148,22.899938273234312],[88.507361991951726,22.899944459738563],[88.506867968851097,22.899955736288664],[88.506856473110403,22.899814605980538],[88.506834133805924,22.899540342882879],[88.506936753750722,22.899228870642954],[88.507638991062848,22.898714738340253],[88.50816100117612,22.89811461667216],[88.508093145134509,22.897708217005388],[88.508321610067441,22.897290251369448],[88.508322555993445,22.8972885201736],[88.508702749971135,22.897157838823389],[88.509102213709994,22.897251753772906],[88.509126628122814,22.897257494360147],[88.510418082107861,22.897303567177513],[88.51050533187815,22.897840915338953],[88.510978092754272,22.897741953699818],[88.510836015208938,22.898617721190991],[88.510239476368113,22.898900824913039],[88.50991413891154,22.899055221329284],[88.509637214360623,22.899186642309456],[88.50954404738755,22.899230855862541],[88.509695080237961,22.899713797936602],[88.509848755033616,22.900205183068511],[88.509874513326054,22.900287546307354],[88.509900953439825,22.900289059001413],[88.510435008164436,22.900319609129046],[88.510536609419717,22.901096242731963],[88.510863252128374,22.900997133688737],[88.511140562954893,22.901566270735987],[88.511483526255631,22.901473273995254],[88.511506102715359,22.901467152933662],[88.511500790078756,22.90145750421361],[88.511282356632606,22.901060702903379],[88.511613864616834,22.900934452361696],[88.512066231939428,22.901905532619669],[88.511930377024044,22.901947862717023],[88.511647034908719,22.90203614319568],[88.51197800210717,22.902555636689289],[88.511665971394905,22.902618664816607],[88.511803884350584,22.903089420706014],[88.511874992293542,22.903332139156475],[88.51260220816043,22.903102820349375],[88.512863717621102,22.903020353728145],[88.51290356868374,22.903007784883194],[88.512592189250057,22.902312265605939],[88.513450064176709,22.902163929382521],[88.513835005750693,22.902231881324798],[88.514165784302918,22.903058348224665],[88.514585057690439,22.902864513704976],[88.514774899557736,22.903140056009185],[88.515545170777898,22.902783920394182],[88.515355398979153,22.902427095363887],[88.516120866009189,22.902007783026811],[88.515060034710388,22.900155819386129],[88.51542559423379,22.899980016409966],[88.514900089674043,22.898990856754487],[88.514725132891016,22.898439896234176],[88.515544082918069,22.898124479959339],[88.515870916069574,22.897956570617051],[88.515902177441461,22.898163601262883],[88.516313268075052,22.897875192376087],[88.516989235953289,22.897737786265186],[88.517521155382482,22.897795926766264],[88.517717453441747,22.89791597459952],[88.517236729898912,22.898078614302452],[88.516930796052492,22.899056920229256],[88.516959934705383,22.899485629881859],[88.517141664785655,22.899610332659694],[88.516946916320265,22.900506295928707],[88.517079359434206,22.900581797260504],[88.517541751056996,22.900523193719437],[88.517955760316966,22.90005864107474],[88.518163467878637,22.900327596284075],[88.51850733398625,22.900130136659865],[88.518374940279656,22.899621131760117],[88.519265749241256,22.899079768073381],[88.519730895997085,22.898831473617157],[88.520169525383992,22.899265298879861],[88.520362514948062,22.899525359845978],[88.520106075578852,22.899694894144336],[88.520152655921265,22.899938293922165],[88.520300121561689,22.900049774255827],[88.520610375406292,22.899897787869435],[88.520648315752339,22.900240616372052],[88.520861105083569,22.900527582014099],[88.521206931315135,22.900506208212459],[88.521481177089925,22.901059008993542],[88.522080233010172,22.901017146988686],[88.522536844872448,22.900877302079831],[88.523407915152333,22.900751545391117],[88.523489575604913,22.901080405050809],[88.523402202765425,22.901112853303875],[88.523218465848799,22.901245568994387],[88.523353535636602,22.901555854097939],[88.522635206802789,22.901829163145795],[88.522761786612875,22.902252423215813],[88.523021151794936,22.902344764869326],[88.52391241260915,22.901844012700121],[88.524539149216579,22.901661889775685],[88.524616545366484,22.902044977612121],[88.524749548130856,22.902170139782839],[88.524982801982574,22.90254270121903],[88.52547845372878,22.902406987936935],[88.526381070146499,22.902050613731205],[88.526885192107542,22.903106948726847],[88.527258799637579,22.902954341006161],[88.52763734610501,22.903677721975516],[88.52807527211111,22.903610292078184],[88.52953197298929,22.90311309867678],[88.529626144278836,22.903252178329829],[88.529919822409838,22.903795743040568],[88.529596624740293,22.904096889303585],[88.529228295710865,22.904285575909217],[88.529544004125881,22.905054712137755],[88.530599070037184,22.905252271337346],[88.530802494431612,22.905570922208675],[88.531210017855187,22.905399914890243],[88.531477767013826,22.90580374204546],[88.531997894258268,22.905676804973151],[88.532661899271915,22.905340759017971],[88.532649921135913,22.904275182649709],[88.532596819024533,22.903887348831024],[88.53256712161955,22.903413494263575],[88.533180042137872,22.903303719678998],[88.533127346065015,22.902952009119879],[88.532553009984753,22.903025283952175],[88.532475135032769,22.902601565377186],[88.532765272004909,22.902395561813108],[88.532562863605079,22.902167217046859],[88.531913291823145,22.902485060907463],[88.531636865837172,22.902176145789976],[88.531555591660165,22.90188341179956],[88.53130241407375,22.901908431363708],[88.53107065771357,22.902104838298861],[88.530734120960389,22.902085502056181],[88.53077012004708,22.901818731632879],[88.530104880748269,22.901174884954848],[88.52956442462893,22.900791743355168],[88.529373556885574,22.900287826834312],[88.530945965263925,22.899681135849477],[88.531919672556583,22.899147935888532],[88.531809925378326,22.898489709886643],[88.531176870021184,22.898540966722397],[88.530845589310729,22.897686185701389],[88.5315038738526,22.897277950113711],[88.532565943928191,22.896802598616372],[88.533029330884375,22.896834254287384],[88.533249345365419,22.897762354763465],[88.532916168311388,22.898041023899122],[88.532982517878267,22.898306807067129],[88.53343342094692,22.898094736175697],[88.53361815768848,22.898485814730442],[88.533908742919934,22.898753948018488],[88.53420450693902,22.898615624246801],[88.534369446608366,22.898979797762255],[88.534728872435011,22.8988679516121],[88.535037027815122,22.899397821083785],[88.535440574396944,22.899741627319521],[88.536797593719626,22.8990556781207],[88.538423305432019,22.898425819215067],[88.542572011976674,22.897211534071481],[88.542899994073437,22.897768288143247],[88.544340092288564,22.897537548990577],[88.546530502954852,22.89685244928156],[88.546222309845504,22.896322603796346],[88.545890815335994,22.896316797794089],[88.545616995362664,22.895809196162229],[88.547042352223954,22.895140560000613],[88.547273516594331,22.894465481387506],[88.548034990612905,22.894566439807598],[88.548069765295878,22.895053788614188],[88.548078117831395,22.895789753924447],[88.548204097566838,22.896583276987727],[88.548161359318854,22.897112023319146],[88.54769124667618,22.897346899196194],[88.547625016585243,22.897523653106905],[88.547681801789295,22.89780306916348],[88.548023560449238,22.897853925735141],[88.548470895409594,22.897759257323916],[88.548584366104691,22.898309056280773],[88.548641512431516,22.898620077150003],[88.548200636358061,22.898854669885981],[88.548139689259287,22.899067499253245],[88.5482683477709,22.899237837645394],[88.548492376822978,22.899222108152347],[88.548739129658472,22.899490641331173],[88.548751644987021,22.899734361724423],[88.548763393154303,22.899910357830088],[88.548248642326811,22.900077937058136],[88.54790764633654,22.900094805111735],[88.547505343921387,22.900292896179916],[88.548033273034093,22.900856721915087],[88.548074152667738,22.901452386088682],[88.548502923044396,22.902297143855087],[88.5488780388458,22.902279941764991],[88.550068282342735,22.901934178298486],[88.550389225240934,22.90229681202722],[88.549696655597927,22.902687396862174],[88.549411265323727,22.902879834819444],[88.549631914913718,22.903424073775245],[88.549722000665341,22.903630913199741],[88.549325746607011,22.903932807880622],[88.549343546724359,22.9042126037914],[88.549433583068648,22.904414928893779],[88.549781414339947,22.904569582173831],[88.549955534791437,22.904879459997037],[88.550253708092114,22.905382301107636],[88.5500754841364,22.905569181188781],[88.549751097995724,22.905762002317211],[88.549487710157791,22.90574650693015],[88.549005568175104,22.905353834893312],[88.548854532629761,22.905359823382334],[88.54878337527947,22.905961094631611],[88.54898771326053,22.906785461018117],[88.549214061762683,22.907401894294871],[88.549617461919112,22.907727597587442],[88.550020604259061,22.907601742990085],[88.549683435990218,22.907099284127096],[88.54963762101238,22.906928137238328],[88.550638285848393,22.90662485824128],[88.551413386411525,22.90748880258888],[88.551902008840642,22.90802138804824],[88.552457998627901,22.908476548187927],[88.553142716995296,22.909106555694965],[88.553380006977619,22.90939774991568],[88.552681356638431,22.909684548893139],[88.552576187274852,22.909866201805357],[88.552761561820233,22.910306919196831],[88.552298294340048,22.910717851940625],[88.55212571180428,22.910972414066034],[88.552083348153786,22.911532762329823],[88.552107532597887,22.912372429774923],[88.552326393642105,22.91404106777809],[88.552744880105436,22.915260707058764],[88.552835751882938,22.915535270982627],[88.553736638145409,22.915454207781835],[88.553857715774356,22.91666772224513],[88.554154955725451,22.918367195974689],[88.554259463030647,22.919409277701064],[88.554326129702829,22.920980055141587],[88.555494660919351,22.922562619391677],[88.555660922010446,22.92273091774079],[88.555513495895937,22.922752550316787],[88.555073645698542,22.922817088115696],[88.554371704830444,22.922799963920578],[88.554318117628824,22.922798656666856],[88.554318219138423,22.922645126249613],[88.553806339326627,22.922703601085892],[88.553582229426141,22.922527426897375],[88.553514109279845,22.922256525881778],[88.553158348579544,22.9222743658284],[88.552734232374391,22.922274178840727],[88.552704124439302,22.922201194067014],[88.552646697838156,22.92206198823548],[88.55137928187176,22.922160716177586],[88.551379253125688,22.922238306993176],[88.551379169582361,22.92246768775178],[88.551179283651848,22.922526357098366],[88.550374903400382,22.922661372617718],[88.550199531595652,22.922543872677505],[88.550232838431441,22.9225147771233],[88.550462887094227,22.922313806150918],[88.551023407983763,22.922237256221592],[88.550979665419305,22.922043151267573],[88.550419117580319,22.922160251190238],[88.549612243605608,22.922207085008363],[88.549107860234827,22.922236359342538],[88.548303589577799,22.922312749588272],[88.548084080848255,22.922583480051774],[88.548015436085834,22.923260768413655],[88.547839674412259,22.923743755613092],[88.547503164608528,22.924109278084902],[88.546966847926015,22.924420573195132],[88.54603583935544,22.924456193773118],[88.545523920916054,22.924555284011188],[88.545012006069939,22.924749200036686],[88.544713432120631,22.924892390169486],[88.543827192888898,22.925317410832431],[88.542422992250835,22.925971373935113],[88.541286963877894,22.926553181285989],[88.540776340809174,22.926796508847708],[88.540643319180205,22.926859898011749],[88.539151255222521,22.927653679371218],[88.53916728026887,22.927794017056886],[88.539167379083551,22.927794884114718],[88.539175493565537,22.927865948089678],[88.539238508586067,22.92830840972422],[88.538994721089338,22.928443713187175],[88.538850738217249,22.928473001065846],[88.538707067060642,22.928502225232968],[88.538618602768068,22.928340326924825],[88.538542853230055,22.928201698268015],[88.538541815675913,22.928199797861634],[88.538526962032662,22.928172613857051],[88.538195530405233,22.928136270330999],[88.53761520615528,22.928560308691015],[88.536878733149365,22.929196557752462],[88.536634813600259,22.929467328235855],[88.536858883076533,22.929778994915821],[88.536859629576526,22.929787879646106],[88.536878251652396,22.930009285381217],[88.536702583403624,22.930280026110633],[88.536009997590938,22.930762768214304],[88.535566396927223,22.930861796753518],[88.535498265102788,22.930708292021201],[88.535430233889713,22.930356099917283],[88.535143496142595,22.930037757999784],[88.534787341081895,22.929642345887007],[88.534687975733391,22.929620547289744],[88.534519226308944,22.929583524910747],[88.533963518592714,22.929623757346032],[88.533627423810643,22.929312085344804],[88.533390879430002,22.9289474563721],[88.53329630928846,22.928801675990261],[88.533081985634738,22.928566765256775],[88.532769936057875,22.928589196111758],[88.532604157362087,22.928751644303112],[88.532579612693553,22.928918688164512],[88.532837833421979,22.929198693108457],[88.532925338313802,22.929505813374547],[88.532847295376882,22.929632191189434],[88.532447345649416,22.929875743218506],[88.532193788973984,22.930096839388121],[88.53220338657448,22.930300040051058],[88.532393137711949,22.930742635207118],[88.531978637971861,22.931053880325784],[88.532002728991131,22.931392500032054],[88.531924661799707,22.931577582051762],[88.53156875197908,22.931654171378323],[88.531422405639503,22.93178499982962],[88.531256552383525,22.932010664650061],[88.530993290309752,22.93201952689634],[88.530881222783094,22.931947184409477],[88.530725324657112,22.931757496371318],[88.530515702785593,22.931793474077185],[88.530413256215638,22.931978519146845],[88.530515476410116,22.932163669033137],[88.530681001780991,22.932403117980968],[88.530700415272605,22.932534063187653],[88.530768645911706,22.932592741411487],[88.530500481731394,22.932651321986619],[88.530232299584796,22.932786575608691],[88.53025648762214,22.933021335897855],[88.529944482062703,22.93305730830409],[88.529652066962996,22.932962317833852],[88.529076834364076,22.933097369280979],[88.529052197169094,22.933395367875271],[88.528808275823351,22.93372031375452],[88.528168024960806,22.933825780727268],[88.527852722584285,22.933877719139723],[88.527491942996491,22.93399038025531],[88.527184607778267,22.934243052112734],[88.526941538933713,22.934280428959376],[88.52680430330777,22.934301531042696],[88.526492587904187,22.933989790385123],[88.526312510723997,22.933565246164449],[88.525912960746879,22.933411492166627],[88.525557396777643,22.933041015198686],[88.525539770933463,22.93300192712573],[88.525357815376012,22.932598414316828],[88.525114221915388,22.932422206667248],[88.52494184419551,22.932501875615522],[88.524733870732504,22.93259799734961],[88.523953524008121,22.933216096898541],[88.523709737409675,22.933292673716096],[88.523510009582694,22.93308036882782],[88.523085988598908,22.932926572086423],[88.52289270977731,22.933113668998132],[88.522666475361191,22.933332670093083],[88.522042192052822,22.933738563363899],[88.521574063788592,22.934009203979542],[88.521393733283517,22.933909692112092],[88.521162993816276,22.933868704790385],[88.521062332198781,22.933850824178055],[88.520682149899187,22.933850584258625],[88.520194667432165,22.93387277431912],[88.520102088855623,22.933755351116062],[88.51977088899352,22.933443600928022],[88.519639254363355,22.933443506614601],[88.519302831696209,22.93352006179347],[88.519015281872072,22.93351983428315],[88.519015387873267,22.933406941956324],[88.518903338312938,22.933230819744633],[88.518771821362094,22.933153958296607],[88.518323356321091,22.933212345865261],[88.518303595181465,22.933442561825732],[88.518147533562114,22.933577899043151],[88.517967144666542,22.933577818794092],[88.517742989850348,22.933482875018367],[88.517499228404731,22.933500739960369],[88.517299427814166,22.933482510174418],[88.51715336893551,22.93322055362901],[88.517143852183381,22.932909065295629],[88.516817588563782,22.932610808335976],[88.516651849393838,22.932533910134158],[88.516286208123759,22.932560794602271],[88.515896129982963,22.932704957673149],[88.515662087410419,22.932772579096738],[88.515564698355533,22.932686718679594],[88.515452741321667,22.932483500087386],[88.515160285797791,22.932532893362403],[88.514940897442457,22.932541761365691],[88.514872816822034,22.932329542995856],[88.514663210221826,22.932279702895041],[88.514394979566205,22.932464695179366],[88.514394774750329,22.932735545996991],[88.514297137760408,22.932934174273743],[88.514048486784688,22.932915863334735],[88.513941502824267,22.932703654651611],[88.513605066682359,22.932743982955898],[88.513561042945241,22.932897482898863],[88.513448714008845,22.93320444503383],[88.513336544074249,22.933244980844286],[88.512936682381749,22.933456875128385],[88.513004609390265,22.933804655405176],[88.513023720149604,22.934269675640266],[88.512823809066276,22.934364332616749],[88.512467878584431,22.934440879829296],[88.512200026119515,22.934133657413611],[88.5120440785862,22.934034172938762],[88.511424757571419,22.934363302621875]]]},"properties":{"GPCODE":"107782","GPNAME":"MARICHA","STNAME":"WEST BENGAL","DTNAME":"North Twenty Four Pargan*","blkname":"AMDANGA","blklgdcode":"2723"}},{"type":"Feature","geometry":{"type":"Polygon","coordinates":[[[88.510572390215771,22.862712009874286],[88.510843882654214,22.863468069192496],[88.510194633367448,22.863803880282159],[88.509508462424193,22.862121519623138],[88.509129270966369,22.862201883787627],[88.508817232169264,22.86174424330558],[88.508225404992075,22.86198466998977],[88.507787425985441,22.861153416920676],[88.507374429126813,22.861261190982031],[88.507126085374964,22.860834551677431],[88.507712737357764,22.860567082678447],[88.508114242967267,22.86030136716996],[88.507008064712934,22.858528144643454],[88.506477437061122,22.85768873176993],[88.504224415616164,22.857962926280152],[88.504165902951812,22.857516424121766],[88.50378642403308,22.857569683911169],[88.503688689126804,22.856658432949004],[88.503673036881281,22.855678671712727],[88.50403337180299,22.855657203932704],[88.504041128755475,22.855476501611847],[88.50397506036127,22.85522876232611],[88.503502718100037,22.855255803668186],[88.502988315818882,22.855445807291883],[88.502477194185161,22.855491275113359],[88.502427986270533,22.855004043408229],[88.500760242386008,22.855326847697508],[88.500780707804779,22.855859510349188],[88.500114371663017,22.85596965441324],[88.499632380597305,22.856005807016714],[88.499053541262526,22.856097059310528],[88.498183514825044,22.856294913264463],[88.497894696579721,22.85572865088341],[88.497553800302455,22.855745406901832],[88.497464073876927,22.855561107141202],[88.497214014342873,22.855418957206329],[88.49642888858115,22.855805662162801],[88.495952166134614,22.855877881357845],[88.495994848687019,22.856216158125985],[88.495503852010614,22.856320119203584],[88.495132466912594,22.855777206246447],[88.494189747903974,22.856011847349784],[88.492500023142753,22.856556044083899],[88.491264519826842,22.856752771590923],[88.490795165362243,22.856161093241131],[88.490434823254006,22.855735474313178],[88.489751055304126,22.85558834211901],[88.488899226039351,22.855221509249041],[88.488352572442878,22.854689251370527],[88.488148394361929,22.854284744021911],[88.488055978380473,22.853852097023957],[88.488077786780593,22.8531700177296],[88.488195164248907,22.852762502591769],[88.488662784964987,22.85185498179332],[88.488765104872471,22.850959910224311],[88.48893454240644,22.850858978159629],[88.488622897969762,22.849534266632379],[88.488293845979484,22.84795231927199],[88.48742277030972,22.848050776622387],[88.487322090725925,22.847753678324835],[88.487377812324695,22.847053218589743],[88.487660327091646,22.84704606276134],[88.488285031709907,22.844904277592001],[88.487599354840057,22.844576522834203],[88.485966544640306,22.844519520198428],[88.485948657386359,22.843770072726691],[88.485577722344289,22.843710313813858],[88.485445417570944,22.843192237667715],[88.485348247704991,22.84142297274278],[88.485237118019498,22.840611175722596],[88.485251586285472,22.840597493401837],[88.485220958225838,22.838674070106119],[88.486100346905232,22.838449109406948],[88.486046952841406,22.837121977929975],[88.483923145066896,22.837155330626473],[88.483719300260944,22.835879274110081],[88.482949372197226,22.835863866785889],[88.482758482894269,22.835332784941105],[88.482373397589853,22.835313791880989],[88.482263732158302,22.835084508900739],[88.482026657771684,22.834337100762305],[88.482043061907063,22.834052455012312],[88.482077209565972,22.834056653377914],[88.483140562435764,22.833726135385163],[88.482940765438471,22.833271903652314],[88.482675811836998,22.832199621903815],[88.483975514153016,22.832101716899587],[88.48395531822878,22.831587110288705],[88.485000747912053,22.830954190618275],[88.484988821878332,22.830304035272221],[88.484647704615512,22.828947972862213],[88.484682412823133,22.828554779068256],[88.485096756256354,22.828578011347943],[88.485388750944523,22.828101132824901],[88.485369040110541,22.827631679394674],[88.485077354442836,22.826789952934249],[88.484875722187425,22.825717082766495],[88.48645359861095,22.825670757153123],[88.486417445014027,22.82413573776596],[88.486517252333655,22.823457444033902],[88.486921180699483,22.82252342839206],[88.487711953271045,22.822222521906607],[88.488231816410817,22.82209574104898],[88.488965507334257,22.821921802710012],[88.488861901937611,22.82135378678862],[88.488775120189587,22.820988822292687],[88.488517378263211,22.820133237074014],[88.488917523823361,22.820197234941972],[88.488709581801416,22.818993471838077],[88.488645732245956,22.818497336631985],[88.488495153943077,22.817640749591181],[88.48817077678558,22.816031656371042],[88.487843066878341,22.815908273768784],[88.48754935371305,22.815775544276342],[88.486635085247784,22.815915032125584],[88.486306708790636,22.815281373028771],[88.486786603188449,22.815064657301118],[88.487535801728683,22.814976380759415],[88.487519311355001,22.815251996145879],[88.489045902958921,22.81498034123997],[88.491004401856543,22.814560127237527],[88.494811111687696,22.813883228251683],[88.495550656033544,22.813804037026028],[88.495559816154483,22.81419682131029],[88.495806355190965,22.814469966587353],[88.498490592226815,22.814047364603692],[88.498707031413048,22.813349903600816],[88.498933178692582,22.813094896870684],[88.499715117231617,22.812884330870073],[88.49943191166021,22.811487117062548],[88.49982981143215,22.811347901249075],[88.499928088022543,22.810091598873036],[88.502354732252385,22.809730063022965],[88.504047612795191,22.809528951645824],[88.504094310816939,22.810232965618216],[88.506564728153904,22.809866437746699],[88.50713958256209,22.810759634118526],[88.507640298111554,22.810669098326333],[88.507867669794834,22.810969502039065],[88.5081399698187,22.811368825364127],[88.508950208882467,22.81107666500607],[88.509485761098645,22.811053529935062],[88.509842357232159,22.811587524363389],[88.510094129853471,22.811449666661396],[88.511009317295247,22.812723458103722],[88.511734132863708,22.81440094895645],[88.511883605340472,22.815144625315575],[88.512482240849195,22.81509830190139],[88.512881150327502,22.815491899718502],[88.512916509813721,22.816046997213856],[88.512926985966573,22.816995199041994],[88.513401907290955,22.817654498805123],[88.513577771372454,22.818140527037432],[88.513848484971518,22.817952809623193],[88.515289392568732,22.819185451226655],[88.514907949932777,22.819491631365526],[88.515029444380019,22.819905922352152],[88.515623835349004,22.8207943788425],[88.514212699716964,22.82093423663348],[88.514275792890942,22.821353598834008],[88.515968792011364,22.821152354752421],[88.516488029923678,22.821851863989789],[88.516060395915844,22.821946248299582],[88.51512311979954,22.822208045351765],[88.514307663320608,22.822473193592639],[88.51444457016315,22.822959588810185],[88.513541931287548,22.823270720076458],[88.513194329984984,22.822673433030996],[88.512701922055271,22.822637467801083],[88.511724570297503,22.822800277933556],[88.511777731697691,22.823644213274143],[88.511231840770918,22.82361778332093],[88.51123599997068,22.823111983356331],[88.51078395334666,22.823202068734314],[88.510399799595206,22.82326441581905],[88.510365165947732,22.823657611646389],[88.510639184448721,22.823767906811153],[88.510689101134133,22.824318351292497],[88.510934142679019,22.82445149886524],[88.511344634136307,22.824126989360217],[88.511850612016715,22.824067999291138],[88.513078437431886,22.824087951890419],[88.513228109334648,22.8244071458866],[88.513791889312017,22.824288896873458],[88.513842873195941,22.824053594966568],[88.514490031204716,22.824426763106196],[88.514808518108921,22.825033357140143],[88.515163897025218,22.825011914330336],[88.51553326810037,22.825374173001126],[88.515654871243768,22.825797493283268],[88.516399081439218,22.825695579622749],[88.517105922617134,22.825738522981311],[88.517331524619252,22.826314384609308],[88.51690864719086,22.826399694660051],[88.517142689763403,22.826858067604633],[88.517338466799799,22.827380026142137],[88.517796093758363,22.827353086892394],[88.518031356243071,22.827481801100728],[88.518267507161568,22.828129812283269],[88.517980615802557,22.828177702717895],[88.517969608745375,22.828502938614648],[88.518219385310132,22.828622482192422],[88.518594258566381,22.828600846207696],[88.518628744890151,22.829074666199638],[88.518114162047624,22.82923762097548],[88.51767104288092,22.829255391179611],[88.517676521705852,22.830628112770963],[88.517415583573666,22.830820258726916],[88.51699786427163,22.830932614615616],[88.517105165337341,22.831383164059488],[88.517668419800287,22.831215231001778],[88.51807377918233,22.831306197733852],[88.518239073686203,22.832153575024801],[88.518014649375388,22.832124104914698],[88.51805073829361,22.832742412069631],[88.518020396796587,22.833081378918639],[88.51886563691879,22.83286108094763],[88.518952657618655,22.833239570831324],[88.519599379046241,22.833129539997383],[88.520163929778107,22.833955039812334],[88.520339642942631,22.834422996087383],[88.52054423335025,22.834859065389196],[88.520699710166383,22.835259477725074],[88.521389778899632,22.835103867929217],[88.522067843445768,22.835183186682556],[88.52280789893301,22.837330098092586],[88.521709527936821,22.837570899108243],[88.52177416172151,22.838125712020226],[88.52272167593712,22.837899900167894],[88.52283125872367,22.838115605115114],[88.523467842663237,22.840593146220233],[88.523697004688856,22.840609015791959],[88.524167929408549,22.840460006988803],[88.524266575206539,22.841005460588661],[88.525045059723325,22.84091220795522],[88.525022150886983,22.840605359887871],[88.525902278879826,22.840452425284354],[88.52593330579144,22.840176672163604],[88.526584572694333,22.840034957340521],[88.52744720509871,22.839624789214284],[88.527616666887212,22.839966355020763],[88.527774944650346,22.840615094891334],[88.527737707685205,22.841207008120342],[88.527878700065671,22.841616581204036],[88.527750044249004,22.841875208589975],[88.527342952915063,22.84206877418627],[88.527247942599047,22.84228644036212],[88.527372808423536,22.842560699049063],[88.527679917266326,22.842575814206395],[88.527864583040994,22.842533401027634],[88.528021480991868,22.84262220940056],[88.528032838392008,22.842766599667289],[88.528129232113585,22.843108868717803],[88.528247259962114,22.843207080388584],[88.528582439360918,22.843118063776373],[88.528733408430952,22.843112098205928],[88.528615050900683,22.843420300791941],[88.528374095792046,22.843657430237865],[88.52753519328418,22.84401319027398],[88.52757605315486,22.844617898904612],[88.527211186232549,22.844666556749956],[88.527197548009909,22.845190505835664],[88.526755134020704,22.845276033366119],[88.527198777803548,22.845736891660007],[88.527368297982463,22.846082972905641],[88.527306095937263,22.846620936837354],[88.526581572321263,22.846749809976338],[88.525064975373169,22.847066897777555],[88.525667199651465,22.848203595064096],[88.525224624863796,22.848275571604049],[88.525315064551648,22.849394596349306],[88.52447907887354,22.84957871572615],[88.524486531297129,22.850246966124143],[88.524503978376572,22.850937699150034],[88.524070482861475,22.850950881258722],[88.524070594252592,22.851397933126112],[88.52361319097453,22.851451985044289],[88.523637006211018,22.851840106076196],[88.523282514830242,22.851947361036473],[88.523456925437614,22.853169442408351],[88.523043513557312,22.853236618391126],[88.522936676022255,22.852831229249524],[88.522508298209345,22.852866937330063],[88.522612426425496,22.853466527216522],[88.522189723270259,22.853574430715042],[88.522184253428506,22.853958317308066],[88.521216387880145,22.85411658924323],[88.521204886749544,22.854396671600067],[88.520941047957322,22.854769480033148],[88.520770778583454,22.85479368628425],[88.520775551332562,22.855222630901586],[88.520372428755536,22.85533937460098],[88.520649331746924,22.85614052119773],[88.520718396022616,22.856654649170615],[88.520147309148712,22.85700329770761],[88.520137112371927,22.857400776610135],[88.519964580141817,22.857659819317078],[88.518582700841961,22.858273599206484],[88.517861715689875,22.858727532220961],[88.516888518640286,22.859725748749614],[88.516459965655898,22.859747897133762],[88.516077143207667,22.859060644096573],[88.515303869817856,22.859194448848665],[88.515046778271753,22.858420197894446],[88.514839344696213,22.858169293615198],[88.51322754429431,22.8587039359067],[88.513522032705723,22.859775869634657],[88.512924700652491,22.85995766302036],[88.512389857207054,22.860062093058406],[88.512580226385424,22.860972453715149],[88.511612396769664,22.861139701901426],[88.5119439568562,22.862039691127841],[88.510572390215771,22.862712009874286]]]},"properties":{"GPCODE":"107783","GPNAME":"SADHANPUR","STNAME":"WEST BENGAL","DTNAME":"North Twenty Four Pargan*","blkname":"AMDANGA","blklgdcode":"2723"}},{"type":"Feature","geometry":{"type":"Polygon","coordinates":[[[88.481913538317841,22.849077565301045],[88.481937039143986,22.849447636636345],[88.481226768198297,22.849549078859461],[88.480692422419523,22.849698555357623],[88.479005091668526,22.850012281957902],[88.47685862389099,22.850673450746562],[88.476464868945754,22.850306812396735],[88.476421403960742,22.849440190368046],[88.476305350609195,22.849070974983874],[88.47570757029662,22.849211990814105],[88.473988612559452,22.849304687253898],[88.474032845604029,22.849791979120329],[88.473328216078315,22.849965586302769],[88.47328621175393,22.850589149295139],[88.472268602895028,22.85065727026269],[88.470888282172183,22.850525528303841],[88.470859501947118,22.850114858699595],[88.470220839305966,22.85008011927248],[88.469694200174033,22.849588248098737],[88.469407145321625,22.849627024111282],[88.469636017191391,22.848708212340686],[88.468985531822796,22.848479395653591],[88.469293131145747,22.847632107633931],[88.468890387657794,22.847333269138478],[88.469247889293086,22.84614232264931],[88.468709904439123,22.845953109860805],[88.468956689613961,22.845341204061452],[88.468560039398568,22.845155202213107],[88.467967839420567,22.844907780228173],[88.467375878394421,22.845590602983229],[88.466847448021809,22.845383233071139],[88.466583567907094,22.845764988737173],[88.466463003216177,22.846335085788773],[88.466135331038188,22.846220695365005],[88.466011615955594,22.846497296359168],[88.466351113555973,22.846805757010287],[88.466360537781625,22.847230152204723],[88.465958175179324,22.847875098241531],[88.465608464632481,22.847977665005811],[88.465382228419742,22.849144816981958],[88.464154308681472,22.849138053652656],[88.464171777320502,22.849404323273269],[88.463485364730431,22.849460309778422],[88.463500039608917,22.849920783028445],[88.462045206328199,22.850110270098995],[88.462068170860093,22.850435193630481],[88.461347021316328,22.850432784682948],[88.461286479357739,22.849783069283419],[88.461084700676949,22.849139166249305],[88.460630307653403,22.849477502832066],[88.460093090858976,22.849816600168062],[88.459447621682955,22.850513433904801],[88.458936303318168,22.850540699695252],[88.458799797124243,22.850076827035611],[88.457673023195355,22.8499607079602],[88.457345493849502,22.849859843862877],[88.457415232759971,22.849518445287927],[88.457318941446331,22.849243342178333],[88.456917515786898,22.848096466292311],[88.457000029639005,22.847545598117726],[88.45785681401091,22.846551866797995],[88.457330658172609,22.846520558688802],[88.45700812435804,22.846489596609963],[88.456721675868465,22.846462098211695],[88.455630201238691,22.846015718882654],[88.454148952997016,22.845542361875403],[88.454031041929454,22.843709307966442],[88.453918422837219,22.842639280794806],[88.453875815743316,22.842202960750708],[88.453835101399662,22.841786015597787],[88.453372257924258,22.841723047816878],[88.45201744666052,22.840698761749401],[88.451359077677012,22.839353548869926],[88.449906669847522,22.837823642065846],[88.44819125237089,22.836325465653335],[88.446704988834981,22.835301153020911],[88.44581320520129,22.834552042226115],[88.445369053870323,22.832750745131381],[88.442910619160912,22.833307592858411],[88.44279253921006,22.833334338023938],[88.44269484113471,22.832810576748219],[88.442503131669937,22.832233086749188],[88.442446076971294,22.832061217938691],[88.442216902369267,22.831496921172786],[88.441846444332626,22.831573076017385],[88.441622656927336,22.83161907921242],[88.441412964987208,22.831090911689984],[88.441305521987672,22.830418213880449],[88.440613770709845,22.830274005074404],[88.440067736052612,22.829393753289107],[88.440183561232104,22.828047159390934],[88.440280949388665,22.826914899628534],[88.440099832857697,22.825063876997305],[88.440056826013503,22.824947691861109],[88.439324463698341,22.822969132155727],[88.438813618745684,22.82247183734966],[88.437989268047161,22.821669343202018],[88.43736063419783,22.820906511995386],[88.437489176826787,22.819935743696522],[88.437603371564023,22.819073335700679],[88.437579320070611,22.818729364253741],[88.437520030363544,22.817881457926706],[88.437802243296545,22.81714535964252],[88.437883882189567,22.816741095884634],[88.437972163225808,22.816303940134858],[88.438493028885418,22.813724642056421],[88.438555431254954,22.813415626156257],[88.436646178899537,22.813262872152727],[88.434566363421141,22.812879880125664],[88.434712769049526,22.813566050708317],[88.43367543857687,22.813616119045125],[88.432618513152889,22.81355328065461],[88.43302724391225,22.812532730722673],[88.433718878409039,22.812591176793468],[88.433631971795208,22.811207694938801],[88.433586429006937,22.810482659904274],[88.434195216376679,22.810482511681546],[88.434131158412058,22.808662936095086],[88.43482273092512,22.808689768080825],[88.434524580980636,22.806229155382749],[88.433122097921398,22.806383204117061],[88.432911405258039,22.806395063949505],[88.431267898818163,22.806487570110313],[88.429893296770416,22.806564925586709],[88.42781387924569,22.806750741683196],[88.427648280212949,22.805945534836109],[88.427565029742311,22.80554073684571],[88.427087266148348,22.804303789875743],[88.426117156608413,22.801446081190019],[88.42588296491553,22.800537490288146],[88.427338109013348,22.800543363318567],[88.428944267096952,22.800429628379362],[88.428918049765372,22.798849315630218],[88.430333631159755,22.798678569868986],[88.431167724985912,22.798327881278048],[88.434684473914714,22.798341436173327],[88.435708910868087,22.797099389591409],[88.436166230602808,22.797050112685902],[88.437404565408485,22.796700267924809],[88.438648129307438,22.795921360012059],[88.439329124158007,22.795373315052892],[88.44009192229332,22.795194825848704],[88.441011934586513,22.795145872890835],[88.442733156078205,22.794403260053702],[88.443950395746072,22.793904534257475],[88.446161844057997,22.792543293653196],[88.446306951620812,22.790139558157243],[88.446420445672103,22.787970929589225],[88.446529129245064,22.787193222393967],[88.446915337443585,22.786408480949003],[88.450243467112159,22.786576953745023],[88.450201024409935,22.787168912191763],[88.451258525653984,22.787231548243419],[88.451172933275402,22.788347734606592],[88.452558393260006,22.788565430336153],[88.452965436983234,22.787911445167435],[88.45351496788355,22.788294798057876],[88.452570495363503,22.789707822021423],[88.453114541150711,22.790032521175036],[88.453435698746247,22.789546402623078],[88.454366364160393,22.789587591681947],[88.454286879427428,22.791277232611947],[88.455192438726002,22.79124639461914],[88.455248392988409,22.792388385371332],[88.45617300914742,22.792316722974459],[88.456301081059166,22.794745061036348],[88.456474721810324,22.795502132358575],[88.45690935459254,22.795611058198979],[88.456966044575168,22.795904066613176],[88.457369442036651,22.795823611948826],[88.458395436668766,22.795665209288057],[88.458685605081939,22.795928988087997],[88.459161125582639,22.797590970116307],[88.459602279235497,22.799226170085277],[88.459983416444274,22.800712896861342],[88.460366831780561,22.801955746081365],[88.461111059044015,22.802319223773715],[88.461125805787702,22.802788731334417],[88.461611920120546,22.802698474286604],[88.461945170836444,22.802889598019551],[88.461937978025958,22.803585097800362],[88.462224941250213,22.803546339309964],[88.462415266411156,22.804036815085837],[88.462859522845022,22.805500374072491],[88.463381812334347,22.806972246182774],[88.464167555238674,22.808482337805295],[88.465254482596464,22.810825077212083],[88.467262671804008,22.810038916702808],[88.467619495211281,22.810609136910433],[88.469155343954228,22.810292427878725],[88.470305734591889,22.809916041243554],[88.47007497985328,22.808838896953294],[88.470540997076611,22.808690094340776],[88.470164928162689,22.807234963859866],[88.470976302696982,22.8070423316614],[88.471252100760552,22.807324279689198],[88.47170611828831,22.807419435898993],[88.47255737442795,22.807312227823221],[88.473191456559462,22.808751417949342],[88.473817851807055,22.808569512251633],[88.473710860660091,22.80813247104923],[88.473221077607619,22.806976442071104],[88.47308755382042,22.806336436354108],[88.472975597684894,22.805890408203265],[88.473626627432552,22.805735370173664],[88.474748715748873,22.805449530144433],[88.475093667021341,22.806272725943895],[88.475516562416075,22.806192043879644],[88.475674991994524,22.806429913898057],[88.476341310170014,22.806337944297361],[88.476405885564191,22.806906333372304],[88.47718510130963,22.806894597796614],[88.477247781258569,22.807286890249671],[88.478016624157434,22.807216542395512],[88.478134829872431,22.807788949772647],[88.478241153571119,22.808162772770189],[88.478710276270377,22.808302925905174],[88.478873734617792,22.809005869723254],[88.479087551621717,22.809410304662702],[88.479281260736343,22.810207799168545],[88.479512180764942,22.810842378654272],[88.480072486957098,22.810855240876563],[88.480596836283411,22.812498625922153],[88.480849386845748,22.812880120258853],[88.48092856076164,22.813895431067536],[88.481356738250227,22.813850809677877],[88.481915018741418,22.814125596819959],[88.482730793223979,22.813887704632506],[88.483828915386823,22.813633632939357],[88.483831613027647,22.812983336917181],[88.48421930434472,22.812799095984296],[88.485372262367449,22.812661915194642],[88.485685166242163,22.814564648310018],[88.486610639393973,22.814560533802805],[88.486786603188449,22.815064657301118],[88.486306708790636,22.815281373028771],[88.486635085247784,22.815915032125584],[88.48754935371305,22.815775544276342],[88.487843066878341,22.815908273768784],[88.48817077678558,22.816031656371042],[88.488495153943077,22.817640749591181],[88.488645732245956,22.818497336631985],[88.488709581801416,22.818993471838077],[88.488917523823361,22.820197234941972],[88.488517378263211,22.820133237074014],[88.488775120189587,22.820988822292687],[88.488861901937611,22.82135378678862],[88.488965507334257,22.821921802710012],[88.488231816410817,22.82209574104898],[88.487711953271045,22.822222521906607],[88.486921180699483,22.82252342839206],[88.486517252333655,22.823457444033902],[88.486417445014027,22.82413573776596],[88.48645359861095,22.825670757153123],[88.484875722187425,22.825717082766495],[88.485077354442836,22.826789952934249],[88.485369040110541,22.827631679394674],[88.485388750944523,22.828101132824901],[88.485096756256354,22.828578011347943],[88.484682412823133,22.828554779068256],[88.484647704615512,22.828947972862213],[88.484988821878332,22.830304035272221],[88.485000747912053,22.830954190618275],[88.48395531822878,22.831587110288705],[88.483975514153016,22.832101716899587],[88.482675811836998,22.832199621903815],[88.482940765438471,22.833271903652314],[88.483140562435764,22.833726135385163],[88.482077209565972,22.834056653377914],[88.482043061907063,22.834052455012312],[88.482026657771684,22.834337100762305],[88.482263732158302,22.835084508900739],[88.482373397589853,22.835313791880989],[88.482758482894269,22.835332784941105],[88.482949372197226,22.835863866785889],[88.483719300260944,22.835879274110081],[88.483923145066896,22.837155330626473],[88.486046952841406,22.837121977929975],[88.486100346905232,22.838449109406948],[88.485220958225838,22.838674070106119],[88.485251586285472,22.840597493401837],[88.485237118019498,22.840611175722596],[88.485348247704991,22.84142297274278],[88.485445417570944,22.843192237667715],[88.485577722344289,22.843710313813858],[88.485948657386359,22.843770072726691],[88.485966544640306,22.844519520198428],[88.487599354840057,22.844576522834203],[88.487290503265598,22.845297410894112],[88.486873780195211,22.845956086788856],[88.486386134234806,22.84681411487362],[88.486030345686714,22.84680389023309],[88.485612113446635,22.848221222059845],[88.485121476994664,22.84835675771123],[88.483534720724577,22.848507026096531],[88.483575389254099,22.849111757791935],[88.483113245566301,22.849179284293704],[88.483031622842944,22.848841364193586],[88.482281451427284,22.848857382639533],[88.481778326596228,22.848740143300205],[88.481913538317841,22.849077565301045]]]},"properties":{"GPCODE":"107784","GPNAME":"TARABERIA","STNAME":"WEST BENGAL","DTNAME":"North Twenty Four Pargan*","blkname":"AMDANGA","blklgdcode":"2723"}}]}