date,panchayat_id,panchayat_name,rain_mm,tmax_c,tmin_c,humidity_pct,humidity_days,dry_days
2024-01-01,A1,ADHATA,0.0,24.7,14.4,80.16666666666667,0,1
2024-01-02,A1,ADHATA,0.0,22.9,13.1,77.5,0,2
2024-01-03,A1,ADHATA,0.0,24.3,12.2,81.16666666666667,0,3
2024-01-04,A1,ADHATA,0.0,25.0,12.0,77.54166666666667,0,4
2024-01-05,A1,ADHATA,0.0,25.5,13.0,74.29166666666667,0,5
2024-01-06,A1,ADHATA,0.0,26.2,12.9,72.95833333333333,0,6
2024-01-07,A1,ADHATA,0.0,25.8,14.9,76.66666666666667,0,7
2024-01-08,A1,ADHATA,0.0,25.5,15.4,80.41666666666667,0,8
2024-01-09,A1,ADHATA,0.0,24.9,13.3,78.5,0,9
2024-01-10,A1,ADHATA,0.0,25.5,12.7,74.83333333333333,0,10
2024-01-11,A1,ADHATA,0.0,24.6,13.0,76.45833333333333,0,11
2024-01-12,A1,ADHATA,0.0,22.4,10.8,77.04166666666667,0,12
2024-01-13,A1,ADHATA,0.0,22.4,10.2,75.66666666666667,0,13
2024-01-14,A1,ADHATA,0.0,21.9,10.4,79.08333333333333,0,14
2024-01-15,A1,ADHATA,0.0,21.6,10.4,81.70833333333333,0,15
2024-01-16,A1,ADHATA,0.0,21.8,10.3,79.25,0,16
2024-01-17,A1,ADHATA,0.1,23.1,9.9,79.70833333333333,0,0
2024-01-18,A1,ADHATA,7.1,22.3,14.9,84.58333333333333,0,0
2024-01-19,A1,ADHATA,0.0,22.9,14.7,84.58333333333333,0,1
2024-01-20,A1,ADHATA,0.0,22.3,12.3,80.70833333333333,0,2
2024-01-21,A1,ADHATA,0.0,22.6,12.9,82.91666666666667,0,3
2024-01-22,A1,ADHATA,0.0,20.8,10.6,79.83333333333333,0,4
2024-01-23,A1,ADHATA,0.0,22.1,9.2,77.29166666666667,0,5
2024-01-24,A1,ADHATA,3.2,21.5,15.1,77.66666666666667,0,0
2024-01-25,A1,ADHATA,0.0,22.7,13.0,82.95833333333333,0,1
2024-01-26,A1,ADHATA,0.0,22.6,12.5,72.375,0,2
2024-01-27,A1,ADHATA,0.0,22.6,11.0,74.54166666666667,0,3
2024-01-28,A1,ADHATA,0.0,23.1,10.0,74.875,0,4
2024-01-29,A1,ADHATA,0.0,24.4,10.4,75.75,0,5
2024-01-30,A1,ADHATA,0.9,26.0,12.8,82.0,0,0
2024-01-31,A1,ADHATA,14.2,24.9,17.4,86.83333333333333,1,0
2024-02-01,A1,ADHATA,4.0,24.4,16.1,93.08333333333331,2,0
2024-02-02,A1,ADHATA,0.5,26.3,16.5,82.0,0,0
2024-02-03,A1,ADHATA,0.0,25.5,14.9,73.75,0,1
2024-02-04,A1,ADHATA,0.0,25.9,12.5,67.45833333333333,0,2
2024-02-05,A1,ADHATA,0.0,26.7,14.6,71.25,0,3
2024-02-06,A1,ADHATA,1.3,26.7,17.6,91.79166666666669,1,0
2024-02-07,A1,ADHATA,0.0,25.2,17.2,76.75,0,1
2024-02-08,A1,ADHATA,0.0,24.3,13.9,63.91666666666666,0,2
2024-02-09,A1,ADHATA,0.0,22.8,12.8,64.91666666666667,0,3
2024-02-10,A1,ADHATA,0.0,24.5,11.2,67.70833333333333,0,4
2024-02-11,A1,ADHATA,0.0,26.3,12.0,62.5,0,5
2024-02-12,A1,ADHATA,0.0,27.1,13.8,63.04166666666666,0,6
2024-02-13,A1,ADHATA,0.0,28.7,16.8,73.58333333333333,0,7
2024-02-14,A1,ADHATA,0.0,28.1,15.8,77.25,0,8
2024-02-15,A1,ADHATA,0.6,27.5,17.1,80.66666666666667,0,0
2024-02-16,A1,ADHATA,0.0,28.5,17.4,75.16666666666667,0,1
2024-02-17,A1,ADHATA,0.0,27.5,15.2,70.45833333333333,0,2
2024-02-18,A1,ADHATA,0.2,28.4,15.7,73.66666666666667,0,0
2024-02-19,A1,ADHATA,0.2,29.2,18.0,82.5,0,0
2024-02-20,A1,ADHATA,0.8,31.0,20.8,82.0,0,0
2024-02-21,A1,ADHATA,0.0,32.5,20.6,75.70833333333333,0,1
2024-02-22,A1,ADHATA,0.5,28.8,20.6,83.375,0,0
2024-02-23,A1,ADHATA,1.0,28.4,19.1,72.83333333333333,0,0
2024-02-24,A1,ADHATA,0.2,28.3,16.8,67.95833333333333,0,0
2024-02-25,A1,ADHATA,0.0,25.2,18.2,63.75,0,1
2024-02-26,A1,ADHATA,0.0,27.9,17.0,65.54166666666667,0,2
2024-02-27,A1,ADHATA,0.0,28.4,17.2,65.20833333333333,0,3
2024-02-28,A1,ADHATA,0.0,28.9,17.9,70.16666666666667,0,4
2024-02-29,A1,ADHATA,0.0,29.4,17.8,63.25,0,5
2024-03-01,A1,ADHATA,0.0,29.9,16.4,64.125,0,6
2024-03-02,A1,ADHATA,0.0,30.0,16.1,61.083333333333336,0,7
2024-03-03,A1,ADHATA,0.1,31.0,18.3,68.875,0,0
2024-03-04,A1,ADHATA,0.7,30.9,19.8,71.08333333333333,0,0
2024-03-05,A1,ADHATA,0.0,30.3,20.1,74.75,0,1
2024-03-06,A1,ADHATA,0.0,29.0,17.9,62.0,0,2
2024-03-07,A1,ADHATA,0.0,28.4,18.5,63.875,0,3
2024-03-08,A1,ADHATA,0.0,29.9,18.3,58.833333333333336,0,4
2024-03-09,A1,ADHATA,0.0,29.2,15.2,56.375,0,5
2024-03-10,A1,ADHATA,0.0,29.1,14.7,53.875,0,6
2024-03-11,A1,ADHATA,0.0,30.1,14.9,57.625,0,7
2024-03-12,A1,ADHATA,0.0,32.3,19.5,76.25,0,8
2024-03-13,A1,ADHATA,0.4,33.3,23.0,71.95833333333333,0,0
2024-03-14,A1,ADHATA,12.7,31.5,21.7,83.5,0,0
2024-03-15,A1,ADHATA,0.9,33.3,22.0,74.625,0,0
2024-03-16,A1,ADHATA,0.8,30.8,22.5,83.20833333333333,0,0
2024-03-17,A1,ADHATA,0.0,31.4,21.2,79.95833333333333,0,1
2024-03-18,A1,ADHATA,1.6,29.7,21.8,84.04166666666667,0,0
2024-03-19,A1,ADHATA,9.7,30.2,22.2,80.70833333333333,0,0
2024-03-20,A1,ADHATA,13.7,23.2,18.8,89.79166666666667,1,0
2024-03-21,A1,ADHATA,6.8,26.9,18.6,87.04166666666667,2,0
2024-03-22,A1,ADHATA,0.2,27.5,17.3,79.33333333333333,0,0
2024-03-23,A1,ADHATA,5.5,31.7,19.0,80.58333333333333,0,0
2024-03-24,A1,ADHATA,0.0,33.5,23.7,80.41666666666667,0,1
2024-03-25,A1,ADHATA,13.8,33.0,22.6,82.66666666666667,0,0
2024-03-26,A1,ADHATA,0.6,32.2,23.8,78.70833333333333,0,0
2024-03-27,A1,ADHATA,0.8,34.1,22.6,81.875,0,0
2024-03-28,A1,ADHATA,1.2,32.6,22.4,80.25,0,0
2024-03-29,A1,ADHATA,0.0,33.6,24.5,80.25,0,1
2024-03-30,A1,ADHATA,0.0,35.4,24.7,78.83333333333333,0,2
2024-03-31,A1,ADHATA,6.4,35.0,25.0,82.20833333333333,0,0
2024-04-01,A1,ADHATA,0.0,35.9,24.9,64.0,0,1
2024-04-02,A1,ADHATA,0.0,35.6,23.4,66.83333333333333,0,2
2024-04-03,A1,ADHATA,0.0,35.6,25.0,73.58333333333333,0,3
2024-04-04,A1,ADHATA,15.1,36.7,25.9,83.375,0,0
2024-04-05,A1,ADHATA,0.0,37.1,26.3,78.125,0,1
2024-04-06,A1,ADHATA,0.0,37.4,26.3,77.0,0,2
2024-04-07,A1,ADHATA,3.6,36.0,25.9,74.875,0,0
2024-04-08,A1,ADHATA,0.1,30.5,22.5,67.95833333333333,0,0
2024-04-09,A1,ADHATA,0.6,34.3,21.9,61.0,0,0
2024-04-10,A1,ADHATA,0.0,35.1,22.2,66.70833333333333,0,1
2024-04-11,A1,ADHATA,5.6,33.1,23.5,80.125,0,0
2024-04-12,A1,ADHATA,0.0,34.5,22.7,63.75,0,1
2024-04-13,A1,ADHATA,0.0,35.5,23.5,59.708333333333336,0,2
2024-04-14,A1,ADHATA,0.0,36.5,23.1,63.79166666666666,0,3
2024-04-15,A1,ADHATA,0.0,37.7,23.8,63.29166666666666,0,4
2024-04-16,A1,ADHATA,0.0,38.0,26.1,60.16666666666666,0,5
2024-04-17,A1,ADHATA,0.0,37.8,27.2,58.125,0,6
2024-04-18,A1,ADHATA,0.0,37.7,25.4,53.375,0,7
2024-04-19,A1,ADHATA,0.0,39.7,24.7,54.16666666666666,0,8
2024-04-20,A1,ADHATA,0.0,40.8,25.8,61.66666666666666,0,9
2024-04-21,A1,ADHATA,0.0,40.1,27.0,60.66666666666666,0,10
2024-04-22,A1,ADHATA,0.0,39.2,25.2,53.66666666666666,0,11
2024-04-23,A1,ADHATA,0.0,37.9,26.2,44.958333333333336,0,12
2024-04-24,A1,ADHATA,0.0,39.6,26.8,46.625,0,13
2024-04-25,A1,ADHATA,0.0,40.0,24.6,46.375,0,14
2024-04-26,A1,ADHATA,0.0,40.9,26.9,61.625,0,15
2024-04-27,A1,ADHATA,0.0,41.1,27.8,60.91666666666666,0,16
2024-04-28,A1,ADHATA,0.7,39.6,28.1,57.29166666666666,0,0
2024-04-29,A1,ADHATA,0.0,41.4,28.4,45.625,0,1
2024-04-30,A1,ADHATA,0.0,43.3,29.0,48.41666666666666,0,2
2024-05-01,A1,ADHATA,0.0,41.1,28.3,43.54166666666666,0,3
2024-05-02,A1,ADHATA,0.2,41.0,29.3,56.208333333333336,0,0
2024-05-03,A1,ADHATA,0.0,39.5,25.3,56.333333333333336,0,1
2024-05-04,A1,ADHATA,0.0,39.4,27.1,66.54166666666667,0,2
2024-05-05,A1,ADHATA,0.2,38.0,28.4,67.0,0,0
2024-05-06,A1,ADHATA,112.5,37.5,24.7,80.04166666666667,0,0
2024-05-07,A1,ADHATA,1.5,33.2,24.4,76.08333333333333,0,0
2024-05-08,A1,ADHATA,2.6,30.5,23.7,82.95833333333333,0,0
2024-05-09,A1,ADHATA,8.6,31.3,23.8,84.41666666666667,0,0
2024-05-10,A1,ADHATA,9.7,31.3,23.7,84.66666666666667,0,0
2024-05-11,A1,ADHATA,15.9,31.4,24.7,86.95833333333333,1,0
2024-05-12,A1,ADHATA,3.3,32.7,24.9,81.625,0,0
2024-05-13,A1,ADHATA,0.0,33.4,24.0,76.04166666666667,0,1
2024-05-14,A1,ADHATA,3.3,34.0,25.3,81.91666666666667,0,0
2024-05-15,A1,ADHATA,0.0,35.1,25.9,75.58333333333333,0,1
2024-05-16,A1,ADHATA,0.0,35.4,26.1,75.375,0,2
2024-05-17,A1,ADHATA,0.0,37.3,27.3,72.83333333333333,0,3
2024-05-18,A1,ADHATA,0.1,36.1,28.7,73.79166666666667,0,0
2024-05-19,A1,ADHATA,1.7,33.9,28.8,76.08333333333333,0,0
2024-05-20,A1,ADHATA,14.6,33.0,26.9,85.66666666666667,1,0
2024-05-21,A1,ADHATA,11.3,33.1,25.8,85.41666666666667,2,0
2024-05-22,A1,ADHATA,2.9,33.9,26.7,80.20833333333333,0,0
2024-05-23,A1,ADHATA,0.0,34.9,25.9,75.75,0,1
2024-05-24,A1,ADHATA,0.0,35.5,26.4,73.08333333333333,0,2
2024-05-25,A1,ADHATA,0.0,36.4,27.5,73.83333333333333,0,3
2024-05-26,A1,ADHATA,39.9,30.9,26.8,86.58333333333333,1,0
2024-05-27,A1,ADHATA,80.5,27.5,26.1,89.95833333333333,2,0
2024-05-28,A1,ADHATA,0.4,35.3,26.3,77.83333333333333,0,0
2024-05-29,A1,ADHATA,0.0,35.9,29.2,81.33333333333333,0,1
2024-05-30,A1,ADHATA,0.2,35.3,29.5,79.16666666666667,0,0
2024-05-31,A1,ADHATA,0.0,35.2,28.5,80.20833333333333,0,1
2024-06-01,A1,ADHATA,0.8,34.7,28.3,82.375,0,0
2024-06-02,A1,ADHATA,5.0,34.4,29.1,80.79166666666667,0,0
2024-06-03,A1,ADHATA,0.2,34.5,28.3,77.70833333333333,0,0
2024-06-04,A1,ADHATA,0.1,35.7,28.6,78.375,0,0
2024-06-05,A1,ADHATA,0.0,35.7,28.0,79.0,0,1
2024-06-06,A1,ADHATA,0.2,36.4,26.7,83.33333333333333,0,0
2024-06-07,A1,ADHATA,0.0,36.0,26.1,78.75,0,1
2024-06-08,A1,ADHATA,0.0,35.7,28.1,76.875,0,2
2024-06-09,A1,ADHATA,0.0,36.6,28.2,79.375,0,3
2024-06-10,A1,ADHATA,0.0,36.5,28.5,77.45833333333333,0,4
2024-06-11,A1,ADHATA,0.0,36.6,28.9,77.54166666666667,0,5
2024-06-12,A1,ADHATA,0.0,35.3,28.3,76.45833333333333,0,6
2024-06-13,A1,ADHATA,0.0,36.0,28.5,75.04166666666667,0,7
2024-06-14,A1,ADHATA,0.0,37.1,29.1,75.08333333333333,0,8
2024-06-15,A1,ADHATA,0.0,37.3,29.4,74.04166666666667,0,9
2024-06-16,A1,ADHATA,0.0,36.8,29.4,75.08333333333333,0,10
2024-06-17,A1,ADHATA,0.2,37.0,29.2,75.375,0,0
2024-06-18,A1,ADHATA,10.7,32.5,28.8,81.875,0,0
2024-06-19,A1,ADHATA,8.0,34.8,28.6,81.79166666666667,0,0
2024-06-20,A1,ADHATA,24.2,33.6,27.8,86.25,1,0
2024-06-21,A1,ADHATA,2.6,31.8,27.1,84.95833333333333,0,0
2024-06-22,A1,ADHATA,2.0,33.3,26.5,82.125,0,0
2024-06-23,A1,ADHATA,1.1,34.0,26.7,81.625,0,0
2024-06-24,A1,ADHATA,1.3,34.1,27.1,78.625,0,0
2024-06-25,A1,ADHATA,0.8,34.2,28.0,76.20833333333333,0,0
2024-06-26,A1,ADHATA,0.4,34.5,27.4,76.79166666666667,0,0
2024-06-27,A1,ADHATA,9.6,32.1,27.5,83.41666666666667,0,0
2024-06-28,A1,ADHATA,4.8,33.0,27.1,85.125,1,0
2024-06-29,A1,ADHATA,17.3,31.3,26.9,88.25,2,0
2024-06-30,A1,ADHATA,30.2,32.1,26.3,89.83333333333333,3,0
2024-07-01,A1,ADHATA,17.7,31.2,26.0,88.375,4,0
2024-07-02,A1,ADHATA,28.1,31.0,25.9,90.41666666666669,5,0
2024-07-03,A1,ADHATA,7.9,30.9,25.9,88.29166666666667,6,0
2024-07-04,A1,ADHATA,18.3,31.5,25.5,90.58333333333331,7,0
2024-07-05,A1,ADHATA,27.3,32.4,25.6,84.45833333333333,0,0
2024-07-06,A1,ADHATA,2.4,32.2,26.2,84.25,0,0
2024-07-07,A1,ADHATA,5.4,32.5,26.4,84.66666666666667,0,0
2024-07-08,A1,ADHATA,1.0,32.4,26.2,81.04166666666667,0,0
2024-07-09,A1,ADHATA,3.9,32.2,27.0,82.0,0,0
2024-07-10,A1,ADHATA,1.4,32.9,27.5,79.41666666666667,0,0
2024-07-11,A1,ADHATA,26.5,32.7,27.6,82.58333333333333,0,0
2024-07-12,A1,ADHATA,9.2,32.3,26.1,87.66666666666667,1,0
2024-07-13,A1,ADHATA,2.4,32.6,25.6,85.25,2,0
2024-07-14,A1,ADHATA,3.3,32.8,26.4,82.375,0,0
2024-07-15,A1,ADHATA,2.3,32.4,26.9,81.66666666666667,0,0
2024-07-16,A1,ADHATA,2.6,32.4,26.6,82.5,0,0
2024-07-17,A1,ADHATA,6.6,33.4,26.6,83.5,0,0
2024-07-18,A1,ADHATA,2.0,33.2,26.6,80.5,0,0
2024-07-19,A1,ADHATA,3.5,32.5,27.3,80.08333333333333,0,0
2024-07-20,A1,ADHATA,2.4,32.8,27.1,79.54166666666667,0,0
2024-07-21,A1,ADHATA,13.1,32.4,27.0,81.0,0,0
2024-07-22,A1,ADHATA,14.5,31.7,26.7,84.33333333333333,0,0
2024-07-23,A1,ADHATA,13.4,32.7,25.8,85.375,1,0
2024-07-24,A1,ADHATA,18.3,32.3,26.6,86.20833333333333,2,0
2024-07-25,A1,ADHATA,13.8,32.3,26.4,86.66666666666667,3,0
2024-07-26,A1,ADHATA,18.9,31.2,26.3,86.66666666666667,4,0
2024-07-27,A1,ADHATA,5.7,32.0,27.0,85.375,5,0
2024-07-28,A1,ADHATA,20.2,32.0,26.4,87.79166666666667,6,0
2024-07-29,A1,ADHATA,11.3,32.1,26.4,87.08333333333333,7,0
2024-07-30,A1,ADHATA,4.4,33.0,26.2,83.83333333333333,0,0
2024-07-31,A1,ADHATA,22.9,31.6,25.9,88.45833333333333,1,0
2024-08-01,A1,ADHATA,88.3,29.2,24.9,91.5,2,0
2024-08-02,A1,ADHATA,31.6,29.7,25.5,90.375,3,0
2024-08-03,A1,ADHATA,18.1,31.0,24.9,88.54166666666667,4,0
2024-08-04,A1,ADHATA,22.3,31.0,24.8,89.04166666666667,5,0
2024-08-05,A1,ADHATA,33.2,32.5,24.8,87.08333333333333,6,0
2024-08-06,A1,ADHATA,12.0,31.2,26.2,89.41666666666667,7,0
2024-08-07,A1,ADHATA,5.3,30.6,25.7,86.875,8,0
2024-08-08,A1,ADHATA,14.5,31.0,25.9,85.75,9,0
2024-08-09,A1,ADHATA,20.8,31.1,25.4,86.54166666666667,10,0
2024-08-10,A1,ADHATA,32.1,32.2,24.9,89.41666666666667,11,0
2024-08-11,A1,ADHATA,14.4,32.2,25.1,86.70833333333333,12,0
2024-08-12,A1,ADHATA,12.2,32.4,25.5,86.5,13,0
2024-08-13,A1,ADHATA,9.9,32.5,25.4,87.33333333333333,14,0
2024-08-14,A1,ADHATA,8.8,32.4,25.3,86.83333333333333,15,0
2024-08-15,A1,ADHATA,8.0,32.6,25.7,86.41666666666667,16,0
2024-08-16,A1,ADHATA,3.9,31.3,25.5,86.33333333333333,17,0
2024-08-17,A1,ADHATA,23.2,32.9,25.4,87.29166666666667,18,0
2024-08-18,A1,ADHATA,17.1,29.1,25.4,89.70833333333333,19,0
2024-08-19,A1,ADHATA,13.0,30.3,25.6,90.5,20,0
2024-08-20,A1,ADHATA,12.6,30.9,24.9,90.70833333333331,21,0
2024-08-21,A1,ADHATA,27.8,31.7,25.0,89.54166666666667,22,0
2024-08-22,A1,ADHATA,27.4,31.4,25.7,91.83333333333331,23,0
2024-08-23,A1,ADHATA,27.2,30.7,24.6,91.33333333333331,24,0
2024-08-24,A1,ADHATA,4.1,29.2,25.0,91.33333333333331,25,0
2024-08-25,A1,ADHATA,42.3,29.3,24.2,94.08333333333331,26,0
2024-08-26,A1,ADHATA,47.2,29.3,24.4,91.66666666666669,27,0
2024-08-27,A1,ADHATA,22.6,30.1,24.7,91.66666666666669,28,0
2024-08-28,A1,ADHATA,5.3,31.9,24.9,88.125,29,0
2024-08-29,A1,ADHATA,4.4,32.4,25.5,83.91666666666667,0,0
2024-08-30,A1,ADHATA,0.5,32.7,25.3,81.70833333333333,0,0
2024-08-31,A1,ADHATA,3.3,32.3,26.2,81.95833333333333,0,0
2024-09-01,A1,ADHATA,8.7,30.7,26.2,86.66666666666667,1,0
2024-09-02,A1,ADHATA,3.7,32.3,25.5,85.83333333333333,2,0
2024-09-03,A1,ADHATA,7.3,31.8,25.4,88.0,3,0
2024-09-04,A1,ADHATA,6.3,31.4,25.9,87.33333333333333,4,0
2024-09-05,A1,ADHATA,1.8,32.4,25.4,82.79166666666667,0,0
2024-09-06,A1,ADHATA,0.4,33.1,26.0,84.54166666666667,0,0
2024-09-07,A1,ADHATA,18.8,33.7,25.6,84.29166666666667,0,0
2024-09-08,A1,ADHATA,6.7,32.3,26.3,84.16666666666667,0,0
2024-09-09,A1,ADHATA,5.3,32.1,26.5,82.75,0,0
2024-09-10,A1,ADHATA,6.2,31.7,25.9,84.58333333333333,0,0
2024-09-11,A1,ADHATA,8.5,32.3,26.0,87.16666666666667,1,0
2024-09-12,A1,ADHATA,16.9,31.9,26.3,90.54166666666669,2,0
2024-09-13,A1,ADHATA,30.8,32.2,25.7,86.41666666666667,3,0
2024-09-14,A1,ADHATA,58.3,27.5,25.3,93.58333333333331,4,0
2024-09-15,A1,ADHATA,19.1,28.3,24.9,92.75,5,0
2024-09-16,A1,ADHATA,18.1,27.8,25.2,89.79166666666667,6,0
2024-09-17,A1,ADHATA,0.3,32.2,25.6,83.79166666666667,0,0
2024-09-18,A1,ADHATA,0.0,33.0,24.4,79.125,0,1
2024-09-19,A1,ADHATA,3.7,32.8,25.9,84.79166666666667,0,0
2024-09-20,A1,ADHATA,0.0,33.9,26.5,82.70833333333333,0,1
2024-09-21,A1,ADHATA,6.4,33.4,26.3,83.70833333333333,0,0
2024-09-22,A1,ADHATA,0.0,34.1,27.0,81.79166666666667,0,1
2024-09-23,A1,ADHATA,6.3,34.1,26.3,87.70833333333333,1,0
2024-09-24,A1,ADHATA,10.1,30.8,26.4,87.95833333333333,2,0
2024-09-25,A1,ADHATA,24.6,28.9,24.4,91.95833333333331,3,0
2024-09-26,A1,ADHATA,30.9,28.3,24.3,92.70833333333331,4,0
2024-09-27,A1,ADHATA,11.6,30.5,24.7,89.54166666666667,5,0
2024-09-28,A1,ADHATA,6.3,31.3,24.8,87.5,6,0
2024-09-29,A1,ADHATA,3.9,32.4,26.3,88.95833333333333,7,0
2024-09-30,A1,ADHATA,0.8,33.2,25.8,84.625,0,0
2024-10-01,A1,ADHATA,11.8,33.7,26.6,85.375,1,0
2024-10-02,A1,ADHATA,6.2,31.9,24.7,89.45833333333333,2,0
2024-10-03,A1,ADHATA,32.5,30.9,25.9,91.91666666666669,3,0
2024-10-04,A1,ADHATA,23.2,30.0,24.9,91.75,4,0
2024-10-05,A1,ADHATA,21.8,30.2,24.7,92.20833333333331,5,0
2024-10-06,A1,ADHATA,3.7,30.3,24.5,90.375,6,0
2024-10-07,A1,ADHATA,11.7,31.0,24.0,91.20833333333331,7,0
2024-10-08,A1,ADHATA,10.4,30.2,25.1,91.25,8,0
2024-10-09,A1,ADHATA,9.7,30.3,24.6,91.66666666666669,9,0
2024-10-10,A1,ADHATA,8.2,30.6,24.5,89.91666666666667,10,0
2024-10-11,A1,ADHATA,5.2,31.9,25.1,87.45833333333333,11,0
2024-10-12,A1,ADHATA,4.3,31.7,24.4,87.66666666666667,12,0
2024-10-13,A1,ADHATA,1.6,31.9,24.5,86.875,13,0
2024-10-14,A1,ADHATA,0.0,32.1,23.8,80.83333333333333,0,1
2024-10-15,A1,ADHATA,9.0,31.4,24.4,86.66666666666667,1,0
2024-10-16,A1,ADHATA,0.0,31.3,23.9,85.04166666666667,2,1
2024-10-17,A1,ADHATA,8.7,31.1,23.8,89.04166666666667,3,0
2024-10-18,A1,ADHATA,5.2,29.5,23.4,90.125,4,0
2024-10-19,A1,ADHATA,7.2,30.2,23.4,88.75,5,0
2024-10-20,A1,ADHATA,0.0,30.5,23.7,81.125,0,1
2024-10-21,A1,ADHATA,0.0,30.5,24.0,80.54166666666667,0,2
2024-10-22,A1,ADHATA,0.0,30.9,22.7,81.66666666666667,0,3
2024-10-23,A1,ADHATA,17.8,29.7,24.0,86.20833333333333,1,0
2024-10-24,A1,ADHATA,13.7,27.0,24.1,89.54166666666667,2,0
2024-10-25,A1,ADHATA,28.2,26.1,23.5,92.91666666666669,3,0
2024-10-26,A1,ADHATA,2.7,31.5,24.4,81.54166666666667,0,0
2024-10-27,A1,ADHATA,0.2,31.2,23.5,83.5,0,0
2024-10-28,A1,ADHATA,0.3,31.3,23.4,81.54166666666667,0,0
2024-10-29,A1,ADHATA,0.0,31.2,23.6,81.45833333333333,0,1
2024-10-30,A1,ADHATA,0.4,30.9,23.6,87.625,1,0
2024-10-31,A1,ADHATA,0.3,31.1,23.8,89.125,2,0
2024-11-01,A1,ADHATA,0.0,32.2,23.1,77.33333333333333,0,1
2024-11-02,A1,ADHATA,0.0,31.3,20.9,74.0,0,2
2024-11-03,A1,ADHATA,0.0,30.6,21.0,78.58333333333333,0,3
2024-11-04,A1,ADHATA,0.0,30.4,21.1,77.5,0,4
2024-11-05,A1,ADHATA,0.5,30.4,21.9,77.0,0,0
2024-11-06,A1,ADHATA,0.6,29.5,22.0,79.58333333333333,0,0
2024-11-07,A1,ADHATA,0.2,29.9,21.1,81.16666666666667,0,0
2024-11-08,A1,ADHATA,0.0,30.2,21.0,78.41666666666667,0,1
2024-11-09,A1,ADHATA,0.0,29.7,20.9,79.375,0,2
2024-11-10,A1,ADHATA,0.0,30.1,20.3,78.375,0,3
2024-11-11,A1,ADHATA,0.0,30.2,20.1,74.66666666666667,0,4
2024-11-12,A1,ADHATA,0.0,30.1,19.8,72.5,0,5
2024-11-13,A1,ADHATA,0.0,31.4,20.2,64.16666666666667,0,6
2024-11-14,A1,ADHATA,0.0,31.3,20.1,57.625,0,7
2024-11-15,A1,ADHATA,0.0,31.4,19.0,56.625,0,8
2024-11-16,A1,ADHATA,0.0,30.2,18.2,53.958333333333336,0,9
2024-11-17,A1,ADHATA,0.0,29.5,17.9,58.16666666666666,0,10
2024-11-18,A1,ADHATA,0.0,29.2,17.7,58.458333333333336,0,11
2024-11-19,A1,ADHATA,0.0,28.8,17.8,61.75,0,12
2024-11-20,A1,ADHATA,0.0,29.6,17.7,62.04166666666666,0,13
2024-11-21,A1,ADHATA,0.0,29.3,18.5,63.25,0,14
2024-11-22,A1,ADHATA,0.0,29.5,18.0,60.958333333333336,0,15
2024-11-23,A1,ADHATA,0.0,29.3,17.9,58.54166666666666,0,16
2024-11-24,A1,ADHATA,0.0,29.0,16.6,60.16666666666666,0,17
2024-11-25,A1,ADHATA,0.0,28.2,16.3,60.25,0,18
2024-11-26,A1,ADHATA,0.0,28.2,16.3,60.583333333333336,0,19
2024-11-27,A1,ADHATA,0.0,28.7,16.5,62.0,0,20
2024-11-28,A1,ADHATA,0.0,28.9,17.1,68.875,0,21
2024-11-29,A1,ADHATA,0.0,28.1,19.7,65.0,0,22
2024-11-30,A1,ADHATA,23.4,23.5,19.0,77.5,0,0
2024-12-01,A1,ADHATA,0.0,28.8,18.8,67.70833333333333,0,1
2024-12-02,A1,ADHATA,2.4,23.0,19.2,72.16666666666667,0,0
2024-12-03,A1,ADHATA,0.0,29.0,18.8,61.208333333333336,0,1
2024-12-04,A1,ADHATA,0.0,28.7,16.6,69.41666666666667,0,2
2024-12-05,A1,ADHATA,0.0,29.5,15.9,61.458333333333336,0,3
2024-12-06,A1,ADHATA,0.0,27.4,16.0,62.5,0,4
2024-12-07,A1,ADHATA,0.0,26.5,14.5,66.33333333333333,0,5
2024-12-08,A1,ADHATA,0.0,26.2,13.5,65.25,0,6
2024-12-09,A1,ADHATA,0.0,26.3,14.7,69.41666666666667,0,7
2024-12-10,A1,ADHATA,0.0,26.4,16.7,76.58333333333333,0,8
2024-12-11,A1,ADHATA,0.0,24.5,14.4,70.58333333333333,0,9
2024-12-12,A1,ADHATA,0.0,24.0,12.3,69.08333333333333,0,10
2024-12-13,A1,ADHATA,0.0,23.6,11.6,69.83333333333333,0,11
2024-12-14,A1,ADHATA,0.0,23.3,12.3,70.95833333333333,0,12
2024-12-15,A1,ADHATA,0.0,24.0,11.0,69.91666666666667,0,13
2024-12-16,A1,ADHATA,0.0,24.8,12.8,76.875,0,14
2024-12-17,A1,ADHATA,0.0,25.9,13.1,76.33333333333333,0,15
2024-12-18,A1,ADHATA,0.0,26.8,14.3,74.91666666666667,0,16
2024-12-19,A1,ADHATA,0.0,26.1,14.4,73.33333333333333,0,17
2024-12-20,A1,ADHATA,0.0,25.9,14.0,76.625,0,18
2024-12-21,A1,ADHATA,1.6,20.3,15.5,86.16666666666667,1,0
2024-12-22,A1,ADHATA,0.0,25.4,15.0,84.75,0,1
2024-12-23,A1,ADHATA,0.0,26.3,15.1,73.41666666666667,0,2
2024-12-24,A1,ADHATA,0.8,26.0,14.9,70.20833333333333,0,0
2024-12-25,A1,ADHATA,0.0,26.0,16.8,74.20833333333333,0,1
2024-12-26,A1,ADHATA,0.0,27.0,16.2,73.04166666666667,0,2
2024-12-27,A1,ADHATA,0.0,26.7,15.0,70.16666666666667,0,3
2024-12-28,A1,ADHATA,0.0,26.0,14.0,72.95833333333333,0,4
2024-12-29,A1,ADHATA,0.0,26.8,15.4,70.70833333333333,0,5
2024-12-30,A1,ADHATA,0.0,26.1,16.6,76.83333333333333,0,6
2024-12-31,A1,ADHATA,0.0,23.8,15.2,73.375,0,7
2025-01-01,A1,ADHATA,0.0,22.8,12.8,79.08333333333333,0,8
2025-01-02,A1,ADHATA,0.0,22.1,12.1,79.41666666666667,0,9
2025-01-03,A1,ADHATA,0.0,22.2,11.1,80.5,0,10
2025-01-04,A1,ADHATA,0.0,23.7,13.0,82.04166666666667,0,11
2025-01-05,A1,ADHATA,0.0,24.2,13.8,82.45833333333333,0,12
2025-01-06,A1,ADHATA,0.0,24.4,12.7,78.83333333333333,0,13
2025-01-07,A1,ADHATA,0.0,25.7,14.2,77.125,0,14
2025-01-08,A1,ADHATA,0.0,22.2,13.5,79.95833333333333,0,15
2025-01-09,A1,ADHATA,0.0,21.9,12.0,80.83333333333333,0,16
2025-01-10,A1,ADHATA,0.0,22.6,12.0,74.70833333333333,0,17
2025-01-11,A1,ADHATA,0.0,23.3,11.4,79.79166666666667,0,18
2025-01-12,A1,ADHATA,0.0,24.5,12.7,78.5,0,19
2025-01-13,A1,ADHATA,0.0,26.2,13.6,74.58333333333333,0,20
2025-01-14,A1,ADHATA,0.0,25.0,15.2,77.125,0,21
2025-01-15,A1,ADHATA,0.0,24.1,14.0,75.33333333333333,0,22
2025-01-16,A1,ADHATA,0.0,24.3,13.2,78.58333333333333,0,23
2025-01-17,A1,ADHATA,0.0,24.4,14.0,76.625,0,24
2025-01-18,A1,ADHATA,0.0,24.3,13.9,76.375,0,25
2025-01-19,A1,ADHATA,0.0,24.1,13.3,70.0,0,26
2025-01-20,A1,ADHATA,0.0,23.5,12.3,71.625,0,27
2025-01-21,A1,ADHATA,0.0,25.0,12.8,76.16666666666667,0,28
2025-01-22,A1,ADHATA,0.0,26.0,13.9,80.58333333333333,0,29
2025-01-23,A1,ADHATA,0.0,27.6,13.5,80.91666666666667,0,30
2025-01-24,A1,ADHATA,0.0,27.6,14.6,82.41666666666667,0,31
2025-01-25,A1,ADHATA,0.1,25.2,16.1,82.5,0,0
2025-01-26,A1,ADHATA,0.0,24.0,13.1,70.33333333333333,0,1
2025-01-27,A1,ADHATA,0.0,23.8,12.8,67.58333333333333,0,2
2025-01-28,A1,ADHATA,0.0,25.4,12.7,71.66666666666667,0,3
2025-01-29,A1,ADHATA,0.4,26.9,14.3,83.08333333333333,0,0
2025-01-30,A1,ADHATA,0.2,28.9,18.0,79.29166666666667,0,0
2025-01-31,A1,ADHATA,0.0,28.9,19.1,82.08333333333333,0,1
2025-02-01,A1,ADHATA,0.5,28.6,20.0,87.5,1,0
2025-02-02,A1,ADHATA,0.0,28.5,20.3,87.5,2,1
2025-02-03,A1,ADHATA,0.0,28.4,19.0,76.79166666666667,0,2
2025-02-04,A1,ADHATA,0.0,26.8,16.7,69.75,0,3
2025-02-05,A1,ADHATA,0.0,28.7,16.0,71.66666666666667,0,4
2025-02-06,A1,ADHATA,0.0,28.4,18.6,70.29166666666667,0,5
2025-02-07,A1,ADHATA,0.0,25.2,14.5,59.66666666666666,0,6
2025-02-08,A1,ADHATA,0.0,25.1,13.3,63.583333333333336,0,7
2025-02-09,A1,ADHATA,0.0,25.6,13.3,62.458333333333336,0,8
2025-02-10,A1,ADHATA,0.0,28.8,14.5,65.41666666666667,0,9
2025-02-11,A1,ADHATA,0.0,29.5,18.6,77.45833333333333,0,10
2025-02-12,A1,ADHATA,0.0,29.7,19.3,80.125,0,11
2025-02-13,A1,ADHATA,0.0,29.7,20.1,73.08333333333333,0,12
2025-02-14,A1,ADHATA,0.0,27.4,15.6,51.5,0,13
2025-02-15,A1,ADHATA,0.0,28.5,15.8,57.125,0,14
2025-02-16,A1,ADHATA,0.0,30.5,16.4,65.33333333333333,0,15
2025-02-17,A1,ADHATA,0.1,31.1,18.3,76.95833333333333,0,0
2025-02-18,A1,ADHATA,2.5,29.7,18.5,81.29166666666667,0,0
2025-02-19,A1,ADHATA,12.6,28.2,18.7,84.0,0,0
2025-02-20,A1,ADHATA,7.7,27.1,18.8,86.41666666666667,1,0
2025-02-21,A1,ADHATA,0.0,28.8,17.5,80.58333333333333,0,1
2025-02-22,A1,ADHATA,11.8,28.8,19.2,86.54166666666667,1,0
2025-02-23,A1,ADHATA,5.7,28.1,18.0,82.29166666666667,0,0
2025-02-24,A1,ADHATA,0.0,28.8,17.6,73.91666666666667,0,1
2025-02-25,A1,ADHATA,0.0,29.0,18.3,71.08333333333333,0,2
2025-02-26,A1,ADHATA,0.0,29.1,17.9,71.70833333333333,0,3
2025-02-27,A1,ADHATA,0.0,29.7,17.8,70.91666666666667,0,4
2025-02-28,A1,ADHATA,0.0,30.4,19.5,72.29166666666667,0,5
2025-03-01,A1,ADHATA,0.0,32.9,20.0,72.58333333333333,0,6
2025-03-02,A1,ADHATA,0.0,33.0,20.9,70.45833333333333,0,7
2025-03-03,A1,ADHATA,0.0,31.7,20.6,65.16666666666667,0,8
2025-03-04,A1,ADHATA,0.0,30.6,20.4,59.375,0,9
2025-03-05,A1,ADHATA,0.0,30.7,19.8,55.708333333333336,0,10
2025-03-06,A1,ADHATA,0.0,27.1,17.0,52.54166666666666,0,11
2025-03-07,A1,ADHATA,0.0,29.1,15.8,54.04166666666666,0,12
2025-03-08,A1,ADHATA,0.0,31.4,17.7,66.0,0,13
2025-03-09,A1,ADHATA,0.0,31.3,18.8,74.875,0,14
2025-03-10,A1,ADHATA,0.0,32.2,19.7,68.66666666666667,0,15
2025-03-11,A1,ADHATA,0.0,32.9,20.6,55.958333333333336,0,16
2025-03-12,A1,ADHATA,0.0,34.0,20.4,59.833333333333336,0,17
2025-03-13,A1,ADHATA,0.0,35.4,22.4,63.29166666666666,0,18
2025-03-14,A1,ADHATA,0.0,35.9,22.8,72.33333333333333,0,19
2025-03-15,A1,ADHATA,0.1,34.9,23.5,78.58333333333333,0,0
2025-03-16,A1,ADHATA,6.1,38.0,24.2,73.29166666666667,0,0
2025-03-17,A1,ADHATA,2.9,34.9,23.1,73.91666666666667,0,0
2025-03-18,A1,ADHATA,0.0,33.5,23.9,62.29166666666666,0,1
2025-03-19,A1,ADHATA,0.0,34.8,22.2,64.79166666666667,0,2
2025-03-20,A1,ADHATA,3.9,31.2,24.1,79.20833333333333,0,0
2025-03-21,A1,ADHATA,5.7,30.7,21.1,68.875,0,0
2025-03-22,A1,ADHATA,4.8,26.6,20.9,78.83333333333333,0,0
2025-03-23,A1,ADHATA,0.2,28.6,18.6,78.58333333333333,0,0
2025-03-24,A1,ADHATA,0.0,30.7,18.0,69.29166666666667,0,1
2025-03-25,A1,ADHATA,0.0,32.0,19.4,66.58333333333333,0,2
2025-03-26,A1,ADHATA,0.0,34.2,21.1,64.08333333333333,0,3
2025-03-27,A1,ADHATA,0.0,35.4,23.3,62.875,0,4
2025-03-28,A1,ADHATA,0.0,36.7,23.2,56.333333333333336,0,5
2025-03-29,A1,ADHATA,0.0,35.5,23.3,60.958333333333336,0,6
2025-03-30,A1,ADHATA,0.1,35.4,24.1,75.75,0,0
2025-03-31,A1,ADHATA,0.0,35.9,25.2,71.25,0,1
2025-04-01,A1,ADHATA,0.0,36.1,25.0,69.125,0,2
2025-04-02,A1,ADHATA,0.2,36.5,24.9,68.70833333333333,0,0
2025-04-03,A1,ADHATA,0.0,36.0,24.8,68.29166666666667,0,1
2025-04-04,A1,ADHATA,0.0,34.0,25.4,70.29166666666667,0,2
2025-04-05,A1,ADHATA,0.0,36.4,24.4,62.333333333333336,0,3
2025-04-06,A1,ADHATA,0.5,35.7,24.3,70.08333333333333,0,0
2025-04-07,A1,ADHATA,0.7,34.9,24.5,72.08333333333333,0,0
2025-04-08,A1,ADHATA,0.5,34.2,24.2,75.04166666666667,0,0
2025-04-09,A1,ADHATA,2.4,33.5,23.5,67.58333333333333,0,0
2025-04-10,A1,ADHATA,22.5,34.5,21.9,73.08333333333333,0,0
2025-04-11,A1,ADHATA,0.3,31.9,21.9,76.25,0,0
2025-04-12,A1,ADHATA,1.6,34.9,23.7,77.875,0,0
2025-04-13,A1,ADHATA,0.0,33.3,23.4,70.20833333333333,0,1
2025-04-14,A1,ADHATA,3.3,32.4,23.9,75.16666666666667,0,0
2025-04-15,A1,ADHATA,1.2,32.6,23.4,74.08333333333333,0,0
2025-04-16,A1,ADHATA,3.7,33.4,23.1,75.54166666666667,0,0
2025-04-17,A1,ADHATA,28.3,32.3,22.9,85.95833333333333,1,0
2025-04-18,A1,ADHATA,7.6,29.6,22.6,84.83333333333333,0,0
2025-04-19,A1,ADHATA,2.0,29.9,23.0,85.79166666666667,1,0
2025-04-20,A1,ADHATA,0.9,34.7,24.8,82.83333333333333,0,0
2025-04-21,A1,ADHATA,0.1,36.1,27.6,79.95833333333333,0,0
2025-04-22,A1,ADHATA,0.0,36.4,27.5,78.54166666666667,0,1
2025-04-23,A1,ADHATA,0.0,38.3,27.1,70.875,0,2
2025-04-24,A1,ADHATA,0.0,37.1,27.2,76.58333333333333,0,3
2025-04-25,A1,ADHATA,1.5,38.0,27.4,77.33333333333333,0,0
2025-04-26,A1,ADHATA,1.3,36.3,27.0,76.25,0,0
2025-04-27,A1,ADHATA,0.0,35.2,27.6,70.91666666666667,0,1
2025-04-28,A1,ADHATA,1.5,29.8,24.9,83.66666666666667,0,0
2025-04-29,A1,ADHATA,11.3,30.7,22.5,83.66666666666667,0,0
2025-04-30,A1,ADHATA,1.6,30.6,21.8,83.75,0,0
2025-05-01,A1,ADHATA,2.7,31.4,22.0,80.79166666666667,0,0
2025-05-02,A1,ADHATA,0.0,30.5,21.7,77.66666666666667,0,1
2025-05-03,A1,ADHATA,1.4,32.2,23.3,78.625,0,0
2025-05-04,A1,ADHATA,3.6,31.2,23.8,83.5,0,0
2025-05-05,A1,ADHATA,1.5,32.7,23.6,79.875,0,0
2025-05-06,A1,ADHATA,14.0,32.2,24.5,86.45833333333333,1,0
2025-05-07,A1,ADHATA,1.1,33.5,24.0,80.375,0,0
2025-05-08,A1,ADHATA,0.0,35.8,26.9,72.20833333333333,0,1
2025-05-09,A1,ADHATA,0.0,36.5,26.8,71.58333333333333,0,2
2025-05-10,A1,ADHATA,0.6,36.4,26.7,70.33333333333333,0,0
2025-05-11,A1,ADHATA,0.0,36.7,27.2,67.04166666666667,0,1
2025-05-12,A1,ADHATA,1.0,37.1,28.6,67.25,0,0
2025-05-13,A1,ADHATA,1.5,35.8,28.4,75.125,0,0
2025-05-14,A1,ADHATA,0.7,36.5,28.2,74.25,0,0
2025-05-15,A1,ADHATA,7.6,35.2,27.1,79.375,0,0
2025-05-16,A1,ADHATA,8.7,35.0,27.8,77.58333333333333,0,0
2025-05-17,A1,ADHATA,17.3,35.0,25.5,80.66666666666667,0,0
2025-05-18,A1,ADHATA,10.6,30.6,25.4,86.04166666666667,1,0
2025-05-19,A1,ADHATA,5.4,33.3,26.0,80.54166666666667,0,0
2025-05-20,A1,ADHATA,16.2,34.6,25.2,81.45833333333333,0,0
2025-05-21,A1,ADHATA,28.3,33.6,25.8,83.875,0,0
2025-05-22,A1,ADHATA,3.8,32.2,26.1,79.16666666666667,0,0
2025-05-23,A1,ADHATA,4.8,31.2,25.7,85.29166666666667,1,0
2025-05-24,A1,ADHATA,5.1,32.1,25.4,87.16666666666667,2,0
2025-05-25,A1,ADHATA,13.7,31.0,25.6,88.875,3,0
2025-05-26,A1,ADHATA,14.2,30.6,25.2,90.91666666666669,4,0
2025-05-27,A1,ADHATA,9.1,31.7,25.5,89.25,5,0
2025-05-28,A1,ADHATA,10.0,31.6,25.9,87.25,6,0
2025-05-29,A1,ADHATA,31.8,29.3,25.4,91.08333333333331,7,0
2025-05-30,A1,ADHATA,19.0,32.8,24.7,80.33333333333333,0,0
2025-05-31,A1,ADHATA,33.5,32.2,25.3,89.41666666666667,1,0
2025-06-01,A1,ADHATA,21.4,31.3,26.7,91.33333333333331,2,0
2025-06-02,A1,ADHATA,0.0,36.0,26.8,78.08333333333333,0,1
2025-06-03,A1,ADHATA,0.3,34.8,27.1,72.41666666666667,0,0
2025-06-04,A1,ADHATA,1.2,34.0,26.1,83.45833333333333,0,0
2025-06-05,A1,ADHATA,1.4,32.3,26.5,84.20833333333333,0,0
2025-06-06,A1,ADHATA,6.0,32.7,25.9,86.08333333333333,1,0
2025-06-07,A1,ADHATA,0.0,33.7,25.4,78.04166666666667,0,1
2025-06-08,A1,ADHATA,0.7,33.7,26.4,82.33333333333333,0,0
2025-06-09,A1,ADHATA,0.2,33.6,26.3,79.375,0,0
2025-06-10,A1,ADHATA,0.3,34.2,26.3,79.83333333333333,0,0
2025-06-11,A1,ADHATA,0.3,33.1,26.8,81.95833333333333,0,0
2025-06-12,A1,ADHATA,0.4,33.1,25.8,79.29166666666667,0,0
2025-06-13,A1,ADHATA,0.2,33.3,26.6,78.875,0,0
2025-06-14,A1,ADHATA,0.6,34.1,27.3,77.54166666666667,0,0
2025-06-15,A1,ADHATA,17.4,30.5,26.7,88.58333333333333,1,0
2025-06-16,A1,ADHATA,32.4,31.7,26.0,89.375,2,0
2025-06-17,A1,ADHATA,52.8,28.8,25.2,95.04166666666669,3,0
2025-06-18,A1,ADHATA,26.0,28.6,25.3,92.41666666666669,4,0
2025-06-19,A1,ADHATA,64.9,30.5,24.1,86.54166666666667,5,0
2025-06-20,A1,ADHATA,9.9,32.1,26.1,85.625,6,0
2025-06-21,A1,ADHATA,1.1,33.2,26.4,84.33333333333333,0,0
2025-06-22,A1,ADHATA,25.8,32.4,26.3,89.29166666666667,1,0
2025-06-23,A1,ADHATA,9.4,31.8,26.2,87.16666666666667,2,0
2025-06-24,A1,ADHATA,4.0,32.4,26.2,85.95833333333333,3,0
2025-06-25,A1,ADHATA,14.5,31.7,26.2,87.33333333333333,4,0
2025-06-26,A1,ADHATA,2.6,32.1,26.5,83.29166666666667,0,0
2025-06-27,A1,ADHATA,15.9,31.3,25.3,88.66666666666667,1,0
2025-06-28,A1,ADHATA,15.6,30.5,25.4,88.95833333333333,2,0
2025-06-29,A1,ADHATA,43.2,31.2,25.4,90.29166666666669,3,0
2025-06-30,A1,ADHATA,21.1,30.0,25.3,91.58333333333331,4,0
2025-07-01,A1,ADHATA,19.4,30.4,26.0,89.125,5,0
2025-07-02,A1,ADHATA,13.2,32.6,25.8,88.70833333333333,6,0
2025-07-03,A1,ADHATA,33.5,31.0,25.6,91.04166666666669,7,0
2025-07-04,A1,ADHATA,29.4,31.4,24.9,91.58333333333331,8,0
2025-07-05,A1,ADHATA,15.5,30.5,25.6,91.20833333333331,9,0
2025-07-06,A1,ADHATA,3.7,29.0,25.5,91.58333333333331,10,0
2025-07-07,A1,ADHATA,14.4,29.2,25.3,93.70833333333331,11,0
2025-07-08,A1,ADHATA,30.2,28.2,24.6,93.41666666666669,12,0
2025-07-09,A1,ADHATA,18.1,29.9,24.8,90.58333333333331,13,0
2025-07-10,A1,ADHATA,29.6,31.1,24.9,89.41666666666667,14,0
2025-07-11,A1,ADHATA,10.1,30.5,25.4,88.45833333333333,15,0
2025-07-12,A1,ADHATA,5.9,33.2,25.5,86.375,16,0
2025-07-13,A1,ADHATA,12.6,31.8,26.1,88.625,17,0
2025-07-14,A1,ADHATA,33.4,27.5,25.2,93.70833333333331,18,0
2025-07-15,A1,ADHATA,16.9,30.0,24.9,90.95833333333331,19,0
2025-07-16,A1,ADHATA,11.7,30.6,26.0,88.45833333333333,20,0
2025-07-17,A1,ADHATA,0.3,33.0,26.3,82.625,0,0
2025-07-18,A1,ADHATA,5.4,32.9,26.5,86.20833333333333,1,0
2025-07-19,A1,ADHATA,1.5,33.5,26.7,83.29166666666667,0,0
2025-07-20,A1,ADHATA,1.5,32.9,26.8,83.75,0,0
2025-07-21,A1,ADHATA,0.4,32.7,26.6,83.95833333333333,0,0
2025-07-22,A1,ADHATA,7.0,33.3,26.9,82.41666666666667,0,0
2025-07-23,A1,ADHATA,0.6,33.9,27.0,78.66666666666667,0,0
2025-07-24,A1,ADHATA,14.1,32.7,26.4,84.91666666666667,0,0
2025-07-25,A1,ADHATA,45.3,30.5,26.0,90.29166666666669,1,0
2025-07-26,A1,ADHATA,6.1,31.1,26.3,87.375,2,0
2025-07-27,A1,ADHATA,6.1,32.5,26.1,86.5,3,0
2025-07-28,A1,ADHATA,7.1,30.6,26.7,88.375,4,0
2025-07-29,A1,ADHATA,48.6,29.6,25.8,91.66666666666669,5,0
2025-07-30,A1,ADHATA,21.0,29.2,25.2,92.0,6,0
2025-07-31,A1,ADHATA,33.1,29.2,24.8,93.125,7,0
2025-08-01,A1,ADHATA,15.6,32.1,25.7,89.625,8,0
2025-08-02,A1,ADHATA,3.5,32.0,25.9,86.83333333333333,9,0
2025-08-03,A1,ADHATA,18.3,32.8,26.7,87.91666666666667,10,0
2025-08-04,A1,ADHATA,25.5,31.5,25.8,90.04166666666667,11,0
2025-08-05,A1,ADHATA,14.7,32.2,26.2,90.66666666666669,12,0
2025-08-06,A1,ADHATA,12.5,30.5,25.4,90.16666666666669,13,0
2025-08-07,A1,ADHATA,6.2,31.2,25.4,89.45833333333333,14,0
2025-08-08,A1,ADHATA,1.7,31.1,24.6,86.79166666666667,15,0
2025-08-09,A1,ADHATA,19.0,31.4,25.1,85.79166666666667,16,0
2025-08-10,A1,ADHATA,0.8,32.9,26.7,79.91666666666667,0,0
2025-08-11,A1,ADHATA,6.1,32.3,26.5,84.41666666666667,0,0
2025-08-12,A1,ADHATA,10.6,33.5,26.6,83.54166666666667,0,0
2025-08-13,A1,ADHATA,22.6,30.9,26.5,88.66666666666667,1,0
2025-08-14,A1,ADHATA,6.8,30.0,25.5,89.41666666666667,2,0
2025-08-15,A1,ADHATA,11.8,31.6,25.4,88.54166666666667,3,0
2025-08-16,A1,ADHATA,4.0,32.3,25.7,85.41666666666667,4,0
2025-08-17,A1,ADHATA,6.4,32.2,26.1,84.375,0,0
2025-08-18,A1,ADHATA,6.6,31.8,26.3,84.29166666666667,0,0
2025-08-19,A1,ADHATA,10.1,30.3,25.7,87.25,1,0
2025-08-20,A1,ADHATA,3.1,29.9,25.4,86.875,2,0
2025-08-21,A1,ADHATA,61.0,28.3,24.8,93.33333333333331,3,0
2025-08-22,A1,ADHATA,26.0,30.2,24.3,92.25,4,0
2025-08-23,A1,ADHATA,10.4,28.7,24.8,91.08333333333331,5,0
2025-08-24,A1,ADHATA,9.8,30.2,24.6,88.75,6,0
2025-08-25,A1,ADHATA,3.1,31.7,24.9,88.16666666666667,7,0
2025-08-26,A1,ADHATA,1.7,31.9,25.1,85.0,0,0
2025-08-27,A1,ADHATA,6.7,31.8,25.7,85.125,1,0
2025-08-28,A1,ADHATA,10.0,30.6,25.7,87.5,2,0
2025-08-29,A1,ADHATA,23.5,30.1,25.6,90.41666666666669,3,0
2025-08-30,A1,ADHATA,16.3,30.4,25.6,91.08333333333331,4,0
2025-08-31,A1,ADHATA,2.7,32.0,25.1,88.16666666666667,5,0
2025-09-01,A1,ADHATA,22.5,33.5,26.1,83.95833333333333,0,0
2025-09-02,A1,ADHATA,12.4,31.0,25.6,88.95833333333333,1,0
2025-09-03,A1,ADHATA,14.9,29.4,25.0,88.125,2,0
2025-09-04,A1,ADHATA,12.5,30.1,25.6,89.33333333333333,3,0
2025-09-05,A1,ADHATA,10.1,31.9,25.4,88.875,4,0
2025-09-06,A1,ADHATA,2.0,32.5,25.2,84.70833333333333,0,0
2025-09-07,A1,ADHATA,0.3,33.1,25.6,81.08333333333333,0,0
2025-09-08,A1,ADHATA,0.2,32.9,25.7,79.54166666666667,0,0
2025-09-09,A1,ADHATA,0.2,33.1,25.7,79.125,0,0
2025-09-10,A1,ADHATA,0.2,33.6,26.4,79.125,0,0
2025-09-11,A1,ADHATA,3.3,32.9,26.3,87.0,1,0
2025-09-12,A1,ADHATA,14.7,31.7,25.3,88.83333333333333,2,0
2025-09-13,A1,ADHATA,8.4,30.7,25.7,88.75,3,0
2025-09-14,A1,ADHATA,46.5,30.5,26.2,92.33333333333331,4,0
2025-09-15,A1,ADHATA,30.5,29.6,24.2,91.91666666666669,5,0
2025-09-16,A1,ADHATA,11.4,29.5,24.4,90.79166666666669,6,0
2025-09-17,A1,ADHATA,7.5,30.5,24.9,89.58333333333333,7,0
2025-09-18,A1,ADHATA,3.3,31.9,26.1,86.625,8,0
2025-09-19,A1,ADHATA,14.5,30.7,25.6,92.45833333333331,9,0
2025-09-20,A1,ADHATA,12.8,32.4,25.9,89.75,10,0
2025-09-21,A1,ADHATA,1.1,32.6,25.4,86.75,11,0
2025-09-22,A1,ADHATA,15.4,30.3,25.1,91.95833333333331,12,0
2025-09-23,A1,ADHATA,12.8,31.0,24.6,88.375,13,0
2025-09-24,A1,ADHATA,7.1,31.4,24.9,90.16666666666669,14,0
2025-09-25,A1,ADHATA,22.6,32.7,25.6,87.91666666666667,15,0
2025-09-26,A1,ADHATA,7.0,31.9,25.5,87.5,16,0
2025-09-27,A1,ADHATA,9.4,30.1,25.6,87.95833333333333,17,0
2025-09-28,A1,ADHATA,6.2,31.8,25.5,89.79166666666667,18,0
2025-09-29,A1,ADHATA,1.3,32.3,25.9,84.125,0,0
2025-09-30,A1,ADHATA,2.3,32.2,26.3,86.75,1,0
2025-10-01,A1,ADHATA,18.5,31.5,24.7,88.5,2,0
2025-10-02,A1,ADHATA,28.7,28.0,24.5,93.33333333333331,3,0
2025-10-03,A1,ADHATA,11.9,29.4,25.2,90.125,4,0
2025-10-04,A1,ADHATA,9.9,32.0,25.1,86.875,5,0
2025-10-05,A1,ADHATA,30.1,30.4,24.1,89.79166666666667,6,0
2025-10-06,A1,ADHATA,3.7,29.1,24.6,92.33333333333331,7,0
2025-10-07,A1,ADHATA,5.8,31.2,24.3,88.45833333333333,8,0
2025-10-08,A1,ADHATA,4.4,30.7,24.5,91.16666666666669,9,0
2025-10-09,A1,ADHATA,7.7,31.2,24.6,89.125,10,0
2025-10-10,A1,ADHATA,10.4,31.3,24.4,87.08333333333333,11,0
2025-10-11,A1,ADHATA,2.9,30.5,24.1,87.04166666666667,12,0
2025-10-12,A1,ADHATA,0.0,31.2,24.3,80.125,0,1
2025-10-13,A1,ADHATA,0.0,30.6,23.7,77.29166666666667,0,2
2025-10-14,A1,ADHATA,0.0,31.2,23.3,74.625,0,3
2025-10-15,A1,ADHATA,0.0,31.1,22.9,74.29166666666667,0,4
2025-10-16,A1,ADHATA,0.0,31.0,22.0,75.58333333333333,0,5
2025-10-17,A1,ADHATA,0.0,31.6,22.5,77.16666666666667,0,6
2025-10-18,A1,ADHATA,0.0,31.9,23.9,78.625,0,7
2025-10-19,A1,ADHATA,0.0,32.9,24.3,76.875,0,8
2025-10-20,A1,ADHATA,0.0,33.1,23.5,73.75,0,9
2025-10-21,A1,ADHATA,0.0,33.1,23.5,72.45833333333333,0,10
2025-10-22,A1,ADHATA,0.0,32.4,22.9,73.25,0,11
2025-10-23,A1,ADHATA,0.0,32.4,23.1,67.91666666666667,0,12
2025-10-24,A1,ADHATA,0.0,32.5,22.7,71.0,0,13
2025-10-25,A1,ADHATA,0.0,32.3,23.3,76.20833333333333,0,14
2025-10-26,A1,ADHATA,0.0,32.4,24.2,78.625,0,15
2025-10-27,A1,ADHATA,0.1,32.3,23.9,79.25,0,0
2025-10-28,A1,ADHATA,0.3,32.6,24.4,77.91666666666667,0,0
2025-10-29,A1,ADHATA,16.2,28.5,24.5,92.33333333333331,1,0
2025-10-30,A1,ADHATA,15.4,30.5,23.8,90.20833333333331,2,0
2025-10-31,A1,ADHATA,0.6,31.6,24.3,83.25,0,0
2025-11-01,A1,ADHATA,15.8,30.4,25.1,88.25,1,0
2025-11-02,A1,ADHATA,0.0,28.4,23.2,82.375,0,1
2025-11-03,A1,ADHATA,0.0,29.7,22.2,73.66666666666667,0,2
2025-11-04,A1,ADHATA,0.0,29.6,19.8,72.16666666666667,0,3
2025-11-05,A1,ADHATA,0.0,29.9,21.3,74.58333333333333,0,4
2025-11-06,A1,ADHATA,0.3,30.2,21.4,78.66666666666667,0,0
2025-11-07,A1,ADHATA,0.0,30.0,22.7,76.08333333333333,0,1
2025-11-08,A1,ADHATA,0.0,29.3,20.0,64.33333333333333,0,2
2025-11-09,A1,ADHATA,0.0,28.2,18.0,70.08333333333333,0,3
2025-11-10,A1,ADHATA,0.0,28.5,18.2,72.66666666666667,0,4
2025-11-11,A1,ADHATA,0.0,27.7,17.2,67.91666666666667,0,5
2025-11-12,A1,ADHATA,0.0,26.8,16.4,70.75,0,6
2025-11-13,A1,ADHATA,0.0,26.9,16.4,72.58333333333333,0,7
2025-11-14,A1,ADHATA,0.0,26.8,16.3,72.25,0,8
2025-11-15,A1,ADHATA,0.0,27.2,16.4,74.33333333333333,0,9
2025-11-16,A1,ADHATA,0.0,27.2,16.5,72.125,0,10
2025-11-17,A1,ADHATA,0.0,27.1,17.5,69.83333333333333,0,11
2025-11-18,A1,ADHATA,0.0,27.9,17.2,69.125,0,12
2025-11-19,A1,ADHATA,0.0,28.6,16.7,71.5,0,13
2025-11-20,A1,ADHATA,0.0,28.1,17.4,70.83333333333333,0,14
2025-11-21,A1,ADHATA,0.0,28.3,17.8,70.20833333333333,0,15
2025-11-22,A1,ADHATA,0.0,27.9,17.2,72.41666666666667,0,16
2025-11-23,A1,ADHATA,0.0,27.7,16.7,74.33333333333333,0,17
2025-11-24,A1,ADHATA,0.0,26.7,16.4,72.54166666666667,0,18
2025-11-25,A1,ADHATA,0.0,26.1,15.4,71.54166666666667,0,19
2025-11-26,A1,ADHATA,0.0,25.8,14.7,69.0,0,20
2025-11-27,A1,ADHATA,0.0,26.7,15.4,75.04166666666667,0,21
2025-11-28,A1,ADHATA,0.0,27.0,16.8,75.29166666666667,0,22
2025-11-29,A1,ADHATA,0.0,26.9,16.8,70.33333333333333,0,23
2025-11-30,A1,ADHATA,0.0,26.9,16.8,70.66666666666667,0,24
2025-12-01,A1,ADHATA,0.0,26.5,16.3,73.95833333333333,0,25
2025-12-02,A1,ADHATA,0.0,26.7,17.2,75.375,0,26
2025-12-03,A1,ADHATA,0.0,25.9,15.7,72.75,0,27
2025-12-04,A1,ADHATA,0.0,25.2,14.2,73.54166666666667,0,28
2025-12-05,A1,ADHATA,0.0,25.4,14.7,69.75,0,29
2025-12-06,A1,ADHATA,0.0,24.4,12.6,69.16666666666667,0,30
2025-12-07,A1,ADHATA,0.0,24.7,13.6,73.45833333333333,0,31
2025-12-08,A1,ADHATA,0.0,24.8,13.8,70.70833333333333,0,32
2025-12-09,A1,ADHATA,0.0,25.0,14.3,73.75,0,33
2025-12-10,A1,ADHATA,0.0,25.0,14.1,76.16666666666667,0,34
2025-12-11,A1,ADHATA,0.0,24.9,13.7,72.375,0,35
2025-12-12,A1,ADHATA,0.0,24.9,14.0,69.83333333333333,0,36
2025-12-13,A1,ADHATA,0.0,25.2,14.3,73.95833333333333,0,37
2025-12-14,A1,ADHATA,0.0,26.3,14.5,75.08333333333333,0,38
2025-12-15,A1,ADHATA,0.0,25.9,14.9,74.45833333333333,0,39
2025-12-16,A1,ADHATA,0.0,24.9,14.4,73.08333333333333,0,40
2025-12-17,A1,ADHATA,0.0,25.0,14.1,71.16666666666667,0,41
2025-12-18,A1,ADHATA,0.0,26.2,14.8,74.29166666666667,0,42
2025-12-19,A1,ADHATA,0.0,25.8,15.5,76.29166666666667,0,43
2025-12-20,A1,ADHATA,0.0,23.8,15.5,79.91666666666667,0,44
2025-12-21,A1,ADHATA,0.0,23.4,14.4,81.0,0,45
2025-12-22,A1,ADHATA,0.0,24.3,14.5,79.33333333333333,0,46
2025-12-23,A1,ADHATA,0.0,23.9,14.0,77.25,0,47
2025-12-24,A1,ADHATA,0.0,23.5,13.4,77.04166666666667,0,48
2025-12-25,A1,ADHATA,0.0,21.2,11.7,79.29166666666667,0,49
2025-12-26,A1,ADHATA,0.0,21.6,11.0,77.70833333333333,0,50
2025-12-27,A1,ADHATA,0.0,22.8,12.1,77.5,0,51
2025-12-28,A1,ADHATA,0.0,21.8,12.7,80.125,0,52
2025-12-29,A1,ADHATA,0.0,20.0,11.8,81.08333333333333,0,53
2025-12-30,A1,ADHATA,0.0,19.2,10.6,81.75,0,54
2025-12-31,A1,ADHATA,0.0,20.5,9.2,81.45833333333333,0,55
2024-01-01,A2,AMDANGA,0.0,24.8,14.5,80.58333333333333,0,1
2024-01-02,A2,AMDANGA,0.0,23.2,13.1,77.04166666666667,0,2
2024-01-03,A2,AMDANGA,0.0,24.3,12.3,81.125,0,3
2024-01-04,A2,AMDANGA,0.0,25.1,11.9,78.16666666666667,0,4
2024-01-05,A2,AMDANGA,0.0,25.6,12.6,75.625,0,5
2024-01-06,A2,AMDANGA,0.0,26.3,13.0,72.58333333333333,0,6
2024-01-07,A2,AMDANGA,0.0,25.9,15.0,75.66666666666667,0,7
2024-01-08,A2,AMDANGA,0.0,25.6,15.2,80.70833333333333,0,8
2024-01-09,A2,AMDANGA,0.0,25.0,13.6,79.125,0,9
2024-01-10,A2,AMDANGA,0.0,25.6,12.5,75.91666666666667,0,10
2024-01-11,A2,AMDANGA,0.0,24.8,13.4,76.20833333333333,0,11
2024-01-12,A2,AMDANGA,0.0,22.6,11.3,76.33333333333333,0,12
2024-01-13,A2,AMDANGA,0.0,22.5,9.9,75.875,0,13
2024-01-14,A2,AMDANGA,0.0,22.1,10.2,78.54166666666667,0,14
2024-01-15,A2,AMDANGA,0.0,21.7,10.1,81.75,0,15
2024-01-16,A2,AMDANGA,0.0,22.0,10.4,78.75,0,16
2024-01-17,A2,AMDANGA,0.1,23.3,10.1,79.70833333333333,0,0
2024-01-18,A2,AMDANGA,4.2,21.8,14.8,85.79166666666667,1,0
2024-01-19,A2,AMDANGA,0.0,22.9,14.7,84.625,0,1
2024-01-20,A2,AMDANGA,0.0,22.3,12.4,80.45833333333333,0,2
2024-01-21,A2,AMDANGA,0.0,22.3,13.0,83.16666666666667,0,3
2024-01-22,A2,AMDANGA,0.0,20.9,10.6,80.75,0,4
2024-01-23,A2,AMDANGA,0.0,22.3,9.0,77.875,0,5
2024-01-24,A2,AMDANGA,3.2,21.5,15.0,78.58333333333333,0,0
2024-01-25,A2,AMDANGA,0.0,22.8,12.8,83.20833333333333,0,1
2024-01-26,A2,AMDANGA,0.0,22.7,11.9,72.625,0,2
2024-01-27,A2,AMDANGA,0.0,22.7,10.8,74.16666666666667,0,3
2024-01-28,A2,AMDANGA,0.0,23.3,10.1,74.875,0,4
2024-01-29,A2,AMDANGA,0.0,24.7,10.8,76.45833333333333,0,5
2024-01-30,A2,AMDANGA,0.7,26.2,12.9,81.875,0,0
2024-01-31,A2,AMDANGA,27.1,25.1,17.4,86.5,1,0
2024-02-01,A2,AMDANGA,6.3,24.5,16.2,93.25,2,0
2024-02-02,A2,AMDANGA,0.1,26.5,16.4,83.58333333333333,0,0
2024-02-03,A2,AMDANGA,0.0,25.8,15.2,74.41666666666667,0,1
2024-02-04,A2,AMDANGA,0.0,26.0,12.4,67.33333333333333,0,2
2024-02-05,A2,AMDANGA,0.0,26.8,14.5,72.875,0,3
2024-02-06,A2,AMDANGA,0.7,27.0,17.8,91.625,1,0
2024-02-07,A2,AMDANGA,0.0,25.2,17.9,75.66666666666667,0,1
2024-02-08,A2,AMDANGA,0.0,24.2,14.4,63.41666666666666,0,2
2024-02-09,A2,AMDANGA,0.0,22.9,12.2,64.83333333333333,0,3
2024-02-10,A2,AMDANGA,0.0,24.6,11.4,67.95833333333333,0,4
2024-02-11,A2,AMDANGA,0.0,26.4,11.9,62.708333333333336,0,5
2024-02-12,A2,AMDANGA,0.0,27.3,13.8,63.79166666666666,0,6
2024-02-13,A2,AMDANGA,0.0,28.9,16.7,73.375,0,7
2024-02-14,A2,AMDANGA,0.0,28.3,15.8,77.0,0,8
2024-02-15,A2,AMDANGA,0.6,27.8,17.0,80.20833333333333,0,0
2024-02-16,A2,AMDANGA,0.0,28.5,17.3,75.54166666666667,0,1
2024-02-17,A2,AMDANGA,0.0,27.7,15.0,68.70833333333333,0,2
2024-02-18,A2,AMDANGA,0.2,28.6,14.9,74.125,0,0
2024-02-19,A2,AMDANGA,0.4,29.6,17.8,82.08333333333333,0,0
2024-02-20,A2,AMDANGA,0.3,31.4,20.8,81.66666666666667,0,0
2024-02-21,A2,AMDANGA,0.0,32.7,20.2,77.125,0,1
2024-02-22,A2,AMDANGA,0.1,28.8,20.5,84.58333333333333,0,0
2024-02-23,A2,AMDANGA,0.0,28.4,19.3,73.16666666666667,0,1
2024-02-24,A2,AMDANGA,0.0,28.2,16.7,69.375,0,2
2024-02-25,A2,AMDANGA,0.5,25.0,17.9,64.75,0,0
2024-02-26,A2,AMDANGA,0.0,28.0,16.9,65.83333333333333,0,1
2024-02-27,A2,AMDANGA,0.0,28.5,17.2,65.29166666666667,0,2
2024-02-28,A2,AMDANGA,0.0,29.1,17.8,71.125,0,3
2024-02-29,A2,AMDANGA,0.0,29.6,17.8,64.08333333333333,0,4
2024-03-01,A2,AMDANGA,0.0,30.2,16.4,64.25,0,5
2024-03-02,A2,AMDANGA,0.0,30.6,15.9,64.0,0,6
2024-03-03,A2,AMDANGA,0.2,31.2,18.7,69.16666666666667,0,0
2024-03-04,A2,AMDANGA,1.1,31.2,19.2,70.54166666666667,0,0
2024-03-05,A2,AMDANGA,0.0,30.4,19.8,75.08333333333333,0,1
2024-03-06,A2,AMDANGA,0.0,28.9,17.8,62.79166666666666,0,2
2024-03-07,A2,AMDANGA,0.0,28.3,18.4,64.45833333333333,0,3
2024-03-08,A2,AMDANGA,0.0,29.9,18.4,57.75,0,4
2024-03-09,A2,AMDANGA,0.0,29.3,15.1,55.333333333333336,0,5
2024-03-10,A2,AMDANGA,0.0,29.2,14.7,54.0,0,6
2024-03-11,A2,AMDANGA,0.0,30.6,14.5,58.16666666666666,0,7
2024-03-12,A2,AMDANGA,0.0,32.7,19.6,76.375,0,8
2024-03-13,A2,AMDANGA,0.6,33.6,23.2,71.45833333333333,0,0
2024-03-14,A2,AMDANGA,12.3,31.8,21.5,83.83333333333333,0,0
2024-03-15,A2,AMDANGA,0.9,33.4,21.9,75.54166666666667,0,0
2024-03-16,A2,AMDANGA,1.4,31.7,22.5,82.95833333333333,0,0
2024-03-17,A2,AMDANGA,0.0,31.6,21.4,80.41666666666667,0,1
2024-03-18,A2,AMDANGA,2.0,29.6,21.7,84.16666666666667,0,0
2024-03-19,A2,AMDANGA,11.9,30.2,22.6,80.75,0,0
2024-03-20,A2,AMDANGA,12.9,23.5,18.4,90.33333333333331,1,0
2024-03-21,A2,AMDANGA,7.4,26.5,18.3,86.83333333333333,2,0
2024-03-22,A2,AMDANGA,0.3,27.5,16.7,79.125,0,0
2024-03-23,A2,AMDANGA,5.0,31.9,19.1,80.54166666666667,0,0
2024-03-24,A2,AMDANGA,0.0,33.7,23.7,80.66666666666667,0,1
2024-03-25,A2,AMDANGA,15.3,33.0,22.7,82.25,0,0
2024-03-26,A2,AMDANGA,0.0,32.4,23.8,78.95833333333333,0,1
2024-03-27,A2,AMDANGA,0.1,34.4,22.7,81.04166666666667,0,0
2024-03-28,A2,AMDANGA,0.3,32.8,22.3,79.95833333333333,0,0
2024-03-29,A2,AMDANGA,0.2,34.2,24.7,79.95833333333333,0,0
2024-03-30,A2,AMDANGA,0.3,35.7,24.8,78.16666666666667,0,0
2024-03-31,A2,AMDANGA,4.8,34.7,25.1,81.625,0,0
2024-04-01,A2,AMDANGA,0.0,36.4,25.1,62.66666666666666,0,1
2024-04-02,A2,AMDANGA,0.0,35.7,23.9,67.29166666666667,0,2
2024-04-03,A2,AMDANGA,0.0,36.0,25.1,74.66666666666667,0,3
2024-04-04,A2,AMDANGA,23.9,37.2,25.9,83.125,0,0
2024-04-05,A2,AMDANGA,0.0,37.4,26.3,77.20833333333333,0,1
2024-04-06,A2,AMDANGA,0.2,37.8,25.9,76.95833333333333,0,0
2024-04-07,A2,AMDANGA,1.0,36.2,25.8,73.5,0,0
2024-04-08,A2,AMDANGA,0.0,31.3,22.6,67.41666666666667,0,1
2024-04-09,A2,AMDANGA,0.0,34.7,22.1,59.79166666666666,0,2
2024-04-10,A2,AMDANGA,0.0,35.8,22.7,64.33333333333333,0,3
2024-04-11,A2,AMDANGA,6.0,33.2,23.9,77.79166666666667,0,0
2024-04-12,A2,AMDANGA,0.0,35.0,23.5,61.625,0,1
2024-04-13,A2,AMDANGA,0.0,36.1,23.7,58.75,0,2
2024-04-14,A2,AMDANGA,0.0,36.9,23.2,62.16666666666666,0,3
2024-04-15,A2,AMDANGA,0.0,38.2,23.9,62.04166666666666,0,4
2024-04-16,A2,AMDANGA,0.0,38.2,26.3,58.375,0,5
2024-04-17,A2,AMDANGA,0.0,37.9,27.2,58.333333333333336,0,6
2024-04-18,A2,AMDANGA,0.0,38.3,25.6,51.66666666666666,0,7
2024-04-19,A2,AMDANGA,0.0,40.3,24.9,53.04166666666666,0,8
2024-04-20,A2,AMDANGA,0.0,41.6,26.0,59.833333333333336,0,9
2024-04-21,A2,AMDANGA,0.0,40.8,27.1,59.625,0,10
2024-04-22,A2,AMDANGA,0.0,39.9,25.9,53.04166666666666,0,11
2024-04-23,A2,AMDANGA,0.0,38.4,26.5,41.91666666666666,0,12
2024-04-24,A2,AMDANGA,0.0,40.2,27.1,45.5,0,13
2024-04-25,A2,AMDANGA,0.0,40.3,24.8,45.958333333333336,0,14
2024-04-26,A2,AMDANGA,0.0,40.8,27.1,62.708333333333336,0,15
2024-04-27,A2,AMDANGA,0.0,41.4,27.8,60.375,0,16
2024-04-28,A2,AMDANGA,0.9,40.1,28.3,56.79166666666666,0,0
2024-04-29,A2,AMDANGA,0.0,41.7,28.5,45.91666666666666,0,1
2024-04-30,A2,AMDANGA,0.0,43.7,29.2,47.91666666666666,0,2
2024-05-01,A2,AMDANGA,0.0,41.5,28.7,42.54166666666666,0,3
2024-05-02,A2,AMDANGA,0.0,41.1,29.4,56.875,0,4
2024-05-03,A2,AMDANGA,0.0,40.2,26.1,57.25,0,5
2024-05-04,A2,AMDANGA,0.1,39.9,27.4,66.5,0,0
2024-05-05,A2,AMDANGA,0.5,37.9,28.5,67.0,0,0
2024-05-06,A2,AMDANGA,86.6,37.3,24.8,79.25,0,0
2024-05-07,A2,AMDANGA,2.1,33.4,24.3,76.83333333333333,0,0
2024-05-08,A2,AMDANGA,3.6,30.4,23.8,84.04166666666667,0,0
2024-05-09,A2,AMDANGA,9.0,31.3,24.0,84.95833333333333,0,0
2024-05-10,A2,AMDANGA,10.1,31.3,23.6,84.875,0,0
2024-05-11,A2,AMDANGA,16.1,31.5,25.0,86.45833333333333,1,0
2024-05-12,A2,AMDANGA,3.3,32.7,25.0,81.58333333333333,0,0
2024-05-13,A2,AMDANGA,0.0,33.6,24.0,76.04166666666667,0,1
2024-05-14,A2,AMDANGA,2.5,34.0,25.1,81.95833333333333,0,0
2024-05-15,A2,AMDANGA,0.0,35.2,26.0,75.54166666666667,0,1
2024-05-16,A2,AMDANGA,0.0,35.6,26.1,75.20833333333333,0,2
2024-05-17,A2,AMDANGA,0.0,37.4,27.3,72.54166666666667,0,3
2024-05-18,A2,AMDANGA,0.0,36.5,28.7,73.54166666666667,0,4
2024-05-19,A2,AMDANGA,0.1,33.8,28.8,76.0,0,0
2024-05-20,A2,AMDANGA,12.9,33.2,26.9,85.04166666666667,1,0
2024-05-21,A2,AMDANGA,7.0,33.3,26.4,84.66666666666667,0,0
2024-05-22,A2,AMDANGA,2.1,33.8,26.7,80.20833333333333,0,0
2024-05-23,A2,AMDANGA,0.0,35.0,26.0,76.04166666666667,0,1
2024-05-24,A2,AMDANGA,0.0,35.6,26.3,73.125,0,2
2024-05-25,A2,AMDANGA,0.1,36.5,27.4,74.33333333333333,0,0
2024-05-26,A2,AMDANGA,30.6,30.7,26.8,86.875,1,0
2024-05-27,A2,AMDANGA,70.7,27.6,26.1,89.75,2,0
2024-05-28,A2,AMDANGA,0.1,35.5,26.4,77.91666666666667,0,0
2024-05-29,A2,AMDANGA,0.0,35.9,29.3,81.29166666666667,0,1
2024-05-30,A2,AMDANGA,0.2,35.3,29.4,79.29166666666667,0,0
2024-05-31,A2,AMDANGA,0.0,34.9,28.5,80.5,0,1
2024-06-01,A2,AMDANGA,0.8,34.6,28.1,82.58333333333333,0,0
2024-06-02,A2,AMDANGA,2.7,34.2,29.0,80.875,0,0
2024-06-03,A2,AMDANGA,0.5,34.5,28.3,77.54166666666667,0,0
2024-06-04,A2,AMDANGA,0.0,35.7,28.6,78.25,0,1
2024-06-05,A2,AMDANGA,0.4,35.8,28.0,79.79166666666667,0,0
2024-06-06,A2,AMDANGA,2.4,36.5,26.7,83.66666666666667,0,0
2024-06-07,A2,AMDANGA,0.0,36.3,25.9,78.91666666666667,0,1
2024-06-08,A2,AMDANGA,0.0,35.6,28.0,76.91666666666667,0,2
2024-06-09,A2,AMDANGA,0.0,36.5,28.2,79.33333333333333,0,3
2024-06-10,A2,AMDANGA,0.0,36.4,28.5,77.125,0,4
2024-06-11,A2,AMDANGA,0.0,36.7,28.9,77.5,0,5
2024-06-12,A2,AMDANGA,0.0,35.3,28.3,76.375,0,6
2024-06-13,A2,AMDANGA,0.0,36.0,28.6,74.95833333333333,0,7
2024-06-14,A2,AMDANGA,0.0,37.2,29.1,75.08333333333333,0,8
2024-06-15,A2,AMDANGA,0.0,37.3,29.4,74.125,0,9
2024-06-16,A2,AMDANGA,0.0,36.9,29.4,75.0,0,10
2024-06-17,A2,AMDANGA,0.1,36.8,29.2,75.58333333333333,0,0
2024-06-18,A2,AMDANGA,10.9,32.5,28.4,81.91666666666667,0,0
2024-06-19,A2,AMDANGA,8.1,34.6,28.5,81.58333333333333,0,0
2024-06-20,A2,AMDANGA,31.5,33.8,27.9,86.45833333333333,1,0
2024-06-21,A2,AMDANGA,3.9,32.0,27.2,85.66666666666667,2,0
2024-06-22,A2,AMDANGA,1.9,33.3,26.4,82.58333333333333,0,0
2024-06-23,A2,AMDANGA,3.3,33.6,26.7,82.29166666666667,0,0
2024-06-24,A2,AMDANGA,0.8,34.0,27.2,79.125,0,0
2024-06-25,A2,AMDANGA,0.6,34.0,28.0,76.75,0,0
2024-06-26,A2,AMDANGA,0.7,34.3,27.3,77.95833333333333,0,0
2024-06-27,A2,AMDANGA,10.2,32.1,27.4,84.29166666666667,0,0
2024-06-28,A2,AMDANGA,7.8,33.0,27.2,85.0,0,0
2024-06-29,A2,AMDANGA,7.0,31.6,26.8,87.91666666666667,1,0
2024-06-30,A2,AMDANGA,34.0,32.0,26.4,90.04166666666667,2,0
2024-07-01,A2,AMDANGA,18.6,31.4,25.9,88.625,3,0
2024-07-02,A2,AMDANGA,25.4,30.5,25.9,90.54166666666669,4,0
2024-07-03,A2,AMDANGA,11.2,30.7,25.8,88.54166666666667,5,0
2024-07-04,A2,AMDANGA,21.9,30.7,25.4,90.625,6,0
2024-07-05,A2,AMDANGA,27.6,32.4,25.7,84.25,0,0
2024-07-06,A2,AMDANGA,2.7,32.1,26.1,84.41666666666667,0,0
2024-07-07,A2,AMDANGA,11.7,32.0,26.4,84.54166666666667,0,0
2024-07-08,A2,AMDANGA,1.3,32.3,26.2,81.16666666666667,0,0
2024-07-09,A2,AMDANGA,3.5,31.5,27.0,82.16666666666667,0,0
2024-07-10,A2,AMDANGA,1.8,32.8,27.5,79.5,0,0
2024-07-11,A2,AMDANGA,27.9,32.8,27.6,82.83333333333333,0,0
2024-07-12,A2,AMDANGA,8.8,32.0,26.0,87.41666666666667,1,0
2024-07-13,A2,AMDANGA,5.5,32.8,25.4,85.625,2,0
2024-07-14,A2,AMDANGA,3.8,32.6,26.3,82.83333333333333,0,0
2024-07-15,A2,AMDANGA,1.9,32.6,27.0,81.66666666666667,0,0
2024-07-16,A2,AMDANGA,4.2,32.3,26.6,82.875,0,0
2024-07-17,A2,AMDANGA,6.8,33.1,26.6,83.25,0,0
2024-07-18,A2,AMDANGA,1.5,33.4,26.7,80.45833333333333,0,0
2024-07-19,A2,AMDANGA,5.6,32.4,27.3,80.29166666666667,0,0
2024-07-20,A2,AMDANGA,2.7,32.4,27.1,79.54166666666667,0,0
2024-07-21,A2,AMDANGA,9.7,32.2,27.0,81.0,0,0
2024-07-22,A2,AMDANGA,12.6,31.3,26.7,84.08333333333333,0,0
2024-07-23,A2,AMDANGA,15.6,32.3,25.9,85.66666666666667,1,0
2024-07-24,A2,AMDANGA,13.3,32.6,26.6,86.5,2,0
2024-07-25,A2,AMDANGA,8.7,32.4,26.3,86.83333333333333,3,0
2024-07-26,A2,AMDANGA,21.8,31.4,26.2,86.95833333333333,4,0
2024-07-27,A2,AMDANGA,5.9,32.3,27.0,85.375,5,0
2024-07-28,A2,AMDANGA,21.8,31.1,26.3,87.58333333333333,6,0
2024-07-29,A2,AMDANGA,8.3,32.0,26.4,86.875,7,0
2024-07-30,A2,AMDANGA,5.2,33.0,26.2,83.625,0,0
2024-07-31,A2,AMDANGA,28.3,32.0,25.9,88.41666666666667,1,0
2024-08-01,A2,AMDANGA,67.5,28.9,25.3,91.91666666666669,2,0
2024-08-02,A2,AMDANGA,31.4,30.1,25.6,89.95833333333333,3,0
2024-08-03,A2,AMDANGA,28.2,31.0,24.9,88.20833333333333,4,0
2024-08-04,A2,AMDANGA,38.3,30.9,24.7,89.20833333333333,5,0
2024-08-05,A2,AMDANGA,18.6,32.4,24.8,87.08333333333333,6,0
2024-08-06,A2,AMDANGA,9.9,31.3,26.2,89.20833333333333,7,0
2024-08-07,A2,AMDANGA,3.0,30.5,25.8,86.5,8,0
2024-08-08,A2,AMDANGA,11.9,31.0,25.9,85.58333333333333,9,0
2024-08-09,A2,AMDANGA,11.5,30.9,25.3,86.41666666666667,10,0
2024-08-10,A2,AMDANGA,32.7,32.2,24.9,89.16666666666667,11,0
2024-08-11,A2,AMDANGA,10.0,32.3,25.1,86.875,12,0
2024-08-12,A2,AMDANGA,11.5,32.4,25.4,85.83333333333333,13,0
2024-08-13,A2,AMDANGA,13.0,32.3,25.4,86.83333333333333,14,0
2024-08-14,A2,AMDANGA,16.6,32.4,25.0,87.16666666666667,15,0
2024-08-15,A2,AMDANGA,9.2,32.9,25.7,86.5,16,0
2024-08-16,A2,AMDANGA,1.1,31.3,25.2,86.95833333333333,17,0
2024-08-17,A2,AMDANGA,16.8,32.8,25.3,87.04166666666667,18,0
2024-08-18,A2,AMDANGA,16.5,29.4,25.2,90.66666666666669,19,0
2024-08-19,A2,AMDANGA,17.0,30.6,25.7,90.5,20,0
2024-08-20,A2,AMDANGA,19.2,30.9,24.8,91.04166666666669,21,0
2024-08-21,A2,AMDANGA,29.5,31.8,24.9,89.75,22,0
2024-08-22,A2,AMDANGA,24.7,31.5,25.6,91.20833333333331,23,0
2024-08-23,A2,AMDANGA,33.6,30.5,24.6,91.54166666666669,24,0
2024-08-24,A2,AMDANGA,5.0,29.2,25.0,91.5,25,0
2024-08-25,A2,AMDANGA,42.7,29.4,24.2,94.41666666666669,26,0
2024-08-26,A2,AMDANGA,29.0,29.6,24.6,91.33333333333331,27,0
2024-08-27,A2,AMDANGA,23.8,30.5,24.6,91.45833333333331,28,0
2024-08-28,A2,AMDANGA,6.8,32.0,24.7,88.25,29,0
2024-08-29,A2,AMDANGA,5.5,32.3,25.5,84.79166666666667,0,0
2024-08-30,A2,AMDANGA,0.3,32.9,24.9,82.08333333333333,0,0
2024-08-31,A2,AMDANGA,3.6,32.3,26.2,82.08333333333333,0,0
2024-09-01,A2,AMDANGA,10.6,30.5,26.2,86.75,1,0
2024-09-02,A2,AMDANGA,3.0,32.2,25.5,86.625,2,0
2024-09-03,A2,AMDANGA,6.7,31.9,25.3,88.16666666666667,3,0
2024-09-04,A2,AMDANGA,9.4,31.4,25.6,87.79166666666667,4,0
2024-09-05,A2,AMDANGA,3.1,32.4,25.4,83.25,0,0
2024-09-06,A2,AMDANGA,2.3,33.2,25.9,85.25,1,0
2024-09-07,A2,AMDANGA,14.8,33.6,25.5,83.875,0,0
2024-09-08,A2,AMDANGA,7.7,32.1,26.2,83.91666666666667,0,0
2024-09-09,A2,AMDANGA,3.6,32.3,26.5,82.91666666666667,0,0
2024-09-10,A2,AMDANGA,5.7,31.6,25.9,84.25,0,0
2024-09-11,A2,AMDANGA,10.0,32.3,26.1,87.33333333333333,1,0
2024-09-12,A2,AMDANGA,15.9,32.0,26.2,90.29166666666669,2,0
2024-09-13,A2,AMDANGA,28.3,32.2,25.7,86.58333333333333,3,0
2024-09-14,A2,AMDANGA,48.7,27.6,25.1,93.04166666666669,4,0
2024-09-15,A2,AMDANGA,18.8,28.6,24.9,92.45833333333331,5,0
2024-09-16,A2,AMDANGA,16.9,27.9,25.2,89.79166666666667,6,0
2024-09-17,A2,AMDANGA,0.2,32.3,25.6,83.25,0,0
2024-09-18,A2,AMDANGA,0.0,32.8,24.4,78.625,0,1
2024-09-19,A2,AMDANGA,3.2,32.8,25.8,84.54166666666667,0,0
2024-09-20,A2,AMDANGA,0.6,33.9,26.4,83.25,0,0
2024-09-21,A2,AMDANGA,3.7,33.4,26.1,83.91666666666667,0,0
2024-09-22,A2,AMDANGA,0.0,34.1,26.8,82.45833333333333,0,1
2024-09-23,A2,AMDANGA,8.0,34.1,26.1,87.83333333333333,1,0
2024-09-24,A2,AMDANGA,10.5,30.7,26.3,88.33333333333333,2,0
2024-09-25,A2,AMDANGA,26.3,28.8,24.1,92.0,3,0
2024-09-26,A2,AMDANGA,26.5,28.4,24.4,92.91666666666669,4,0
2024-09-27,A2,AMDANGA,12.2,30.8,24.6,89.41666666666667,5,0
2024-09-28,A2,AMDANGA,4.1,31.6,25.0,87.375,6,0
2024-09-29,A2,AMDANGA,5.5,32.2,26.2,88.625,7,0
2024-09-30,A2,AMDANGA,0.4,33.2,26.0,84.625,0,0
2024-10-01,A2,AMDANGA,9.5,34.0,26.4,85.125,1,0
2024-10-02,A2,AMDANGA,8.4,32.1,24.6,89.25,2,0
2024-10-03,A2,AMDANGA,19.3,30.8,26.0,91.5,3,0
2024-10-04,A2,AMDANGA,31.9,30.4,24.8,91.75,4,0
2024-10-05,A2,AMDANGA,22.9,30.4,24.7,92.45833333333331,5,0
2024-10-06,A2,AMDANGA,7.9,30.4,24.5,90.41666666666669,6,0
2024-10-07,A2,AMDANGA,9.6,30.9,24.0,90.58333333333331,7,0
2024-10-08,A2,AMDANGA,8.3,30.7,25.3,90.79166666666669,8,0
2024-10-09,A2,AMDANGA,10.3,30.3,24.8,91.5,9,0
2024-10-10,A2,AMDANGA,12.4,30.7,24.7,90.16666666666669,10,0
2024-10-11,A2,AMDANGA,5.3,32.0,25.2,87.25,11,0
2024-10-12,A2,AMDANGA,6.9,31.9,24.6,88.125,12,0
2024-10-13,A2,AMDANGA,1.2,32.0,24.6,87.75,13,0
2024-10-14,A2,AMDANGA,0.0,32.1,23.9,81.91666666666667,0,1
2024-10-15,A2,AMDANGA,9.0,31.6,24.3,86.5,1,0
2024-10-16,A2,AMDANGA,0.1,31.3,23.9,85.16666666666667,2,0
2024-10-17,A2,AMDANGA,8.2,31.1,23.8,89.08333333333333,3,0
2024-10-18,A2,AMDANGA,5.4,29.5,23.4,90.29166666666669,4,0
2024-10-19,A2,AMDANGA,9.0,30.2,23.4,88.41666666666667,5,0
2024-10-20,A2,AMDANGA,0.0,30.6,23.5,81.16666666666667,0,1
2024-10-21,A2,AMDANGA,0.0,30.6,23.7,81.08333333333333,0,2
2024-10-22,A2,AMDANGA,0.0,31.0,22.6,82.0,0,3
2024-10-23,A2,AMDANGA,12.6,29.9,24.0,85.70833333333333,1,0
2024-10-24,A2,AMDANGA,14.5,27.1,24.1,90.08333333333331,2,0
2024-10-25,A2,AMDANGA,28.6,25.9,23.7,93.04166666666669,3,0
2024-10-26,A2,AMDANGA,2.8,31.5,24.5,81.66666666666667,0,0
2024-10-27,A2,AMDANGA,0.3,31.1,23.5,83.625,0,0
2024-10-28,A2,AMDANGA,0.3,31.4,23.1,81.45833333333333,0,0
2024-10-29,A2,AMDANGA,0.0,31.3,23.4,81.375,0,1
2024-10-30,A2,AMDANGA,0.6,31.1,23.6,88.29166666666667,1,0
2024-10-31,A2,AMDANGA,0.8,31.2,23.8,89.16666666666667,2,0
2024-11-01,A2,AMDANGA,0.0,32.3,23.0,78.29166666666667,0,1
2024-11-02,A2,AMDANGA,0.0,31.4,20.9,74.25,0,2
2024-11-03,A2,AMDANGA,0.0,30.7,20.6,79.29166666666667,0,3
2024-11-04,A2,AMDANGA,0.0,30.5,20.8,77.45833333333333,0,4
2024-11-05,A2,AMDANGA,0.4,29.8,21.9,77.125,0,0
2024-11-06,A2,AMDANGA,0.5,29.4,21.8,80.375,0,0
2024-11-07,A2,AMDANGA,0.3,30.0,20.6,80.66666666666667,0,0
2024-11-08,A2,AMDANGA,0.0,30.2,21.4,78.20833333333333,0,1
2024-11-09,A2,AMDANGA,0.0,29.7,20.9,79.5,0,2
2024-11-10,A2,AMDANGA,0.0,30.1,20.4,78.0,0,3
2024-11-11,A2,AMDANGA,0.0,30.2,20.2,75.66666666666667,0,4
2024-11-12,A2,AMDANGA,0.0,30.2,19.8,73.25,0,5
2024-11-13,A2,AMDANGA,0.0,31.2,20.3,65.83333333333333,0,6
2024-11-14,A2,AMDANGA,0.0,31.1,20.2,59.875,0,7
2024-11-15,A2,AMDANGA,0.0,30.9,19.0,59.04166666666666,0,8
2024-11-16,A2,AMDANGA,0.0,29.7,17.8,56.625,0,9
2024-11-17,A2,AMDANGA,0.0,29.1,17.8,63.0,0,10
2024-11-18,A2,AMDANGA,0.0,28.8,17.1,62.208333333333336,0,11
2024-11-19,A2,AMDANGA,0.0,28.3,17.6,62.79166666666666,0,12
2024-11-20,A2,AMDANGA,0.0,29.4,17.4,66.16666666666667,0,13
2024-11-21,A2,AMDANGA,0.0,29.2,18.4,66.0,0,14
2024-11-22,A2,AMDANGA,0.0,29.2,17.9,62.41666666666666,0,15
2024-11-23,A2,AMDANGA,0.0,29.0,17.7,62.083333333333336,0,16
2024-11-24,A2,AMDANGA,0.0,28.4,16.5,63.79166666666666,0,17
2024-11-25,A2,AMDANGA,0.0,27.8,16.2,64.875,0,18
2024-11-26,A2,AMDANGA,0.0,27.8,16.1,63.5,0,19
2024-11-27,A2,AMDANGA,0.0,28.3,16.4,65.125,0,20
2024-11-28,A2,AMDANGA,0.0,28.1,16.9,72.25,0,21
2024-11-29,A2,AMDANGA,0.3,27.1,19.6,69.0,0,0
2024-11-30,A2,AMDANGA,19.3,23.2,18.5,78.66666666666667,0,0
2024-12-01,A2,AMDANGA,0.0,28.1,18.3,72.16666666666667,0,1
2024-12-02,A2,AMDANGA,0.3,22.8,19.1,74.20833333333333,0,0
2024-12-03,A2,AMDANGA,0.0,28.3,18.2,66.08333333333333,0,1
2024-12-04,A2,AMDANGA,0.0,27.9,16.2,73.58333333333333,0,2
2024-12-05,A2,AMDANGA,0.0,28.8,15.6,67.79166666666667,0,3
2024-12-06,A2,AMDANGA,0.0,27.0,15.4,65.625,0,4
2024-12-07,A2,AMDANGA,0.0,25.9,14.0,70.375,0,5
2024-12-08,A2,AMDANGA,0.0,25.6,13.1,67.875,0,6
2024-12-09,A2,AMDANGA,0.0,26.0,14.4,72.79166666666667,0,7
2024-12-10,A2,AMDANGA,0.2,26.0,16.2,78.375,0,0
2024-12-11,A2,AMDANGA,0.0,24.3,14.2,72.45833333333333,0,1
2024-12-12,A2,AMDANGA,0.0,23.8,12.1,70.83333333333333,0,2
2024-12-13,A2,AMDANGA,0.0,23.4,11.4,70.875,0,3
2024-12-14,A2,AMDANGA,0.0,23.2,11.8,72.20833333333333,0,4
2024-12-15,A2,AMDANGA,0.0,23.8,10.8,71.41666666666667,0,5
2024-12-16,A2,AMDANGA,0.0,24.6,12.3,78.625,0,6
2024-12-17,A2,AMDANGA,0.0,25.5,13.0,77.875,0,7
2024-12-18,A2,AMDANGA,0.0,26.6,14.1,76.54166666666667,0,8
2024-12-19,A2,AMDANGA,0.0,25.9,14.3,75.79166666666667,0,9
2024-12-20,A2,AMDANGA,0.4,25.5,13.8,77.95833333333333,0,0
2024-12-21,A2,AMDANGA,2.2,20.4,15.4,86.66666666666667,1,0
2024-12-22,A2,AMDANGA,0.0,25.1,14.8,86.16666666666667,2,1
2024-12-23,A2,AMDANGA,0.0,26.2,15.1,74.5,0,2
2024-12-24,A2,AMDANGA,0.0,25.7,15.2,70.875,0,3
2024-12-25,A2,AMDANGA,0.0,25.5,17.0,74.95833333333333,0,4
2024-12-26,A2,AMDANGA,0.0,26.8,15.9,74.125,0,5
2024-12-27,A2,AMDANGA,0.0,26.6,14.8,71.125,0,6
2024-12-28,A2,AMDANGA,0.0,25.9,13.9,73.5,0,7
2024-12-29,A2,AMDANGA,0.0,26.7,15.2,72.125,0,8
2024-12-30,A2,AMDANGA,0.0,26.1,16.3,77.91666666666667,0,9
2024-12-31,A2,AMDANGA,0.0,23.9,15.1,74.20833333333333,0,10
2025-01-01,A2,AMDANGA,0.0,22.8,12.8,79.58333333333333,0,11
2025-01-02,A2,AMDANGA,0.0,22.2,12.1,79.875,0,12
2025-01-03,A2,AMDANGA,0.0,22.3,10.9,80.91666666666667,0,13
2025-01-04,A2,AMDANGA,0.0,23.7,12.7,82.54166666666667,0,14
2025-01-05,A2,AMDANGA,0.0,24.3,13.5,82.875,0,15
2025-01-06,A2,AMDANGA,0.0,24.4,12.4,79.91666666666667,0,16
2025-01-07,A2,AMDANGA,0.0,25.8,14.1,77.33333333333333,0,17
2025-01-08,A2,AMDANGA,0.0,22.4,13.2,80.08333333333333,0,18
2025-01-09,A2,AMDANGA,0.0,21.9,11.9,81.875,0,19
2025-01-10,A2,AMDANGA,0.0,22.6,12.0,75.08333333333333,0,20
2025-01-11,A2,AMDANGA,0.0,23.2,11.2,80.58333333333333,0,21
2025-01-12,A2,AMDANGA,0.0,24.7,12.5,78.95833333333333,0,22
2025-01-13,A2,AMDANGA,0.0,26.3,13.5,75.29166666666667,0,23
2025-01-14,A2,AMDANGA,0.0,25.1,15.1,77.625,0,24
2025-01-15,A2,AMDANGA,0.0,24.2,14.0,75.29166666666667,0,25
2025-01-16,A2,AMDANGA,0.0,24.3,12.6,78.33333333333333,0,26
2025-01-17,A2,AMDANGA,0.0,24.5,13.9,76.41666666666667,0,27
2025-01-18,A2,AMDANGA,0.0,24.5,13.7,76.29166666666667,0,28
2025-01-19,A2,AMDANGA,0.0,24.4,13.2,69.66666666666667,0,29
2025-01-20,A2,AMDANGA,0.0,23.8,12.2,71.0,0,30
2025-01-21,A2,AMDANGA,0.0,25.3,13.0,74.875,0,31
2025-01-22,A2,AMDANGA,0.0,26.2,13.7,79.70833333333333,0,32
2025-01-23,A2,AMDANGA,0.0,27.6,13.4,80.83333333333333,0,33
2025-01-24,A2,AMDANGA,0.0,27.8,14.5,82.45833333333333,0,34
2025-01-25,A2,AMDANGA,0.3,25.4,16.1,83.29166666666667,0,0
2025-01-26,A2,AMDANGA,0.0,24.3,13.3,70.58333333333333,0,1
2025-01-27,A2,AMDANGA,0.0,24.0,12.7,67.83333333333333,0,2
2025-01-28,A2,AMDANGA,0.0,25.6,12.6,72.0,0,3
2025-01-29,A2,AMDANGA,0.2,26.9,14.5,83.25,0,0
2025-01-30,A2,AMDANGA,0.1,29.1,17.5,79.45833333333333,0,0
2025-01-31,A2,AMDANGA,0.1,29.1,19.2,82.08333333333333,0,0
2025-02-01,A2,AMDANGA,0.5,28.8,20.0,87.75,1,0
2025-02-02,A2,AMDANGA,0.2,28.5,20.2,88.0,2,0
2025-02-03,A2,AMDANGA,0.0,28.5,18.7,78.70833333333333,0,1
2025-02-04,A2,AMDANGA,0.0,27.1,16.6,69.58333333333333,0,2
2025-02-05,A2,AMDANGA,0.0,29.0,15.9,70.625,0,3
2025-02-06,A2,AMDANGA,0.0,28.7,18.8,71.5,0,4
2025-02-07,A2,AMDANGA,0.0,25.6,14.4,59.458333333333336,0,5
2025-02-08,A2,AMDANGA,0.0,25.4,13.2,63.16666666666666,0,6
2025-02-09,A2,AMDANGA,0.0,26.0,13.4,62.375,0,7
2025-02-10,A2,AMDANGA,0.0,29.3,14.2,65.70833333333333,0,8
2025-02-11,A2,AMDANGA,0.0,29.9,18.8,76.70833333333333,0,9
2025-02-12,A2,AMDANGA,0.4,29.7,19.3,80.95833333333333,0,0
2025-02-13,A2,AMDANGA,0.1,30.2,20.6,73.16666666666667,0,0
2025-02-14,A2,AMDANGA,0.0,27.8,15.7,50.25,0,1
2025-02-15,A2,AMDANGA,0.0,28.8,15.4,57.375,0,2
2025-02-16,A2,AMDANGA,0.0,30.7,16.3,66.04166666666667,0,3
2025-02-17,A2,AMDANGA,0.1,31.1,18.6,76.20833333333333,0,0
2025-02-18,A2,AMDANGA,0.2,29.8,18.4,81.95833333333333,0,0
2025-02-19,A2,AMDANGA,1.4,28.3,18.7,84.75,0,0
2025-02-20,A2,AMDANGA,5.0,27.0,18.7,86.91666666666667,1,0
2025-02-21,A2,AMDANGA,0.0,28.8,17.4,80.54166666666667,0,1
2025-02-22,A2,AMDANGA,9.7,28.7,18.9,87.16666666666667,1,0
2025-02-23,A2,AMDANGA,7.8,28.0,17.9,83.16666666666667,0,0
2025-02-24,A2,AMDANGA,0.0,28.9,17.3,74.20833333333333,0,1
2025-02-25,A2,AMDANGA,0.0,29.1,18.1,71.04166666666667,0,2
2025-02-26,A2,AMDANGA,0.0,29.3,17.8,72.70833333333333,0,3
2025-02-27,A2,AMDANGA,0.0,29.6,17.6,71.08333333333333,0,4
2025-02-28,A2,AMDANGA,0.0,30.6,19.4,73.54166666666667,0,5
2025-03-01,A2,AMDANGA,0.0,33.1,20.0,72.58333333333333,0,6
2025-03-02,A2,AMDANGA,0.0,33.3,20.6,70.25,0,7
2025-03-03,A2,AMDANGA,0.0,31.7,20.3,66.91666666666667,0,8
2025-03-04,A2,AMDANGA,0.0,31.0,20.3,59.79166666666666,0,9
2025-03-05,A2,AMDANGA,0.0,30.9,19.6,56.29166666666666,0,10
2025-03-06,A2,AMDANGA,0.0,27.6,17.0,53.0,0,11
2025-03-07,A2,AMDANGA,0.0,29.5,15.3,53.5,0,12
2025-03-08,A2,AMDANGA,0.0,31.6,17.5,65.54166666666667,0,13
2025-03-09,A2,AMDANGA,0.0,31.5,19.0,74.16666666666667,0,14
2025-03-10,A2,AMDANGA,0.0,32.4,19.6,68.83333333333333,0,15
2025-03-11,A2,AMDANGA,0.0,33.0,20.7,55.66666666666666,0,16
2025-03-12,A2,AMDANGA,0.0,34.5,20.5,59.333333333333336,0,17
2025-03-13,A2,AMDANGA,0.0,35.6,22.1,62.833333333333336,0,18
2025-03-14,A2,AMDANGA,0.0,36.6,22.9,72.0,0,19
2025-03-15,A2,AMDANGA,0.1,35.4,23.6,78.08333333333333,0,0
2025-03-16,A2,AMDANGA,0.1,38.0,24.2,71.04166666666667,0,0
2025-03-17,A2,AMDANGA,7.3,34.8,23.3,75.5,0,0
2025-03-18,A2,AMDANGA,0.0,33.7,23.7,62.91666666666666,0,1
2025-03-19,A2,AMDANGA,0.0,35.5,22.2,64.875,0,2
2025-03-20,A2,AMDANGA,8.5,32.1,23.9,78.0,0,0
2025-03-21,A2,AMDANGA,5.7,31.1,21.2,69.125,0,0
2025-03-22,A2,AMDANGA,3.4,26.7,20.8,79.125,0,0
2025-03-23,A2,AMDANGA,1.2,28.7,18.7,79.45833333333333,0,0
2025-03-24,A2,AMDANGA,0.0,30.7,17.8,68.41666666666667,0,1
2025-03-25,A2,AMDANGA,0.0,32.0,19.1,67.91666666666667,0,2
2025-03-26,A2,AMDANGA,0.0,34.3,21.2,64.625,0,3
2025-03-27,A2,AMDANGA,0.0,35.6,23.0,63.54166666666666,0,4
2025-03-28,A2,AMDANGA,0.0,36.8,22.9,57.625,0,5
2025-03-29,A2,AMDANGA,0.0,35.9,23.3,62.25,0,6
2025-03-30,A2,AMDANGA,0.1,36.0,24.3,74.33333333333333,0,0
2025-03-31,A2,AMDANGA,0.0,36.1,25.2,71.375,0,1
2025-04-01,A2,AMDANGA,0.0,36.2,24.9,68.95833333333333,0,2
2025-04-02,A2,AMDANGA,0.2,36.7,24.8,67.625,0,0
2025-04-03,A2,AMDANGA,0.0,36.0,24.7,69.45833333333333,0,1
2025-04-04,A2,AMDANGA,0.0,34.0,25.2,70.33333333333333,0,2
2025-04-05,A2,AMDANGA,0.0,36.5,24.3,63.79166666666666,0,3
2025-04-06,A2,AMDANGA,0.2,35.5,24.4,70.875,0,0
2025-04-07,A2,AMDANGA,0.0,35.3,24.5,71.91666666666667,0,1
2025-04-08,A2,AMDANGA,1.9,34.0,24.1,75.875,0,0
2025-04-09,A2,AMDANGA,0.0,33.8,23.4,67.79166666666667,0,1
2025-04-10,A2,AMDANGA,14.8,34.5,22.4,73.04166666666667,0,0
2025-04-11,A2,AMDANGA,0.1,32.0,22.0,77.25,0,0
2025-04-12,A2,AMDANGA,2.9,34.9,23.5,79.0,0,0
2025-04-13,A2,AMDANGA,0.0,33.1,23.6,72.20833333333333,0,1
2025-04-14,A2,AMDANGA,1.0,32.0,23.8,77.66666666666667,0,0
2025-04-15,A2,AMDANGA,1.7,32.3,23.3,75.79166666666667,0,0
2025-04-16,A2,AMDANGA,3.6,33.0,23.3,76.45833333333333,0,0
2025-04-17,A2,AMDANGA,17.7,32.1,23.0,86.08333333333333,1,0
2025-04-18,A2,AMDANGA,7.2,30.4,22.6,84.83333333333333,0,0
2025-04-19,A2,AMDANGA,5.0,30.3,22.9,85.70833333333333,1,0
2025-04-20,A2,AMDANGA,1.8,35.2,24.9,82.125,0,0
2025-04-21,A2,AMDANGA,0.0,35.9,27.7,79.95833333333333,0,1
2025-04-22,A2,AMDANGA,0.1,36.2,27.4,78.83333333333333,0,0
2025-04-23,A2,AMDANGA,0.0,38.6,27.1,71.29166666666667,0,1
2025-04-24,A2,AMDANGA,0.0,36.8,27.2,76.70833333333333,0,2
2025-04-25,A2,AMDANGA,1.6,37.7,27.4,77.41666666666667,0,0
2025-04-26,A2,AMDANGA,3.4,36.1,27.0,75.91666666666667,0,0
2025-04-27,A2,AMDANGA,0.0,35.7,27.6,70.58333333333333,0,1
2025-04-28,A2,AMDANGA,4.1,29.7,24.6,84.16666666666667,0,0
2025-04-29,A2,AMDANGA,6.1,30.8,22.4,84.04166666666667,0,0
2025-04-30,A2,AMDANGA,3.3,30.5,21.5,83.58333333333333,0,0
2025-05-01,A2,AMDANGA,1.2,31.3,21.9,80.75,0,0
2025-05-02,A2,AMDANGA,0.0,30.6,21.5,78.5,0,1
2025-05-03,A2,AMDANGA,0.6,32.3,23.3,79.375,0,0
2025-05-04,A2,AMDANGA,3.9,30.9,23.6,83.70833333333333,0,0
2025-05-05,A2,AMDANGA,4.4,32.9,23.6,79.75,0,0
2025-05-06,A2,AMDANGA,20.6,32.6,24.4,86.04166666666667,1,0
2025-05-07,A2,AMDANGA,3.4,33.4,24.1,81.125,0,0
2025-05-08,A2,AMDANGA,0.0,36.2,26.7,72.125,0,1
2025-05-09,A2,AMDANGA,0.0,36.9,26.6,71.54166666666667,0,2
2025-05-10,A2,AMDANGA,0.0,36.9,26.9,69.04166666666667,0,3
2025-05-11,A2,AMDANGA,0.0,37.2,27.1,66.04166666666667,0,4
2025-05-12,A2,AMDANGA,0.2,37.5,28.7,65.91666666666667,0,0
2025-05-13,A2,AMDANGA,2.4,35.5,28.4,75.45833333333333,0,0
2025-05-14,A2,AMDANGA,0.1,36.4,28.2,74.58333333333333,0,0
2025-05-15,A2,AMDANGA,6.8,35.3,27.3,79.20833333333333,0,0
2025-05-16,A2,AMDANGA,4.9,34.9,27.9,77.45833333333333,0,0
2025-05-17,A2,AMDANGA,26.1,34.9,25.8,80.29166666666667,0,0
2025-05-18,A2,AMDANGA,6.4,30.6,26.4,86.45833333333333,1,0
2025-05-19,A2,AMDANGA,3.1,33.8,26.2,79.41666666666667,0,0
2025-05-20,A2,AMDANGA,14.3,34.4,25.4,81.5,0,0
2025-05-21,A2,AMDANGA,21.3,33.8,25.6,83.375,0,0
2025-05-22,A2,AMDANGA,4.2,32.2,26.2,79.91666666666667,0,0
2025-05-23,A2,AMDANGA,6.4,31.7,25.6,87.04166666666667,1,0
2025-05-24,A2,AMDANGA,10.3,32.1,25.4,87.25,2,0
2025-05-25,A2,AMDANGA,18.1,30.8,25.7,88.95833333333333,3,0
2025-05-26,A2,AMDANGA,17.9,30.7,25.2,90.95833333333331,4,0
2025-05-27,A2,AMDANGA,9.5,31.4,25.4,89.5,5,0
2025-05-28,A2,AMDANGA,14.9,31.6,26.0,87.83333333333333,6,0
2025-05-29,A2,AMDANGA,38.3,29.5,25.3,91.16666666666669,7,0
2025-05-30,A2,AMDANGA,18.4,33.2,24.8,80.41666666666667,0,0
2025-05-31,A2,AMDANGA,34.7,32.1,25.4,89.75,1,0
2025-06-01,A2,AMDANGA,10.8,31.3,26.7,91.625,2,0
2025-06-02,A2,AMDANGA,0.4,36.0,26.9,78.41666666666667,0,0
2025-06-03,A2,AMDANGA,0.9,34.9,26.9,73.08333333333333,0,0
2025-06-04,A2,AMDANGA,1.0,34.0,27.1,84.08333333333333,0,0
2025-06-05,A2,AMDANGA,4.7,32.2,26.4,85.95833333333333,1,0
2025-06-06,A2,AMDANGA,5.8,32.9,25.9,86.33333333333333,2,0
2025-06-07,A2,AMDANGA,0.0,33.9,25.3,78.41666666666667,0,1
2025-06-08,A2,AMDANGA,1.1,33.7,26.3,82.58333333333333,0,0
2025-06-09,A2,AMDANGA,0.8,33.6,26.3,79.54166666666667,0,0
2025-06-10,A2,AMDANGA,0.5,34.2,26.3,80.04166666666667,0,0
2025-06-11,A2,AMDANGA,0.8,33.1,26.9,81.70833333333333,0,0
2025-06-12,A2,AMDANGA,0.2,33.2,25.8,78.625,0,0
2025-06-13,A2,AMDANGA,0.9,33.3,26.6,79.58333333333333,0,0
2025-06-14,A2,AMDANGA,0.7,34.3,27.2,77.25,0,0
2025-06-15,A2,AMDANGA,21.5,30.6,26.6,88.625,1,0
2025-06-16,A2,AMDANGA,34.9,31.8,26.0,89.91666666666667,2,0
2025-06-17,A2,AMDANGA,35.4,28.9,25.3,95.125,3,0
2025-06-18,A2,AMDANGA,28.7,28.9,25.3,92.33333333333331,4,0
2025-06-19,A2,AMDANGA,46.4,30.7,24.1,85.95833333333333,5,0
2025-06-20,A2,AMDANGA,9.3,32.2,26.1,84.83333333333333,0,0
2025-06-21,A2,AMDANGA,1.4,33.3,26.3,83.95833333333333,0,0
2025-06-22,A2,AMDANGA,16.4,32.6,26.0,89.79166666666667,1,0
2025-06-23,A2,AMDANGA,12.8,31.7,26.5,87.54166666666667,2,0
2025-06-24,A2,AMDANGA,8.1,32.3,26.2,85.875,3,0
2025-06-25,A2,AMDANGA,8.1,31.5,26.1,86.95833333333333,4,0
2025-06-26,A2,AMDANGA,3.9,32.2,26.1,83.5,0,0
2025-06-27,A2,AMDANGA,16.3,31.3,25.2,88.95833333333333,1,0
2025-06-28,A2,AMDANGA,18.7,30.3,25.3,89.625,2,0
2025-06-29,A2,AMDANGA,42.3,31.0,25.4,91.0,3,0
2025-06-30,A2,AMDANGA,21.2,30.3,25.3,91.54166666666669,4,0
2025-07-01,A2,AMDANGA,7.1,30.5,26.0,89.20833333333333,5,0
2025-07-02,A2,AMDANGA,20.6,32.4,25.8,88.66666666666667,6,0
2025-07-03,A2,AMDANGA,33.6,31.0,25.7,91.58333333333331,7,0
2025-07-04,A2,AMDANGA,31.8,31.7,24.8,92.0,8,0
2025-07-05,A2,AMDANGA,9.6,30.8,25.7,91.25,9,0
2025-07-06,A2,AMDANGA,3.9,29.4,25.1,90.79166666666669,10,0
2025-07-07,A2,AMDANGA,14.8,28.9,25.3,94.04166666666669,11,0
2025-07-08,A2,AMDANGA,22.5,28.1,24.5,93.58333333333331,12,0
2025-07-09,A2,AMDANGA,13.7,30.0,24.8,90.45833333333331,13,0
2025-07-10,A2,AMDANGA,22.8,31.7,25.0,88.375,14,0
2025-07-11,A2,AMDANGA,9.9,30.6,25.5,88.16666666666667,15,0
2025-07-12,A2,AMDANGA,6.2,33.3,25.5,86.58333333333333,16,0
2025-07-13,A2,AMDANGA,10.6,31.7,26.1,88.70833333333333,17,0
2025-07-14,A2,AMDANGA,40.3,27.8,25.2,94.08333333333331,18,0
2025-07-15,A2,AMDANGA,16.6,30.3,24.9,90.58333333333331,19,0
2025-07-16,A2,AMDANGA,9.0,30.4,25.9,88.66666666666667,20,0
2025-07-17,A2,AMDANGA,0.1,33.1,26.3,82.45833333333333,0,0
2025-07-18,A2,AMDANGA,6.3,33.0,26.6,86.08333333333333,1,0
2025-07-19,A2,AMDANGA,1.0,33.4,26.6,83.0,0,0
2025-07-20,A2,AMDANGA,0.6,32.8,26.7,82.33333333333333,0,0
2025-07-21,A2,AMDANGA,0.6,32.8,26.5,84.08333333333333,0,0
2025-07-22,A2,AMDANGA,7.6,33.2,26.8,83.29166666666667,0,0
2025-07-23,A2,AMDANGA,0.5,33.8,27.0,78.66666666666667,0,0
2025-07-24,A2,AMDANGA,11.5,32.7,26.2,85.20833333333333,1,0
2025-07-25,A2,AMDANGA,52.5,31.1,25.9,90.375,2,0
2025-07-26,A2,AMDANGA,3.4,31.1,26.2,87.66666666666667,3,0
2025-07-27,A2,AMDANGA,5.8,32.6,26.1,86.66666666666667,4,0
2025-07-28,A2,AMDANGA,3.6,30.5,26.7,88.08333333333333,5,0
2025-07-29,A2,AMDANGA,53.3,29.5,25.4,91.54166666666669,6,0
2025-07-30,A2,AMDANGA,19.0,29.3,25.2,91.66666666666669,7,0
2025-07-31,A2,AMDANGA,36.6,29.3,24.8,92.95833333333331,8,0
2025-08-01,A2,AMDANGA,19.3,32.2,25.7,89.5,9,0
2025-08-02,A2,AMDANGA,6.5,32.2,25.8,87.16666666666667,10,0
2025-08-03,A2,AMDANGA,15.0,32.6,26.7,87.70833333333333,11,0
2025-08-04,A2,AMDANGA,28.0,31.7,25.8,88.83333333333333,12,0
2025-08-05,A2,AMDANGA,15.3,32.2,26.2,90.79166666666669,13,0
2025-08-06,A2,AMDANGA,10.6,30.3,25.3,89.83333333333333,14,0
2025-08-07,A2,AMDANGA,8.6,31.7,25.4,89.5,15,0
2025-08-08,A2,AMDANGA,2.2,31.0,24.4,87.20833333333333,16,0
2025-08-09,A2,AMDANGA,10.6,31.4,25.1,85.875,17,0
2025-08-10,A2,AMDANGA,0.6,32.8,26.7,79.5,0,0
2025-08-11,A2,AMDANGA,5.2,32.3,26.4,84.83333333333333,0,0
2025-08-12,A2,AMDANGA,4.7,33.5,26.5,83.125,0,0
2025-08-13,A2,AMDANGA,15.3,30.8,26.4,88.70833333333333,1,0
2025-08-14,A2,AMDANGA,7.4,29.8,25.7,89.29166666666667,2,0
2025-08-15,A2,AMDANGA,13.6,31.5,25.4,88.16666666666667,3,0
2025-08-16,A2,AMDANGA,6.9,32.1,25.7,86.08333333333333,4,0
2025-08-17,A2,AMDANGA,9.1,32.0,26.1,84.58333333333333,0,0
2025-08-18,A2,AMDANGA,8.0,31.7,26.4,84.04166666666667,0,0
2025-08-19,A2,AMDANGA,12.1,30.2,25.7,87.0,1,0
2025-08-20,A2,AMDANGA,2.2,30.0,25.4,87.0,2,0
2025-08-21,A2,AMDANGA,51.0,28.6,24.6,93.41666666666669,3,0
2025-08-22,A2,AMDANGA,31.5,30.3,24.5,91.95833333333331,4,0
2025-08-23,A2,AMDANGA,13.2,29.0,24.7,91.33333333333331,5,0
2025-08-24,A2,AMDANGA,11.1,30.3,24.7,88.875,6,0
2025-08-25,A2,AMDANGA,2.6,31.6,24.9,88.125,7,0
2025-08-26,A2,AMDANGA,1.6,31.9,25.2,85.33333333333333,8,0
2025-08-27,A2,AMDANGA,5.0,31.8,25.6,85.04166666666667,9,0
2025-08-28,A2,AMDANGA,14.5,30.7,25.7,87.08333333333333,10,0
2025-08-29,A2,AMDANGA,21.0,30.1,25.6,90.25,11,0
2025-08-30,A2,AMDANGA,15.7,30.3,25.6,91.20833333333331,12,0
2025-08-31,A2,AMDANGA,3.7,32.0,25.1,88.16666666666667,13,0
2025-09-01,A2,AMDANGA,21.5,33.5,26.1,83.875,0,0
2025-09-02,A2,AMDANGA,15.6,30.4,25.7,88.58333333333333,1,0
2025-09-03,A2,AMDANGA,18.8,29.3,25.0,88.16666666666667,2,0
2025-09-04,A2,AMDANGA,7.4,30.2,25.6,89.20833333333333,3,0
2025-09-05,A2,AMDANGA,10.0,31.9,25.4,89.0,4,0
2025-09-06,A2,AMDANGA,3.8,32.5,25.1,85.45833333333333,5,0
2025-09-07,A2,AMDANGA,0.4,33.1,25.4,81.33333333333333,0,0
2025-09-08,A2,AMDANGA,0.2,32.9,25.5,79.75,0,0
2025-09-09,A2,AMDANGA,0.2,33.1,25.7,79.29166666666667,0,0
2025-09-10,A2,AMDANGA,0.2,33.7,26.2,79.29166666666667,0,0
2025-09-11,A2,AMDANGA,4.1,32.8,26.2,86.29166666666667,1,0
2025-09-12,A2,AMDANGA,19.0,31.1,25.2,89.41666666666667,2,0
2025-09-13,A2,AMDANGA,6.9,30.4,25.6,88.875,3,0
2025-09-14,A2,AMDANGA,40.9,30.6,26.1,92.66666666666669,4,0
2025-09-15,A2,AMDANGA,25.8,29.3,24.4,91.91666666666669,5,0
2025-09-16,A2,AMDANGA,10.7,29.6,24.4,90.66666666666669,6,0
2025-09-17,A2,AMDANGA,8.4,30.5,24.9,89.45833333333333,7,0
2025-09-18,A2,AMDANGA,3.5,32.1,26.0,86.54166666666667,8,0
2025-09-19,A2,AMDANGA,12.4,30.7,25.4,92.16666666666669,9,0
2025-09-20,A2,AMDANGA,8.9,32.3,25.9,90.08333333333331,10,0
2025-09-21,A2,AMDANGA,1.1,32.6,25.3,86.79166666666667,11,0
2025-09-22,A2,AMDANGA,21.0,30.1,25.0,92.54166666666669,12,0
2025-09-23,A2,AMDANGA,10.8,31.0,24.4,88.45833333333333,13,0
2025-09-24,A2,AMDANGA,4.1,31.5,24.8,90.66666666666669,14,0
2025-09-25,A2,AMDANGA,10.8,32.8,25.5,88.45833333333333,15,0
2025-09-26,A2,AMDANGA,3.8,31.9,25.4,87.54166666666667,16,0
2025-09-27,A2,AMDANGA,8.0,30.1,25.6,88.29166666666667,17,0
2025-09-28,A2,AMDANGA,6.8,31.6,25.5,89.25,18,0
2025-09-29,A2,AMDANGA,2.6,32.1,25.7,85.625,19,0
2025-09-30,A2,AMDANGA,4.3,32.1,26.3,87.33333333333333,20,0
2025-10-01,A2,AMDANGA,15.3,31.4,24.5,89.04166666666667,21,0
2025-10-02,A2,AMDANGA,29.0,27.4,24.5,93.375,22,0
2025-10-03,A2,AMDANGA,14.7,29.5,25.3,90.08333333333331,23,0
2025-10-04,A2,AMDANGA,9.7,32.0,25.2,86.91666666666667,24,0
2025-10-05,A2,AMDANGA,31.3,30.5,24.2,90.16666666666669,25,0
2025-10-06,A2,AMDANGA,4.0,28.8,24.2,92.83333333333331,26,0
2025-10-07,A2,AMDANGA,7.2,31.1,24.1,89.41666666666667,27,0
2025-10-08,A2,AMDANGA,11.8,30.8,24.4,90.66666666666669,28,0
2025-10-09,A2,AMDANGA,3.3,31.2,24.6,89.0,29,0
2025-10-10,A2,AMDANGA,11.4,31.3,24.4,87.83333333333333,30,0
2025-10-11,A2,AMDANGA,2.9,30.5,24.1,87.625,31,0
2025-10-12,A2,AMDANGA,0.0,31.2,24.3,80.41666666666667,0,1
2025-10-13,A2,AMDANGA,0.0,30.6,23.7,77.625,0,2
2025-10-14,A2,AMDANGA,0.0,31.1,23.1,75.625,0,3
2025-10-15,A2,AMDANGA,0.0,31.0,22.9,74.83333333333333,0,4
2025-10-16,A2,AMDANGA,0.0,30.8,22.0,75.83333333333333,0,5
2025-10-17,A2,AMDANGA,0.0,31.5,22.4,78.33333333333333,0,6
2025-10-18,A2,AMDANGA,0.1,31.6,23.7,80.20833333333333,0,0
2025-10-19,A2,AMDANGA,0.1,32.7,24.3,77.66666666666667,0,0
2025-10-20,A2,AMDANGA,0.0,32.9,23.5,75.375,0,1
2025-10-21,A2,AMDANGA,0.0,32.9,23.3,73.5,0,2
2025-10-22,A2,AMDANGA,0.0,32.2,22.9,74.375,0,3
2025-10-23,A2,AMDANGA,0.0,32.2,22.9,69.95833333333333,0,4
2025-10-24,A2,AMDANGA,0.0,32.1,22.5,71.58333333333333,0,5
2025-10-25,A2,AMDANGA,0.0,32.0,23.3,76.91666666666667,0,6
2025-10-26,A2,AMDANGA,0.0,32.1,24.1,79.625,0,7
2025-10-27,A2,AMDANGA,0.1,32.2,23.7,79.70833333333333,0,0
2025-10-28,A2,AMDANGA,0.5,32.5,24.3,79.375,0,0
2025-10-29,A2,AMDANGA,17.2,28.4,24.5,91.83333333333331,1,0
2025-10-30,A2,AMDANGA,15.5,30.2,23.8,90.91666666666669,2,0
2025-10-31,A2,AMDANGA,0.7,31.6,24.3,83.70833333333333,0,0
2025-11-01,A2,AMDANGA,19.3,30.5,25.1,88.66666666666667,1,0
2025-11-02,A2,AMDANGA,0.0,28.5,23.3,82.45833333333333,0,1
2025-11-03,A2,AMDANGA,0.0,29.7,22.2,74.41666666666667,0,2
2025-11-04,A2,AMDANGA,0.0,29.6,19.7,72.375,0,3
2025-11-05,A2,AMDANGA,0.0,29.8,21.1,75.83333333333333,0,4
2025-11-06,A2,AMDANGA,0.5,30.1,21.2,79.375,0,0
2025-11-07,A2,AMDANGA,0.1,29.9,22.4,77.16666666666667,0,0
2025-11-08,A2,AMDANGA,0.0,29.2,19.8,65.66666666666667,0,1
2025-11-09,A2,AMDANGA,0.0,28.0,17.8,70.79166666666667,0,2
2025-11-10,A2,AMDANGA,0.0,28.4,18.0,73.08333333333333,0,3
2025-11-11,A2,AMDANGA,0.0,27.5,16.9,68.29166666666667,0,4
2025-11-12,A2,AMDANGA,0.0,26.7,16.3,71.0,0,5
2025-11-13,A2,AMDANGA,0.0,26.9,16.2,72.70833333333333,0,6
2025-11-14,A2,AMDANGA,0.0,26.7,16.2,72.54166666666667,0,7
2025-11-15,A2,AMDANGA,0.0,27.0,16.4,74.875,0,8
2025-11-16,A2,AMDANGA,0.0,27.1,16.4,72.25,0,9
2025-11-17,A2,AMDANGA,0.0,27.0,17.3,71.08333333333333,0,10
2025-11-18,A2,AMDANGA,0.0,27.9,16.9,69.875,0,11
2025-11-19,A2,AMDANGA,0.0,28.6,16.3,71.0,0,12
2025-11-20,A2,AMDANGA,0.0,28.1,17.4,71.25,0,13
2025-11-21,A2,AMDANGA,0.0,28.2,17.6,70.33333333333333,0,14
2025-11-22,A2,AMDANGA,0.0,27.8,17.1,72.79166666666667,0,15
2025-11-23,A2,AMDANGA,0.0,27.7,16.7,74.41666666666667,0,16
2025-11-24,A2,AMDANGA,0.0,26.7,16.4,73.0,0,17
2025-11-25,A2,AMDANGA,0.0,26.1,15.3,71.41666666666667,0,18
2025-11-26,A2,AMDANGA,0.0,25.8,14.7,68.95833333333333,0,19
2025-11-27,A2,AMDANGA,0.0,26.8,15.3,74.875,0,20
2025-11-28,A2,AMDANGA,0.0,27.1,16.5,75.58333333333333,0,21
2025-11-29,A2,AMDANGA,0.0,26.9,16.6,70.70833333333333,0,22
2025-11-30,A2,AMDANGA,0.0,26.9,16.5,70.70833333333333,0,23
2025-12-01,A2,AMDANGA,0.0,26.6,16.4,74.375,0,24
2025-12-02,A2,AMDANGA,0.0,26.7,17.2,75.29166666666667,0,25
2025-12-03,A2,AMDANGA,0.0,25.9,15.6,72.875,0,26
2025-12-04,A2,AMDANGA,0.0,25.3,14.3,73.375,0,27
2025-12-05,A2,AMDANGA,0.0,25.4,14.6,69.625,0,28
2025-12-06,A2,AMDANGA,0.0,24.5,12.6,68.66666666666667,0,29
2025-12-07,A2,AMDANGA,0.0,24.8,13.4,73.33333333333333,0,30
2025-12-08,A2,AMDANGA,0.0,24.9,13.7,70.41666666666667,0,31
2025-12-09,A2,AMDANGA,0.0,25.1,14.2,73.5,0,32
2025-12-10,A2,AMDANGA,0.0,25.2,14.1,75.875,0,33
2025-12-11,A2,AMDANGA,0.0,25.1,13.7,71.95833333333333,0,34
2025-12-12,A2,AMDANGA,0.0,25.0,13.9,70.0,0,35
2025-12-13,A2,AMDANGA,0.0,25.4,14.2,73.375,0,36
2025-12-14,A2,AMDANGA,0.0,26.5,14.4,74.83333333333333,0,37
2025-12-15,A2,AMDANGA,0.0,26.1,14.8,73.625,0,38
2025-12-16,A2,AMDANGA,0.0,25.1,14.4,72.66666666666667,0,39
2025-12-17,A2,AMDANGA,0.0,25.3,14.3,70.375,0,40
2025-12-18,A2,AMDANGA,0.0,26.4,14.6,73.79166666666667,0,41
2025-12-19,A2,AMDANGA,0.0,26.1,15.4,75.41666666666667,0,42
2025-12-20,A2,AMDANGA,0.0,24.0,15.2,79.91666666666667,0,43
2025-12-21,A2,AMDANGA,0.0,23.8,14.3,80.375,0,44
2025-12-22,A2,AMDANGA,0.0,24.5,14.4,79.0,0,45
2025-12-23,A2,AMDANGA,0.0,24.0,13.8,76.875,0,46
2025-12-24,A2,AMDANGA,0.0,23.7,13.2,76.70833333333333,0,47
2025-12-25,A2,AMDANGA,0.0,21.4,11.7,78.83333333333333,0,48
2025-12-26,A2,AMDANGA,0.0,21.8,10.9,76.875,0,49
2025-12-27,A2,AMDANGA,0.0,23.1,12.0,77.04166666666667,0,50
2025-12-28,A2,AMDANGA,0.0,22.0,12.7,79.45833333333333,0,51
2025-12-29,A2,AMDANGA,0.0,20.4,11.7,80.04166666666667,0,52
2025-12-30,A2,AMDANGA,0.0,19.6,10.4,81.375,0,53
2025-12-31,A2,AMDANGA,0.0,20.8,9.0,81.125,0,54
2024-01-01,A3,BERABERIA,0.0,25.0,14.7,79.20833333333333,0,1
2024-01-02,A3,BERABERIA,0.0,23.5,13.4,76.54166666666667,0,2
2024-01-03,A3,BERABERIA,0.0,24.5,12.4,80.58333333333333,0,3
2024-01-04,A3,BERABERIA,0.0,25.3,12.4,78.45833333333333,0,4
2024-01-05,A3,BERABERIA,0.0,25.9,13.0,75.29166666666667,0,5
2024-01-06,A3,BERABERIA,0.0,26.7,13.7,72.29166666666667,0,6
2024-01-07,A3,BERABERIA,0.0,26.2,15.3,75.08333333333333,0,7
2024-01-08,A3,BERABERIA,0.0,25.9,15.4,80.04166666666667,0,8
2024-01-09,A3,BERABERIA,0.0,25.3,14.2,78.54166666666667,0,9
2024-01-10,A3,BERABERIA,0.0,26.1,13.4,76.20833333333333,0,10
2024-01-11,A3,BERABERIA,0.0,25.2,14.0,76.66666666666667,0,11
2024-01-12,A3,BERABERIA,0.0,22.9,11.8,76.625,0,12
2024-01-13,A3,BERABERIA,0.0,22.6,10.4,75.91666666666667,0,13
2024-01-14,A3,BERABERIA,0.0,22.3,10.5,77.66666666666667,0,14
2024-01-15,A3,BERABERIA,0.0,22.0,10.5,82.29166666666667,0,15
2024-01-16,A3,BERABERIA,0.0,22.4,11.0,79.0,0,16
2024-01-17,A3,BERABERIA,0.0,23.8,10.9,78.0,0,17
2024-01-18,A3,BERABERIA,7.2,20.9,15.1,87.625,1,0
2024-01-19,A3,BERABERIA,0.0,23.2,14.7,84.625,0,1
2024-01-20,A3,BERABERIA,0.0,22.7,12.9,80.25,0,2
2024-01-21,A3,BERABERIA,0.0,22.5,13.6,82.79166666666667,0,3
2024-01-22,A3,BERABERIA,0.0,21.4,11.0,80.66666666666667,0,4
2024-01-23,A3,BERABERIA,0.0,22.7,9.9,76.33333333333333,0,5
2024-01-24,A3,BERABERIA,2.1,21.6,15.4,79.125,0,0
2024-01-25,A3,BERABERIA,0.0,23.1,13.1,83.29166666666667,0,1
2024-01-26,A3,BERABERIA,0.0,23.0,12.2,73.20833333333333,0,2
2024-01-27,A3,BERABERIA,0.0,23.0,11.2,73.83333333333333,0,3
2024-01-28,A3,BERABERIA,0.0,23.5,10.3,75.5,0,4
2024-01-29,A3,BERABERIA,0.0,24.8,11.4,76.04166666666667,0,5
2024-01-30,A3,BERABERIA,5.5,26.6,13.1,83.0,0,0
2024-01-31,A3,BERABERIA,29.0,25.4,17.4,86.83333333333333,1,0
2024-02-01,A3,BERABERIA,9.9,24.6,16.5,92.625,2,0
2024-02-02,A3,BERABERIA,0.3,26.8,16.4,83.29166666666667,0,0
2024-02-03,A3,BERABERIA,0.0,25.9,15.3,73.70833333333333,0,1
2024-02-04,A3,BERABERIA,0.0,26.3,13.2,68.16666666666667,0,2
2024-02-05,A3,BERABERIA,0.0,27.2,14.5,73.83333333333333,0,3
2024-02-06,A3,BERABERIA,0.5,27.5,18.3,89.79166666666667,1,0
2024-02-07,A3,BERABERIA,0.0,25.7,18.1,74.75,0,1
2024-02-08,A3,BERABERIA,0.0,24.6,14.9,63.125,0,2
2024-02-09,A3,BERABERIA,0.0,23.2,12.8,65.79166666666667,0,3
2024-02-10,A3,BERABERIA,0.0,24.8,11.9,68.5,0,4
2024-02-11,A3,BERABERIA,0.0,26.6,12.6,63.04166666666666,0,5
2024-02-12,A3,BERABERIA,0.0,27.6,14.5,65.41666666666667,0,6
2024-02-13,A3,BERABERIA,0.0,29.3,16.6,72.54166666666667,0,7
2024-02-14,A3,BERABERIA,0.0,28.7,16.2,76.0,0,8
2024-02-15,A3,BERABERIA,0.6,27.9,17.1,78.875,0,0
2024-02-16,A3,BERABERIA,0.0,28.5,17.7,76.54166666666667,0,1
2024-02-17,A3,BERABERIA,0.0,28.1,15.0,69.91666666666667,0,2
2024-02-18,A3,BERABERIA,0.2,28.9,15.2,75.33333333333333,0,0
2024-02-19,A3,BERABERIA,0.2,30.1,18.7,81.45833333333333,0,0
2024-02-20,A3,BERABERIA,3.6,31.6,21.2,81.45833333333333,0,0
2024-02-21,A3,BERABERIA,0.2,33.1,20.7,75.70833333333333,0,0
2024-02-22,A3,BERABERIA,0.4,29.5,20.8,83.70833333333333,0,0
2024-02-23,A3,BERABERIA,0.2,29.1,19.6,71.79166666666667,0,0
2024-02-24,A3,BERABERIA,0.0,28.6,17.2,68.16666666666667,0,1
2024-02-25,A3,BERABERIA,0.5,25.5,18.5,64.5,0,0
2024-02-26,A3,BERABERIA,0.0,28.4,17.2,63.583333333333336,0,1
2024-02-27,A3,BERABERIA,0.0,29.0,17.9,62.875,0,2
2024-02-28,A3,BERABERIA,0.0,29.8,18.2,69.54166666666667,0,3
2024-02-29,A3,BERABERIA,0.0,30.1,18.4,63.25,0,4
2024-03-01,A3,BERABERIA,0.0,30.7,17.1,64.58333333333333,0,5
2024-03-02,A3,BERABERIA,0.0,31.3,17.1,66.375,0,6
2024-03-03,A3,BERABERIA,0.1,31.7,20.6,71.29166666666667,0,0
2024-03-04,A3,BERABERIA,6.1,31.7,19.8,69.45833333333333,0,0
2024-03-05,A3,BERABERIA,0.0,31.2,20.6,72.5,0,1
2024-03-06,A3,BERABERIA,0.0,29.6,18.4,62.875,0,2
2024-03-07,A3,BERABERIA,0.0,28.7,18.8,63.16666666666666,0,3
2024-03-08,A3,BERABERIA,0.0,30.5,18.8,55.583333333333336,0,4
2024-03-09,A3,BERABERIA,0.0,29.9,15.8,56.375,0,5
2024-03-10,A3,BERABERIA,0.0,29.8,15.8,55.583333333333336,0,6
2024-03-11,A3,BERABERIA,0.0,31.4,15.2,58.25,0,7
2024-03-12,A3,BERABERIA,0.0,33.4,20.3,75.16666666666667,0,8
2024-03-13,A3,BERABERIA,1.3,34.1,23.5,71.16666666666667,0,0
2024-03-14,A3,BERABERIA,9.9,32.1,22.2,82.79166666666667,0,0
2024-03-15,A3,BERABERIA,0.7,33.5,22.4,76.29166666666667,0,0
2024-03-16,A3,BERABERIA,1.0,32.3,23.1,81.58333333333333,0,0
2024-03-17,A3,BERABERIA,0.0,31.7,21.9,80.91666666666667,0,1
2024-03-18,A3,BERABERIA,5.1,29.3,22.3,84.125,0,0
2024-03-19,A3,BERABERIA,12.3,30.0,22.6,80.70833333333333,0,0
2024-03-20,A3,BERABERIA,13.9,23.6,18.4,90.08333333333331,1,0
2024-03-21,A3,BERABERIA,4.3,26.2,18.2,86.875,2,0
2024-03-22,A3,BERABERIA,0.0,27.9,16.9,80.625,0,1
2024-03-23,A3,BERABERIA,4.2,32.1,19.4,80.41666666666667,0,0
2024-03-24,A3,BERABERIA,0.0,33.9,23.7,80.66666666666667,0,1
2024-03-25,A3,BERABERIA,9.0,33.2,22.9,82.58333333333333,0,0
2024-03-26,A3,BERABERIA,0.0,33.1,24.1,79.08333333333333,0,1
2024-03-27,A3,BERABERIA,1.4,34.8,22.9,79.25,0,0
2024-03-28,A3,BERABERIA,0.1,33.4,22.7,79.08333333333333,0,0
2024-03-29,A3,BERABERIA,0.2,34.9,24.6,79.91666666666667,0,0
2024-03-30,A3,BERABERIA,0.0,36.2,24.4,78.04166666666667,0,1
2024-03-31,A3,BERABERIA,1.2,35.0,25.4,80.54166666666667,0,0
2024-04-01,A3,BERABERIA,0.0,36.7,25.7,60.54166666666666,0,1
2024-04-02,A3,BERABERIA,0.0,36.0,24.4,65.79166666666667,0,2
2024-04-03,A3,BERABERIA,0.0,36.5,25.3,73.875,0,3
2024-04-04,A3,BERABERIA,21.0,37.0,26.2,82.625,0,0
2024-04-05,A3,BERABERIA,0.0,37.9,26.5,76.125,0,1
2024-04-06,A3,BERABERIA,0.0,37.7,25.8,77.20833333333333,0,2
2024-04-07,A3,BERABERIA,13.3,36.1,25.9,73.45833333333333,0,0
2024-04-08,A3,BERABERIA,0.0,31.8,23.2,67.875,0,1
2024-04-09,A3,BERABERIA,0.0,34.9,22.2,60.25,0,2
2024-04-10,A3,BERABERIA,0.0,35.8,22.9,64.08333333333333,0,3
2024-04-11,A3,BERABERIA,0.9,33.6,24.0,74.66666666666667,0,0
2024-04-12,A3,BERABERIA,0.0,35.2,22.5,61.833333333333336,0,1
2024-04-13,A3,BERABERIA,0.0,36.5,23.4,58.5,0,2
2024-04-14,A3,BERABERIA,0.0,36.7,23.8,60.79166666666666,0,3
2024-04-15,A3,BERABERIA,0.0,38.4,24.4,61.583333333333336,0,4
2024-04-16,A3,BERABERIA,0.0,38.8,26.7,58.41666666666666,0,5
2024-04-17,A3,BERABERIA,0.0,38.8,27.3,58.458333333333336,0,6
2024-04-18,A3,BERABERIA,0.0,38.9,26.1,48.833333333333336,0,7
2024-04-19,A3,BERABERIA,0.0,40.8,25.2,52.333333333333336,0,8
2024-04-20,A3,BERABERIA,0.0,42.1,26.3,60.04166666666666,0,9
2024-04-21,A3,BERABERIA,0.0,40.8,27.2,59.79166666666666,0,10
2024-04-22,A3,BERABERIA,0.0,40.2,25.9,52.458333333333336,0,11
2024-04-23,A3,BERABERIA,0.0,38.7,26.9,42.16666666666666,0,12
2024-04-24,A3,BERABERIA,0.0,40.4,27.4,45.75,0,13
2024-04-25,A3,BERABERIA,0.0,40.5,25.3,46.625,0,14
2024-04-26,A3,BERABERIA,0.0,40.8,27.4,62.91666666666666,0,15
2024-04-27,A3,BERABERIA,0.0,41.5,28.0,60.0,0,16
2024-04-28,A3,BERABERIA,0.4,40.8,28.4,56.04166666666666,0,0
2024-04-29,A3,BERABERIA,0.0,41.8,28.6,46.16666666666666,0,1
2024-04-30,A3,BERABERIA,0.0,44.1,29.4,47.708333333333336,0,2
2024-05-01,A3,BERABERIA,0.0,41.7,28.9,42.083333333333336,0,3
2024-05-02,A3,BERABERIA,0.0,41.6,29.6,58.083333333333336,0,4
2024-05-03,A3,BERABERIA,0.0,40.4,26.6,57.25,0,5
2024-05-04,A3,BERABERIA,0.0,39.6,27.6,67.125,0,6
2024-05-05,A3,BERABERIA,1.5,38.0,28.4,68.625,0,0
2024-05-06,A3,BERABERIA,45.3,37.0,24.9,79.08333333333333,0,0
2024-05-07,A3,BERABERIA,1.3,33.8,24.7,76.70833333333333,0,0
2024-05-08,A3,BERABERIA,3.2,30.5,24.0,84.375,0,0
2024-05-09,A3,BERABERIA,12.3,31.2,23.9,85.04166666666667,1,0
2024-05-10,A3,BERABERIA,10.5,30.8,23.6,85.125,2,0
2024-05-11,A3,BERABERIA,14.7,31.6,25.3,85.70833333333333,3,0
2024-05-12,A3,BERABERIA,0.9,32.9,24.8,81.20833333333333,0,0
2024-05-13,A3,BERABERIA,0.0,33.7,24.4,76.20833333333333,0,1
2024-05-14,A3,BERABERIA,3.8,34.1,25.3,82.0,0,0
2024-05-15,A3,BERABERIA,0.0,35.2,26.1,75.16666666666667,0,1
2024-05-16,A3,BERABERIA,0.0,35.5,26.3,76.0,0,2
2024-05-17,A3,BERABERIA,0.0,37.6,27.5,72.04166666666667,0,3
2024-05-18,A3,BERABERIA,0.0,36.7,29.0,72.125,0,4
2024-05-19,A3,BERABERIA,0.1,34.3,29.0,74.375,0,0
2024-05-20,A3,BERABERIA,15.1,33.4,27.1,84.58333333333333,0,0
2024-05-21,A3,BERABERIA,17.6,33.8,26.9,84.20833333333333,0,0
2024-05-22,A3,BERABERIA,0.7,34.0,26.9,80.33333333333333,0,0
2024-05-23,A3,BERABERIA,0.2,34.8,26.0,77.20833333333333,0,0
2024-05-24,A3,BERABERIA,0.0,35.7,26.9,74.04166666666667,0,1
2024-05-25,A3,BERABERIA,0.6,36.3,27.6,74.79166666666667,0,0
2024-05-26,A3,BERABERIA,27.0,30.7,26.8,86.95833333333333,1,0
2024-05-27,A3,BERABERIA,73.4,27.8,26.1,89.91666666666667,2,0
2024-05-28,A3,BERABERIA,0.4,35.8,26.4,78.70833333333333,0,0
2024-05-29,A3,BERABERIA,0.1,35.9,29.3,81.83333333333333,0,0
2024-05-30,A3,BERABERIA,0.0,35.1,29.7,79.54166666666667,0,1
2024-05-31,A3,BERABERIA,0.0,34.8,28.7,80.79166666666667,0,2
2024-06-01,A3,BERABERIA,0.3,34.5,28.0,82.70833333333333,0,0
2024-06-02,A3,BERABERIA,3.9,34.0,29.1,80.54166666666667,0,0
2024-06-03,A3,BERABERIA,0.5,34.7,28.5,77.79166666666667,0,0
2024-06-04,A3,BERABERIA,0.0,35.6,28.8,78.5,0,1
2024-06-05,A3,BERABERIA,3.6,35.9,27.5,80.75,0,0
2024-06-06,A3,BERABERIA,6.7,36.7,27.0,83.75,0,0
2024-06-07,A3,BERABERIA,0.0,36.3,25.6,78.875,0,1
2024-06-08,A3,BERABERIA,0.0,35.7,28.1,77.04166666666667,0,2
2024-06-09,A3,BERABERIA,0.0,36.6,28.3,79.08333333333333,0,3
2024-06-10,A3,BERABERIA,0.0,36.4,28.7,76.83333333333333,0,4
2024-06-11,A3,BERABERIA,0.0,36.5,29.1,77.04166666666667,0,5
2024-06-12,A3,BERABERIA,0.0,35.1,28.5,76.83333333333333,0,6
2024-06-13,A3,BERABERIA,0.0,35.8,28.7,75.33333333333333,0,7
2024-06-14,A3,BERABERIA,0.0,37.4,29.2,75.66666666666667,0,8
2024-06-15,A3,BERABERIA,0.4,37.3,29.5,75.83333333333333,0,0
2024-06-16,A3,BERABERIA,0.0,36.7,29.5,74.91666666666667,0,1
2024-06-17,A3,BERABERIA,0.3,37.0,29.4,75.20833333333333,0,0
2024-06-18,A3,BERABERIA,12.3,32.2,28.3,82.54166666666667,0,0
2024-06-19,A3,BERABERIA,1.8,34.6,28.5,81.625,0,0
2024-06-20,A3,BERABERIA,24.8,34.3,28.1,85.91666666666667,1,0
2024-06-21,A3,BERABERIA,2.6,31.8,27.5,85.625,2,0
2024-06-22,A3,BERABERIA,8.0,33.4,26.9,83.54166666666667,0,0
2024-06-23,A3,BERABERIA,5.9,33.3,26.9,83.75,0,0
2024-06-24,A3,BERABERIA,0.5,33.6,27.3,79.25,0,0
2024-06-25,A3,BERABERIA,0.8,33.8,28.2,76.875,0,0
2024-06-26,A3,BERABERIA,0.7,34.2,27.4,78.41666666666667,0,0
2024-06-27,A3,BERABERIA,12.2,32.4,27.6,84.16666666666667,0,0
2024-06-28,A3,BERABERIA,9.5,32.7,27.2,85.625,1,0
2024-06-29,A3,BERABERIA,8.3,31.5,26.8,88.08333333333333,2,0
2024-06-30,A3,BERABERIA,22.0,32.0,26.6,89.29166666666667,3,0
2024-07-01,A3,BERABERIA,19.8,31.7,26.0,88.58333333333333,4,0
2024-07-02,A3,BERABERIA,27.5,30.0,25.8,90.41666666666669,5,0
2024-07-03,A3,BERABERIA,14.9,30.0,25.7,89.25,6,0
2024-07-04,A3,BERABERIA,21.9,31.1,25.6,89.625,7,0
2024-07-05,A3,BERABERIA,25.5,32.6,25.7,83.875,0,0
2024-07-06,A3,BERABERIA,2.9,32.1,26.3,84.20833333333333,0,0
2024-07-07,A3,BERABERIA,13.8,31.8,26.4,84.83333333333333,0,0
2024-07-08,A3,BERABERIA,2.2,32.7,26.2,81.375,0,0
2024-07-09,A3,BERABERIA,3.6,31.8,27.0,82.41666666666667,0,0
2024-07-10,A3,BERABERIA,1.8,32.8,27.6,79.45833333333333,0,0
2024-07-11,A3,BERABERIA,12.9,33.0,27.5,83.0,0,0
2024-07-12,A3,BERABERIA,11.3,31.9,26.2,87.125,1,0
2024-07-13,A3,BERABERIA,6.4,32.4,25.3,85.91666666666667,2,0
2024-07-14,A3,BERABERIA,4.2,32.5,26.3,83.41666666666667,0,0
2024-07-15,A3,BERABERIA,2.6,32.5,27.0,81.5,0,0
2024-07-16,A3,BERABERIA,2.6,32.3,26.7,82.54166666666667,0,0
2024-07-17,A3,BERABERIA,4.0,33.5,26.7,83.16666666666667,0,0
2024-07-18,A3,BERABERIA,1.3,33.6,26.8,80.41666666666667,0,0
2024-07-19,A3,BERABERIA,3.4,32.3,27.3,80.45833333333333,0,0
2024-07-20,A3,BERABERIA,3.2,32.4,27.0,79.66666666666667,0,0
2024-07-21,A3,BERABERIA,8.9,31.9,27.1,81.125,0,0
2024-07-22,A3,BERABERIA,18.9,31.8,26.8,83.91666666666667,0,0
2024-07-23,A3,BERABERIA,13.5,31.8,25.9,86.08333333333333,1,0
2024-07-24,A3,BERABERIA,24.6,32.7,26.6,86.70833333333333,2,0
2024-07-25,A3,BERABERIA,9.0,31.7,26.4,86.875,3,0
2024-07-26,A3,BERABERIA,24.3,31.6,25.9,87.83333333333333,4,0
2024-07-27,A3,BERABERIA,7.5,31.6,27.2,85.25,5,0
2024-07-28,A3,BERABERIA,23.6,31.0,26.4,87.25,6,0
2024-07-29,A3,BERABERIA,10.0,31.5,26.4,87.91666666666667,7,0
2024-07-30,A3,BERABERIA,6.2,32.9,26.1,83.875,0,0
2024-07-31,A3,BERABERIA,37.4,31.9,26.0,89.16666666666667,1,0
2024-08-01,A3,BERABERIA,46.4,28.5,25.8,92.41666666666669,2,0
2024-08-02,A3,BERABERIA,32.4,29.8,25.7,89.91666666666667,3,0
2024-08-03,A3,BERABERIA,24.1,31.3,24.9,88.54166666666667,4,0
2024-08-04,A3,BERABERIA,37.9,30.9,24.8,89.66666666666667,5,0
2024-08-05,A3,BERABERIA,24.0,32.3,24.7,86.91666666666667,6,0
2024-08-06,A3,BERABERIA,6.1,31.5,26.3,88.375,7,0
2024-08-07,A3,BERABERIA,6.4,30.6,26.0,86.125,8,0
2024-08-08,A3,BERABERIA,11.5,31.1,25.8,85.125,9,0
2024-08-09,A3,BERABERIA,10.0,31.4,25.6,85.875,10,0
2024-08-10,A3,BERABERIA,27.9,32.2,25.1,88.75,11,0
2024-08-11,A3,BERABERIA,6.5,32.5,25.3,86.375,12,0
2024-08-12,A3,BERABERIA,12.2,32.5,25.4,85.25,13,0
2024-08-13,A3,BERABERIA,7.9,32.1,25.8,87.54166666666667,14,0
2024-08-14,A3,BERABERIA,43.5,32.3,25.0,87.875,15,0
2024-08-15,A3,BERABERIA,7.5,33.0,25.7,87.20833333333333,16,0
2024-08-16,A3,BERABERIA,1.4,31.6,24.9,86.125,17,0
2024-08-17,A3,BERABERIA,9.7,33.0,25.2,86.625,18,0
2024-08-18,A3,BERABERIA,25.4,30.2,25.4,90.33333333333331,19,0
2024-08-19,A3,BERABERIA,24.6,30.8,25.5,90.25,20,0
2024-08-20,A3,BERABERIA,27.0,30.8,24.9,91.20833333333331,21,0
2024-08-21,A3,BERABERIA,28.2,31.8,25.2,89.5,22,0
2024-08-22,A3,BERABERIA,39.2,31.4,25.7,90.91666666666669,23,0
2024-08-23,A3,BERABERIA,25.3,30.5,24.9,92.04166666666669,24,0
2024-08-24,A3,BERABERIA,6.1,28.7,25.0,92.70833333333331,25,0
2024-08-25,A3,BERABERIA,42.5,29.2,24.3,94.16666666666669,26,0
2024-08-26,A3,BERABERIA,30.2,29.6,24.7,91.54166666666669,27,0
2024-08-27,A3,BERABERIA,17.4,29.7,24.6,91.08333333333331,28,0
2024-08-28,A3,BERABERIA,7.3,32.2,24.8,88.29166666666667,29,0
2024-08-29,A3,BERABERIA,3.9,32.2,25.5,84.66666666666667,0,0
2024-08-30,A3,BERABERIA,0.0,33.1,25.1,81.95833333333333,0,1
2024-08-31,A3,BERABERIA,6.0,32.2,26.3,82.45833333333333,0,0
2024-09-01,A3,BERABERIA,10.4,30.8,26.3,86.75,1,0
2024-09-02,A3,BERABERIA,5.4,32.4,25.7,86.45833333333333,2,0
2024-09-03,A3,BERABERIA,10.3,31.9,25.7,88.95833333333333,3,0
2024-09-04,A3,BERABERIA,10.6,31.6,26.1,88.20833333333333,4,0
2024-09-05,A3,BERABERIA,1.8,32.3,25.6,83.41666666666667,0,0
2024-09-06,A3,BERABERIA,2.3,33.0,26.2,85.75,1,0
2024-09-07,A3,BERABERIA,13.7,33.6,25.7,83.66666666666667,0,0
2024-09-08,A3,BERABERIA,7.7,32.1,26.3,84.29166666666667,0,0
2024-09-09,A3,BERABERIA,5.1,32.5,26.4,82.58333333333333,0,0
2024-09-10,A3,BERABERIA,5.6,31.7,26.2,83.95833333333333,0,0
2024-09-11,A3,BERABERIA,8.4,32.4,26.3,88.08333333333333,1,0
2024-09-12,A3,BERABERIA,24.7,31.8,26.2,90.33333333333331,2,0
2024-09-13,A3,BERABERIA,30.0,31.9,25.8,87.5,3,0
2024-09-14,A3,BERABERIA,47.6,28.2,25.2,93.125,4,0
2024-09-15,A3,BERABERIA,22.7,28.4,24.8,92.75,5,0
2024-09-16,A3,BERABERIA,23.5,28.2,25.1,89.91666666666667,6,0
2024-09-17,A3,BERABERIA,0.5,32.4,25.3,82.16666666666667,0,0
2024-09-18,A3,BERABERIA,0.0,32.8,24.2,79.29166666666667,0,1
2024-09-19,A3,BERABERIA,0.2,32.7,25.8,84.08333333333333,0,0
2024-09-20,A3,BERABERIA,0.9,33.8,26.4,83.29166666666667,0,0
2024-09-21,A3,BERABERIA,4.3,33.4,26.0,83.95833333333333,0,0
2024-09-22,A3,BERABERIA,1.8,34.0,26.5,82.375,0,0
2024-09-23,A3,BERABERIA,10.9,34.2,26.1,87.875,1,0
2024-09-24,A3,BERABERIA,14.8,30.7,26.4,88.5,2,0
2024-09-25,A3,BERABERIA,39.5,29.6,24.5,92.25,3,0
2024-09-26,A3,BERABERIA,31.4,28.5,24.6,92.79166666666669,4,0
2024-09-27,A3,BERABERIA,11.9,30.4,24.5,89.20833333333333,5,0
2024-09-28,A3,BERABERIA,4.0,31.7,25.5,86.625,6,0
2024-09-29,A3,BERABERIA,1.5,32.2,26.3,87.875,7,0
2024-09-30,A3,BERABERIA,0.3,33.4,26.2,84.125,0,0
2024-10-01,A3,BERABERIA,10.9,34.1,26.5,85.125,1,0
2024-10-02,A3,BERABERIA,9.4,31.6,25.1,88.83333333333333,2,0
2024-10-03,A3,BERABERIA,2.8,31.6,26.2,90.04166666666667,3,0
2024-10-04,A3,BERABERIA,27.6,30.1,25.2,91.625,4,0
2024-10-05,A3,BERABERIA,15.7,30.3,24.9,92.75,5,0
2024-10-06,A3,BERABERIA,3.3,30.5,24.3,90.25,6,0
2024-10-07,A3,BERABERIA,10.3,30.9,24.4,90.75,7,0
2024-10-08,A3,BERABERIA,7.0,31.2,25.6,90.375,8,0
2024-10-09,A3,BERABERIA,11.2,30.1,24.8,91.70833333333331,9,0
2024-10-10,A3,BERABERIA,11.0,31.1,25.1,89.5,10,0
2024-10-11,A3,BERABERIA,7.4,31.9,25.3,87.79166666666667,11,0
2024-10-12,A3,BERABERIA,9.5,31.7,25.2,88.16666666666667,12,0
2024-10-13,A3,BERABERIA,2.6,32.0,25.0,87.5,13,0
2024-10-14,A3,BERABERIA,0.0,32.2,24.6,82.25,0,1
2024-10-15,A3,BERABERIA,4.9,31.4,24.4,87.20833333333333,1,0
2024-10-16,A3,BERABERIA,0.2,31.2,24.2,84.29166666666667,0,0
2024-10-17,A3,BERABERIA,2.8,30.9,24.2,89.5,1,0
2024-10-18,A3,BERABERIA,7.8,30.2,23.6,91.08333333333331,2,0
2024-10-19,A3,BERABERIA,9.2,30.3,23.5,88.25,3,0
2024-10-20,A3,BERABERIA,0.0,30.5,23.6,81.16666666666667,0,1
2024-10-21,A3,BERABERIA,0.0,30.5,23.7,81.75,0,2
2024-10-22,A3,BERABERIA,0.0,31.0,22.6,82.08333333333333,0,3
2024-10-23,A3,BERABERIA,3.1,30.0,24.1,85.45833333333333,1,0
2024-10-24,A3,BERABERIA,13.3,26.9,24.1,90.04166666666667,2,0
2024-10-25,A3,BERABERIA,40.0,26.0,23.7,93.125,3,0
2024-10-26,A3,BERABERIA,4.7,31.6,24.4,81.16666666666667,0,0
2024-10-27,A3,BERABERIA,0.5,30.7,23.6,84.95833333333333,0,0
2024-10-28,A3,BERABERIA,0.3,31.3,23.6,82.20833333333333,0,0
2024-10-29,A3,BERABERIA,0.0,31.4,23.3,82.04166666666667,0,1
2024-10-30,A3,BERABERIA,0.3,31.0,23.9,88.45833333333333,1,0
2024-10-31,A3,BERABERIA,0.2,31.1,23.9,88.66666666666667,2,0
2024-11-01,A3,BERABERIA,0.0,32.4,23.4,76.08333333333333,0,1
2024-11-02,A3,BERABERIA,0.0,31.4,23.3,74.16666666666667,0,2
2024-11-03,A3,BERABERIA,0.0,30.8,20.8,79.58333333333333,0,3
2024-11-04,A3,BERABERIA,0.0,30.3,21.6,78.5,0,4
2024-11-05,A3,BERABERIA,0.8,29.7,22.0,77.20833333333333,0,0
2024-11-06,A3,BERABERIA,0.3,29.6,22.1,80.95833333333333,0,0
2024-11-07,A3,BERABERIA,0.2,30.0,20.6,81.25,0,0
2024-11-08,A3,BERABERIA,0.0,30.2,21.5,78.625,0,1
2024-11-09,A3,BERABERIA,0.0,29.7,21.2,80.45833333333333,0,2
2024-11-10,A3,BERABERIA,0.0,30.0,20.8,79.375,0,3
2024-11-11,A3,BERABERIA,0.0,30.2,20.6,75.83333333333333,0,4
2024-11-12,A3,BERABERIA,0.0,30.3,20.1,72.41666666666667,0,5
2024-11-13,A3,BERABERIA,0.0,32.2,20.8,62.708333333333336,0,6
2024-11-14,A3,BERABERIA,0.0,31.7,21.4,54.708333333333336,0,7
2024-11-15,A3,BERABERIA,0.0,30.9,19.5,59.5,0,8
2024-11-16,A3,BERABERIA,0.0,30.0,18.7,54.375,0,9
2024-11-17,A3,BERABERIA,0.0,29.7,18.2,57.75,0,10
2024-11-18,A3,BERABERIA,0.0,29.6,18.1,57.04166666666666,0,11
2024-11-19,A3,BERABERIA,0.0,29.4,18.5,61.083333333333336,0,12
2024-11-20,A3,BERABERIA,0.0,30.0,17.7,60.458333333333336,0,13
2024-11-21,A3,BERABERIA,0.0,30.0,18.5,60.66666666666666,0,14
2024-11-22,A3,BERABERIA,0.0,29.6,18.5,57.5,0,15
2024-11-23,A3,BERABERIA,0.0,29.8,17.9,59.625,0,16
2024-11-24,A3,BERABERIA,0.0,28.9,17.2,59.375,0,17
2024-11-25,A3,BERABERIA,0.0,28.4,17.5,60.25,0,18
2024-11-26,A3,BERABERIA,0.0,27.9,17.2,62.16666666666666,0,19
2024-11-27,A3,BERABERIA,0.0,28.7,16.8,64.91666666666667,0,20
2024-11-28,A3,BERABERIA,0.0,28.5,17.9,70.875,0,21
2024-11-29,A3,BERABERIA,0.0,27.3,20.1,68.54166666666667,0,22
2024-11-30,A3,BERABERIA,2.8,23.4,18.8,79.29166666666667,0,0
2024-12-01,A3,BERABERIA,0.0,28.3,18.4,73.625,0,1
2024-12-02,A3,BERABERIA,0.0,22.8,19.6,76.16666666666667,0,2
2024-12-03,A3,BERABERIA,0.0,27.9,18.8,67.41666666666667,0,3
2024-12-04,A3,BERABERIA,0.0,28.1,16.7,73.45833333333333,0,4
2024-12-05,A3,BERABERIA,0.0,28.9,16.3,68.33333333333333,0,5
2024-12-06,A3,BERABERIA,0.0,27.1,15.7,66.70833333333333,0,6
2024-12-07,A3,BERABERIA,0.0,26.2,14.9,70.91666666666667,0,7
2024-12-08,A3,BERABERIA,0.0,26.0,13.9,68.29166666666667,0,8
2024-12-09,A3,BERABERIA,0.0,26.6,14.9,72.75,0,9
2024-12-10,A3,BERABERIA,1.7,26.2,16.8,78.20833333333333,0,0
2024-12-11,A3,BERABERIA,0.0,24.4,15.2,73.25,0,1
2024-12-12,A3,BERABERIA,0.0,24.0,12.3,70.0,0,2
2024-12-13,A3,BERABERIA,0.0,23.5,12.2,70.33333333333333,0,3
2024-12-14,A3,BERABERIA,0.0,23.4,12.7,70.375,0,4
2024-12-15,A3,BERABERIA,0.0,23.9,11.4,70.41666666666667,0,5
2024-12-16,A3,BERABERIA,0.0,24.8,12.5,78.20833333333333,0,6
2024-12-17,A3,BERABERIA,0.0,26.0,13.4,77.66666666666667,0,7
2024-12-18,A3,BERABERIA,0.0,26.9,14.4,75.58333333333333,0,8
2024-12-19,A3,BERABERIA,0.0,26.4,15.3,73.41666666666667,0,9
2024-12-20,A3,BERABERIA,0.0,25.9,14.5,74.83333333333333,0,10
2024-12-21,A3,BERABERIA,2.6,20.6,15.7,86.08333333333333,1,0
2024-12-22,A3,BERABERIA,0.0,25.4,15.3,85.20833333333333,2,1
2024-12-23,A3,BERABERIA,0.0,26.5,15.6,73.08333333333333,0,2
2024-12-24,A3,BERABERIA,0.8,26.0,16.3,68.45833333333333,0,0
2024-12-25,A3,BERABERIA,0.0,25.3,17.9,76.375,0,1
2024-12-26,A3,BERABERIA,0.0,27.1,16.6,72.625,0,2
2024-12-27,A3,BERABERIA,0.0,26.9,15.4,70.54166666666667,0,3
2024-12-28,A3,BERABERIA,0.0,26.1,14.4,72.625,0,4
2024-12-29,A3,BERABERIA,0.0,26.9,15.3,72.16666666666667,0,5
2024-12-30,A3,BERABERIA,0.0,26.5,17.0,76.33333333333333,0,6
2024-12-31,A3,BERABERIA,0.0,24.3,15.7,74.04166666666667,0,7
2025-01-01,A3,BERABERIA,0.0,23.1,13.0,78.125,0,8
2025-01-02,A3,BERABERIA,0.0,22.3,12.2,78.70833333333333,0,9
2025-01-03,A3,BERABERIA,0.0,22.5,11.3,79.66666666666667,0,10
2025-01-04,A3,BERABERIA,0.0,24.1,13.0,79.95833333333333,0,11
2025-01-05,A3,BERABERIA,0.0,25.2,13.5,80.5,0,12
2025-01-06,A3,BERABERIA,0.0,24.9,12.8,79.25,0,13
2025-01-07,A3,BERABERIA,0.0,26.3,14.7,75.04166666666667,0,14
2025-01-08,A3,BERABERIA,0.0,22.9,14.0,77.45833333333333,0,15
2025-01-09,A3,BERABERIA,0.0,22.7,12.6,77.91666666666667,0,16
2025-01-10,A3,BERABERIA,0.0,23.4,12.6,73.04166666666667,0,17
2025-01-11,A3,BERABERIA,0.0,24.0,11.5,77.08333333333333,0,18
2025-01-12,A3,BERABERIA,0.0,25.8,13.3,75.08333333333333,0,19
2025-01-13,A3,BERABERIA,0.0,27.2,13.5,71.20833333333333,0,20
2025-01-14,A3,BERABERIA,0.0,26.0,15.5,73.0,0,21
2025-01-15,A3,BERABERIA,0.0,25.1,14.5,71.70833333333333,0,22
2025-01-16,A3,BERABERIA,0.0,25.2,13.3,72.20833333333333,0,23
2025-01-17,A3,BERABERIA,0.0,25.5,14.2,70.75,0,24
2025-01-18,A3,BERABERIA,0.0,25.4,14.3,70.41666666666667,0,25
2025-01-19,A3,BERABERIA,0.0,25.2,14.1,66.45833333333333,0,26
2025-01-20,A3,BERABERIA,0.0,24.7,12.8,65.83333333333333,0,27
2025-01-21,A3,BERABERIA,0.0,26.1,13.1,70.08333333333333,0,28
2025-01-22,A3,BERABERIA,0.0,27.7,14.7,72.54166666666667,0,29
2025-01-23,A3,BERABERIA,0.0,28.7,14.6,75.625,0,30
2025-01-24,A3,BERABERIA,0.0,28.6,15.2,76.25,0,31
2025-01-25,A3,BERABERIA,1.7,26.6,17.2,79.625,0,0
2025-01-26,A3,BERABERIA,0.0,25.3,14.6,65.91666666666667,0,1
2025-01-27,A3,BERABERIA,0.0,24.8,12.7,65.70833333333333,0,2
2025-01-28,A3,BERABERIA,0.0,27.0,12.6,65.625,0,3
2025-01-29,A3,BERABERIA,0.1,28.2,15.7,76.16666666666667,0,0
2025-01-30,A3,BERABERIA,0.2,29.9,18.9,76.08333333333333,0,0
2025-01-31,A3,BERABERIA,0.5,30.0,20.0,78.08333333333333,0,0
2025-02-01,A3,BERABERIA,0.3,29.8,20.9,84.41666666666667,0,0
2025-02-02,A3,BERABERIA,0.4,29.3,20.6,85.08333333333333,1,0
2025-02-03,A3,BERABERIA,0.0,29.8,20.0,70.08333333333333,0,1
2025-02-04,A3,BERABERIA,0.0,28.4,17.2,62.16666666666666,0,2
2025-02-05,A3,BERABERIA,0.0,30.2,16.2,62.0,0,3
2025-02-06,A3,BERABERIA,0.0,29.9,19.9,64.66666666666667,0,4
2025-02-07,A3,BERABERIA,0.0,27.2,15.8,48.5,0,5
2025-02-08,A3,BERABERIA,0.0,27.0,14.3,55.375,0,6
2025-02-09,A3,BERABERIA,0.0,27.2,13.9,55.16666666666666,0,7
2025-02-10,A3,BERABERIA,0.0,30.7,14.9,63.083333333333336,0,8
2025-02-11,A3,BERABERIA,0.0,31.2,19.5,71.625,0,9
2025-02-12,A3,BERABERIA,0.0,31.6,19.8,72.54166666666667,0,10
2025-02-13,A3,BERABERIA,0.1,31.4,21.8,68.41666666666667,0,0
2025-02-14,A3,BERABERIA,0.0,29.0,17.3,41.16666666666666,0,1
2025-02-15,A3,BERABERIA,0.0,30.5,15.7,48.0,0,2
2025-02-16,A3,BERABERIA,0.0,31.9,16.9,60.625,0,3
2025-02-17,A3,BERABERIA,0.0,31.9,19.9,71.5,0,4
2025-02-18,A3,BERABERIA,0.8,31.7,19.9,73.79166666666667,0,0
2025-02-19,A3,BERABERIA,3.0,29.6,19.6,79.83333333333333,0,0
2025-02-20,A3,BERABERIA,4.6,27.3,19.8,85.375,1,0
2025-02-21,A3,BERABERIA,0.0,29.4,18.3,78.70833333333333,0,1
2025-02-22,A3,BERABERIA,10.1,29.4,19.2,85.875,1,0
2025-02-23,A3,BERABERIA,2.9,28.3,18.3,82.125,0,0
2025-02-24,A3,BERABERIA,0.0,29.6,17.9,72.20833333333333,0,1
2025-02-25,A3,BERABERIA,0.0,29.5,18.7,69.125,0,2
2025-02-26,A3,BERABERIA,0.0,30.3,18.6,69.66666666666667,0,3
2025-02-27,A3,BERABERIA,0.0,30.3,18.2,69.875,0,4
2025-02-28,A3,BERABERIA,0.0,31.4,19.6,70.79166666666667,0,5
2025-03-01,A3,BERABERIA,0.0,34.1,20.7,68.29166666666667,0,6
2025-03-02,A3,BERABERIA,0.0,34.4,21.9,62.083333333333336,0,7
2025-03-03,A3,BERABERIA,0.0,33.1,21.5,58.29166666666666,0,8
2025-03-04,A3,BERABERIA,0.0,32.5,21.4,51.208333333333336,0,9
2025-03-05,A3,BERABERIA,0.0,32.1,20.8,47.625,0,10
2025-03-06,A3,BERABERIA,0.0,29.2,19.4,44.29166666666666,0,11
2025-03-07,A3,BERABERIA,0.0,30.7,17.0,47.083333333333336,0,12
2025-03-08,A3,BERABERIA,0.0,32.9,18.4,61.04166666666666,0,13
2025-03-09,A3,BERABERIA,0.0,33.5,21.1,63.125,0,14
2025-03-10,A3,BERABERIA,0.0,35.0,21.0,59.75,0,15
2025-03-11,A3,BERABERIA,0.0,34.1,21.9,48.208333333333336,0,16
2025-03-12,A3,BERABERIA,0.0,35.9,21.2,51.75,0,17
2025-03-13,A3,BERABERIA,0.0,37.0,24.0,54.875,0,18
2025-03-14,A3,BERABERIA,0.0,38.2,24.4,63.25,0,19
2025-03-15,A3,BERABERIA,0.0,38.4,24.7,64.08333333333333,0,20
2025-03-16,A3,BERABERIA,5.7,39.7,25.0,64.04166666666667,0,0
2025-03-17,A3,BERABERIA,7.2,36.6,24.3,69.83333333333333,0,0
2025-03-18,A3,BERABERIA,0.0,35.1,24.4,53.833333333333336,0,1
2025-03-19,A3,BERABERIA,0.4,36.8,22.8,59.29166666666666,0,0
2025-03-20,A3,BERABERIA,0.4,33.5,25.1,70.625,0,0
2025-03-21,A3,BERABERIA,2.1,32.9,21.8,63.54166666666666,0,0
2025-03-22,A3,BERABERIA,9.2,26.8,21.0,79.16666666666667,0,0
2025-03-23,A3,BERABERIA,0.3,29.1,19.8,77.875,0,0
2025-03-24,A3,BERABERIA,0.0,31.6,19.1,65.16666666666667,0,1
2025-03-25,A3,BERABERIA,0.0,32.8,19.6,64.16666666666667,0,2
2025-03-26,A3,BERABERIA,0.0,35.2,21.6,60.29166666666666,0,3
2025-03-27,A3,BERABERIA,0.0,36.6,23.6,57.54166666666666,0,4
2025-03-28,A3,BERABERIA,0.0,37.9,24.5,50.91666666666666,0,5
2025-03-29,A3,BERABERIA,0.0,37.1,24.7,53.875,0,6
2025-03-30,A3,BERABERIA,0.0,38.0,25.3,68.91666666666667,0,7
2025-03-31,A3,BERABERIA,0.1,37.2,26.2,67.83333333333333,0,0
2025-04-01,A3,BERABERIA,0.0,36.9,25.8,65.875,0,1
2025-04-02,A3,BERABERIA,0.6,37.8,25.8,63.66666666666666,0,0
2025-04-03,A3,BERABERIA,0.0,37.4,25.4,63.833333333333336,0,1
2025-04-04,A3,BERABERIA,0.0,34.1,25.8,64.33333333333333,0,2
2025-04-05,A3,BERABERIA,0.0,37.7,25.3,56.625,0,3
2025-04-06,A3,BERABERIA,0.1,37.5,25.8,65.29166666666667,0,0
2025-04-07,A3,BERABERIA,0.5,36.6,25.3,66.41666666666667,0,0
2025-04-08,A3,BERABERIA,1.0,35.4,25.2,68.91666666666667,0,0
2025-04-09,A3,BERABERIA,0.2,35.6,24.5,62.25,0,0
2025-04-10,A3,BERABERIA,7.5,35.6,22.1,67.58333333333333,0,0
2025-04-11,A3,BERABERIA,0.0,33.3,22.5,71.79166666666667,0,1
2025-04-12,A3,BERABERIA,1.8,37.0,24.6,73.79166666666667,0,0
2025-04-13,A3,BERABERIA,0.0,34.1,24.8,71.0,0,1
2025-04-14,A3,BERABERIA,0.9,32.9,24.0,73.95833333333333,0,0
2025-04-15,A3,BERABERIA,0.7,34.0,23.4,70.54166666666667,0,0
2025-04-16,A3,BERABERIA,1.9,34.4,24.7,71.79166666666667,0,0
2025-04-17,A3,BERABERIA,25.4,34.0,23.1,82.91666666666667,0,0
2025-04-18,A3,BERABERIA,2.1,31.4,23.3,82.29166666666667,0,0
2025-04-19,A3,BERABERIA,2.7,30.9,23.5,83.875,0,0
2025-04-20,A3,BERABERIA,0.7,36.3,25.5,78.58333333333333,0,0
2025-04-21,A3,BERABERIA,0.0,36.6,28.2,77.66666666666667,0,1
2025-04-22,A3,BERABERIA,0.0,37.1,27.7,75.79166666666667,0,2
2025-04-23,A3,BERABERIA,0.0,40.2,27.6,65.58333333333333,0,3
2025-04-24,A3,BERABERIA,0.0,38.3,27.7,71.79166666666667,0,4
2025-04-25,A3,BERABERIA,0.2,39.2,28.0,71.29166666666667,0,0
2025-04-26,A3,BERABERIA,6.5,37.4,27.6,72.08333333333333,0,0
2025-04-27,A3,BERABERIA,0.0,36.8,28.3,64.41666666666667,0,1
2025-04-28,A3,BERABERIA,6.1,30.3,25.5,81.79166666666667,0,0
2025-04-29,A3,BERABERIA,7.1,31.3,22.8,82.45833333333333,0,0
2025-04-30,A3,BERABERIA,0.7,31.0,22.5,82.41666666666667,0,0
2025-05-01,A3,BERABERIA,2.5,31.7,22.6,80.54166666666667,0,0
2025-05-02,A3,BERABERIA,0.0,31.0,21.6,77.875,0,1
2025-05-03,A3,BERABERIA,0.7,32.6,24.0,78.66666666666667,0,0
2025-05-04,A3,BERABERIA,4.7,32.1,24.2,81.375,0,0
2025-05-05,A3,BERABERIA,2.9,34.1,24.0,75.79166666666667,0,0
2025-05-06,A3,BERABERIA,12.8,33.9,25.1,82.45833333333333,0,0
2025-05-07,A3,BERABERIA,2.0,35.0,24.6,75.66666666666667,0,0
2025-05-08,A3,BERABERIA,0.0,37.2,27.3,67.125,0,1
2025-05-09,A3,BERABERIA,0.0,38.1,27.3,64.95833333333333,0,2
2025-05-10,A3,BERABERIA,0.3,37.9,27.7,61.79166666666666,0,0
2025-05-11,A3,BERABERIA,0.0,38.3,28.3,57.66666666666666,0,1
2025-05-12,A3,BERABERIA,0.2,38.1,29.8,58.625,0,0
2025-05-13,A3,BERABERIA,2.6,36.7,29.2,71.58333333333333,0,0
2025-05-14,A3,BERABERIA,1.9,37.5,28.8,70.29166666666667,0,0
2025-05-15,A3,BERABERIA,7.4,36.8,28.7,73.70833333333333,0,0
2025-05-16,A3,BERABERIA,0.5,35.6,28.6,73.875,0,0
2025-05-17,A3,BERABERIA,7.3,35.7,25.9,77.875,0,0
2025-05-18,A3,BERABERIA,4.6,31.6,27.5,82.75,0,0
2025-05-19,A3,BERABERIA,2.0,35.0,26.1,76.41666666666667,0,0
2025-05-20,A3,BERABERIA,13.5,34.6,25.7,79.625,0,0
2025-05-21,A3,BERABERIA,20.5,35.0,25.6,79.75,0,0
2025-05-22,A3,BERABERIA,4.7,32.6,26.3,79.5,0,0
2025-05-23,A3,BERABERIA,4.7,32.1,26.0,86.83333333333333,1,0
2025-05-24,A3,BERABERIA,9.1,32.5,25.3,86.5,2,0
2025-05-25,A3,BERABERIA,18.7,31.0,25.7,87.25,3,0
2025-05-26,A3,BERABERIA,12.6,31.3,25.7,89.75,4,0
2025-05-27,A3,BERABERIA,4.9,31.1,25.6,88.83333333333333,5,0
2025-05-28,A3,BERABERIA,18.3,31.4,26.2,87.5,6,0
2025-05-29,A3,BERABERIA,39.0,29.2,25.1,89.91666666666667,7,0
2025-05-30,A3,BERABERIA,15.9,33.4,24.9,79.75,0,0
2025-05-31,A3,BERABERIA,43.0,32.2,25.7,88.79166666666667,1,0
2025-06-01,A3,BERABERIA,15.5,31.3,26.4,91.33333333333331,2,0
2025-06-02,A3,BERABERIA,0.2,36.0,27.2,77.20833333333333,0,0
2025-06-03,A3,BERABERIA,0.7,35.3,27.2,72.45833333333333,0,0
2025-06-04,A3,BERABERIA,0.7,34.1,27.1,83.125,0,0
2025-06-05,A3,BERABERIA,2.0,32.0,26.9,86.58333333333333,1,0
2025-06-06,A3,BERABERIA,2.9,33.1,25.7,84.75,0,0
2025-06-07,A3,BERABERIA,0.0,34.0,25.6,78.29166666666667,0,1
2025-06-08,A3,BERABERIA,1.2,34.3,26.9,81.375,0,0
2025-06-09,A3,BERABERIA,1.5,33.9,26.9,77.20833333333333,0,0
2025-06-10,A3,BERABERIA,0.3,35.2,26.7,75.16666666666667,0,0
2025-06-11,A3,BERABERIA,0.4,34.4,27.3,78.25,0,0
2025-06-12,A3,BERABERIA,0.5,34.6,26.3,74.66666666666667,0,0
2025-06-13,A3,BERABERIA,4.7,34.5,27.3,75.08333333333333,0,0
2025-06-14,A3,BERABERIA,0.9,35.3,27.8,71.95833333333333,0,0
2025-06-15,A3,BERABERIA,22.3,31.1,27.2,85.41666666666667,1,0
2025-06-16,A3,BERABERIA,24.8,32.4,26.3,86.625,2,0
2025-06-17,A3,BERABERIA,33.0,29.2,25.5,94.91666666666669,3,0
2025-06-18,A3,BERABERIA,34.0,29.3,25.5,91.625,4,0
2025-06-19,A3,BERABERIA,50.4,30.7,24.1,85.83333333333333,5,0
2025-06-20,A3,BERABERIA,2.6,32.5,26.2,83.08333333333333,0,0
2025-06-21,A3,BERABERIA,1.1,33.7,26.5,81.58333333333333,0,0
2025-06-22,A3,BERABERIA,23.7,32.4,25.9,90.25,1,0
2025-06-23,A3,BERABERIA,16.5,32.1,26.5,88.5,2,0
2025-06-24,A3,BERABERIA,3.6,32.5,26.3,84.5,0,0
2025-06-25,A3,BERABERIA,17.8,31.9,26.3,87.625,1,0
2025-06-26,A3,BERABERIA,5.7,32.3,25.9,83.875,0,0
2025-06-27,A3,BERABERIA,18.6,31.4,25.4,88.625,1,0
2025-06-28,A3,BERABERIA,17.8,30.4,25.1,89.54166666666667,2,0
2025-06-29,A3,BERABERIA,47.3,31.0,25.7,90.75,3,0
2025-06-30,A3,BERABERIA,17.3,30.6,25.5,90.5,4,0
2025-07-01,A3,BERABERIA,10.9,30.2,25.9,88.125,5,0
2025-07-02,A3,BERABERIA,27.7,32.2,25.9,88.375,6,0
2025-07-03,A3,BERABERIA,20.6,31.1,25.8,90.375,7,0
2025-07-04,A3,BERABERIA,22.9,31.4,25.2,91.70833333333331,8,0
2025-07-05,A3,BERABERIA,4.9,31.3,25.6,89.95833333333333,9,0
2025-07-06,A3,BERABERIA,7.4,29.8,24.8,90.04166666666667,10,0
2025-07-07,A3,BERABERIA,13.1,28.7,25.5,93.25,11,0
2025-07-08,A3,BERABERIA,28.4,28.4,24.4,94.41666666666669,12,0
2025-07-09,A3,BERABERIA,13.6,30.3,24.8,90.33333333333331,13,0
2025-07-10,A3,BERABERIA,32.9,32.1,24.9,87.95833333333333,14,0
2025-07-11,A3,BERABERIA,16.9,30.9,25.7,87.45833333333333,15,0
2025-07-12,A3,BERABERIA,11.5,33.4,25.6,86.70833333333333,16,0
2025-07-13,A3,BERABERIA,6.5,31.5,26.5,88.08333333333333,17,0
2025-07-14,A3,BERABERIA,37.5,27.7,25.2,94.25,18,0
2025-07-15,A3,BERABERIA,24.4,30.7,25.0,90.45833333333331,19,0
2025-07-16,A3,BERABERIA,11.3,31.2,26.1,87.95833333333333,20,0
2025-07-17,A3,BERABERIA,0.7,32.9,26.6,81.58333333333333,0,0
2025-07-18,A3,BERABERIA,8.8,32.7,27.0,85.41666666666667,1,0
2025-07-19,A3,BERABERIA,1.5,33.5,27.0,82.04166666666667,0,0
2025-07-20,A3,BERABERIA,1.1,33.0,27.0,81.75,0,0
2025-07-21,A3,BERABERIA,1.5,32.9,27.2,84.58333333333333,0,0
2025-07-22,A3,BERABERIA,2.2,33.4,26.9,82.33333333333333,0,0
2025-07-23,A3,BERABERIA,0.6,33.9,27.3,77.75,0,0
2025-07-24,A3,BERABERIA,8.3,32.6,26.9,85.83333333333333,1,0
2025-07-25,A3,BERABERIA,30.2,31.8,26.0,90.54166666666669,2,0
2025-07-26,A3,BERABERIA,6.6,30.9,26.3,86.91666666666667,3,0
2025-07-27,A3,BERABERIA,8.5,32.7,26.3,85.83333333333333,4,0
2025-07-28,A3,BERABERIA,7.8,31.0,26.9,88.125,5,0
2025-07-29,A3,BERABERIA,66.6,29.5,25.3,91.58333333333331,6,0
2025-07-30,A3,BERABERIA,31.8,29.0,25.2,91.66666666666669,7,0
2025-07-31,A3,BERABERIA,56.3,29.2,25.0,92.875,8,0
2025-08-01,A3,BERABERIA,24.5,32.0,25.7,88.33333333333333,9,0
2025-08-02,A3,BERABERIA,8.3,32.3,26.0,87.625,10,0
2025-08-03,A3,BERABERIA,13.0,32.5,26.8,87.70833333333333,11,0
2025-08-04,A3,BERABERIA,19.4,31.9,25.9,88.45833333333333,12,0
2025-08-05,A3,BERABERIA,17.9,32.7,26.2,90.04166666666667,13,0
2025-08-06,A3,BERABERIA,11.1,29.8,25.2,90.20833333333331,14,0
2025-08-07,A3,BERABERIA,6.5,31.6,25.5,89.91666666666667,15,0
2025-08-08,A3,BERABERIA,2.6,31.0,24.5,86.95833333333333,16,0
2025-08-09,A3,BERABERIA,4.5,31.6,25.1,85.5,17,0
2025-08-10,A3,BERABERIA,0.3,32.9,26.8,78.625,0,0
2025-08-11,A3,BERABERIA,5.7,32.1,26.8,84.29166666666667,0,0
2025-08-12,A3,BERABERIA,3.8,33.7,26.8,82.54166666666667,0,0
2025-08-13,A3,BERABERIA,16.1,31.0,26.5,88.16666666666667,1,0
2025-08-14,A3,BERABERIA,8.7,29.8,25.8,89.125,2,0
2025-08-15,A3,BERABERIA,14.7,31.4,25.4,88.08333333333333,3,0
2025-08-16,A3,BERABERIA,6.7,32.5,26.0,85.79166666666667,4,0
2025-08-17,A3,BERABERIA,13.4,32.2,26.2,84.375,0,0
2025-08-18,A3,BERABERIA,9.5,31.8,26.3,84.33333333333333,0,0
2025-08-19,A3,BERABERIA,17.6,30.3,25.7,86.58333333333333,1,0
2025-08-20,A3,BERABERIA,3.2,29.9,25.6,86.20833333333333,2,0
2025-08-21,A3,BERABERIA,50.4,29.1,24.6,93.75,3,0
2025-08-22,A3,BERABERIA,18.6,30.2,24.7,91.20833333333331,4,0
2025-08-23,A3,BERABERIA,6.4,28.6,24.7,90.625,5,0
2025-08-24,A3,BERABERIA,9.9,30.6,24.7,87.375,6,0
2025-08-25,A3,BERABERIA,6.0,31.9,24.8,88.20833333333333,7,0
2025-08-26,A3,BERABERIA,2.1,32.0,25.7,84.83333333333333,0,0
2025-08-27,A3,BERABERIA,6.8,31.9,25.7,84.875,0,0
2025-08-28,A3,BERABERIA,15.8,31.3,25.9,85.66666666666667,1,0
2025-08-29,A3,BERABERIA,19.4,30.1,25.7,89.33333333333333,2,0
2025-08-30,A3,BERABERIA,12.8,31.0,25.7,90.45833333333331,3,0
2025-08-31,A3,BERABERIA,2.3,32.4,25.4,86.66666666666667,4,0
2025-09-01,A3,BERABERIA,17.1,33.7,25.9,83.58333333333333,0,0
2025-09-02,A3,BERABERIA,17.7,30.5,25.7,87.79166666666667,1,0
2025-09-03,A3,BERABERIA,25.9,29.2,25.2,88.45833333333333,2,0
2025-09-04,A3,BERABERIA,10.1,30.5,25.6,88.33333333333333,3,0
2025-09-05,A3,BERABERIA,9.8,32.2,25.7,87.5,4,0
2025-09-06,A3,BERABERIA,1.3,32.6,25.5,84.45833333333333,0,0
2025-09-07,A3,BERABERIA,0.2,33.3,25.9,80.54166666666667,0,0
2025-09-08,A3,BERABERIA,0.6,33.0,25.9,79.70833333333333,0,0
2025-09-09,A3,BERABERIA,0.1,33.5,26.1,78.5,0,0
2025-09-10,A3,BERABERIA,0.0,34.2,26.6,77.66666666666667,0,1
2025-09-11,A3,BERABERIA,6.6,33.4,26.4,84.33333333333333,0,0
2025-09-12,A3,BERABERIA,15.7,31.6,25.3,88.25,1,0
2025-09-13,A3,BERABERIA,8.3,31.0,25.9,87.95833333333333,2,0
2025-09-14,A3,BERABERIA,13.5,31.2,26.3,90.79166666666669,3,0
2025-09-15,A3,BERABERIA,25.3,29.5,24.3,91.95833333333331,4,0
2025-09-16,A3,BERABERIA,7.9,30.0,24.5,89.83333333333333,5,0
2025-09-17,A3,BERABERIA,6.4,31.2,25.3,87.375,6,0
2025-09-18,A3,BERABERIA,3.2,32.2,26.5,85.25,7,0
2025-09-19,A3,BERABERIA,13.0,30.9,25.9,90.83333333333331,8,0
2025-09-20,A3,BERABERIA,6.5,32.4,26.2,89.5,9,0
2025-09-21,A3,BERABERIA,4.3,32.6,25.4,86.95833333333333,10,0
2025-09-22,A3,BERABERIA,16.2,30.0,25.5,92.5,11,0
2025-09-23,A3,BERABERIA,11.6,30.9,24.8,89.0,12,0
2025-09-24,A3,BERABERIA,10.5,31.5,25.1,89.70833333333333,13,0
2025-09-25,A3,BERABERIA,13.3,33.1,25.5,87.375,14,0
2025-09-26,A3,BERABERIA,9.3,31.7,25.6,87.33333333333333,15,0
2025-09-27,A3,BERABERIA,6.6,30.5,25.9,86.79166666666667,16,0
2025-09-28,A3,BERABERIA,7.7,31.8,25.5,87.91666666666667,17,0
2025-09-29,A3,BERABERIA,0.6,32.4,25.8,84.04166666666667,0,0
2025-09-30,A3,BERABERIA,7.4,32.4,26.2,86.83333333333333,1,0
2025-10-01,A3,BERABERIA,11.2,31.7,24.6,88.33333333333333,2,0
2025-10-02,A3,BERABERIA,41.7,27.4,24.5,93.41666666666669,3,0
2025-10-03,A3,BERABERIA,8.2,29.9,25.2,89.29166666666667,4,0
2025-10-04,A3,BERABERIA,12.2,32.0,25.3,85.875,5,0
2025-10-05,A3,BERABERIA,22.4,30.4,24.8,90.0,6,0
2025-10-06,A3,BERABERIA,6.4,29.3,24.7,91.20833333333331,7,0
2025-10-07,A3,BERABERIA,3.6,31.2,25.0,88.66666666666667,8,0
2025-10-08,A3,BERABERIA,8.9,30.7,24.8,90.875,9,0
2025-10-09,A3,BERABERIA,7.0,31.6,25.2,88.5,10,0
2025-10-10,A3,BERABERIA,7.3,31.5,24.5,87.70833333333333,11,0
2025-10-11,A3,BERABERIA,2.1,30.6,23.9,85.95833333333333,12,0
2025-10-12,A3,BERABERIA,0.0,31.3,24.8,80.04166666666667,0,1
2025-10-13,A3,BERABERIA,0.0,30.8,23.8,76.70833333333333,0,2
2025-10-14,A3,BERABERIA,0.0,31.2,23.6,76.125,0,3
2025-10-15,A3,BERABERIA,0.0,31.2,23.4,74.08333333333333,0,4
2025-10-16,A3,BERABERIA,0.0,31.0,22.2,75.75,0,5
2025-10-17,A3,BERABERIA,0.0,32.1,22.7,78.0,0,6
2025-10-18,A3,BERABERIA,1.2,32.0,24.1,76.54166666666667,0,0
2025-10-19,A3,BERABERIA,0.4,32.9,24.2,75.04166666666667,0,0
2025-10-20,A3,BERABERIA,0.0,33.2,24.4,72.91666666666667,0,1
2025-10-21,A3,BERABERIA,0.0,33.0,24.2,72.125,0,2
2025-10-22,A3,BERABERIA,0.0,32.5,23.5,74.29166666666667,0,3
2025-10-23,A3,BERABERIA,0.0,32.4,23.5,69.5,0,4
2025-10-24,A3,BERABERIA,0.0,32.3,23.4,70.5,0,5
2025-10-25,A3,BERABERIA,0.0,32.2,23.5,74.20833333333333,0,6
2025-10-26,A3,BERABERIA,0.0,32.2,24.4,78.08333333333333,0,7
2025-10-27,A3,BERABERIA,0.1,32.2,24.3,78.45833333333333,0,0
2025-10-28,A3,BERABERIA,0.8,32.7,24.8,78.875,0,0
2025-10-29,A3,BERABERIA,14.2,28.3,24.6,92.33333333333331,1,0
2025-10-30,A3,BERABERIA,9.9,29.9,23.9,90.33333333333331,2,0
2025-10-31,A3,BERABERIA,0.6,31.6,24.8,82.95833333333333,0,0
2025-11-01,A3,BERABERIA,17.0,30.4,25.2,89.25,1,0
2025-11-02,A3,BERABERIA,0.0,28.6,23.6,82.0,0,1
2025-11-03,A3,BERABERIA,0.0,29.7,22.3,74.29166666666667,0,2
2025-11-04,A3,BERABERIA,0.0,29.6,19.9,71.125,0,3
2025-11-05,A3,BERABERIA,0.0,29.8,21.4,75.70833333333333,0,4
2025-11-06,A3,BERABERIA,0.3,30.0,21.6,79.125,0,0
2025-11-07,A3,BERABERIA,0.0,30.0,22.8,75.5,0,1
2025-11-08,A3,BERABERIA,0.0,29.2,19.9,66.25,0,2
2025-11-09,A3,BERABERIA,0.0,28.0,17.8,70.375,0,3
2025-11-10,A3,BERABERIA,0.0,28.6,18.3,72.08333333333333,0,4
2025-11-11,A3,BERABERIA,0.0,27.6,17.1,68.33333333333333,0,5
2025-11-12,A3,BERABERIA,0.0,26.7,17.0,71.45833333333333,0,6
2025-11-13,A3,BERABERIA,0.0,26.9,16.2,71.625,0,7
2025-11-14,A3,BERABERIA,0.0,26.9,16.4,71.375,0,8
2025-11-15,A3,BERABERIA,0.0,27.1,16.9,73.91666666666667,0,9
2025-11-16,A3,BERABERIA,0.0,27.0,16.6,71.54166666666667,0,10
2025-11-17,A3,BERABERIA,0.0,27.2,18.0,70.66666666666667,0,11
2025-11-18,A3,BERABERIA,0.0,28.0,17.7,69.54166666666667,0,12
2025-11-19,A3,BERABERIA,0.0,28.9,16.9,70.95833333333333,0,13
2025-11-20,A3,BERABERIA,0.0,28.4,17.8,69.16666666666667,0,14
2025-11-21,A3,BERABERIA,0.0,28.4,18.1,69.375,0,15
2025-11-22,A3,BERABERIA,0.0,28.0,17.3,72.04166666666667,0,16
2025-11-23,A3,BERABERIA,0.0,28.0,17.5,72.08333333333333,0,17
2025-11-24,A3,BERABERIA,0.0,27.2,17.3,71.33333333333333,0,18
2025-11-25,A3,BERABERIA,0.0,26.5,16.4,68.25,0,19
2025-11-26,A3,BERABERIA,0.0,26.3,15.9,65.83333333333333,0,20
2025-11-27,A3,BERABERIA,0.0,27.4,16.1,71.33333333333333,0,21
2025-11-28,A3,BERABERIA,0.0,27.8,16.6,70.75,0,22
2025-11-29,A3,BERABERIA,0.0,27.6,16.8,67.66666666666667,0,23
2025-11-30,A3,BERABERIA,0.0,27.5,16.9,67.25,0,24
2025-12-01,A3,BERABERIA,0.0,27.2,17.5,70.33333333333333,0,25
2025-12-02,A3,BERABERIA,0.0,27.3,18.2,70.58333333333333,0,26
2025-12-03,A3,BERABERIA,0.0,26.6,16.5,69.75,0,27
2025-12-04,A3,BERABERIA,0.0,25.9,14.9,68.58333333333333,0,28
2025-12-05,A3,BERABERIA,0.0,26.2,15.8,64.375,0,29
2025-12-06,A3,BERABERIA,0.0,25.3,13.7,63.458333333333336,0,30
2025-12-07,A3,BERABERIA,0.0,25.5,14.0,68.95833333333333,0,31
2025-12-08,A3,BERABERIA,0.0,25.5,14.4,66.45833333333333,0,32
2025-12-09,A3,BERABERIA,0.0,25.8,14.5,70.54166666666667,0,33
2025-12-10,A3,BERABERIA,0.0,25.9,15.1,71.625,0,34
2025-12-11,A3,BERABERIA,0.0,25.7,14.5,67.45833333333333,0,35
2025-12-12,A3,BERABERIA,0.0,25.8,14.5,66.75,0,36
2025-12-13,A3,BERABERIA,0.0,26.0,15.0,69.875,0,37
2025-12-14,A3,BERABERIA,0.0,27.0,15.5,70.66666666666667,0,38
2025-12-15,A3,BERABERIA,0.0,26.8,15.6,69.75,0,39
2025-12-16,A3,BERABERIA,0.0,25.7,15.1,69.08333333333333,0,40
2025-12-17,A3,BERABERIA,0.0,25.6,15.0,67.58333333333333,0,41
2025-12-18,A3,BERABERIA,0.0,27.1,15.7,70.70833333333333,0,42
2025-12-19,A3,BERABERIA,0.0,26.6,16.0,72.0,0,43
2025-12-20,A3,BERABERIA,0.3,24.3,16.3,77.41666666666667,0,0
2025-12-21,A3,BERABERIA,0.0,24.2,14.8,77.75,0,1
2025-12-22,A3,BERABERIA,0.0,25.1,14.7,75.54166666666667,0,2
2025-12-23,A3,BERABERIA,0.0,24.4,14.4,74.125,0,3
2025-12-24,A3,BERABERIA,0.0,24.1,14.0,74.75,0,4
2025-12-25,A3,BERABERIA,0.0,22.1,13.0,75.375,0,5
2025-12-26,A3,BERABERIA,0.0,22.3,11.6,75.0,0,6
2025-12-27,A3,BERABERIA,0.0,23.3,12.5,74.83333333333333,0,7
2025-12-28,A3,BERABERIA,0.0,22.4,13.0,76.04166666666667,0,8
2025-12-29,A3,BERABERIA,0.0,21.0,12.2,77.125,0,9
2025-12-30,A3,BERABERIA,0.0,20.1,11.1,78.25,0,10
2025-12-31,A3,BERABERIA,0.0,21.4,9.9,77.0,0,11
2024-01-01,A4,BODAI,0.0,24.8,14.5,80.58333333333333,0,1
2024-01-02,A4,BODAI,0.0,23.2,13.1,77.04166666666667,0,2
2024-01-03,A4,BODAI,0.0,24.3,12.3,81.125,0,3
2024-01-04,A4,BODAI,0.0,25.1,11.9,78.16666666666667,0,4
2024-01-05,A4,BODAI,0.0,25.6,12.6,75.625,0,5
2024-01-06,A4,BODAI,0.0,26.3,13.0,72.58333333333333,0,6
2024-01-07,A4,BODAI,0.0,25.9,15.0,75.66666666666667,0,7
2024-01-08,A4,BODAI,0.0,25.6,15.2,80.70833333333333,0,8
2024-01-09,A4,BODAI,0.0,25.0,13.6,79.125,0,9
2024-01-10,A4,BODAI,0.0,25.6,12.5,75.91666666666667,0,10
2024-01-11,A4,BODAI,0.0,24.8,13.4,76.20833333333333,0,11
2024-01-12,A4,BODAI,0.0,22.6,11.3,76.33333333333333,0,12
2024-01-13,A4,BODAI,0.0,22.5,9.9,75.875,0,13
2024-01-14,A4,BODAI,0.0,22.1,10.2,78.54166666666667,0,14
2024-01-15,A4,BODAI,0.0,21.7,10.1,81.75,0,15
2024-01-16,A4,BODAI,0.0,22.0,10.4,78.75,0,16
2024-01-17,A4,BODAI,0.1,23.3,10.1,79.70833333333333,0,0
2024-01-18,A4,BODAI,4.2,21.8,14.8,85.79166666666667,1,0
2024-01-19,A4,BODAI,0.0,22.9,14.7,84.625,0,1
2024-01-20,A4,BODAI,0.0,22.3,12.4,80.45833333333333,0,2
2024-01-21,A4,BODAI,0.0,22.3,13.0,83.16666666666667,0,3
2024-01-22,A4,BODAI,0.0,20.9,10.6,80.75,0,4
2024-01-23,A4,BODAI,0.0,22.3,9.0,77.875,0,5
2024-01-24,A4,BODAI,3.2,21.5,15.0,78.58333333333333,0,0
2024-01-25,A4,BODAI,0.0,22.8,12.8,83.20833333333333,0,1
2024-01-26,A4,BODAI,0.0,22.7,11.9,72.625,0,2
2024-01-27,A4,BODAI,0.0,22.7,10.8,74.16666666666667,0,3
2024-01-28,A4,BODAI,0.0,23.3,10.1,74.875,0,4
2024-01-29,A4,BODAI,0.0,24.7,10.8,76.45833333333333,0,5
2024-01-30,A4,BODAI,0.7,26.2,12.9,81.875,0,0
2024-01-31,A4,BODAI,27.1,25.1,17.4,86.5,1,0
2024-02-01,A4,BODAI,6.3,24.5,16.2,93.25,2,0
2024-02-02,A4,BODAI,0.1,26.5,16.4,83.58333333333333,0,0
2024-02-03,A4,BODAI,0.0,25.8,15.2,74.41666666666667,0,1
2024-02-04,A4,BODAI,0.0,26.0,12.4,67.33333333333333,0,2
2024-02-05,A4,BODAI,0.0,26.8,14.5,72.875,0,3
2024-02-06,A4,BODAI,0.7,27.0,17.8,91.625,1,0
2024-02-07,A4,BODAI,0.0,25.2,17.9,75.66666666666667,0,1
2024-02-08,A4,BODAI,0.0,24.2,14.4,63.41666666666666,0,2
2024-02-09,A4,BODAI,0.0,22.9,12.2,64.83333333333333,0,3
2024-02-10,A4,BODAI,0.0,24.6,11.4,67.95833333333333,0,4
2024-02-11,A4,BODAI,0.0,26.4,11.9,62.708333333333336,0,5
2024-02-12,A4,BODAI,0.0,27.3,13.8,63.79166666666666,0,6
2024-02-13,A4,BODAI,0.0,28.9,16.7,73.375,0,7
2024-02-14,A4,BODAI,0.0,28.3,15.8,77.0,0,8
2024-02-15,A4,BODAI,0.6,27.8,17.0,80.20833333333333,0,0
2024-02-16,A4,BODAI,0.0,28.5,17.3,75.54166666666667,0,1
2024-02-17,A4,BODAI,0.0,27.7,15.0,68.70833333333333,0,2
2024-02-18,A4,BODAI,0.2,28.6,14.9,74.125,0,0
2024-02-19,A4,BODAI,0.4,29.6,17.8,82.08333333333333,0,0
2024-02-20,A4,BODAI,0.3,31.4,20.8,81.66666666666667,0,0
2024-02-21,A4,BODAI,0.0,32.7,20.2,77.125,0,1
2024-02-22,A4,BODAI,0.1,28.8,20.5,84.58333333333333,0,0
2024-02-23,A4,BODAI,0.0,28.4,19.3,73.16666666666667,0,1
2024-02-24,A4,BODAI,0.0,28.2,16.7,69.375,0,2
2024-02-25,A4,BODAI,0.5,25.0,17.9,64.75,0,0
2024-02-26,A4,BODAI,0.0,28.0,16.9,65.83333333333333,0,1
2024-02-27,A4,BODAI,0.0,28.5,17.2,65.29166666666667,0,2
2024-02-28,A4,BODAI,0.0,29.1,17.8,71.125,0,3
2024-02-29,A4,BODAI,0.0,29.6,17.8,64.08333333333333,0,4
2024-03-01,A4,BODAI,0.0,30.2,16.4,64.25,0,5
2024-03-02,A4,BODAI,0.0,30.6,15.9,64.0,0,6
2024-03-03,A4,BODAI,0.2,31.2,18.7,69.16666666666667,0,0
2024-03-04,A4,BODAI,1.1,31.2,19.2,70.54166666666667,0,0
2024-03-05,A4,BODAI,0.0,30.4,19.8,75.08333333333333,0,1
2024-03-06,A4,BODAI,0.0,28.9,17.8,62.79166666666666,0,2
2024-03-07,A4,BODAI,0.0,28.3,18.4,64.45833333333333,0,3
2024-03-08,A4,BODAI,0.0,29.9,18.4,57.75,0,4
2024-03-09,A4,BODAI,0.0,29.3,15.1,55.333333333333336,0,5
2024-03-10,A4,BODAI,0.0,29.2,14.7,54.0,0,6
2024-03-11,A4,BODAI,0.0,30.6,14.5,58.16666666666666,0,7
2024-03-12,A4,BODAI,0.0,32.7,19.6,76.375,0,8
2024-03-13,A4,BODAI,0.6,33.6,23.2,71.45833333333333,0,0
2024-03-14,A4,BODAI,12.3,31.8,21.5,83.83333333333333,0,0
2024-03-15,A4,BODAI,0.9,33.4,21.9,75.54166666666667,0,0
2024-03-16,A4,BODAI,1.4,31.7,22.5,82.95833333333333,0,0
2024-03-17,A4,BODAI,0.0,31.6,21.4,80.41666666666667,0,1
2024-03-18,A4,BODAI,2.0,29.6,21.7,84.16666666666667,0,0
2024-03-19,A4,BODAI,11.9,30.2,22.6,80.75,0,0
2024-03-20,A4,BODAI,12.9,23.5,18.4,90.33333333333331,1,0
2024-03-21,A4,BODAI,7.4,26.5,18.3,86.83333333333333,2,0
2024-03-22,A4,BODAI,0.3,27.5,16.7,79.125,0,0
2024-03-23,A4,BODAI,5.0,31.9,19.1,80.54166666666667,0,0
2024-03-24,A4,BODAI,0.0,33.7,23.7,80.66666666666667,0,1
2024-03-25,A4,BODAI,15.3,33.0,22.7,82.25,0,0
2024-03-26,A4,BODAI,0.0,32.4,23.8,78.95833333333333,0,1
2024-03-27,A4,BODAI,0.1,34.4,22.7,81.04166666666667,0,0
2024-03-28,A4,BODAI,0.3,32.8,22.3,79.95833333333333,0,0
2024-03-29,A4,BODAI,0.2,34.2,24.7,79.95833333333333,0,0
2024-03-30,A4,BODAI,0.3,35.7,24.8,78.16666666666667,0,0
2024-03-31,A4,BODAI,4.8,34.7,25.1,81.625,0,0
2024-04-01,A4,BODAI,0.0,36.4,25.1,62.66666666666666,0,1
2024-04-02,A4,BODAI,0.0,35.7,23.9,67.29166666666667,0,2
2024-04-03,A4,BODAI,0.0,36.0,25.1,74.66666666666667,0,3
2024-04-04,A4,BODAI,23.9,37.2,25.9,83.125,0,0
2024-04-05,A4,BODAI,0.0,37.4,26.3,77.20833333333333,0,1
2024-04-06,A4,BODAI,0.2,37.8,25.9,76.95833333333333,0,0
2024-04-07,A4,BODAI,1.0,36.2,25.8,73.5,0,0
2024-04-08,A4,BODAI,0.0,31.3,22.6,67.41666666666667,0,1
2024-04-09,A4,BODAI,0.0,34.7,22.1,59.79166666666666,0,2
2024-04-10,A4,BODAI,0.0,35.8,22.7,64.33333333333333,0,3
2024-04-11,A4,BODAI,6.0,33.2,23.9,77.79166666666667,0,0
2024-04-12,A4,BODAI,0.0,35.0,23.5,61.625,0,1
2024-04-13,A4,BODAI,0.0,36.1,23.7,58.75,0,2
2024-04-14,A4,BODAI,0.0,36.9,23.2,62.16666666666666,0,3
2024-04-15,A4,BODAI,0.0,38.2,23.9,62.04166666666666,0,4
2024-04-16,A4,BODAI,0.0,38.2,26.3,58.375,0,5
2024-04-17,A4,BODAI,0.0,37.9,27.2,58.333333333333336,0,6
2024-04-18,A4,BODAI,0.0,38.3,25.6,51.66666666666666,0,7
2024-04-19,A4,BODAI,0.0,40.3,24.9,53.04166666666666,0,8
2024-04-20,A4,BODAI,0.0,41.6,26.0,59.833333333333336,0,9
2024-04-21,A4,BODAI,0.0,40.8,27.1,59.625,0,10
2024-04-22,A4,BODAI,0.0,39.9,25.9,53.04166666666666,0,11
2024-04-23,A4,BODAI,0.0,38.4,26.5,41.91666666666666,0,12
2024-04-24,A4,BODAI,0.0,40.2,27.1,45.5,0,13
2024-04-25,A4,BODAI,0.0,40.3,24.8,45.958333333333336,0,14
2024-04-26,A4,BODAI,0.0,40.8,27.1,62.708333333333336,0,15
2024-04-27,A4,BODAI,0.0,41.4,27.8,60.375,0,16
2024-04-28,A4,BODAI,0.9,40.1,28.3,56.79166666666666,0,0
2024-04-29,A4,BODAI,0.0,41.7,28.5,45.91666666666666,0,1
2024-04-30,A4,BODAI,0.0,43.7,29.2,47.91666666666666,0,2
2024-05-01,A4,BODAI,0.0,41.5,28.7,42.54166666666666,0,3
2024-05-02,A4,BODAI,0.0,41.1,29.4,56.875,0,4
2024-05-03,A4,BODAI,0.0,40.2,26.1,57.25,0,5
2024-05-04,A4,BODAI,0.1,39.9,27.4,66.5,0,0
2024-05-05,A4,BODAI,0.5,37.9,28.5,67.0,0,0
2024-05-06,A4,BODAI,86.6,37.3,24.8,79.25,0,0
2024-05-07,A4,BODAI,2.1,33.4,24.3,76.83333333333333,0,0
2024-05-08,A4,BODAI,3.6,30.4,23.8,84.04166666666667,0,0
2024-05-09,A4,BODAI,9.0,31.3,24.0,84.95833333333333,0,0
2024-05-10,A4,BODAI,10.1,31.3,23.6,84.875,0,0
2024-05-11,A4,BODAI,16.1,31.5,25.0,86.45833333333333,1,0
2024-05-12,A4,BODAI,3.3,32.7,25.0,81.58333333333333,0,0
2024-05-13,A4,BODAI,0.0,33.6,24.0,76.04166666666667,0,1
2024-05-14,A4,BODAI,2.5,34.0,25.1,81.95833333333333,0,0
2024-05-15,A4,BODAI,0.0,35.2,26.0,75.54166666666667,0,1
2024-05-16,A4,BODAI,0.0,35.6,26.1,75.20833333333333,0,2
2024-05-17,A4,BODAI,0.0,37.4,27.3,72.54166666666667,0,3
2024-05-18,A4,BODAI,0.0,36.5,28.7,73.54166666666667,0,4
2024-05-19,A4,BODAI,0.1,33.8,28.8,76.0,0,0
2024-05-20,A4,BODAI,12.9,33.2,26.9,85.04166666666667,1,0
2024-05-21,A4,BODAI,7.0,33.3,26.4,84.66666666666667,0,0
2024-05-22,A4,BODAI,2.1,33.8,26.7,80.20833333333333,0,0
2024-05-23,A4,BODAI,0.0,35.0,26.0,76.04166666666667,0,1
2024-05-24,A4,BODAI,0.0,35.6,26.3,73.125,0,2
2024-05-25,A4,BODAI,0.1,36.5,27.4,74.33333333333333,0,0
2024-05-26,A4,BODAI,30.6,30.7,26.8,86.875,1,0
2024-05-27,A4,BODAI,70.7,27.6,26.1,89.75,2,0
2024-05-28,A4,BODAI,0.1,35.5,26.4,77.91666666666667,0,0
2024-05-29,A4,BODAI,0.0,35.9,29.3,81.29166666666667,0,1
2024-05-30,A4,BODAI,0.2,35.3,29.4,79.29166666666667,0,0
2024-05-31,A4,BODAI,0.0,34.9,28.5,80.5,0,1
2024-06-01,A4,BODAI,0.8,34.6,28.1,82.58333333333333,0,0
2024-06-02,A4,BODAI,2.7,34.2,29.0,80.875,0,0
2024-06-03,A4,BODAI,0.5,34.5,28.3,77.54166666666667,0,0
2024-06-04,A4,BODAI,0.0,35.7,28.6,78.25,0,1
2024-06-05,A4,BODAI,0.4,35.8,28.0,79.79166666666667,0,0
2024-06-06,A4,BODAI,2.4,36.5,26.7,83.66666666666667,0,0
2024-06-07,A4,BODAI,0.0,36.3,25.9,78.91666666666667,0,1
2024-06-08,A4,BODAI,0.0,35.6,28.0,76.91666666666667,0,2
2024-06-09,A4,BODAI,0.0,36.5,28.2,79.33333333333333,0,3
2024-06-10,A4,BODAI,0.0,36.4,28.5,77.125,0,4
2024-06-11,A4,BODAI,0.0,36.7,28.9,77.5,0,5
2024-06-12,A4,BODAI,0.0,35.3,28.3,76.375,0,6
2024-06-13,A4,BODAI,0.0,36.0,28.6,74.95833333333333,0,7
2024-06-14,A4,BODAI,0.0,37.2,29.1,75.08333333333333,0,8
2024-06-15,A4,BODAI,0.0,37.3,29.4,74.125,0,9
2024-06-16,A4,BODAI,0.0,36.9,29.4,75.0,0,10
2024-06-17,A4,BODAI,0.1,36.8,29.2,75.58333333333333,0,0
2024-06-18,A4,BODAI,10.9,32.5,28.4,81.91666666666667,0,0
2024-06-19,A4,BODAI,8.1,34.6,28.5,81.58333333333333,0,0
2024-06-20,A4,BODAI,31.5,33.8,27.9,86.45833333333333,1,0
2024-06-21,A4,BODAI,3.9,32.0,27.2,85.66666666666667,2,0
2024-06-22,A4,BODAI,1.9,33.3,26.4,82.58333333333333,0,0
2024-06-23,A4,BODAI,3.3,33.6,26.7,82.29166666666667,0,0
2024-06-24,A4,BODAI,0.8,34.0,27.2,79.125,0,0
2024-06-25,A4,BODAI,0.6,34.0,28.0,76.75,0,0
2024-06-26,A4,BODAI,0.7,34.3,27.3,77.95833333333333,0,0
2024-06-27,A4,BODAI,10.2,32.1,27.4,84.29166666666667,0,0
2024-06-28,A4,BODAI,7.8,33.0,27.2,85.0,0,0
2024-06-29,A4,BODAI,7.0,31.6,26.8,87.91666666666667,1,0
2024-06-30,A4,BODAI,34.0,32.0,26.4,90.04166666666667,2,0
2024-07-01,A4,BODAI,18.6,31.4,25.9,88.625,3,0
2024-07-02,A4,BODAI,25.4,30.5,25.9,90.54166666666669,4,0
2024-07-03,A4,BODAI,11.2,30.7,25.8,88.54166666666667,5,0
2024-07-04,A4,BODAI,21.9,30.7,25.4,90.625,6,0
2024-07-05,A4,BODAI,27.6,32.4,25.7,84.25,0,0
2024-07-06,A4,BODAI,2.7,32.1,26.1,84.41666666666667,0,0
2024-07-07,A4,BODAI,11.7,32.0,26.4,84.54166666666667,0,0
2024-07-08,A4,BODAI,1.3,32.3,26.2,81.16666666666667,0,0
2024-07-09,A4,BODAI,3.5,31.5,27.0,82.16666666666667,0,0
2024-07-10,A4,BODAI,1.8,32.8,27.5,79.5,0,0
2024-07-11,A4,BODAI,27.9,32.8,27.6,82.83333333333333,0,0
2024-07-12,A4,BODAI,8.8,32.0,26.0,87.41666666666667,1,0
2024-07-13,A4,BODAI,5.5,32.8,25.4,85.625,2,0
2024-07-14,A4,BODAI,3.8,32.6,26.3,82.83333333333333,0,0
2024-07-15,A4,BODAI,1.9,32.6,27.0,81.66666666666667,0,0
2024-07-16,A4,BODAI,4.2,32.3,26.6,82.875,0,0
2024-07-17,A4,BODAI,6.8,33.1,26.6,83.25,0,0
2024-07-18,A4,BODAI,1.5,33.4,26.7,80.45833333333333,0,0
2024-07-19,A4,BODAI,5.6,32.4,27.3,80.29166666666667,0,0
2024-07-20,A4,BODAI,2.7,32.4,27.1,79.54166666666667,0,0
2024-07-21,A4,BODAI,9.7,32.2,27.0,81.0,0,0
2024-07-22,A4,BODAI,12.6,31.3,26.7,84.08333333333333,0,0
2024-07-23,A4,BODAI,15.6,32.3,25.9,85.66666666666667,1,0
2024-07-24,A4,BODAI,13.3,32.6,26.6,86.5,2,0
2024-07-25,A4,BODAI,8.7,32.4,26.3,86.83333333333333,3,0
2024-07-26,A4,BODAI,21.8,31.4,26.2,86.95833333333333,4,0
2024-07-27,A4,BODAI,5.9,32.3,27.0,85.375,5,0
2024-07-28,A4,BODAI,21.8,31.1,26.3,87.58333333333333,6,0
2024-07-29,A4,BODAI,8.3,32.0,26.4,86.875,7,0
2024-07-30,A4,BODAI,5.2,33.0,26.2,83.625,0,0
2024-07-31,A4,BODAI,28.3,32.0,25.9,88.41666666666667,1,0
2024-08-01,A4,BODAI,67.5,28.9,25.3,91.91666666666669,2,0
2024-08-02,A4,BODAI,31.4,30.1,25.6,89.95833333333333,3,0
2024-08-03,A4,BODAI,28.2,31.0,24.9,88.20833333333333,4,0
2024-08-04,A4,BODAI,38.3,30.9,24.7,89.20833333333333,5,0
2024-08-05,A4,BODAI,18.6,32.4,24.8,87.08333333333333,6,0
2024-08-06,A4,BODAI,9.9,31.3,26.2,89.20833333333333,7,0
2024-08-07,A4,BODAI,3.0,30.5,25.8,86.5,8,0
2024-08-08,A4,BODAI,11.9,31.0,25.9,85.58333333333333,9,0
2024-08-09,A4,BODAI,11.5,30.9,25.3,86.41666666666667,10,0
2024-08-10,A4,BODAI,32.7,32.2,24.9,89.16666666666667,11,0
2024-08-11,A4,BODAI,10.0,32.3,25.1,86.875,12,0
2024-08-12,A4,BODAI,11.5,32.4,25.4,85.83333333333333,13,0
2024-08-13,A4,BODAI,13.0,32.3,25.4,86.83333333333333,14,0
2024-08-14,A4,BODAI,16.6,32.4,25.0,87.16666666666667,15,0
2024-08-15,A4,BODAI,9.2,32.9,25.7,86.5,16,0
2024-08-16,A4,BODAI,1.1,31.3,25.2,86.95833333333333,17,0
2024-08-17,A4,BODAI,16.8,32.8,25.3,87.04166666666667,18,0
2024-08-18,A4,BODAI,16.5,29.4,25.2,90.66666666666669,19,0
2024-08-19,A4,BODAI,17.0,30.6,25.7,90.5,20,0
2024-08-20,A4,BODAI,19.2,30.9,24.8,91.04166666666669,21,0
2024-08-21,A4,BODAI,29.5,31.8,24.9,89.75,22,0
2024-08-22,A4,BODAI,24.7,31.5,25.6,91.20833333333331,23,0
2024-08-23,A4,BODAI,33.6,30.5,24.6,91.54166666666669,24,0
2024-08-24,A4,BODAI,5.0,29.2,25.0,91.5,25,0
2024-08-25,A4,BODAI,42.7,29.4,24.2,94.41666666666669,26,0
2024-08-26,A4,BODAI,29.0,29.6,24.6,91.33333333333331,27,0
2024-08-27,A4,BODAI,23.8,30.5,24.6,91.45833333333331,28,0
2024-08-28,A4,BODAI,6.8,32.0,24.7,88.25,29,0
2024-08-29,A4,BODAI,5.5,32.3,25.5,84.79166666666667,0,0
2024-08-30,A4,BODAI,0.3,32.9,24.9,82.08333333333333,0,0
2024-08-31,A4,BODAI,3.6,32.3,26.2,82.08333333333333,0,0
2024-09-01,A4,BODAI,10.6,30.5,26.2,86.75,1,0
2024-09-02,A4,BODAI,3.0,32.2,25.5,86.625,2,0
2024-09-03,A4,BODAI,6.7,31.9,25.3,88.16666666666667,3,0
2024-09-04,A4,BODAI,9.4,31.4,25.6,87.79166666666667,4,0
2024-09-05,A4,BODAI,3.1,32.4,25.4,83.25,0,0
2024-09-06,A4,BODAI,2.3,33.2,25.9,85.25,1,0
2024-09-07,A4,BODAI,14.8,33.6,25.5,83.875,0,0
2024-09-08,A4,BODAI,7.7,32.1,26.2,83.91666666666667,0,0
2024-09-09,A4,BODAI,3.6,32.3,26.5,82.91666666666667,0,0
2024-09-10,A4,BODAI,5.7,31.6,25.9,84.25,0,0
2024-09-11,A4,BODAI,10.0,32.3,26.1,87.33333333333333,1,0
2024-09-12,A4,BODAI,15.9,32.0,26.2,90.29166666666669,2,0
2024-09-13,A4,BODAI,28.3,32.2,25.7,86.58333333333333,3,0
2024-09-14,A4,BODAI,48.7,27.6,25.1,93.04166666666669,4,0
2024-09-15,A4,BODAI,18.8,28.6,24.9,92.45833333333331,5,0
2024-09-16,A4,BODAI,16.9,27.9,25.2,89.79166666666667,6,0
2024-09-17,A4,BODAI,0.2,32.3,25.6,83.25,0,0
2024-09-18,A4,BODAI,0.0,32.8,24.4,78.625,0,1
2024-09-19,A4,BODAI,3.2,32.8,25.8,84.54166666666667,0,0
2024-09-20,A4,BODAI,0.6,33.9,26.4,83.25,0,0
2024-09-21,A4,BODAI,3.7,33.4,26.1,83.91666666666667,0,0
2024-09-22,A4,BODAI,0.0,34.1,26.8,82.45833333333333,0,1
2024-09-23,A4,BODAI,8.0,34.1,26.1,87.83333333333333,1,0
2024-09-24,A4,BODAI,10.5,30.7,26.3,88.33333333333333,2,0
2024-09-25,A4,BODAI,26.3,28.8,24.1,92.0,3,0
2024-09-26,A4,BODAI,26.5,28.4,24.4,92.91666666666669,4,0
2024-09-27,A4,BODAI,12.2,30.8,24.6,89.41666666666667,5,0
2024-09-28,A4,BODAI,4.1,31.6,25.0,87.375,6,0
2024-09-29,A4,BODAI,5.5,32.2,26.2,88.625,7,0
2024-09-30,A4,BODAI,0.4,33.2,26.0,84.625,0,0
2024-10-01,A4,BODAI,9.5,34.0,26.4,85.125,1,0
2024-10-02,A4,BODAI,8.4,32.1,24.6,89.25,2,0
2024-10-03,A4,BODAI,19.3,30.8,26.0,91.5,3,0
2024-10-04,A4,BODAI,31.9,30.4,24.8,91.75,4,0
2024-10-05,A4,BODAI,22.9,30.4,24.7,92.45833333333331,5,0
2024-10-06,A4,BODAI,7.9,30.4,24.5,90.41666666666669,6,0
2024-10-07,A4,BODAI,9.6,30.9,24.0,90.58333333333331,7,0
2024-10-08,A4,BODAI,8.3,30.7,25.3,90.79166666666669,8,0
2024-10-09,A4,BODAI,10.3,30.3,24.8,91.5,9,0
2024-10-10,A4,BODAI,12.4,30.7,24.7,90.16666666666669,10,0
2024-10-11,A4,BODAI,5.3,32.0,25.2,87.25,11,0
2024-10-12,A4,BODAI,6.9,31.9,24.6,88.125,12,0
2024-10-13,A4,BODAI,1.2,32.0,24.6,87.75,13,0
2024-10-14,A4,BODAI,0.0,32.1,23.9,81.91666666666667,0,1
2024-10-15,A4,BODAI,9.0,31.6,24.3,86.5,1,0
2024-10-16,A4,BODAI,0.1,31.3,23.9,85.16666666666667,2,0
2024-10-17,A4,BODAI,8.2,31.1,23.8,89.08333333333333,3,0
2024-10-18,A4,BODAI,5.4,29.5,23.4,90.29166666666669,4,0
2024-10-19,A4,BODAI,9.0,30.2,23.4,88.41666666666667,5,0
2024-10-20,A4,BODAI,0.0,30.6,23.5,81.16666666666667,0,1
2024-10-21,A4,BODAI,0.0,30.6,23.7,81.08333333333333,0,2
2024-10-22,A4,BODAI,0.0,31.0,22.6,82.0,0,3
2024-10-23,A4,BODAI,12.6,29.9,24.0,85.70833333333333,1,0
2024-10-24,A4,BODAI,14.5,27.1,24.1,90.08333333333331,2,0
2024-10-25,A4,BODAI,28.6,25.9,23.7,93.04166666666669,3,0
2024-10-26,A4,BODAI,2.8,31.5,24.5,81.66666666666667,0,0
2024-10-27,A4,BODAI,0.3,31.1,23.5,83.625,0,0
2024-10-28,A4,BODAI,0.3,31.4,23.1,81.45833333333333,0,0
2024-10-29,A4,BODAI,0.0,31.3,23.4,81.375,0,1
2024-10-30,A4,BODAI,0.6,31.1,23.6,88.29166666666667,1,0
2024-10-31,A4,BODAI,0.8,31.2,23.8,89.16666666666667,2,0
2024-11-01,A4,BODAI,0.0,32.3,23.0,78.29166666666667,0,1
2024-11-02,A4,BODAI,0.0,31.4,20.9,74.25,0,2
2024-11-03,A4,BODAI,0.0,30.7,20.6,79.29166666666667,0,3
2024-11-04,A4,BODAI,0.0,30.5,20.8,77.45833333333333,0,4
2024-11-05,A4,BODAI,0.4,29.8,21.9,77.125,0,0
2024-11-06,A4,BODAI,0.5,29.4,21.8,80.375,0,0
2024-11-07,A4,BODAI,0.3,30.0,20.6,80.66666666666667,0,0
2024-11-08,A4,BODAI,0.0,30.2,21.4,78.20833333333333,0,1
2024-11-09,A4,BODAI,0.0,29.7,20.9,79.5,0,2
2024-11-10,A4,BODAI,0.0,30.1,20.4,78.0,0,3
2024-11-11,A4,BODAI,0.0,30.2,20.2,75.66666666666667,0,4
2024-11-12,A4,BODAI,0.0,30.2,19.8,73.25,0,5
2024-11-13,A4,BODAI,0.0,31.2,20.3,65.83333333333333,0,6
2024-11-14,A4,BODAI,0.0,31.1,20.2,59.875,0,7
2024-11-15,A4,BODAI,0.0,30.9,19.0,59.04166666666666,0,8
2024-11-16,A4,BODAI,0.0,29.7,17.8,56.625,0,9
2024-11-17,A4,BODAI,0.0,29.1,17.8,63.0,0,10
2024-11-18,A4,BODAI,0.0,28.8,17.1,62.208333333333336,0,11
2024-11-19,A4,BODAI,0.0,28.3,17.6,62.79166666666666,0,12
2024-11-20,A4,BODAI,0.0,29.4,17.4,66.16666666666667,0,13
2024-11-21,A4,BODAI,0.0,29.2,18.4,66.0,0,14
2024-11-22,A4,BODAI,0.0,29.2,17.9,62.41666666666666,0,15
2024-11-23,A4,BODAI,0.0,29.0,17.7,62.083333333333336,0,16
2024-11-24,A4,BODAI,0.0,28.4,16.5,63.79166666666666,0,17
2024-11-25,A4,BODAI,0.0,27.8,16.2,64.875,0,18
2024-11-26,A4,BODAI,0.0,27.8,16.1,63.5,0,19
2024-11-27,A4,BODAI,0.0,28.3,16.4,65.125,0,20
2024-11-28,A4,BODAI,0.0,28.1,16.9,72.25,0,21
2024-11-29,A4,BODAI,0.3,27.1,19.6,69.0,0,0
2024-11-30,A4,BODAI,19.3,23.2,18.5,78.66666666666667,0,0
2024-12-01,A4,BODAI,0.0,28.1,18.3,72.16666666666667,0,1
2024-12-02,A4,BODAI,0.3,22.8,19.1,74.20833333333333,0,0
2024-12-03,A4,BODAI,0.0,28.3,18.2,66.08333333333333,0,1
2024-12-04,A4,BODAI,0.0,27.9,16.2,73.58333333333333,0,2
2024-12-05,A4,BODAI,0.0,28.8,15.6,67.79166666666667,0,3
2024-12-06,A4,BODAI,0.0,27.0,15.4,65.625,0,4
2024-12-07,A4,BODAI,0.0,25.9,14.0,70.375,0,5
2024-12-08,A4,BODAI,0.0,25.6,13.1,67.875,0,6
2024-12-09,A4,BODAI,0.0,26.0,14.4,72.79166666666667,0,7
2024-12-10,A4,BODAI,0.2,26.0,16.2,78.375,0,0
2024-12-11,A4,BODAI,0.0,24.3,14.2,72.45833333333333,0,1
2024-12-12,A4,BODAI,0.0,23.8,12.1,70.83333333333333,0,2
2024-12-13,A4,BODAI,0.0,23.4,11.4,70.875,0,3
2024-12-14,A4,BODAI,0.0,23.2,11.8,72.20833333333333,0,4
2024-12-15,A4,BODAI,0.0,23.8,10.8,71.41666666666667,0,5
2024-12-16,A4,BODAI,0.0,24.6,12.3,78.625,0,6
2024-12-17,A4,BODAI,0.0,25.5,13.0,77.875,0,7
2024-12-18,A4,BODAI,0.0,26.6,14.1,76.54166666666667,0,8
2024-12-19,A4,BODAI,0.0,25.9,14.3,75.79166666666667,0,9
2024-12-20,A4,BODAI,0.4,25.5,13.8,77.95833333333333,0,0
2024-12-21,A4,BODAI,2.2,20.4,15.4,86.66666666666667,1,0
2024-12-22,A4,BODAI,0.0,25.1,14.8,86.16666666666667,2,1
2024-12-23,A4,BODAI,0.0,26.2,15.1,74.5,0,2
2024-12-24,A4,BODAI,0.0,25.7,15.2,70.875,0,3
2024-12-25,A4,BODAI,0.0,25.5,17.0,74.95833333333333,0,4
2024-12-26,A4,BODAI,0.0,26.8,15.9,74.125,0,5
2024-12-27,A4,BODAI,0.0,26.6,14.8,71.125,0,6
2024-12-28,A4,BODAI,0.0,25.9,13.9,73.5,0,7
2024-12-29,A4,BODAI,0.0,26.7,15.2,72.125,0,8
2024-12-30,A4,BODAI,0.0,26.1,16.3,77.91666666666667,0,9
2024-12-31,A4,BODAI,0.0,23.9,15.1,74.20833333333333,0,10
2025-01-01,A4,BODAI,0.0,22.8,12.8,79.58333333333333,0,11
2025-01-02,A4,BODAI,0.0,22.2,12.1,79.875,0,12
2025-01-03,A4,BODAI,0.0,22.3,10.9,80.91666666666667,0,13
2025-01-04,A4,BODAI,0.0,23.7,12.7,82.54166666666667,0,14
2025-01-05,A4,BODAI,0.0,24.3,13.5,82.875,0,15
2025-01-06,A4,BODAI,0.0,24.4,12.4,79.91666666666667,0,16
2025-01-07,A4,BODAI,0.0,25.8,14.1,77.33333333333333,0,17
2025-01-08,A4,BODAI,0.0,22.4,13.2,80.08333333333333,0,18
2025-01-09,A4,BODAI,0.0,21.9,11.9,81.875,0,19
2025-01-10,A4,BODAI,0.0,22.6,12.0,75.08333333333333,0,20
2025-01-11,A4,BODAI,0.0,23.2,11.2,80.58333333333333,0,21
2025-01-12,A4,BODAI,0.0,24.7,12.5,78.95833333333333,0,22
2025-01-13,A4,BODAI,0.0,26.3,13.5,75.29166666666667,0,23
2025-01-14,A4,BODAI,0.0,25.1,15.1,77.625,0,24
2025-01-15,A4,BODAI,0.0,24.2,14.0,75.29166666666667,0,25
2025-01-16,A4,BODAI,0.0,24.3,12.6,78.33333333333333,0,26
2025-01-17,A4,BODAI,0.0,24.5,13.9,76.41666666666667,0,27
2025-01-18,A4,BODAI,0.0,24.5,13.7,76.29166666666667,0,28
2025-01-19,A4,BODAI,0.0,24.4,13.2,69.66666666666667,0,29
2025-01-20,A4,BODAI,0.0,23.8,12.2,71.0,0,30
2025-01-21,A4,BODAI,0.0,25.3,13.0,74.875,0,31
2025-01-22,A4,BODAI,0.0,26.2,13.7,79.70833333333333,0,32
2025-01-23,A4,BODAI,0.0,27.6,13.4,80.83333333333333,0,33
2025-01-24,A4,BODAI,0.0,27.8,14.5,82.45833333333333,0,34
2025-01-25,A4,BODAI,0.3,25.4,16.1,83.29166666666667,0,0
2025-01-26,A4,BODAI,0.0,24.3,13.3,70.58333333333333,0,1
2025-01-27,A4,BODAI,0.0,24.0,12.7,67.83333333333333,0,2
2025-01-28,A4,BODAI,0.0,25.6,12.6,72.0,0,3
2025-01-29,A4,BODAI,0.2,26.9,14.5,83.25,0,0
2025-01-30,A4,BODAI,0.1,29.1,17.5,79.45833333333333,0,0
2025-01-31,A4,BODAI,0.1,29.1,19.2,82.08333333333333,0,0
2025-02-01,A4,BODAI,0.5,28.8,20.0,87.75,1,0
2025-02-02,A4,BODAI,0.2,28.5,20.2,88.0,2,0
2025-02-03,A4,BODAI,0.0,28.5,18.7,78.70833333333333,0,1
2025-02-04,A4,BODAI,0.0,27.1,16.6,69.58333333333333,0,2
2025-02-05,A4,BODAI,0.0,29.0,15.9,70.625,0,3
2025-02-06,A4,BODAI,0.0,28.7,18.8,71.5,0,4
2025-02-07,A4,BODAI,0.0,25.6,14.4,59.458333333333336,0,5
2025-02-08,A4,BODAI,0.0,25.4,13.2,63.16666666666666,0,6
2025-02-09,A4,BODAI,0.0,26.0,13.4,62.375,0,7
2025-02-10,A4,BODAI,0.0,29.3,14.2,65.70833333333333,0,8
2025-02-11,A4,BODAI,0.0,29.9,18.8,76.70833333333333,0,9
2025-02-12,A4,BODAI,0.4,29.7,19.3,80.95833333333333,0,0
2025-02-13,A4,BODAI,0.1,30.2,20.6,73.16666666666667,0,0
2025-02-14,A4,BODAI,0.0,27.8,15.7,50.25,0,1
2025-02-15,A4,BODAI,0.0,28.8,15.4,57.375,0,2
2025-02-16,A4,BODAI,0.0,30.7,16.3,66.04166666666667,0,3
2025-02-17,A4,BODAI,0.1,31.1,18.6,76.20833333333333,0,0
2025-02-18,A4,BODAI,0.2,29.8,18.4,81.95833333333333,0,0
2025-02-19,A4,BODAI,1.4,28.3,18.7,84.75,0,0
2025-02-20,A4,BODAI,5.0,27.0,18.7,86.91666666666667,1,0
2025-02-21,A4,BODAI,0.0,28.8,17.4,80.54166666666667,0,1
2025-02-22,A4,BODAI,9.7,28.7,18.9,87.16666666666667,1,0
2025-02-23,A4,BODAI,7.8,28.0,17.9,83.16666666666667,0,0
2025-02-24,A4,BODAI,0.0,28.9,17.3,74.20833333333333,0,1
2025-02-25,A4,BODAI,0.0,29.1,18.1,71.04166666666667,0,2
2025-02-26,A4,BODAI,0.0,29.3,17.8,72.70833333333333,0,3
2025-02-27,A4,BODAI,0.0,29.6,17.6,71.08333333333333,0,4
2025-02-28,A4,BODAI,0.0,30.6,19.4,73.54166666666667,0,5
2025-03-01,A4,BODAI,0.0,33.1,20.0,72.58333333333333,0,6
2025-03-02,A4,BODAI,0.0,33.3,20.6,70.25,0,7
2025-03-03,A4,BODAI,0.0,31.7,20.3,66.91666666666667,0,8
2025-03-04,A4,BODAI,0.0,31.0,20.3,59.79166666666666,0,9
2025-03-05,A4,BODAI,0.0,30.9,19.6,56.29166666666666,0,10
2025-03-06,A4,BODAI,0.0,27.6,17.0,53.0,0,11
2025-03-07,A4,BODAI,0.0,29.5,15.3,53.5,0,12
2025-03-08,A4,BODAI,0.0,31.6,17.5,65.54166666666667,0,13
2025-03-09,A4,BODAI,0.0,31.5,19.0,74.16666666666667,0,14
2025-03-10,A4,BODAI,0.0,32.4,19.6,68.83333333333333,0,15
2025-03-11,A4,BODAI,0.0,33.0,20.7,55.66666666666666,0,16
2025-03-12,A4,BODAI,0.0,34.5,20.5,59.333333333333336,0,17
2025-03-13,A4,BODAI,0.0,35.6,22.1,62.833333333333336,0,18
2025-03-14,A4,BODAI,0.0,36.6,22.9,72.0,0,19
2025-03-15,A4,BODAI,0.1,35.4,23.6,78.08333333333333,0,0
2025-03-16,A4,BODAI,0.1,38.0,24.2,71.04166666666667,0,0
2025-03-17,A4,BODAI,7.3,34.8,23.3,75.5,0,0
2025-03-18,A4,BODAI,0.0,33.7,23.7,62.91666666666666,0,1
2025-03-19,A4,BODAI,0.0,35.5,22.2,64.875,0,2
2025-03-20,A4,BODAI,8.5,32.1,23.9,78.0,0,0
2025-03-21,A4,BODAI,5.7,31.1,21.2,69.125,0,0
2025-03-22,A4,BODAI,3.4,26.7,20.8,79.125,0,0
2025-03-23,A4,BODAI,1.2,28.7,18.7,79.45833333333333,0,0
2025-03-24,A4,BODAI,0.0,30.7,17.8,68.41666666666667,0,1
2025-03-25,A4,BODAI,0.0,32.0,19.1,67.91666666666667,0,2
2025-03-26,A4,BODAI,0.0,34.3,21.2,64.625,0,3
2025-03-27,A4,BODAI,0.0,35.6,23.0,63.54166666666666,0,4
2025-03-28,A4,BODAI,0.0,36.8,22.9,57.625,0,5
2025-03-29,A4,BODAI,0.0,35.9,23.3,62.25,0,6
2025-03-30,A4,BODAI,0.1,36.0,24.3,74.33333333333333,0,0
2025-03-31,A4,BODAI,0.0,36.1,25.2,71.375,0,1
2025-04-01,A4,BODAI,0.0,36.2,24.9,68.95833333333333,0,2
2025-04-02,A4,BODAI,0.2,36.7,24.8,67.625,0,0
2025-04-03,A4,BODAI,0.0,36.0,24.7,69.45833333333333,0,1
2025-04-04,A4,BODAI,0.0,34.0,25.2,70.33333333333333,0,2
2025-04-05,A4,BODAI,0.0,36.5,24.3,63.79166666666666,0,3
2025-04-06,A4,BODAI,0.2,35.5,24.4,70.875,0,0
2025-04-07,A4,BODAI,0.0,35.3,24.5,71.91666666666667,0,1
2025-04-08,A4,BODAI,1.9,34.0,24.1,75.875,0,0
2025-04-09,A4,BODAI,0.0,33.8,23.4,67.79166666666667,0,1
2025-04-10,A4,BODAI,14.8,34.5,22.4,73.04166666666667,0,0
2025-04-11,A4,BODAI,0.1,32.0,22.0,77.25,0,0
2025-04-12,A4,BODAI,2.9,34.9,23.5,79.0,0,0
2025-04-13,A4,BODAI,0.0,33.1,23.6,72.20833333333333,0,1
2025-04-14,A4,BODAI,1.0,32.0,23.8,77.66666666666667,0,0
2025-04-15,A4,BODAI,1.7,32.3,23.3,75.79166666666667,0,0
2025-04-16,A4,BODAI,3.6,33.0,23.3,76.45833333333333,0,0
2025-04-17,A4,BODAI,17.7,32.1,23.0,86.08333333333333,1,0
2025-04-18,A4,BODAI,7.2,30.4,22.6,84.83333333333333,0,0
2025-04-19,A4,BODAI,5.0,30.3,22.9,85.70833333333333,1,0
2025-04-20,A4,BODAI,1.8,35.2,24.9,82.125,0,0
2025-04-21,A4,BODAI,0.0,35.9,27.7,79.95833333333333,0,1
2025-04-22,A4,BODAI,0.1,36.2,27.4,78.83333333333333,0,0
2025-04-23,A4,BODAI,0.0,38.6,27.1,71.29166666666667,0,1
2025-04-24,A4,BODAI,0.0,36.8,27.2,76.70833333333333,0,2
2025-04-25,A4,BODAI,1.6,37.7,27.4,77.41666666666667,0,0
2025-04-26,A4,BODAI,3.4,36.1,27.0,75.91666666666667,0,0
2025-04-27,A4,BODAI,0.0,35.7,27.6,70.58333333333333,0,1
2025-04-28,A4,BODAI,4.1,29.7,24.6,84.16666666666667,0,0
2025-04-29,A4,BODAI,6.1,30.8,22.4,84.04166666666667,0,0
2025-04-30,A4,BODAI,3.3,30.5,21.5,83.58333333333333,0,0
2025-05-01,A4,BODAI,1.2,31.3,21.9,80.75,0,0
2025-05-02,A4,BODAI,0.0,30.6,21.5,78.5,0,1
2025-05-03,A4,BODAI,0.6,32.3,23.3,79.375,0,0
2025-05-04,A4,BODAI,3.9,30.9,23.6,83.70833333333333,0,0
2025-05-05,A4,BODAI,4.4,32.9,23.6,79.75,0,0
2025-05-06,A4,BODAI,20.6,32.6,24.4,86.04166666666667,1,0
2025-05-07,A4,BODAI,3.4,33.4,24.1,81.125,0,0
2025-05-08,A4,BODAI,0.0,36.2,26.7,72.125,0,1
2025-05-09,A4,BODAI,0.0,36.9,26.6,71.54166666666667,0,2
2025-05-10,A4,BODAI,0.0,36.9,26.9,69.04166666666667,0,3
2025-05-11,A4,BODAI,0.0,37.2,27.1,66.04166666666667,0,4
2025-05-12,A4,BODAI,0.2,37.5,28.7,65.91666666666667,0,0
2025-05-13,A4,BODAI,2.4,35.5,28.4,75.45833333333333,0,0
2025-05-14,A4,BODAI,0.1,36.4,28.2,74.58333333333333,0,0
2025-05-15,A4,BODAI,6.8,35.3,27.3,79.20833333333333,0,0
2025-05-16,A4,BODAI,4.9,34.9,27.9,77.45833333333333,0,0
2025-05-17,A4,BODAI,26.1,34.9,25.8,80.29166666666667,0,0
2025-05-18,A4,BODAI,6.4,30.6,26.4,86.45833333333333,1,0
2025-05-19,A4,BODAI,3.1,33.8,26.2,79.41666666666667,0,0
2025-05-20,A4,BODAI,14.3,34.4,25.4,81.5,0,0
2025-05-21,A4,BODAI,21.3,33.8,25.6,83.375,0,0
2025-05-22,A4,BODAI,4.2,32.2,26.2,79.91666666666667,0,0
2025-05-23,A4,BODAI,6.4,31.7,25.6,87.04166666666667,1,0
2025-05-24,A4,BODAI,10.3,32.1,25.4,87.25,2,0
2025-05-25,A4,BODAI,18.1,30.8,25.7,88.95833333333333,3,0
2025-05-26,A4,BODAI,17.9,30.7,25.2,90.95833333333331,4,0
2025-05-27,A4,BODAI,9.5,31.4,25.4,89.5,5,0
2025-05-28,A4,BODAI,14.9,31.6,26.0,87.83333333333333,6,0
2025-05-29,A4,BODAI,38.3,29.5,25.3,91.16666666666669,7,0
2025-05-30,A4,BODAI,18.4,33.2,24.8,80.41666666666667,0,0
2025-05-31,A4,BODAI,34.7,32.1,25.4,89.75,1,0
2025-06-01,A4,BODAI,10.8,31.3,26.7,91.625,2,0
2025-06-02,A4,BODAI,0.4,36.0,26.9,78.41666666666667,0,0
2025-06-03,A4,BODAI,0.9,34.9,26.9,73.08333333333333,0,0
2025-06-04,A4,BODAI,1.0,34.0,27.1,84.08333333333333,0,0
2025-06-05,A4,BODAI,4.7,32.2,26.4,85.95833333333333,1,0
2025-06-06,A4,BODAI,5.8,32.9,25.9,86.33333333333333,2,0
2025-06-07,A4,BODAI,0.0,33.9,25.3,78.41666666666667,0,1
2025-06-08,A4,BODAI,1.1,33.7,26.3,82.58333333333333,0,0
2025-06-09,A4,BODAI,0.8,33.6,26.3,79.54166666666667,0,0
2025-06-10,A4,BODAI,0.5,34.2,26.3,80.04166666666667,0,0
2025-06-11,A4,BODAI,0.8,33.1,26.9,81.70833333333333,0,0
2025-06-12,A4,BODAI,0.2,33.2,25.8,78.625,0,0
2025-06-13,A4,BODAI,0.9,33.3,26.6,79.58333333333333,0,0
2025-06-14,A4,BODAI,0.7,34.3,27.2,77.25,0,0
2025-06-15,A4,BODAI,21.5,30.6,26.6,88.625,1,0
2025-06-16,A4,BODAI,34.9,31.8,26.0,89.91666666666667,2,0
2025-06-17,A4,BODAI,35.4,28.9,25.3,95.125,3,0
2025-06-18,A4,BODAI,28.7,28.9,25.3,92.33333333333331,4,0
2025-06-19,A4,BODAI,46.4,30.7,24.1,85.95833333333333,5,0
2025-06-20,A4,BODAI,9.3,32.2,26.1,84.83333333333333,0,0
2025-06-21,A4,BODAI,1.4,33.3,26.3,83.95833333333333,0,0
2025-06-22,A4,BODAI,16.4,32.6,26.0,89.79166666666667,1,0
2025-06-23,A4,BODAI,12.8,31.7,26.5,87.54166666666667,2,0
2025-06-24,A4,BODAI,8.1,32.3,26.2,85.875,3,0
2025-06-25,A4,BODAI,8.1,31.5,26.1,86.95833333333333,4,0
2025-06-26,A4,BODAI,3.9,32.2,26.1,83.5,0,0
2025-06-27,A4,BODAI,16.3,31.3,25.2,88.95833333333333,1,0
2025-06-28,A4,BODAI,18.7,30.3,25.3,89.625,2,0
2025-06-29,A4,BODAI,42.3,31.0,25.4,91.0,3,0
2025-06-30,A4,BODAI,21.2,30.3,25.3,91.54166666666669,4,0
2025-07-01,A4,BODAI,7.1,30.5,26.0,89.20833333333333,5,0
2025-07-02,A4,BODAI,20.6,32.4,25.8,88.66666666666667,6,0
2025-07-03,A4,BODAI,33.6,31.0,25.7,91.58333333333331,7,0
2025-07-04,A4,BODAI,31.8,31.7,24.8,92.0,8,0
2025-07-05,A4,BODAI,9.6,30.8,25.7,91.25,9,0
2025-07-06,A4,BODAI,3.9,29.4,25.1,90.79166666666669,10,0
2025-07-07,A4,BODAI,14.8,28.9,25.3,94.04166666666669,11,0
2025-07-08,A4,BODAI,22.5,28.1,24.5,93.58333333333331,12,0
2025-07-09,A4,BODAI,13.7,30.0,24.8,90.45833333333331,13,0
2025-07-10,A4,BODAI,22.8,31.7,25.0,88.375,14,0
2025-07-11,A4,BODAI,9.9,30.6,25.5,88.16666666666667,15,0
2025-07-12,A4,BODAI,6.2,33.3,25.5,86.58333333333333,16,0
2025-07-13,A4,BODAI,10.6,31.7,26.1,88.70833333333333,17,0
2025-07-14,A4,BODAI,40.3,27.8,25.2,94.08333333333331,18,0
2025-07-15,A4,BODAI,16.6,30.3,24.9,90.58333333333331,19,0
2025-07-16,A4,BODAI,9.0,30.4,25.9,88.66666666666667,20,0
2025-07-17,A4,BODAI,0.1,33.1,26.3,82.45833333333333,0,0
2025-07-18,A4,BODAI,6.3,33.0,26.6,86.08333333333333,1,0
2025-07-19,A4,BODAI,1.0,33.4,26.6,83.0,0,0
2025-07-20,A4,BODAI,0.6,32.8,26.7,82.33333333333333,0,0
2025-07-21,A4,BODAI,0.6,32.8,26.5,84.08333333333333,0,0
2025-07-22,A4,BODAI,7.6,33.2,26.8,83.29166666666667,0,0
2025-07-23,A4,BODAI,0.5,33.8,27.0,78.66666666666667,0,0
2025-07-24,A4,BODAI,11.5,32.7,26.2,85.20833333333333,1,0
2025-07-25,A4,BODAI,52.5,31.1,25.9,90.375,2,0
2025-07-26,A4,BODAI,3.4,31.1,26.2,87.66666666666667,3,0
2025-07-27,A4,BODAI,5.8,32.6,26.1,86.66666666666667,4,0
2025-07-28,A4,BODAI,3.6,30.5,26.7,88.08333333333333,5,0
2025-07-29,A4,BODAI,53.3,29.5,25.4,91.54166666666669,6,0
2025-07-30,A4,BODAI,19.0,29.3,25.2,91.66666666666669,7,0
2025-07-31,A4,BODAI,36.6,29.3,24.8,92.95833333333331,8,0
2025-08-01,A4,BODAI,19.3,32.2,25.7,89.5,9,0
2025-08-02,A4,BODAI,6.5,32.2,25.8,87.16666666666667,10,0
2025-08-03,A4,BODAI,15.0,32.6,26.7,87.70833333333333,11,0
2025-08-04,A4,BODAI,28.0,31.7,25.8,88.83333333333333,12,0
2025-08-05,A4,BODAI,15.3,32.2,26.2,90.79166666666669,13,0
2025-08-06,A4,BODAI,10.6,30.3,25.3,89.83333333333333,14,0
2025-08-07,A4,BODAI,8.6,31.7,25.4,89.5,15,0
2025-08-08,A4,BODAI,2.2,31.0,24.4,87.20833333333333,16,0
2025-08-09,A4,BODAI,10.6,31.4,25.1,85.875,17,0
2025-08-10,A4,BODAI,0.6,32.8,26.7,79.5,0,0
2025-08-11,A4,BODAI,5.2,32.3,26.4,84.83333333333333,0,0
2025-08-12,A4,BODAI,4.7,33.5,26.5,83.125,0,0
2025-08-13,A4,BODAI,15.3,30.8,26.4,88.70833333333333,1,0
2025-08-14,A4,BODAI,7.4,29.8,25.7,89.29166666666667,2,0
2025-08-15,A4,BODAI,13.6,31.5,25.4,88.16666666666667,3,0
2025-08-16,A4,BODAI,6.9,32.1,25.7,86.08333333333333,4,0
2025-08-17,A4,BODAI,9.1,32.0,26.1,84.58333333333333,0,0
2025-08-18,A4,BODAI,8.0,31.7,26.4,84.04166666666667,0,0
2025-08-19,A4,BODAI,12.1,30.2,25.7,87.0,1,0
2025-08-20,A4,BODAI,2.2,30.0,25.4,87.0,2,0
2025-08-21,A4,BODAI,51.0,28.6,24.6,93.41666666666669,3,0
2025-08-22,A4,BODAI,31.5,30.3,24.5,91.95833333333331,4,0
2025-08-23,A4,BODAI,13.2,29.0,24.7,91.33333333333331,5,0
2025-08-24,A4,BODAI,11.1,30.3,24.7,88.875,6,0
2025-08-25,A4,BODAI,2.6,31.6,24.9,88.125,7,0
2025-08-26,A4,BODAI,1.6,31.9,25.2,85.33333333333333,8,0
2025-08-27,A4,BODAI,5.0,31.8,25.6,85.04166666666667,9,0
2025-08-28,A4,BODAI,14.5,30.7,25.7,87.08333333333333,10,0
2025-08-29,A4,BODAI,21.0,30.1,25.6,90.25,11,0
2025-08-30,A4,BODAI,15.7,30.3,25.6,91.20833333333331,12,0
2025-08-31,A4,BODAI,3.7,32.0,25.1,88.16666666666667,13,0
2025-09-01,A4,BODAI,21.5,33.5,26.1,83.875,0,0
2025-09-02,A4,BODAI,15.6,30.4,25.7,88.58333333333333,1,0
2025-09-03,A4,BODAI,18.8,29.3,25.0,88.16666666666667,2,0
2025-09-04,A4,BODAI,7.4,30.2,25.6,89.20833333333333,3,0
2025-09-05,A4,BODAI,10.0,31.9,25.4,89.0,4,0
2025-09-06,A4,BODAI,3.8,32.5,25.1,85.45833333333333,5,0
2025-09-07,A4,BODAI,0.4,33.1,25.4,81.33333333333333,0,0
2025-09-08,A4,BODAI,0.2,32.9,25.5,79.75,0,0
2025-09-09,A4,BODAI,0.2,33.1,25.7,79.29166666666667,0,0
2025-09-10,A4,BODAI,0.2,33.7,26.2,79.29166666666667,0,0
2025-09-11,A4,BODAI,4.1,32.8,26.2,86.29166666666667,1,0
2025-09-12,A4,BODAI,19.0,31.1,25.2,89.41666666666667,2,0
2025-09-13,A4,BODAI,6.9,30.4,25.6,88.875,3,0
2025-09-14,A4,BODAI,40.9,30.6,26.1,92.66666666666669,4,0
2025-09-15,A4,BODAI,25.8,29.3,24.4,91.91666666666669,5,0
2025-09-16,A4,BODAI,10.7,29.6,24.4,90.66666666666669,6,0
2025-09-17,A4,BODAI,8.4,30.5,24.9,89.45833333333333,7,0
2025-09-18,A4,BODAI,3.5,32.1,26.0,86.54166666666667,8,0
2025-09-19,A4,BODAI,12.4,30.7,25.4,92.16666666666669,9,0
2025-09-20,A4,BODAI,8.9,32.3,25.9,90.08333333333331,10,0
2025-09-21,A4,BODAI,1.1,32.6,25.3,86.79166666666667,11,0
2025-09-22,A4,BODAI,21.0,30.1,25.0,92.54166666666669,12,0
2025-09-23,A4,BODAI,10.8,31.0,24.4,88.45833333333333,13,0
2025-09-24,A4,BODAI,4.1,31.5,24.8,90.66666666666669,14,0
2025-09-25,A4,BODAI,10.8,32.8,25.5,88.45833333333333,15,0
2025-09-26,A4,BODAI,3.8,31.9,25.4,87.54166666666667,16,0
2025-09-27,A4,BODAI,8.0,30.1,25.6,88.29166666666667,17,0
2025-09-28,A4,BODAI,6.8,31.6,25.5,89.25,18,0
2025-09-29,A4,BODAI,2.6,32.1,25.7,85.625,19,0
2025-09-30,A4,BODAI,4.3,32.1,26.3,87.33333333333333,20,0
2025-10-01,A4,BODAI,15.3,31.4,24.5,89.04166666666667,21,0
2025-10-02,A4,BODAI,29.0,27.4,24.5,93.375,22,0
2025-10-03,A4,BODAI,14.7,29.5,25.3,90.08333333333331,23,0
2025-10-04,A4,BODAI,9.7,32.0,25.2,86.91666666666667,24,0
2025-10-05,A4,BODAI,31.3,30.5,24.2,90.16666666666669,25,0
2025-10-06,A4,BODAI,4.0,28.8,24.2,92.83333333333331,26,0
2025-10-07,A4,BODAI,7.2,31.1,24.1,89.41666666666667,27,0
2025-10-08,A4,BODAI,11.8,30.8,24.4,90.66666666666669,28,0
2025-10-09,A4,BODAI,3.3,31.2,24.6,89.0,29,0
2025-10-10,A4,BODAI,11.4,31.3,24.4,87.83333333333333,30,0
2025-10-11,A4,BODAI,2.9,30.5,24.1,87.625,31,0
2025-10-12,A4,BODAI,0.0,31.2,24.3,80.41666666666667,0,1
2025-10-13,A4,BODAI,0.0,30.6,23.7,77.625,0,2
2025-10-14,A4,BODAI,0.0,31.1,23.1,75.625,0,3
2025-10-15,A4,BODAI,0.0,31.0,22.9,74.83333333333333,0,4
2025-10-16,A4,BODAI,0.0,30.8,22.0,75.83333333333333,0,5
2025-10-17,A4,BODAI,0.0,31.5,22.4,78.33333333333333,0,6
2025-10-18,A4,BODAI,0.1,31.6,23.7,80.20833333333333,0,0
2025-10-19,A4,BODAI,0.1,32.7,24.3,77.66666666666667,0,0
2025-10-20,A4,BODAI,0.0,32.9,23.5,75.375,0,1
2025-10-21,A4,BODAI,0.0,32.9,23.3,73.5,0,2
2025-10-22,A4,BODAI,0.0,32.2,22.9,74.375,0,3
2025-10-23,A4,BODAI,0.0,32.2,22.9,69.95833333333333,0,4
2025-10-24,A4,BODAI,0.0,32.1,22.5,71.58333333333333,0,5
2025-10-25,A4,BODAI,0.0,32.0,23.3,76.91666666666667,0,6
2025-10-26,A4,BODAI,0.0,32.1,24.1,79.625,0,7
2025-10-27,A4,BODAI,0.1,32.2,23.7,79.70833333333333,0,0
2025-10-28,A4,BODAI,0.5,32.5,24.3,79.375,0,0
2025-10-29,A4,BODAI,17.2,28.4,24.5,91.83333333333331,1,0
2025-10-30,A4,BODAI,15.5,30.2,23.8,90.91666666666669,2,0
2025-10-31,A4,BODAI,0.7,31.6,24.3,83.70833333333333,0,0
2025-11-01,A4,BODAI,19.3,30.5,25.1,88.66666666666667,1,0
2025-11-02,A4,BODAI,0.0,28.5,23.3,82.45833333333333,0,1
2025-11-03,A4,BODAI,0.0,29.7,22.2,74.41666666666667,0,2
2025-11-04,A4,BODAI,0.0,29.6,19.7,72.375,0,3
2025-11-05,A4,BODAI,0.0,29.8,21.1,75.83333333333333,0,4
2025-11-06,A4,BODAI,0.5,30.1,21.2,79.375,0,0
2025-11-07,A4,BODAI,0.1,29.9,22.4,77.16666666666667,0,0
2025-11-08,A4,BODAI,0.0,29.2,19.8,65.66666666666667,0,1
2025-11-09,A4,BODAI,0.0,28.0,17.8,70.79166666666667,0,2
2025-11-10,A4,BODAI,0.0,28.4,18.0,73.08333333333333,0,3
2025-11-11,A4,BODAI,0.0,27.5,16.9,68.29166666666667,0,4
2025-11-12,A4,BODAI,0.0,26.7,16.3,71.0,0,5
2025-11-13,A4,BODAI,0.0,26.9,16.2,72.70833333333333,0,6
2025-11-14,A4,BODAI,0.0,26.7,16.2,72.54166666666667,0,7
2025-11-15,A4,BODAI,0.0,27.0,16.4,74.875,0,8
2025-11-16,A4,BODAI,0.0,27.1,16.4,72.25,0,9
2025-11-17,A4,BODAI,0.0,27.0,17.3,71.08333333333333,0,10
2025-11-18,A4,BODAI,0.0,27.9,16.9,69.875,0,11
2025-11-19,A4,BODAI,0.0,28.6,16.3,71.0,0,12
2025-11-20,A4,BODAI,0.0,28.1,17.4,71.25,0,13
2025-11-21,A4,BODAI,0.0,28.2,17.6,70.33333333333333,0,14
2025-11-22,A4,BODAI,0.0,27.8,17.1,72.79166666666667,0,15
2025-11-23,A4,BODAI,0.0,27.7,16.7,74.41666666666667,0,16
2025-11-24,A4,BODAI,0.0,26.7,16.4,73.0,0,17
2025-11-25,A4,BODAI,0.0,26.1,15.3,71.41666666666667,0,18
2025-11-26,A4,BODAI,0.0,25.8,14.7,68.95833333333333,0,19
2025-11-27,A4,BODAI,0.0,26.8,15.3,74.875,0,20
2025-11-28,A4,BODAI,0.0,27.1,16.5,75.58333333333333,0,21
2025-11-29,A4,BODAI,0.0,26.9,16.6,70.70833333333333,0,22
2025-11-30,A4,BODAI,0.0,26.9,16.5,70.70833333333333,0,23
2025-12-01,A4,BODAI,0.0,26.6,16.4,74.375,0,24
2025-12-02,A4,BODAI,0.0,26.7,17.2,75.29166666666667,0,25
2025-12-03,A4,BODAI,0.0,25.9,15.6,72.875,0,26
2025-12-04,A4,BODAI,0.0,25.3,14.3,73.375,0,27
2025-12-05,A4,BODAI,0.0,25.4,14.6,69.625,0,28
2025-12-06,A4,BODAI,0.0,24.5,12.6,68.66666666666667,0,29
2025-12-07,A4,BODAI,0.0,24.8,13.4,73.33333333333333,0,30
2025-12-08,A4,BODAI,0.0,24.9,13.7,70.41666666666667,0,31
2025-12-09,A4,BODAI,0.0,25.1,14.2,73.5,0,32
2025-12-10,A4,BODAI,0.0,25.2,14.1,75.875,0,33
2025-12-11,A4,BODAI,0.0,25.1,13.7,71.95833333333333,0,34
2025-12-12,A4,BODAI,0.0,25.0,13.9,70.0,0,35
2025-12-13,A4,BODAI,0.0,25.4,14.2,73.375,0,36
2025-12-14,A4,BODAI,0.0,26.5,14.4,74.83333333333333,0,37
2025-12-15,A4,BODAI,0.0,26.1,14.8,73.625,0,38
2025-12-16,A4,BODAI,0.0,25.1,14.4,72.66666666666667,0,39
2025-12-17,A4,BODAI,0.0,25.3,14.3,70.375,0,40
2025-12-18,A4,BODAI,0.0,26.4,14.6,73.79166666666667,0,41
2025-12-19,A4,BODAI,0.0,26.1,15.4,75.41666666666667,0,42
2025-12-20,A4,BODAI,0.0,24.0,15.2,79.91666666666667,0,43
2025-12-21,A4,BODAI,0.0,23.8,14.3,80.375,0,44
2025-12-22,A4,BODAI,0.0,24.5,14.4,79.0,0,45
2025-12-23,A4,BODAI,0.0,24.0,13.8,76.875,0,46
2025-12-24,A4,BODAI,0.0,23.7,13.2,76.70833333333333,0,47
2025-12-25,A4,BODAI,0.0,21.4,11.7,78.83333333333333,0,48
2025-12-26,A4,BODAI,0.0,21.8,10.9,76.875,0,49
2025-12-27,A4,BODAI,0.0,23.1,12.0,77.04166666666667,0,50
2025-12-28,A4,BODAI,0.0,22.0,12.7,79.45833333333333,0,51
2025-12-29,A4,BODAI,0.0,20.4,11.7,80.04166666666667,0,52
2025-12-30,A4,BODAI,0.0,19.6,10.4,81.375,0,53
2025-12-31,A4,BODAI,0.0,20.8,9.0,81.125,0,54
2024-01-01,A5,CHANDIGARH,0.0,24.7,14.4,80.16666666666667,0,1
2024-01-02,A5,CHANDIGARH,0.0,22.9,13.1,77.5,0,2
2024-01-03,A5,CHANDIGARH,0.0,24.3,12.2,81.16666666666667,0,3
2024-01-04,A5,CHANDIGARH,0.0,25.0,12.0,77.54166666666667,0,4
2024-01-05,A5,CHANDIGARH,0.0,25.5,13.0,74.29166666666667,0,5
2024-01-06,A5,CHANDIGARH,0.0,26.2,12.9,72.95833333333333,0,6
2024-01-07,A5,CHANDIGARH,0.0,25.8,14.9,76.66666666666667,0,7
2024-01-08,A5,CHANDIGARH,0.0,25.5,15.4,80.41666666666667,0,8
2024-01-09,A5,CHANDIGARH,0.0,24.9,13.3,78.5,0,9
2024-01-10,A5,CHANDIGARH,0.0,25.5,12.7,74.83333333333333,0,10
2024-01-11,A5,CHANDIGARH,0.0,24.6,13.0,76.45833333333333,0,11
2024-01-12,A5,CHANDIGARH,0.0,22.4,10.8,77.04166666666667,0,12
2024-01-13,A5,CHANDIGARH,0.0,22.4,10.2,75.66666666666667,0,13
2024-01-14,A5,CHANDIGARH,0.0,21.9,10.4,79.08333333333333,0,14
2024-01-15,A5,CHANDIGARH,0.0,21.6,10.4,81.70833333333333,0,15
2024-01-16,A5,CHANDIGARH,0.0,21.8,10.3,79.25,0,16
2024-01-17,A5,CHANDIGARH,0.1,23.1,9.9,79.70833333333333,0,0
2024-01-18,A5,CHANDIGARH,7.1,22.3,14.9,84.58333333333333,0,0
2024-01-19,A5,CHANDIGARH,0.0,22.9,14.7,84.58333333333333,0,1
2024-01-20,A5,CHANDIGARH,0.0,22.3,12.3,80.70833333333333,0,2
2024-01-21,A5,CHANDIGARH,0.0,22.6,12.9,82.91666666666667,0,3
2024-01-22,A5,CHANDIGARH,0.0,20.8,10.6,79.83333333333333,0,4
2024-01-23,A5,CHANDIGARH,0.0,22.1,9.2,77.29166666666667,0,5
2024-01-24,A5,CHANDIGARH,3.2,21.5,15.1,77.66666666666667,0,0
2024-01-25,A5,CHANDIGARH,0.0,22.7,13.0,82.95833333333333,0,1
2024-01-26,A5,CHANDIGARH,0.0,22.6,12.5,72.375,0,2
2024-01-27,A5,CHANDIGARH,0.0,22.6,11.0,74.54166666666667,0,3
2024-01-28,A5,CHANDIGARH,0.0,23.1,10.0,74.875,0,4
2024-01-29,A5,CHANDIGARH,0.0,24.4,10.4,75.75,0,5
2024-01-30,A5,CHANDIGARH,0.9,26.0,12.8,82.0,0,0
2024-01-31,A5,CHANDIGARH,14.2,24.9,17.4,86.83333333333333,1,0
2024-02-01,A5,CHANDIGARH,4.0,24.4,16.1,93.08333333333331,2,0
2024-02-02,A5,CHANDIGARH,0.5,26.3,16.5,82.0,0,0
2024-02-03,A5,CHANDIGARH,0.0,25.5,14.9,73.75,0,1
2024-02-04,A5,CHANDIGARH,0.0,25.9,12.5,67.45833333333333,0,2
2024-02-05,A5,CHANDIGARH,0.0,26.7,14.6,71.25,0,3
2024-02-06,A5,CHANDIGARH,1.3,26.7,17.6,91.79166666666669,1,0
2024-02-07,A5,CHANDIGARH,0.0,25.2,17.2,76.75,0,1
2024-02-08,A5,CHANDIGARH,0.0,24.3,13.9,63.91666666666666,0,2
2024-02-09,A5,CHANDIGARH,0.0,22.8,12.8,64.91666666666667,0,3
2024-02-10,A5,CHANDIGARH,0.0,24.5,11.2,67.70833333333333,0,4
2024-02-11,A5,CHANDIGARH,0.0,26.3,12.0,62.5,0,5
2024-02-12,A5,CHANDIGARH,0.0,27.1,13.8,63.04166666666666,0,6
2024-02-13,A5,CHANDIGARH,0.0,28.7,16.8,73.58333333333333,0,7
2024-02-14,A5,CHANDIGARH,0.0,28.1,15.8,77.25,0,8
2024-02-15,A5,CHANDIGARH,0.6,27.5,17.1,80.66666666666667,0,0
2024-02-16,A5,CHANDIGARH,0.0,28.5,17.4,75.16666666666667,0,1
2024-02-17,A5,CHANDIGARH,0.0,27.5,15.2,70.45833333333333,0,2
2024-02-18,A5,CHANDIGARH,0.2,28.4,15.7,73.66666666666667,0,0
2024-02-19,A5,CHANDIGARH,0.2,29.2,18.0,82.5,0,0
2024-02-20,A5,CHANDIGARH,0.8,31.0,20.8,82.0,0,0
2024-02-21,A5,CHANDIGARH,0.0,32.5,20.6,75.70833333333333,0,1
2024-02-22,A5,CHANDIGARH,0.5,28.8,20.6,83.375,0,0
2024-02-23,A5,CHANDIGARH,1.0,28.4,19.1,72.83333333333333,0,0
2024-02-24,A5,CHANDIGARH,0.2,28.3,16.8,67.95833333333333,0,0
2024-02-25,A5,CHANDIGARH,0.0,25.2,18.2,63.75,0,1
2024-02-26,A5,CHANDIGARH,0.0,27.9,17.0,65.54166666666667,0,2
2024-02-27,A5,CHANDIGARH,0.0,28.4,17.2,65.20833333333333,0,3
2024-02-28,A5,CHANDIGARH,0.0,28.9,17.9,70.16666666666667,0,4
2024-02-29,A5,CHANDIGARH,0.0,29.4,17.8,63.25,0,5
2024-03-01,A5,CHANDIGARH,0.0,29.9,16.4,64.125,0,6
2024-03-02,A5,CHANDIGARH,0.0,30.0,16.1,61.083333333333336,0,7
2024-03-03,A5,CHANDIGARH,0.1,31.0,18.3,68.875,0,0
2024-03-04,A5,CHANDIGARH,0.7,30.9,19.8,71.08333333333333,0,0
2024-03-05,A5,CHANDIGARH,0.0,30.3,20.1,74.75,0,1
2024-03-06,A5,CHANDIGARH,0.0,29.0,17.9,62.0,0,2
2024-03-07,A5,CHANDIGARH,0.0,28.4,18.5,63.875,0,3
2024-03-08,A5,CHANDIGARH,0.0,29.9,18.3,58.833333333333336,0,4
2024-03-09,A5,CHANDIGARH,0.0,29.2,15.2,56.375,0,5
2024-03-10,A5,CHANDIGARH,0.0,29.1,14.7,53.875,0,6
2024-03-11,A5,CHANDIGARH,0.0,30.1,14.9,57.625,0,7
2024-03-12,A5,CHANDIGARH,0.0,32.3,19.5,76.25,0,8
2024-03-13,A5,CHANDIGARH,0.4,33.3,23.0,71.95833333333333,0,0
2024-03-14,A5,CHANDIGARH,12.7,31.5,21.7,83.5,0,0
2024-03-15,A5,CHANDIGARH,0.9,33.3,22.0,74.625,0,0
2024-03-16,A5,CHANDIGARH,0.8,30.8,22.5,83.20833333333333,0,0
2024-03-17,A5,CHANDIGARH,0.0,31.4,21.2,79.95833333333333,0,1
2024-03-18,A5,CHANDIGARH,1.6,29.7,21.8,84.04166666666667,0,0
2024-03-19,A5,CHANDIGARH,9.7,30.2,22.2,80.70833333333333,0,0
2024-03-20,A5,CHANDIGARH,13.7,23.2,18.8,89.79166666666667,1,0
2024-03-21,A5,CHANDIGARH,6.8,26.9,18.6,87.04166666666667,2,0
2024-03-22,A5,CHANDIGARH,0.2,27.5,17.3,79.33333333333333,0,0
2024-03-23,A5,CHANDIGARH,5.5,31.7,19.0,80.58333333333333,0,0
2024-03-24,A5,CHANDIGARH,0.0,33.5,23.7,80.41666666666667,0,1
2024-03-25,A5,CHANDIGARH,13.8,33.0,22.6,82.66666666666667,0,0
2024-03-26,A5,CHANDIGARH,0.6,32.2,23.8,78.70833333333333,0,0
2024-03-27,A5,CHANDIGARH,0.8,34.1,22.6,81.875,0,0
2024-03-28,A5,CHANDIGARH,1.2,32.6,22.4,80.25,0,0
2024-03-29,A5,CHANDIGARH,0.0,33.6,24.5,80.25,0,1
2024-03-30,A5,CHANDIGARH,0.0,35.4,24.7,78.83333333333333,0,2
2024-03-31,A5,CHANDIGARH,6.4,35.0,25.0,82.20833333333333,0,0
2024-04-01,A5,CHANDIGARH,0.0,35.9,24.9,64.0,0,1
2024-04-02,A5,CHANDIGARH,0.0,35.6,23.4,66.83333333333333,0,2
2024-04-03,A5,CHANDIGARH,0.0,35.6,25.0,73.58333333333333,0,3
2024-04-04,A5,CHANDIGARH,15.1,36.7,25.9,83.375,0,0
2024-04-05,A5,CHANDIGARH,0.0,37.1,26.3,78.125,0,1
2024-04-06,A5,CHANDIGARH,0.0,37.4,26.3,77.0,0,2
2024-04-07,A5,CHANDIGARH,3.6,36.0,25.9,74.875,0,0
2024-04-08,A5,CHANDIGARH,0.1,30.5,22.5,67.95833333333333,0,0
2024-04-09,A5,CHANDIGARH,0.6,34.3,21.9,61.0,0,0
2024-04-10,A5,CHANDIGARH,0.0,35.1,22.2,66.70833333333333,0,1
2024-04-11,A5,CHANDIGARH,5.6,33.1,23.5,80.125,0,0
2024-04-12,A5,CHANDIGARH,0.0,34.5,22.7,63.75,0,1
2024-04-13,A5,CHANDIGARH,0.0,35.5,23.5,59.708333333333336,0,2
2024-04-14,A5,CHANDIGARH,0.0,36.5,23.1,63.79166666666666,0,3
2024-04-15,A5,CHANDIGARH,0.0,37.7,23.8,63.29166666666666,0,4
2024-04-16,A5,CHANDIGARH,0.0,38.0,26.1,60.16666666666666,0,5
2024-04-17,A5,CHANDIGARH,0.0,37.8,27.2,58.125,0,6
2024-04-18,A5,CHANDIGARH,0.0,37.7,25.4,53.375,0,7
2024-04-19,A5,CHANDIGARH,0.0,39.7,24.7,54.16666666666666,0,8
2024-04-20,A5,CHANDIGARH,0.0,40.8,25.8,61.66666666666666,0,9
2024-04-21,A5,CHANDIGARH,0.0,40.1,27.0,60.66666666666666,0,10
2024-04-22,A5,CHANDIGARH,0.0,39.2,25.2,53.66666666666666,0,11
2024-04-23,A5,CHANDIGARH,0.0,37.9,26.2,44.958333333333336,0,12
2024-04-24,A5,CHANDIGARH,0.0,39.6,26.8,46.625,0,13
2024-04-25,A5,CHANDIGARH,0.0,40.0,24.6,46.375,0,14
2024-04-26,A5,CHANDIGARH,0.0,40.9,26.9,61.625,0,15
2024-04-27,A5,CHANDIGARH,0.0,41.1,27.8,60.91666666666666,0,16
2024-04-28,A5,CHANDIGARH,0.7,39.6,28.1,57.29166666666666,0,0
2024-04-29,A5,CHANDIGARH,0.0,41.4,28.4,45.625,0,1
2024-04-30,A5,CHANDIGARH,0.0,43.3,29.0,48.41666666666666,0,2
2024-05-01,A5,CHANDIGARH,0.0,41.1,28.3,43.54166666666666,0,3
2024-05-02,A5,CHANDIGARH,0.2,41.0,29.3,56.208333333333336,0,0
2024-05-03,A5,CHANDIGARH,0.0,39.5,25.3,56.333333333333336,0,1
2024-05-04,A5,CHANDIGARH,0.0,39.4,27.1,66.54166666666667,0,2
2024-05-05,A5,CHANDIGARH,0.2,38.0,28.4,67.0,0,0
2024-05-06,A5,CHANDIGARH,112.5,37.5,24.7,80.04166666666667,0,0
2024-05-07,A5,CHANDIGARH,1.5,33.2,24.4,76.08333333333333,0,0
2024-05-08,A5,CHANDIGARH,2.6,30.5,23.7,82.95833333333333,0,0
2024-05-09,A5,CHANDIGARH,8.6,31.3,23.8,84.41666666666667,0,0
2024-05-10,A5,CHANDIGARH,9.7,31.3,23.7,84.66666666666667,0,0
2024-05-11,A5,CHANDIGARH,15.9,31.4,24.7,86.95833333333333,1,0
2024-05-12,A5,CHANDIGARH,3.3,32.7,24.9,81.625,0,0
2024-05-13,A5,CHANDIGARH,0.0,33.4,24.0,76.04166666666667,0,1
2024-05-14,A5,CHANDIGARH,3.3,34.0,25.3,81.91666666666667,0,0
2024-05-15,A5,CHANDIGARH,0.0,35.1,25.9,75.58333333333333,0,1
2024-05-16,A5,CHANDIGARH,0.0,35.4,26.1,75.375,0,2
2024-05-17,A5,CHANDIGARH,0.0,37.3,27.3,72.83333333333333,0,3
2024-05-18,A5,CHANDIGARH,0.1,36.1,28.7,73.79166666666667,0,0
2024-05-19,A5,CHANDIGARH,1.7,33.9,28.8,76.08333333333333,0,0
2024-05-20,A5,CHANDIGARH,14.6,33.0,26.9,85.66666666666667,1,0
2024-05-21,A5,CHANDIGARH,11.3,33.1,25.8,85.41666666666667,2,0
2024-05-22,A5,CHANDIGARH,2.9,33.9,26.7,80.20833333333333,0,0
2024-05-23,A5,CHANDIGARH,0.0,34.9,25.9,75.75,0,1
2024-05-24,A5,CHANDIGARH,0.0,35.5,26.4,73.08333333333333,0,2
2024-05-25,A5,CHANDIGARH,0.0,36.4,27.5,73.83333333333333,0,3
2024-05-26,A5,CHANDIGARH,39.9,30.9,26.8,86.58333333333333,1,0
2024-05-27,A5,CHANDIGARH,80.5,27.5,26.1,89.95833333333333,2,0
2024-05-28,A5,CHANDIGARH,0.4,35.3,26.3,77.83333333333333,0,0
2024-05-29,A5,CHANDIGARH,0.0,35.9,29.2,81.33333333333333,0,1
2024-05-30,A5,CHANDIGARH,0.2,35.3,29.5,79.16666666666667,0,0
2024-05-31,A5,CHANDIGARH,0.0,35.2,28.5,80.20833333333333,0,1
2024-06-01,A5,CHANDIGARH,0.8,34.7,28.3,82.375,0,0
2024-06-02,A5,CHANDIGARH,5.0,34.4,29.1,80.79166666666667,0,0
2024-06-03,A5,CHANDIGARH,0.2,34.5,28.3,77.70833333333333,0,0
2024-06-04,A5,CHANDIGARH,0.1,35.7,28.6,78.375,0,0
2024-06-05,A5,CHANDIGARH,0.0,35.7,28.0,79.0,0,1
2024-06-06,A5,CHANDIGARH,0.2,36.4,26.7,83.33333333333333,0,0
2024-06-07,A5,CHANDIGARH,0.0,36.0,26.1,78.75,0,1
2024-06-08,A5,CHANDIGARH,0.0,35.7,28.1,76.875,0,2
2024-06-09,A5,CHANDIGARH,0.0,36.6,28.2,79.375,0,3
2024-06-10,A5,CHANDIGARH,0.0,36.5,28.5,77.45833333333333,0,4
2024-06-11,A5,CHANDIGARH,0.0,36.6,28.9,77.54166666666667,0,5
2024-06-12,A5,CHANDIGARH,0.0,35.3,28.3,76.45833333333333,0,6
2024-06-13,A5,CHANDIGARH,0.0,36.0,28.5,75.04166666666667,0,7
2024-06-14,A5,CHANDIGARH,0.0,37.1,29.1,75.08333333333333,0,8
2024-06-15,A5,CHANDIGARH,0.0,37.3,29.4,74.04166666666667,0,9
2024-06-16,A5,CHANDIGARH,0.0,36.8,29.4,75.08333333333333,0,10
2024-06-17,A5,CHANDIGARH,0.2,37.0,29.2,75.375,0,0
2024-06-18,A5,CHANDIGARH,10.7,32.5,28.8,81.875,0,0
2024-06-19,A5,CHANDIGARH,8.0,34.8,28.6,81.79166666666667,0,0
2024-06-20,A5,CHANDIGARH,24.2,33.6,27.8,86.25,1,0
2024-06-21,A5,CHANDIGARH,2.6,31.8,27.1,84.95833333333333,0,0
2024-06-22,A5,CHANDIGARH,2.0,33.3,26.5,82.125,0,0
2024-06-23,A5,CHANDIGARH,1.1,34.0,26.7,81.625,0,0
2024-06-24,A5,CHANDIGARH,1.3,34.1,27.1,78.625,0,0
2024-06-25,A5,CHANDIGARH,0.8,34.2,28.0,76.20833333333333,0,0
2024-06-26,A5,CHANDIGARH,0.4,34.5,27.4,76.79166666666667,0,0
2024-06-27,A5,CHANDIGARH,9.6,32.1,27.5,83.41666666666667,0,0
2024-06-28,A5,CHANDIGARH,4.8,33.0,27.1,85.125,1,0
2024-06-29,A5,CHANDIGARH,17.3,31.3,26.9,88.25,2,0
2024-06-30,A5,CHANDIGARH,30.2,32.1,26.3,89.83333333333333,3,0
2024-07-01,A5,CHANDIGARH,17.7,31.2,26.0,88.375,4,0
2024-07-02,A5,CHANDIGARH,28.1,31.0,25.9,90.41666666666669,5,0
2024-07-03,A5,CHANDIGARH,7.9,30.9,25.9,88.29166666666667,6,0
2024-07-04,A5,CHANDIGARH,18.3,31.5,25.5,90.58333333333331,7,0
2024-07-05,A5,CHANDIGARH,27.3,32.4,25.6,84.45833333333333,0,0
2024-07-06,A5,CHANDIGARH,2.4,32.2,26.2,84.25,0,0
2024-07-07,A5,CHANDIGARH,5.4,32.5,26.4,84.66666666666667,0,0
2024-07-08,A5,CHANDIGARH,1.0,32.4,26.2,81.04166666666667,0,0
2024-07-09,A5,CHANDIGARH,3.9,32.2,27.0,82.0,0,0
2024-07-10,A5,CHANDIGARH,1.4,32.9,27.5,79.41666666666667,0,0
2024-07-11,A5,CHANDIGARH,26.5,32.7,27.6,82.58333333333333,0,0
2024-07-12,A5,CHANDIGARH,9.2,32.3,26.1,87.66666666666667,1,0
2024-07-13,A5,CHANDIGARH,2.4,32.6,25.6,85.25,2,0
2024-07-14,A5,CHANDIGARH,3.3,32.8,26.4,82.375,0,0
2024-07-15,A5,CHANDIGARH,2.3,32.4,26.9,81.66666666666667,0,0
2024-07-16,A5,CHANDIGARH,2.6,32.4,26.6,82.5,0,0
2024-07-17,A5,CHANDIGARH,6.6,33.4,26.6,83.5,0,0
2024-07-18,A5,CHANDIGARH,2.0,33.2,26.6,80.5,0,0
2024-07-19,A5,CHANDIGARH,3.5,32.5,27.3,80.08333333333333,0,0
2024-07-20,A5,CHANDIGARH,2.4,32.8,27.1,79.54166666666667,0,0
2024-07-21,A5,CHANDIGARH,13.1,32.4,27.0,81.0,0,0
2024-07-22,A5,CHANDIGARH,14.5,31.7,26.7,84.33333333333333,0,0
2024-07-23,A5,CHANDIGARH,13.4,32.7,25.8,85.375,1,0
2024-07-24,A5,CHANDIGARH,18.3,32.3,26.6,86.20833333333333,2,0
2024-07-25,A5,CHANDIGARH,13.8,32.3,26.4,86.66666666666667,3,0
2024-07-26,A5,CHANDIGARH,18.9,31.2,26.3,86.66666666666667,4,0
2024-07-27,A5,CHANDIGARH,5.7,32.0,27.0,85.375,5,0
2024-07-28,A5,CHANDIGARH,20.2,32.0,26.4,87.79166666666667,6,0
2024-07-29,A5,CHANDIGARH,11.3,32.1,26.4,87.08333333333333,7,0
2024-07-30,A5,CHANDIGARH,4.4,33.0,26.2,83.83333333333333,0,0
2024-07-31,A5,CHANDIGARH,22.9,31.6,25.9,88.45833333333333,1,0
2024-08-01,A5,CHANDIGARH,88.3,29.2,24.9,91.5,2,0
2024-08-02,A5,CHANDIGARH,31.6,29.7,25.5,90.375,3,0
2024-08-03,A5,CHANDIGARH,18.1,31.0,24.9,88.54166666666667,4,0
2024-08-04,A5,CHANDIGARH,22.3,31.0,24.8,89.04166666666667,5,0
2024-08-05,A5,CHANDIGARH,33.2,32.5,24.8,87.08333333333333,6,0
2024-08-06,A5,CHANDIGARH,12.0,31.2,26.2,89.41666666666667,7,0
2024-08-07,A5,CHANDIGARH,5.3,30.6,25.7,86.875,8,0
2024-08-08,A5,CHANDIGARH,14.5,31.0,25.9,85.75,9,0
2024-08-09,A5,CHANDIGARH,20.8,31.1,25.4,86.54166666666667,10,0
2024-08-10,A5,CHANDIGARH,32.1,32.2,24.9,89.41666666666667,11,0
2024-08-11,A5,CHANDIGARH,14.4,32.2,25.1,86.70833333333333,12,0
2024-08-12,A5,CHANDIGARH,12.2,32.4,25.5,86.5,13,0
2024-08-13,A5,CHANDIGARH,9.9,32.5,25.4,87.33333333333333,14,0
2024-08-14,A5,CHANDIGARH,8.8,32.4,25.3,86.83333333333333,15,0
2024-08-15,A5,CHANDIGARH,8.0,32.6,25.7,86.41666666666667,16,0
2024-08-16,A5,CHANDIGARH,3.9,31.3,25.5,86.33333333333333,17,0
2024-08-17,A5,CHANDIGARH,23.2,32.9,25.4,87.29166666666667,18,0
2024-08-18,A5,CHANDIGARH,17.1,29.1,25.4,89.70833333333333,19,0
2024-08-19,A5,CHANDIGARH,13.0,30.3,25.6,90.5,20,0
2024-08-20,A5,CHANDIGARH,12.6,30.9,24.9,90.70833333333331,21,0
2024-08-21,A5,CHANDIGARH,27.8,31.7,25.0,89.54166666666667,22,0
2024-08-22,A5,CHANDIGARH,27.4,31.4,25.7,91.83333333333331,23,0
2024-08-23,A5,CHANDIGARH,27.2,30.7,24.6,91.33333333333331,24,0
2024-08-24,A5,CHANDIGARH,4.1,29.2,25.0,91.33333333333331,25,0
2024-08-25,A5,CHANDIGARH,42.3,29.3,24.2,94.08333333333331,26,0
2024-08-26,A5,CHANDIGARH,47.2,29.3,24.4,91.66666666666669,27,0
2024-08-27,A5,CHANDIGARH,22.6,30.1,24.7,91.66666666666669,28,0
2024-08-28,A5,CHANDIGARH,5.3,31.9,24.9,88.125,29,0
2024-08-29,A5,CHANDIGARH,4.4,32.4,25.5,83.91666666666667,0,0
2024-08-30,A5,CHANDIGARH,0.5,32.7,25.3,81.70833333333333,0,0
2024-08-31,A5,CHANDIGARH,3.3,32.3,26.2,81.95833333333333,0,0
2024-09-01,A5,CHANDIGARH,8.7,30.7,26.2,86.66666666666667,1,0
2024-09-02,A5,CHANDIGARH,3.7,32.3,25.5,85.83333333333333,2,0
2024-09-03,A5,CHANDIGARH,7.3,31.8,25.4,88.0,3,0
2024-09-04,A5,CHANDIGARH,6.3,31.4,25.9,87.33333333333333,4,0
2024-09-05,A5,CHANDIGARH,1.8,32.4,25.4,82.79166666666667,0,0
2024-09-06,A5,CHANDIGARH,0.4,33.1,26.0,84.54166666666667,0,0
2024-09-07,A5,CHANDIGARH,18.8,33.7,25.6,84.29166666666667,0,0
2024-09-08,A5,CHANDIGARH,6.7,32.3,26.3,84.16666666666667,0,0
2024-09-09,A5,CHANDIGARH,5.3,32.1,26.5,82.75,0,0
2024-09-10,A5,CHANDIGARH,6.2,31.7,25.9,84.58333333333333,0,0
2024-09-11,A5,CHANDIGARH,8.5,32.3,26.0,87.16666666666667,1,0
2024-09-12,A5,CHANDIGARH,16.9,31.9,26.3,90.54166666666669,2,0
2024-09-13,A5,CHANDIGARH,30.8,32.2,25.7,86.41666666666667,3,0
2024-09-14,A5,CHANDIGARH,58.3,27.5,25.3,93.58333333333331,4,0
2024-09-15,A5,CHANDIGARH,19.1,28.3,24.9,92.75,5,0
2024-09-16,A5,CHANDIGARH,18.1,27.8,25.2,89.79166666666667,6,0
2024-09-17,A5,CHANDIGARH,0.3,32.2,25.6,83.79166666666667,0,0
2024-09-18,A5,CHANDIGARH,0.0,33.0,24.4,79.125,0,1
2024-09-19,A5,CHANDIGARH,3.7,32.8,25.9,84.79166666666667,0,0
2024-09-20,A5,CHANDIGARH,0.0,33.9,26.5,82.70833333333333,0,1
2024-09-21,A5,CHANDIGARH,6.4,33.4,26.3,83.70833333333333,0,0
2024-09-22,A5,CHANDIGARH,0.0,34.1,27.0,81.79166666666667,0,1
2024-09-23,A5,CHANDIGARH,6.3,34.1,26.3,87.70833333333333,1,0
2024-09-24,A5,CHANDIGARH,10.1,30.8,26.4,87.95833333333333,2,0
2024-09-25,A5,CHANDIGARH,24.6,28.9,24.4,91.95833333333331,3,0
2024-09-26,A5,CHANDIGARH,30.9,28.3,24.3,92.70833333333331,4,0
2024-09-27,A5,CHANDIGARH,11.6,30.5,24.7,89.54166666666667,5,0
2024-09-28,A5,CHANDIGARH,6.3,31.3,24.8,87.5,6,0
2024-09-29,A5,CHANDIGARH,3.9,32.4,26.3,88.95833333333333,7,0
2024-09-30,A5,CHANDIGARH,0.8,33.2,25.8,84.625,0,0
2024-10-01,A5,CHANDIGARH,11.8,33.7,26.6,85.375,1,0
2024-10-02,A5,CHANDIGARH,6.2,31.9,24.7,89.45833333333333,2,0
2024-10-03,A5,CHANDIGARH,32.5,30.9,25.9,91.91666666666669,3,0
2024-10-04,A5,CHANDIGARH,23.2,30.0,24.9,91.75,4,0
2024-10-05,A5,CHANDIGARH,21.8,30.2,24.7,92.20833333333331,5,0
2024-10-06,A5,CHANDIGARH,3.7,30.3,24.5,90.375,6,0
2024-10-07,A5,CHANDIGARH,11.7,31.0,24.0,91.20833333333331,7,0
2024-10-08,A5,CHANDIGARH,10.4,30.2,25.1,91.25,8,0
2024-10-09,A5,CHANDIGARH,9.7,30.3,24.6,91.66666666666669,9,0
2024-10-10,A5,CHANDIGARH,8.2,30.6,24.5,89.91666666666667,10,0
2024-10-11,A5,CHANDIGARH,5.2,31.9,25.1,87.45833333333333,11,0
2024-10-12,A5,CHANDIGARH,4.3,31.7,24.4,87.66666666666667,12,0
2024-10-13,A5,CHANDIGARH,1.6,31.9,24.5,86.875,13,0
2024-10-14,A5,CHANDIGARH,0.0,32.1,23.8,80.83333333333333,0,1
2024-10-15,A5,CHANDIGARH,9.0,31.4,24.4,86.66666666666667,1,0
2024-10-16,A5,CHANDIGARH,0.0,31.3,23.9,85.04166666666667,2,1
2024-10-17,A5,CHANDIGARH,8.7,31.1,23.8,89.04166666666667,3,0
2024-10-18,A5,CHANDIGARH,5.2,29.5,23.4,90.125,4,0
2024-10-19,A5,CHANDIGARH,7.2,30.2,23.4,88.75,5,0
2024-10-20,A5,CHANDIGARH,0.0,30.5,23.7,81.125,0,1
2024-10-21,A5,CHANDIGARH,0.0,30.5,24.0,80.54166666666667,0,2
2024-10-22,A5,CHANDIGARH,0.0,30.9,22.7,81.66666666666667,0,3
2024-10-23,A5,CHANDIGARH,17.8,29.7,24.0,86.20833333333333,1,0
2024-10-24,A5,CHANDIGARH,13.7,27.0,24.1,89.54166666666667,2,0
2024-10-25,A5,CHANDIGARH,28.2,26.1,23.5,92.91666666666669,3,0
2024-10-26,A5,CHANDIGARH,2.7,31.5,24.4,81.54166666666667,0,0
2024-10-27,A5,CHANDIGARH,0.2,31.2,23.5,83.5,0,0
2024-10-28,A5,CHANDIGARH,0.3,31.3,23.4,81.54166666666667,0,0
2024-10-29,A5,CHANDIGARH,0.0,31.2,23.6,81.45833333333333,0,1
2024-10-30,A5,CHANDIGARH,0.4,30.9,23.6,87.625,1,0
2024-10-31,A5,CHANDIGARH,0.3,31.1,23.8,89.125,2,0
2024-11-01,A5,CHANDIGARH,0.0,32.2,23.1,77.33333333333333,0,1
2024-11-02,A5,CHANDIGARH,0.0,31.3,20.9,74.0,0,2
2024-11-03,A5,CHANDIGARH,0.0,30.6,21.0,78.58333333333333,0,3
2024-11-04,A5,CHANDIGARH,0.0,30.4,21.1,77.5,0,4
2024-11-05,A5,CHANDIGARH,0.5,30.4,21.9,77.0,0,0
2024-11-06,A5,CHANDIGARH,0.6,29.5,22.0,79.58333333333333,0,0
2024-11-07,A5,CHANDIGARH,0.2,29.9,21.1,81.16666666666667,0,0
2024-11-08,A5,CHANDIGARH,0.0,30.2,21.0,78.41666666666667,0,1
2024-11-09,A5,CHANDIGARH,0.0,29.7,20.9,79.375,0,2
2024-11-10,A5,CHANDIGARH,0.0,30.1,20.3,78.375,0,3
2024-11-11,A5,CHANDIGARH,0.0,30.2,20.1,74.66666666666667,0,4
2024-11-12,A5,CHANDIGARH,0.0,30.1,19.8,72.5,0,5
2024-11-13,A5,CHANDIGARH,0.0,31.4,20.2,64.16666666666667,0,6
2024-11-14,A5,CHANDIGARH,0.0,31.3,20.1,57.625,0,7
2024-11-15,A5,CHANDIGARH,0.0,31.4,19.0,56.625,0,8
2024-11-16,A5,CHANDIGARH,0.0,30.2,18.2,53.958333333333336,0,9
2024-11-17,A5,CHANDIGARH,0.0,29.5,17.9,58.16666666666666,0,10
2024-11-18,A5,CHANDIGARH,0.0,29.2,17.7,58.458333333333336,0,11
2024-11-19,A5,CHANDIGARH,0.0,28.8,17.8,61.75,0,12
2024-11-20,A5,CHANDIGARH,0.0,29.6,17.7,62.04166666666666,0,13
2024-11-21,A5,CHANDIGARH,0.0,29.3,18.5,63.25,0,14
2024-11-22,A5,CHANDIGARH,0.0,29.5,18.0,60.958333333333336,0,15
2024-11-23,A5,CHANDIGARH,0.0,29.3,17.9,58.54166666666666,0,16
2024-11-24,A5,CHANDIGARH,0.0,29.0,16.6,60.16666666666666,0,17
2024-11-25,A5,CHANDIGARH,0.0,28.2,16.3,60.25,0,18
2024-11-26,A5,CHANDIGARH,0.0,28.2,16.3,60.583333333333336,0,19
2024-11-27,A5,CHANDIGARH,0.0,28.7,16.5,62.0,0,20
2024-11-28,A5,CHANDIGARH,0.0,28.9,17.1,68.875,0,21
2024-11-29,A5,CHANDIGARH,0.0,28.1,19.7,65.0,0,22
2024-11-30,A5,CHANDIGARH,23.4,23.5,19.0,77.5,0,0
2024-12-01,A5,CHANDIGARH,0.0,28.8,18.8,67.70833333333333,0,1
2024-12-02,A5,CHANDIGARH,2.4,23.0,19.2,72.16666666666667,0,0
2024-12-03,A5,CHANDIGARH,0.0,29.0,18.8,61.208333333333336,0,1
2024-12-04,A5,CHANDIGARH,0.0,28.7,16.6,69.41666666666667,0,2
2024-12-05,A5,CHANDIGARH,0.0,29.5,15.9,61.458333333333336,0,3
2024-12-06,A5,CHANDIGARH,0.0,27.4,16.0,62.5,0,4
2024-12-07,A5,CHANDIGARH,0.0,26.5,14.5,66.33333333333333,0,5
2024-12-08,A5,CHANDIGARH,0.0,26.2,13.5,65.25,0,6
2024-12-09,A5,CHANDIGARH,0.0,26.3,14.7,69.41666666666667,0,7
2024-12-10,A5,CHANDIGARH,0.0,26.4,16.7,76.58333333333333,0,8
2024-12-11,A5,CHANDIGARH,0.0,24.5,14.4,70.58333333333333,0,9
2024-12-12,A5,CHANDIGARH,0.0,24.0,12.3,69.08333333333333,0,10
2024-12-13,A5,CHANDIGARH,0.0,23.6,11.6,69.83333333333333,0,11
2024-12-14,A5,CHANDIGARH,0.0,23.3,12.3,70.95833333333333,0,12
2024-12-15,A5,CHANDIGARH,0.0,24.0,11.0,69.91666666666667,0,13
2024-12-16,A5,CHANDIGARH,0.0,24.8,12.8,76.875,0,14
2024-12-17,A5,CHANDIGARH,0.0,25.9,13.1,76.33333333333333,0,15
2024-12-18,A5,CHANDIGARH,0.0,26.8,14.3,74.91666666666667,0,16
2024-12-19,A5,CHANDIGARH,0.0,26.1,14.4,73.33333333333333,0,17
2024-12-20,A5,CHANDIGARH,0.0,25.9,14.0,76.625,0,18
2024-12-21,A5,CHANDIGARH,1.6,20.3,15.5,86.16666666666667,1,0
2024-12-22,A5,CHANDIGARH,0.0,25.4,15.0,84.75,0,1
2024-12-23,A5,CHANDIGARH,0.0,26.3,15.1,73.41666666666667,0,2
2024-12-24,A5,CHANDIGARH,0.8,26.0,14.9,70.20833333333333,0,0
2024-12-25,A5,CHANDIGARH,0.0,26.0,16.8,74.20833333333333,0,1
2024-12-26,A5,CHANDIGARH,0.0,27.0,16.2,73.04166666666667,0,2
2024-12-27,A5,CHANDIGARH,0.0,26.7,15.0,70.16666666666667,0,3
2024-12-28,A5,CHANDIGARH,0.0,26.0,14.0,72.95833333333333,0,4
2024-12-29,A5,CHANDIGARH,0.0,26.8,15.4,70.70833333333333,0,5
2024-12-30,A5,CHANDIGARH,0.0,26.1,16.6,76.83333333333333,0,6
2024-12-31,A5,CHANDIGARH,0.0,23.8,15.2,73.375,0,7
2025-01-01,A5,CHANDIGARH,0.0,22.8,12.8,79.08333333333333,0,8
2025-01-02,A5,CHANDIGARH,0.0,22.1,12.1,79.41666666666667,0,9
2025-01-03,A5,CHANDIGARH,0.0,22.2,11.1,80.5,0,10
2025-01-04,A5,CHANDIGARH,0.0,23.7,13.0,82.04166666666667,0,11
2025-01-05,A5,CHANDIGARH,0.0,24.2,13.8,82.45833333333333,0,12
2025-01-06,A5,CHANDIGARH,0.0,24.4,12.7,78.83333333333333,0,13
2025-01-07,A5,CHANDIGARH,0.0,25.7,14.2,77.125,0,14
2025-01-08,A5,CHANDIGARH,0.0,22.2,13.5,79.95833333333333,0,15
2025-01-09,A5,CHANDIGARH,0.0,21.9,12.0,80.83333333333333,0,16
2025-01-10,A5,CHANDIGARH,0.0,22.6,12.0,74.70833333333333,0,17
2025-01-11,A5,CHANDIGARH,0.0,23.3,11.4,79.79166666666667,0,18
2025-01-12,A5,CHANDIGARH,0.0,24.5,12.7,78.5,0,19
2025-01-13,A5,CHANDIGARH,0.0,26.2,13.6,74.58333333333333,0,20
2025-01-14,A5,CHANDIGARH,0.0,25.0,15.2,77.125,0,21
2025-01-15,A5,CHANDIGARH,0.0,24.1,14.0,75.33333333333333,0,22
2025-01-16,A5,CHANDIGARH,0.0,24.3,13.2,78.58333333333333,0,23
2025-01-17,A5,CHANDIGARH,0.0,24.4,14.0,76.625,0,24
2025-01-18,A5,CHANDIGARH,0.0,24.3,13.9,76.375,0,25
2025-01-19,A5,CHANDIGARH,0.0,24.1,13.3,70.0,0,26
2025-01-20,A5,CHANDIGARH,0.0,23.5,12.3,71.625,0,27
2025-01-21,A5,CHANDIGARH,0.0,25.0,12.8,76.16666666666667,0,28
2025-01-22,A5,CHANDIGARH,0.0,26.0,13.9,80.58333333333333,0,29
2025-01-23,A5,CHANDIGARH,0.0,27.6,13.5,80.91666666666667,0,30
2025-01-24,A5,CHANDIGARH,0.0,27.6,14.6,82.41666666666667,0,31
2025-01-25,A5,CHANDIGARH,0.1,25.2,16.1,82.5,0,0
2025-01-26,A5,CHANDIGARH,0.0,24.0,13.1,70.33333333333333,0,1
2025-01-27,A5,CHANDIGARH,0.0,23.8,12.8,67.58333333333333,0,2
2025-01-28,A5,CHANDIGARH,0.0,25.4,12.7,71.66666666666667,0,3
2025-01-29,A5,CHANDIGARH,0.4,26.9,14.3,83.08333333333333,0,0
2025-01-30,A5,CHANDIGARH,0.2,28.9,18.0,79.29166666666667,0,0
2025-01-31,A5,CHANDIGARH,0.0,28.9,19.1,82.08333333333333,0,1
2025-02-01,A5,CHANDIGARH,0.5,28.6,20.0,87.5,1,0
2025-02-02,A5,CHANDIGARH,0.0,28.5,20.3,87.5,2,1
2025-02-03,A5,CHANDIGARH,0.0,28.4,19.0,76.79166666666667,0,2
2025-02-04,A5,CHANDIGARH,0.0,26.8,16.7,69.75,0,3
2025-02-05,A5,CHANDIGARH,0.0,28.7,16.0,71.66666666666667,0,4
2025-02-06,A5,CHANDIGARH,0.0,28.4,18.6,70.29166666666667,0,5
2025-02-07,A5,CHANDIGARH,0.0,25.2,14.5,59.66666666666666,0,6
2025-02-08,A5,CHANDIGARH,0.0,25.1,13.3,63.583333333333336,0,7
2025-02-09,A5,CHANDIGARH,0.0,25.6,13.3,62.458333333333336,0,8
2025-02-10,A5,CHANDIGARH,0.0,28.8,14.5,65.41666666666667,0,9
2025-02-11,A5,CHANDIGARH,0.0,29.5,18.6,77.45833333333333,0,10
2025-02-12,A5,CHANDIGARH,0.0,29.7,19.3,80.125,0,11
2025-02-13,A5,CHANDIGARH,0.0,29.7,20.1,73.08333333333333,0,12
2025-02-14,A5,CHANDIGARH,0.0,27.4,15.6,51.5,0,13
2025-02-15,A5,CHANDIGARH,0.0,28.5,15.8,57.125,0,14
2025-02-16,A5,CHANDIGARH,0.0,30.5,16.4,65.33333333333333,0,15
2025-02-17,A5,CHANDIGARH,0.1,31.1,18.3,76.95833333333333,0,0
2025-02-18,A5,CHANDIGARH,2.5,29.7,18.5,81.29166666666667,0,0
2025-02-19,A5,CHANDIGARH,12.6,28.2,18.7,84.0,0,0
2025-02-20,A5,CHANDIGARH,7.7,27.1,18.8,86.41666666666667,1,0
2025-02-21,A5,CHANDIGARH,0.0,28.8,17.5,80.58333333333333,0,1
2025-02-22,A5,CHANDIGARH,11.8,28.8,19.2,86.54166666666667,1,0
2025-02-23,A5,CHANDIGARH,5.7,28.1,18.0,82.29166666666667,0,0
2025-02-24,A5,CHANDIGARH,0.0,28.8,17.6,73.91666666666667,0,1
2025-02-25,A5,CHANDIGARH,0.0,29.0,18.3,71.08333333333333,0,2
2025-02-26,A5,CHANDIGARH,0.0,29.1,17.9,71.70833333333333,0,3
2025-02-27,A5,CHANDIGARH,0.0,29.7,17.8,70.91666666666667,0,4
2025-02-28,A5,CHANDIGARH,0.0,30.4,19.5,72.29166666666667,0,5
2025-03-01,A5,CHANDIGARH,0.0,32.9,20.0,72.58333333333333,0,6
2025-03-02,A5,CHANDIGARH,0.0,33.0,20.9,70.45833333333333,0,7
2025-03-03,A5,CHANDIGARH,0.0,31.7,20.6,65.16666666666667,0,8
2025-03-04,A5,CHANDIGARH,0.0,30.6,20.4,59.375,0,9
2025-03-05,A5,CHANDIGARH,0.0,30.7,19.8,55.708333333333336,0,10
2025-03-06,A5,CHANDIGARH,0.0,27.1,17.0,52.54166666666666,0,11
2025-03-07,A5,CHANDIGARH,0.0,29.1,15.8,54.04166666666666,0,12
2025-03-08,A5,CHANDIGARH,0.0,31.4,17.7,66.0,0,13
2025-03-09,A5,CHANDIGARH,0.0,31.3,18.8,74.875,0,14
2025-03-10,A5,CHANDIGARH,0.0,32.2,19.7,68.66666666666667,0,15
2025-03-11,A5,CHANDIGARH,0.0,32.9,20.6,55.958333333333336,0,16
2025-03-12,A5,CHANDIGARH,0.0,34.0,20.4,59.833333333333336,0,17
2025-03-13,A5,CHANDIGARH,0.0,35.4,22.4,63.29166666666666,0,18
2025-03-14,A5,CHANDIGARH,0.0,35.9,22.8,72.33333333333333,0,19
2025-03-15,A5,CHANDIGARH,0.1,34.9,23.5,78.58333333333333,0,0
2025-03-16,A5,CHANDIGARH,6.1,38.0,24.2,73.29166666666667,0,0
2025-03-17,A5,CHANDIGARH,2.9,34.9,23.1,73.91666666666667,0,0
2025-03-18,A5,CHANDIGARH,0.0,33.5,23.9,62.29166666666666,0,1
2025-03-19,A5,CHANDIGARH,0.0,34.8,22.2,64.79166666666667,0,2
2025-03-20,A5,CHANDIGARH,3.9,31.2,24.1,79.20833333333333,0,0
2025-03-21,A5,CHANDIGARH,5.7,30.7,21.1,68.875,0,0
2025-03-22,A5,CHANDIGARH,4.8,26.6,20.9,78.83333333333333,0,0
2025-03-23,A5,CHANDIGARH,0.2,28.6,18.6,78.58333333333333,0,0
2025-03-24,A5,CHANDIGARH,0.0,30.7,18.0,69.29166666666667,0,1
2025-03-25,A5,CHANDIGARH,0.0,32.0,19.4,66.58333333333333,0,2
2025-03-26,A5,CHANDIGARH,0.0,34.2,21.1,64.08333333333333,0,3
2025-03-27,A5,CHANDIGARH,0.0,35.4,23.3,62.875,0,4
2025-03-28,A5,CHANDIGARH,0.0,36.7,23.2,56.333333333333336,0,5
2025-03-29,A5,CHANDIGARH,0.0,35.5,23.3,60.958333333333336,0,6
2025-03-30,A5,CHANDIGARH,0.1,35.4,24.1,75.75,0,0
2025-03-31,A5,CHANDIGARH,0.0,35.9,25.2,71.25,0,1
2025-04-01,A5,CHANDIGARH,0.0,36.1,25.0,69.125,0,2
2025-04-02,A5,CHANDIGARH,0.2,36.5,24.9,68.70833333333333,0,0
2025-04-03,A5,CHANDIGARH,0.0,36.0,24.8,68.29166666666667,0,1
2025-04-04,A5,CHANDIGARH,0.0,34.0,25.4,70.29166666666667,0,2
2025-04-05,A5,CHANDIGARH,0.0,36.4,24.4,62.333333333333336,0,3
2025-04-06,A5,CHANDIGARH,0.5,35.7,24.3,70.08333333333333,0,0
2025-04-07,A5,CHANDIGARH,0.7,34.9,24.5,72.08333333333333,0,0
2025-04-08,A5,CHANDIGARH,0.5,34.2,24.2,75.04166666666667,0,0
2025-04-09,A5,CHANDIGARH,2.4,33.5,23.5,67.58333333333333,0,0
2025-04-10,A5,CHANDIGARH,22.5,34.5,21.9,73.08333333333333,0,0
2025-04-11,A5,CHANDIGARH,0.3,31.9,21.9,76.25,0,0
2025-04-12,A5,CHANDIGARH,1.6,34.9,23.7,77.875,0,0
2025-04-13,A5,CHANDIGARH,0.0,33.3,23.4,70.20833333333333,0,1
2025-04-14,A5,CHANDIGARH,3.3,32.4,23.9,75.16666666666667,0,0
2025-04-15,A5,CHANDIGARH,1.2,32.6,23.4,74.08333333333333,0,0
2025-04-16,A5,CHANDIGARH,3.7,33.4,23.1,75.54166666666667,0,0
2025-04-17,A5,CHANDIGARH,28.3,32.3,22.9,85.95833333333333,1,0
2025-04-18,A5,CHANDIGARH,7.6,29.6,22.6,84.83333333333333,0,0
2025-04-19,A5,CHANDIGARH,2.0,29.9,23.0,85.79166666666667,1,0
2025-04-20,A5,CHANDIGARH,0.9,34.7,24.8,82.83333333333333,0,0
2025-04-21,A5,CHANDIGARH,0.1,36.1,27.6,79.95833333333333,0,0
2025-04-22,A5,CHANDIGARH,0.0,36.4,27.5,78.54166666666667,0,1
2025-04-23,A5,CHANDIGARH,0.0,38.3,27.1,70.875,0,2
2025-04-24,A5,CHANDIGARH,0.0,37.1,27.2,76.58333333333333,0,3
2025-04-25,A5,CHANDIGARH,1.5,38.0,27.4,77.33333333333333,0,0
2025-04-26,A5,CHANDIGARH,1.3,36.3,27.0,76.25,0,0
2025-04-27,A5,CHANDIGARH,0.0,35.2,27.6,70.91666666666667,0,1
2025-04-28,A5,CHANDIGARH,1.5,29.8,24.9,83.66666666666667,0,0
2025-04-29,A5,CHANDIGARH,11.3,30.7,22.5,83.66666666666667,0,0
2025-04-30,A5,CHANDIGARH,1.6,30.6,21.8,83.75,0,0
2025-05-01,A5,CHANDIGARH,2.7,31.4,22.0,80.79166666666667,0,0
2025-05-02,A5,CHANDIGARH,0.0,30.5,21.7,77.66666666666667,0,1
2025-05-03,A5,CHANDIGARH,1.4,32.2,23.3,78.625,0,0
2025-05-04,A5,CHANDIGARH,3.6,31.2,23.8,83.5,0,0
2025-05-05,A5,CHANDIGARH,1.5,32.7,23.6,79.875,0,0
2025-05-06,A5,CHANDIGARH,14.0,32.2,24.5,86.45833333333333,1,0
2025-05-07,A5,CHANDIGARH,1.1,33.5,24.0,80.375,0,0
2025-05-08,A5,CHANDIGARH,0.0,35.8,26.9,72.20833333333333,0,1
2025-05-09,A5,CHANDIGARH,0.0,36.5,26.8,71.58333333333333,0,2
2025-05-10,A5,CHANDIGARH,0.6,36.4,26.7,70.33333333333333,0,0
2025-05-11,A5,CHANDIGARH,0.0,36.7,27.2,67.04166666666667,0,1
2025-05-12,A5,CHANDIGARH,1.0,37.1,28.6,67.25,0,0
2025-05-13,A5,CHANDIGARH,1.5,35.8,28.4,75.125,0,0
2025-05-14,A5,CHANDIGARH,0.7,36.5,28.2,74.25,0,0
2025-05-15,A5,CHANDIGARH,7.6,35.2,27.1,79.375,0,0
2025-05-16,A5,CHANDIGARH,8.7,35.0,27.8,77.58333333333333,0,0
2025-05-17,A5,CHANDIGARH,17.3,35.0,25.5,80.66666666666667,0,0
2025-05-18,A5,CHANDIGARH,10.6,30.6,25.4,86.04166666666667,1,0
2025-05-19,A5,CHANDIGARH,5.4,33.3,26.0,80.54166666666667,0,0
2025-05-20,A5,CHANDIGARH,16.2,34.6,25.2,81.45833333333333,0,0
2025-05-21,A5,CHANDIGARH,28.3,33.6,25.8,83.875,0,0
2025-05-22,A5,CHANDIGARH,3.8,32.2,26.1,79.16666666666667,0,0
2025-05-23,A5,CHANDIGARH,4.8,31.2,25.7,85.29166666666667,1,0
2025-05-24,A5,CHANDIGARH,5.1,32.1,25.4,87.16666666666667,2,0
2025-05-25,A5,CHANDIGARH,13.7,31.0,25.6,88.875,3,0
2025-05-26,A5,CHANDIGARH,14.2,30.6,25.2,90.91666666666669,4,0
2025-05-27,A5,CHANDIGARH,9.1,31.7,25.5,89.25,5,0
2025-05-28,A5,CHANDIGARH,10.0,31.6,25.9,87.25,6,0
2025-05-29,A5,CHANDIGARH,31.8,29.3,25.4,91.08333333333331,7,0
2025-05-30,A5,CHANDIGARH,19.0,32.8,24.7,80.33333333333333,0,0
2025-05-31,A5,CHANDIGARH,33.5,32.2,25.3,89.41666666666667,1,0
2025-06-01,A5,CHANDIGARH,21.4,31.3,26.7,91.33333333333331,2,0
2025-06-02,A5,CHANDIGARH,0.0,36.0,26.8,78.08333333333333,0,1
2025-06-03,A5,CHANDIGARH,0.3,34.8,27.1,72.41666666666667,0,0
2025-06-04,A5,CHANDIGARH,1.2,34.0,26.1,83.45833333333333,0,0
2025-06-05,A5,CHANDIGARH,1.4,32.3,26.5,84.20833333333333,0,0
2025-06-06,A5,CHANDIGARH,6.0,32.7,25.9,86.08333333333333,1,0
2025-06-07,A5,CHANDIGARH,0.0,33.7,25.4,78.04166666666667,0,1
2025-06-08,A5,CHANDIGARH,0.7,33.7,26.4,82.33333333333333,0,0
2025-06-09,A5,CHANDIGARH,0.2,33.6,26.3,79.375,0,0
2025-06-10,A5,CHANDIGARH,0.3,34.2,26.3,79.83333333333333,0,0
2025-06-11,A5,CHANDIGARH,0.3,33.1,26.8,81.95833333333333,0,0
2025-06-12,A5,CHANDIGARH,0.4,33.1,25.8,79.29166666666667,0,0
2025-06-13,A5,CHANDIGARH,0.2,33.3,26.6,78.875,0,0
2025-06-14,A5,CHANDIGARH,0.6,34.1,27.3,77.54166666666667,0,0
2025-06-15,A5,CHANDIGARH,17.4,30.5,26.7,88.58333333333333,1,0
2025-06-16,A5,CHANDIGARH,32.4,31.7,26.0,89.375,2,0
2025-06-17,A5,CHANDIGARH,52.8,28.8,25.2,95.04166666666669,3,0
2025-06-18,A5,CHANDIGARH,26.0,28.6,25.3,92.41666666666669,4,0
2025-06-19,A5,CHANDIGARH,64.9,30.5,24.1,86.54166666666667,5,0
2025-06-20,A5,CHANDIGARH,9.9,32.1,26.1,85.625,6,0
2025-06-21,A5,CHANDIGARH,1.1,33.2,26.4,84.33333333333333,0,0
2025-06-22,A5,CHANDIGARH,25.8,32.4,26.3,89.29166666666667,1,0
2025-06-23,A5,CHANDIGARH,9.4,31.8,26.2,87.16666666666667,2,0
2025-06-24,A5,CHANDIGARH,4.0,32.4,26.2,85.95833333333333,3,0
2025-06-25,A5,CHANDIGARH,14.5,31.7,26.2,87.33333333333333,4,0
2025-06-26,A5,CHANDIGARH,2.6,32.1,26.5,83.29166666666667,0,0
2025-06-27,A5,CHANDIGARH,15.9,31.3,25.3,88.66666666666667,1,0
2025-06-28,A5,CHANDIGARH,15.6,30.5,25.4,88.95833333333333,2,0
2025-06-29,A5,CHANDIGARH,43.2,31.2,25.4,90.29166666666669,3,0
2025-06-30,A5,CHANDIGARH,21.1,30.0,25.3,91.58333333333331,4,0
2025-07-01,A5,CHANDIGARH,19.4,30.4,26.0,89.125,5,0
2025-07-02,A5,CHANDIGARH,13.2,32.6,25.8,88.70833333333333,6,0
2025-07-03,A5,CHANDIGARH,33.5,31.0,25.6,91.04166666666669,7,0
2025-07-04,A5,CHANDIGARH,29.4,31.4,24.9,91.58333333333331,8,0
2025-07-05,A5,CHANDIGARH,15.5,30.5,25.6,91.20833333333331,9,0
2025-07-06,A5,CHANDIGARH,3.7,29.0,25.5,91.58333333333331,10,0
2025-07-07,A5,CHANDIGARH,14.4,29.2,25.3,93.70833333333331,11,0
2025-07-08,A5,CHANDIGARH,30.2,28.2,24.6,93.41666666666669,12,0
2025-07-09,A5,CHANDIGARH,18.1,29.9,24.8,90.58333333333331,13,0
2025-07-10,A5,CHANDIGARH,29.6,31.1,24.9,89.41666666666667,14,0
2025-07-11,A5,CHANDIGARH,10.1,30.5,25.4,88.45833333333333,15,0
2025-07-12,A5,CHANDIGARH,5.9,33.2,25.5,86.375,16,0
2025-07-13,A5,CHANDIGARH,12.6,31.8,26.1,88.625,17,0
2025-07-14,A5,CHANDIGARH,33.4,27.5,25.2,93.70833333333331,18,0
2025-07-15,A5,CHANDIGARH,16.9,30.0,24.9,90.95833333333331,19,0
2025-07-16,A5,CHANDIGARH,11.7,30.6,26.0,88.45833333333333,20,0
2025-07-17,A5,CHANDIGARH,0.3,33.0,26.3,82.625,0,0
2025-07-18,A5,CHANDIGARH,5.4,32.9,26.5,86.20833333333333,1,0
2025-07-19,A5,CHANDIGARH,1.5,33.5,26.7,83.29166666666667,0,0
2025-07-20,A5,CHANDIGARH,1.5,32.9,26.8,83.75,0,0
2025-07-21,A5,CHANDIGARH,0.4,32.7,26.6,83.95833333333333,0,0
2025-07-22,A5,CHANDIGARH,7.0,33.3,26.9,82.41666666666667,0,0
2025-07-23,A5,CHANDIGARH,0.6,33.9,27.0,78.66666666666667,0,0
2025-07-24,A5,CHANDIGARH,14.1,32.7,26.4,84.91666666666667,0,0
2025-07-25,A5,CHANDIGARH,45.3,30.5,26.0,90.29166666666669,1,0
2025-07-26,A5,CHANDIGARH,6.1,31.1,26.3,87.375,2,0
2025-07-27,A5,CHANDIGARH,6.1,32.5,26.1,86.5,3,0
2025-07-28,A5,CHANDIGARH,7.1,30.6,26.7,88.375,4,0
2025-07-29,A5,CHANDIGARH,48.6,29.6,25.8,91.66666666666669,5,0
2025-07-30,A5,CHANDIGARH,21.0,29.2,25.2,92.0,6,0
2025-07-31,A5,CHANDIGARH,33.1,29.2,24.8,93.125,7,0
2025-08-01,A5,CHANDIGARH,15.6,32.1,25.7,89.625,8,0
2025-08-02,A5,CHANDIGARH,3.5,32.0,25.9,86.83333333333333,9,0
2025-08-03,A5,CHANDIGARH,18.3,32.8,26.7,87.91666666666667,10,0
2025-08-04,A5,CHANDIGARH,25.5,31.5,25.8,90.04166666666667,11,0
2025-08-05,A5,CHANDIGARH,14.7,32.2,26.2,90.66666666666669,12,0
2025-08-06,A5,CHANDIGARH,12.5,30.5,25.4,90.16666666666669,13,0
2025-08-07,A5,CHANDIGARH,6.2,31.2,25.4,89.45833333333333,14,0
2025-08-08,A5,CHANDIGARH,1.7,31.1,24.6,86.79166666666667,15,0
2025-08-09,A5,CHANDIGARH,19.0,31.4,25.1,85.79166666666667,16,0
2025-08-10,A5,CHANDIGARH,0.8,32.9,26.7,79.91666666666667,0,0
2025-08-11,A5,CHANDIGARH,6.1,32.3,26.5,84.41666666666667,0,0
2025-08-12,A5,CHANDIGARH,10.6,33.5,26.6,83.54166666666667,0,0
2025-08-13,A5,CHANDIGARH,22.6,30.9,26.5,88.66666666666667,1,0
2025-08-14,A5,CHANDIGARH,6.8,30.0,25.5,89.41666666666667,2,0
2025-08-15,A5,CHANDIGARH,11.8,31.6,25.4,88.54166666666667,3,0
2025-08-16,A5,CHANDIGARH,4.0,32.3,25.7,85.41666666666667,4,0
2025-08-17,A5,CHANDIGARH,6.4,32.2,26.1,84.375,0,0
2025-08-18,A5,CHANDIGARH,6.6,31.8,26.3,84.29166666666667,0,0
2025-08-19,A5,CHANDIGARH,10.1,30.3,25.7,87.25,1,0
2025-08-20,A5,CHANDIGARH,3.1,29.9,25.4,86.875,2,0
2025-08-21,A5,CHANDIGARH,61.0,28.3,24.8,93.33333333333331,3,0
2025-08-22,A5,CHANDIGARH,26.0,30.2,24.3,92.25,4,0
2025-08-23,A5,CHANDIGARH,10.4,28.7,24.8,91.08333333333331,5,0
2025-08-24,A5,CHANDIGARH,9.8,30.2,24.6,88.75,6,0
2025-08-25,A5,CHANDIGARH,3.1,31.7,24.9,88.16666666666667,7,0
2025-08-26,A5,CHANDIGARH,1.7,31.9,25.1,85.0,0,0
2025-08-27,A5,CHANDIGARH,6.7,31.8,25.7,85.125,1,0
2025-08-28,A5,CHANDIGARH,10.0,30.6,25.7,87.5,2,0
2025-08-29,A5,CHANDIGARH,23.5,30.1,25.6,90.41666666666669,3,0
2025-08-30,A5,CHANDIGARH,16.3,30.4,25.6,91.08333333333331,4,0
2025-08-31,A5,CHANDIGARH,2.7,32.0,25.1,88.16666666666667,5,0
2025-09-01,A5,CHANDIGARH,22.5,33.5,26.1,83.95833333333333,0,0
2025-09-02,A5,CHANDIGARH,12.4,31.0,25.6,88.95833333333333,1,0
2025-09-03,A5,CHANDIGARH,14.9,29.4,25.0,88.125,2,0
2025-09-04,A5,CHANDIGARH,12.5,30.1,25.6,89.33333333333333,3,0
2025-09-05,A5,CHANDIGARH,10.1,31.9,25.4,88.875,4,0
2025-09-06,A5,CHANDIGARH,2.0,32.5,25.2,84.70833333333333,0,0
2025-09-07,A5,CHANDIGARH,0.3,33.1,25.6,81.08333333333333,0,0
2025-09-08,A5,CHANDIGARH,0.2,32.9,25.7,79.54166666666667,0,0
2025-09-09,A5,CHANDIGARH,0.2,33.1,25.7,79.125,0,0
2025-09-10,A5,CHANDIGARH,0.2,33.6,26.4,79.125,0,0
2025-09-11,A5,CHANDIGARH,3.3,32.9,26.3,87.0,1,0
2025-09-12,A5,CHANDIGARH,14.7,31.7,25.3,88.83333333333333,2,0
2025-09-13,A5,CHANDIGARH,8.4,30.7,25.7,88.75,3,0
2025-09-14,A5,CHANDIGARH,46.5,30.5,26.2,92.33333333333331,4,0
2025-09-15,A5,CHANDIGARH,30.5,29.6,24.2,91.91666666666669,5,0
2025-09-16,A5,CHANDIGARH,11.4,29.5,24.4,90.79166666666669,6,0
2025-09-17,A5,CHANDIGARH,7.5,30.5,24.9,89.58333333333333,7,0
2025-09-18,A5,CHANDIGARH,3.3,31.9,26.1,86.625,8,0
2025-09-19,A5,CHANDIGARH,14.5,30.7,25.6,92.45833333333331,9,0
2025-09-20,A5,CHANDIGARH,12.8,32.4,25.9,89.75,10,0
2025-09-21,A5,CHANDIGARH,1.1,32.6,25.4,86.75,11,0
2025-09-22,A5,CHANDIGARH,15.4,30.3,25.1,91.95833333333331,12,0
2025-09-23,A5,CHANDIGARH,12.8,31.0,24.6,88.375,13,0
2025-09-24,A5,CHANDIGARH,7.1,31.4,24.9,90.16666666666669,14,0
2025-09-25,A5,CHANDIGARH,22.6,32.7,25.6,87.91666666666667,15,0
2025-09-26,A5,CHANDIGARH,7.0,31.9,25.5,87.5,16,0
2025-09-27,A5,CHANDIGARH,9.4,30.1,25.6,87.95833333333333,17,0
2025-09-28,A5,CHANDIGARH,6.2,31.8,25.5,89.79166666666667,18,0
2025-09-29,A5,CHANDIGARH,1.3,32.3,25.9,84.125,0,0
2025-09-30,A5,CHANDIGARH,2.3,32.2,26.3,86.75,1,0
2025-10-01,A5,CHANDIGARH,18.5,31.5,24.7,88.5,2,0
2025-10-02,A5,CHANDIGARH,28.7,28.0,24.5,93.33333333333331,3,0
2025-10-03,A5,CHANDIGARH,11.9,29.4,25.2,90.125,4,0
2025-10-04,A5,CHANDIGARH,9.9,32.0,25.1,86.875,5,0
2025-10-05,A5,CHANDIGARH,30.1,30.4,24.1,89.79166666666667,6,0
2025-10-06,A5,CHANDIGARH,3.7,29.1,24.6,92.33333333333331,7,0
2025-10-07,A5,CHANDIGARH,5.8,31.2,24.3,88.45833333333333,8,0
2025-10-08,A5,CHANDIGARH,4.4,30.7,24.5,91.16666666666669,9,0
2025-10-09,A5,CHANDIGARH,7.7,31.2,24.6,89.125,10,0
2025-10-10,A5,CHANDIGARH,10.4,31.3,24.4,87.08333333333333,11,0
2025-10-11,A5,CHANDIGARH,2.9,30.5,24.1,87.04166666666667,12,0
2025-10-12,A5,CHANDIGARH,0.0,31.2,24.3,80.125,0,1
2025-10-13,A5,CHANDIGARH,0.0,30.6,23.7,77.29166666666667,0,2
2025-10-14,A5,CHANDIGARH,0.0,31.2,23.3,74.625,0,3
2025-10-15,A5,CHANDIGARH,0.0,31.1,22.9,74.29166666666667,0,4
2025-10-16,A5,CHANDIGARH,0.0,31.0,22.0,75.58333333333333,0,5
2025-10-17,A5,CHANDIGARH,0.0,31.6,22.5,77.16666666666667,0,6
2025-10-18,A5,CHANDIGARH,0.0,31.9,23.9,78.625,0,7
2025-10-19,A5,CHANDIGARH,0.0,32.9,24.3,76.875,0,8
2025-10-20,A5,CHANDIGARH,0.0,33.1,23.5,73.75,0,9
2025-10-21,A5,CHANDIGARH,0.0,33.1,23.5,72.45833333333333,0,10
2025-10-22,A5,CHANDIGARH,0.0,32.4,22.9,73.25,0,11
2025-10-23,A5,CHANDIGARH,0.0,32.4,23.1,67.91666666666667,0,12
2025-10-24,A5,CHANDIGARH,0.0,32.5,22.7,71.0,0,13
2025-10-25,A5,CHANDIGARH,0.0,32.3,23.3,76.20833333333333,0,14
2025-10-26,A5,CHANDIGARH,0.0,32.4,24.2,78.625,0,15
2025-10-27,A5,CHANDIGARH,0.1,32.3,23.9,79.25,0,0
2025-10-28,A5,CHANDIGARH,0.3,32.6,24.4,77.91666666666667,0,0
2025-10-29,A5,CHANDIGARH,16.2,28.5,24.5,92.33333333333331,1,0
2025-10-30,A5,CHANDIGARH,15.4,30.5,23.8,90.20833333333331,2,0
2025-10-31,A5,CHANDIGARH,0.6,31.6,24.3,83.25,0,0
2025-11-01,A5,CHANDIGARH,15.8,30.4,25.1,88.25,1,0
2025-11-02,A5,CHANDIGARH,0.0,28.4,23.2,82.375,0,1
2025-11-03,A5,CHANDIGARH,0.0,29.7,22.2,73.66666666666667,0,2
2025-11-04,A5,CHANDIGARH,0.0,29.6,19.8,72.16666666666667,0,3
2025-11-05,A5,CHANDIGARH,0.0,29.9,21.3,74.58333333333333,0,4
2025-11-06,A5,CHANDIGARH,0.3,30.2,21.4,78.66666666666667,0,0
2025-11-07,A5,CHANDIGARH,0.0,30.0,22.7,76.08333333333333,0,1
2025-11-08,A5,CHANDIGARH,0.0,29.3,20.0,64.33333333333333,0,2
2025-11-09,A5,CHANDIGARH,0.0,28.2,18.0,70.08333333333333,0,3
2025-11-10,A5,CHANDIGARH,0.0,28.5,18.2,72.66666666666667,0,4
2025-11-11,A5,CHANDIGARH,0.0,27.7,17.2,67.91666666666667,0,5
2025-11-12,A5,CHANDIGARH,0.0,26.8,16.4,70.75,0,6
2025-11-13,A5,CHANDIGARH,0.0,26.9,16.4,72.58333333333333,0,7
2025-11-14,A5,CHANDIGARH,0.0,26.8,16.3,72.25,0,8
2025-11-15,A5,CHANDIGARH,0.0,27.2,16.4,74.33333333333333,0,9
2025-11-16,A5,CHANDIGARH,0.0,27.2,16.5,72.125,0,10
2025-11-17,A5,CHANDIGARH,0.0,27.1,17.5,69.83333333333333,0,11
2025-11-18,A5,CHANDIGARH,0.0,27.9,17.2,69.125,0,12
2025-11-19,A5,CHANDIGARH,0.0,28.6,16.7,71.5,0,13
2025-11-20,A5,CHANDIGARH,0.0,28.1,17.4,70.83333333333333,0,14
2025-11-21,A5,CHANDIGARH,0.0,28.3,17.8,70.20833333333333,0,15
2025-11-22,A5,CHANDIGARH,0.0,27.9,17.2,72.41666666666667,0,16
2025-11-23,A5,CHANDIGARH,0.0,27.7,16.7,74.33333333333333,0,17
2025-11-24,A5,CHANDIGARH,0.0,26.7,16.4,72.54166666666667,0,18
2025-11-25,A5,CHANDIGARH,0.0,26.1,15.4,71.54166666666667,0,19
2025-11-26,A5,CHANDIGARH,0.0,25.8,14.7,69.0,0,20
2025-11-27,A5,CHANDIGARH,0.0,26.7,15.4,75.04166666666667,0,21
2025-11-28,A5,CHANDIGARH,0.0,27.0,16.8,75.29166666666667,0,22
2025-11-29,A5,CHANDIGARH,0.0,26.9,16.8,70.33333333333333,0,23
2025-11-30,A5,CHANDIGARH,0.0,26.9,16.8,70.66666666666667,0,24
2025-12-01,A5,CHANDIGARH,0.0,26.5,16.3,73.95833333333333,0,25
2025-12-02,A5,CHANDIGARH,0.0,26.7,17.2,75.375,0,26
2025-12-03,A5,CHANDIGARH,0.0,25.9,15.7,72.75,0,27
2025-12-04,A5,CHANDIGARH,0.0,25.2,14.2,73.54166666666667,0,28
2025-12-05,A5,CHANDIGARH,0.0,25.4,14.7,69.75,0,29
2025-12-06,A5,CHANDIGARH,0.0,24.4,12.6,69.16666666666667,0,30
2025-12-07,A5,CHANDIGARH,0.0,24.7,13.6,73.45833333333333,0,31
2025-12-08,A5,CHANDIGARH,0.0,24.8,13.8,70.70833333333333,0,32
2025-12-09,A5,CHANDIGARH,0.0,25.0,14.3,73.75,0,33
2025-12-10,A5,CHANDIGARH,0.0,25.0,14.1,76.16666666666667,0,34
2025-12-11,A5,CHANDIGARH,0.0,24.9,13.7,72.375,0,35
2025-12-12,A5,CHANDIGARH,0.0,24.9,14.0,69.83333333333333,0,36
2025-12-13,A5,CHANDIGARH,0.0,25.2,14.3,73.95833333333333,0,37
2025-12-14,A5,CHANDIGARH,0.0,26.3,14.5,75.08333333333333,0,38
2025-12-15,A5,CHANDIGARH,0.0,25.9,14.9,74.45833333333333,0,39
2025-12-16,A5,CHANDIGARH,0.0,24.9,14.4,73.08333333333333,0,40
2025-12-17,A5,CHANDIGARH,0.0,25.0,14.1,71.16666666666667,0,41
2025-12-18,A5,CHANDIGARH,0.0,26.2,14.8,74.29166666666667,0,42
2025-12-19,A5,CHANDIGARH,0.0,25.8,15.5,76.29166666666667,0,43
2025-12-20,A5,CHANDIGARH,0.0,23.8,15.5,79.91666666666667,0,44
2025-12-21,A5,CHANDIGARH,0.0,23.4,14.4,81.0,0,45
2025-12-22,A5,CHANDIGARH,0.0,24.3,14.5,79.33333333333333,0,46
2025-12-23,A5,CHANDIGARH,0.0,23.9,14.0,77.25,0,47
2025-12-24,A5,CHANDIGARH,0.0,23.5,13.4,77.04166666666667,0,48
2025-12-25,A5,CHANDIGARH,0.0,21.2,11.7,79.29166666666667,0,49
2025-12-26,A5,CHANDIGARH,0.0,21.6,11.0,77.70833333333333,0,50
2025-12-27,A5,CHANDIGARH,0.0,22.8,12.1,77.5,0,51
2025-12-28,A5,CHANDIGARH,0.0,21.8,12.7,80.125,0,52
2025-12-29,A5,CHANDIGARH,0.0,20.0,11.8,81.08333333333333,0,53
2025-12-30,A5,CHANDIGARH,0.0,19.2,10.6,81.75,0,54
2025-12-31,A5,CHANDIGARH,0.0,20.5,9.2,81.45833333333333,0,55
2024-01-01,A6,MARICHA,0.0,24.7,14.4,80.16666666666667,0,1
2024-01-02,A6,MARICHA,0.0,22.9,13.1,77.5,0,2
2024-01-03,A6,MARICHA,0.0,24.3,12.2,81.16666666666667,0,3
2024-01-04,A6,MARICHA,0.0,25.0,12.0,77.54166666666667,0,4
2024-01-05,A6,MARICHA,0.0,25.5,13.0,74.29166666666667,0,5
2024-01-06,A6,MARICHA,0.0,26.2,12.9,72.95833333333333,0,6
2024-01-07,A6,MARICHA,0.0,25.8,14.9,76.66666666666667,0,7
2024-01-08,A6,MARICHA,0.0,25.5,15.4,80.41666666666667,0,8
2024-01-09,A6,MARICHA,0.0,24.9,13.3,78.5,0,9
2024-01-10,A6,MARICHA,0.0,25.5,12.7,74.83333333333333,0,10
2024-01-11,A6,MARICHA,0.0,24.6,13.0,76.45833333333333,0,11
2024-01-12,A6,MARICHA,0.0,22.4,10.8,77.04166666666667,0,12
2024-01-13,A6,MARICHA,0.0,22.4,10.2,75.66666666666667,0,13
2024-01-14,A6,MARICHA,0.0,21.9,10.4,79.08333333333333,0,14
2024-01-15,A6,MARICHA,0.0,21.6,10.4,81.70833333333333,0,15
2024-01-16,A6,MARICHA,0.0,21.8,10.3,79.25,0,16
2024-01-17,A6,MARICHA,0.1,23.1,9.9,79.70833333333333,0,0
2024-01-18,A6,MARICHA,7.1,22.3,14.9,84.58333333333333,0,0
2024-01-19,A6,MARICHA,0.0,22.9,14.7,84.58333333333333,0,1
2024-01-20,A6,MARICHA,0.0,22.3,12.3,80.70833333333333,0,2
2024-01-21,A6,MARICHA,0.0,22.6,12.9,82.91666666666667,0,3
2024-01-22,A6,MARICHA,0.0,20.8,10.6,79.83333333333333,0,4
2024-01-23,A6,MARICHA,0.0,22.1,9.2,77.29166666666667,0,5
2024-01-24,A6,MARICHA,3.2,21.5,15.1,77.66666666666667,0,0
2024-01-25,A6,MARICHA,0.0,22.7,13.0,82.95833333333333,0,1
2024-01-26,A6,MARICHA,0.0,22.6,12.5,72.375,0,2
2024-01-27,A6,MARICHA,0.0,22.6,11.0,74.54166666666667,0,3
2024-01-28,A6,MARICHA,0.0,23.1,10.0,74.875,0,4
2024-01-29,A6,MARICHA,0.0,24.4,10.4,75.75,0,5
2024-01-30,A6,MARICHA,0.9,26.0,12.8,82.0,0,0
2024-01-31,A6,MARICHA,14.2,24.9,17.4,86.83333333333333,1,0
2024-02-01,A6,MARICHA,4.0,24.4,16.1,93.08333333333331,2,0
2024-02-02,A6,MARICHA,0.5,26.3,16.5,82.0,0,0
2024-02-03,A6,MARICHA,0.0,25.5,14.9,73.75,0,1
2024-02-04,A6,MARICHA,0.0,25.9,12.5,67.45833333333333,0,2
2024-02-05,A6,MARICHA,0.0,26.7,14.6,71.25,0,3
2024-02-06,A6,MARICHA,1.3,26.7,17.6,91.79166666666669,1,0
2024-02-07,A6,MARICHA,0.0,25.2,17.2,76.75,0,1
2024-02-08,A6,MARICHA,0.0,24.3,13.9,63.91666666666666,0,2
2024-02-09,A6,MARICHA,0.0,22.8,12.8,64.91666666666667,0,3
2024-02-10,A6,MARICHA,0.0,24.5,11.2,67.70833333333333,0,4
2024-02-11,A6,MARICHA,0.0,26.3,12.0,62.5,0,5
2024-02-12,A6,MARICHA,0.0,27.1,13.8,63.04166666666666,0,6
2024-02-13,A6,MARICHA,0.0,28.7,16.8,73.58333333333333,0,7
2024-02-14,A6,MARICHA,0.0,28.1,15.8,77.25,0,8
2024-02-15,A6,MARICHA,0.6,27.5,17.1,80.66666666666667,0,0
2024-02-16,A6,MARICHA,0.0,28.5,17.4,75.16666666666667,0,1
2024-02-17,A6,MARICHA,0.0,27.5,15.2,70.45833333333333,0,2
2024-02-18,A6,MARICHA,0.2,28.4,15.7,73.66666666666667,0,0
2024-02-19,A6,MARICHA,0.2,29.2,18.0,82.5,0,0
2024-02-20,A6,MARICHA,0.8,31.0,20.8,82.0,0,0
2024-02-21,A6,MARICHA,0.0,32.5,20.6,75.70833333333333,0,1
2024-02-22,A6,MARICHA,0.5,28.8,20.6,83.375,0,0
2024-02-23,A6,MARICHA,1.0,28.4,19.1,72.83333333333333,0,0
2024-02-24,A6,MARICHA,0.2,28.3,16.8,67.95833333333333,0,0
2024-02-25,A6,MARICHA,0.0,25.2,18.2,63.75,0,1
2024-02-26,A6,MARICHA,0.0,27.9,17.0,65.54166666666667,0,2
2024-02-27,A6,MARICHA,0.0,28.4,17.2,65.20833333333333,0,3
2024-02-28,A6,MARICHA,0.0,28.9,17.9,70.16666666666667,0,4
2024-02-29,A6,MARICHA,0.0,29.4,17.8,63.25,0,5
2024-03-01,A6,MARICHA,0.0,29.9,16.4,64.125,0,6
2024-03-02,A6,MARICHA,0.0,30.0,16.1,61.083333333333336,0,7
2024-03-03,A6,MARICHA,0.1,31.0,18.3,68.875,0,0
2024-03-04,A6,MARICHA,0.7,30.9,19.8,71.08333333333333,0,0
2024-03-05,A6,MARICHA,0.0,30.3,20.1,74.75,0,1
2024-03-06,A6,MARICHA,0.0,29.0,17.9,62.0,0,2
2024-03-07,A6,MARICHA,0.0,28.4,18.5,63.875,0,3
2024-03-08,A6,MARICHA,0.0,29.9,18.3,58.833333333333336,0,4
2024-03-09,A6,MARICHA,0.0,29.2,15.2,56.375,0,5
2024-03-10,A6,MARICHA,0.0,29.1,14.7,53.875,0,6
2024-03-11,A6,MARICHA,0.0,30.1,14.9,57.625,0,7
2024-03-12,A6,MARICHA,0.0,32.3,19.5,76.25,0,8
2024-03-13,A6,MARICHA,0.4,33.3,23.0,71.95833333333333,0,0
2024-03-14,A6,MARICHA,12.7,31.5,21.7,83.5,0,0
2024-03-15,A6,MARICHA,0.9,33.3,22.0,74.625,0,0
2024-03-16,A6,MARICHA,0.8,30.8,22.5,83.20833333333333,0,0
2024-03-17,A6,MARICHA,0.0,31.4,21.2,79.95833333333333,0,1
2024-03-18,A6,MARICHA,1.6,29.7,21.8,84.04166666666667,0,0
2024-03-19,A6,MARICHA,9.7,30.2,22.2,80.70833333333333,0,0
2024-03-20,A6,MARICHA,13.7,23.2,18.8,89.79166666666667,1,0
2024-03-21,A6,MARICHA,6.8,26.9,18.6,87.04166666666667,2,0
2024-03-22,A6,MARICHA,0.2,27.5,17.3,79.33333333333333,0,0
2024-03-23,A6,MARICHA,5.5,31.7,19.0,80.58333333333333,0,0
2024-03-24,A6,MARICHA,0.0,33.5,23.7,80.41666666666667,0,1
2024-03-25,A6,MARICHA,13.8,33.0,22.6,82.66666666666667,0,0
2024-03-26,A6,MARICHA,0.6,32.2,23.8,78.70833333333333,0,0
2024-03-27,A6,MARICHA,0.8,34.1,22.6,81.875,0,0
2024-03-28,A6,MARICHA,1.2,32.6,22.4,80.25,0,0
2024-03-29,A6,MARICHA,0.0,33.6,24.5,80.25,0,1
2024-03-30,A6,MARICHA,0.0,35.4,24.7,78.83333333333333,0,2
2024-03-31,A6,MARICHA,6.4,35.0,25.0,82.20833333333333,0,0
2024-04-01,A6,MARICHA,0.0,35.9,24.9,64.0,0,1
2024-04-02,A6,MARICHA,0.0,35.6,23.4,66.83333333333333,0,2
2024-04-03,A6,MARICHA,0.0,35.6,25.0,73.58333333333333,0,3
2024-04-04,A6,MARICHA,15.1,36.7,25.9,83.375,0,0
2024-04-05,A6,MARICHA,0.0,37.1,26.3,78.125,0,1
2024-04-06,A6,MARICHA,0.0,37.4,26.3,77.0,0,2
2024-04-07,A6,MARICHA,3.6,36.0,25.9,74.875,0,0
2024-04-08,A6,MARICHA,0.1,30.5,22.5,67.95833333333333,0,0
2024-04-09,A6,MARICHA,0.6,34.3,21.9,61.0,0,0
2024-04-10,A6,MARICHA,0.0,35.1,22.2,66.70833333333333,0,1
2024-04-11,A6,MARICHA,5.6,33.1,23.5,80.125,0,0
2024-04-12,A6,MARICHA,0.0,34.5,22.7,63.75,0,1
2024-04-13,A6,MARICHA,0.0,35.5,23.5,59.708333333333336,0,2
2024-04-14,A6,MARICHA,0.0,36.5,23.1,63.79166666666666,0,3
2024-04-15,A6,MARICHA,0.0,37.7,23.8,63.29166666666666,0,4
2024-04-16,A6,MARICHA,0.0,38.0,26.1,60.16666666666666,0,5
2024-04-17,A6,MARICHA,0.0,37.8,27.2,58.125,0,6
2024-04-18,A6,MARICHA,0.0,37.7,25.4,53.375,0,7
2024-04-19,A6,MARICHA,0.0,39.7,24.7,54.16666666666666,0,8
2024-04-20,A6,MARICHA,0.0,40.8,25.8,61.66666666666666,0,9
2024-04-21,A6,MARICHA,0.0,40.1,27.0,60.66666666666666,0,10
2024-04-22,A6,MARICHA,0.0,39.2,25.2,53.66666666666666,0,11
2024-04-23,A6,MARICHA,0.0,37.9,26.2,44.958333333333336,0,12
2024-04-24,A6,MARICHA,0.0,39.6,26.8,46.625,0,13
2024-04-25,A6,MARICHA,0.0,40.0,24.6,46.375,0,14
2024-04-26,A6,MARICHA,0.0,40.9,26.9,61.625,0,15
2024-04-27,A6,MARICHA,0.0,41.1,27.8,60.91666666666666,0,16
2024-04-28,A6,MARICHA,0.7,39.6,28.1,57.29166666666666,0,0
2024-04-29,A6,MARICHA,0.0,41.4,28.4,45.625,0,1
2024-04-30,A6,MARICHA,0.0,43.3,29.0,48.41666666666666,0,2
2024-05-01,A6,MARICHA,0.0,41.1,28.3,43.54166666666666,0,3
2024-05-02,A6,MARICHA,0.2,41.0,29.3,56.208333333333336,0,0
2024-05-03,A6,MARICHA,0.0,39.5,25.3,56.333333333333336,0,1
2024-05-04,A6,MARICHA,0.0,39.4,27.1,66.54166666666667,0,2
2024-05-05,A6,MARICHA,0.2,38.0,28.4,67.0,0,0
2024-05-06,A6,MARICHA,112.5,37.5,24.7,80.04166666666667,0,0
2024-05-07,A6,MARICHA,1.5,33.2,24.4,76.08333333333333,0,0
2024-05-08,A6,MARICHA,2.6,30.5,23.7,82.95833333333333,0,0
2024-05-09,A6,MARICHA,8.6,31.3,23.8,84.41666666666667,0,0
2024-05-10,A6,MARICHA,9.7,31.3,23.7,84.66666666666667,0,0
2024-05-11,A6,MARICHA,15.9,31.4,24.7,86.95833333333333,1,0
2024-05-12,A6,MARICHA,3.3,32.7,24.9,81.625,0,0
2024-05-13,A6,MARICHA,0.0,33.4,24.0,76.04166666666667,0,1
2024-05-14,A6,MARICHA,3.3,34.0,25.3,81.91666666666667,0,0
2024-05-15,A6,MARICHA,0.0,35.1,25.9,75.58333333333333,0,1
2024-05-16,A6,MARICHA,0.0,35.4,26.1,75.375,0,2
2024-05-17,A6,MARICHA,0.0,37.3,27.3,72.83333333333333,0,3
2024-05-18,A6,MARICHA,0.1,36.1,28.7,73.79166666666667,0,0
2024-05-19,A6,MARICHA,1.7,33.9,28.8,76.08333333333333,0,0
2024-05-20,A6,MARICHA,14.6,33.0,26.9,85.66666666666667,1,0
2024-05-21,A6,MARICHA,11.3,33.1,25.8,85.41666666666667,2,0
2024-05-22,A6,MARICHA,2.9,33.9,26.7,80.20833333333333,0,0
2024-05-23,A6,MARICHA,0.0,34.9,25.9,75.75,0,1
2024-05-24,A6,MARICHA,0.0,35.5,26.4,73.08333333333333,0,2
2024-05-25,A6,MARICHA,0.0,36.4,27.5,73.83333333333333,0,3
2024-05-26,A6,MARICHA,39.9,30.9,26.8,86.58333333333333,1,0
2024-05-27,A6,MARICHA,80.5,27.5,26.1,89.95833333333333,2,0
2024-05-28,A6,MARICHA,0.4,35.3,26.3,77.83333333333333,0,0
2024-05-29,A6,MARICHA,0.0,35.9,29.2,81.33333333333333,0,1
2024-05-30,A6,MARICHA,0.2,35.3,29.5,79.16666666666667,0,0
2024-05-31,A6,MARICHA,0.0,35.2,28.5,80.20833333333333,0,1
2024-06-01,A6,MARICHA,0.8,34.7,28.3,82.375,0,0
2024-06-02,A6,MARICHA,5.0,34.4,29.1,80.79166666666667,0,0
2024-06-03,A6,MARICHA,0.2,34.5,28.3,77.70833333333333,0,0
2024-06-04,A6,MARICHA,0.1,35.7,28.6,78.375,0,0
2024-06-05,A6,MARICHA,0.0,35.7,28.0,79.0,0,1
2024-06-06,A6,MARICHA,0.2,36.4,26.7,83.33333333333333,0,0
2024-06-07,A6,MARICHA,0.0,36.0,26.1,78.75,0,1
2024-06-08,A6,MARICHA,0.0,35.7,28.1,76.875,0,2
2024-06-09,A6,MARICHA,0.0,36.6,28.2,79.375,0,3
2024-06-10,A6,MARICHA,0.0,36.5,28.5,77.45833333333333,0,4
2024-06-11,A6,MARICHA,0.0,36.6,28.9,77.54166666666667,0,5
2024-06-12,A6,MARICHA,0.0,35.3,28.3,76.45833333333333,0,6
2024-06-13,A6,MARICHA,0.0,36.0,28.5,75.04166666666667,0,7
2024-06-14,A6,MARICHA,0.0,37.1,29.1,75.08333333333333,0,8
2024-06-15,A6,MARICHA,0.0,37.3,29.4,74.04166666666667,0,9
2024-06-16,A6,MARICHA,0.0,36.8,29.4,75.08333333333333,0,10
2024-06-17,A6,MARICHA,0.2,37.0,29.2,75.375,0,0
2024-06-18,A6,MARICHA,10.7,32.5,28.8,81.875,0,0
2024-06-19,A6,MARICHA,8.0,34.8,28.6,81.79166666666667,0,0
2024-06-20,A6,MARICHA,24.2,33.6,27.8,86.25,1,0
2024-06-21,A6,MARICHA,2.6,31.8,27.1,84.95833333333333,0,0
2024-06-22,A6,MARICHA,2.0,33.3,26.5,82.125,0,0
2024-06-23,A6,MARICHA,1.1,34.0,26.7,81.625,0,0
2024-06-24,A6,MARICHA,1.3,34.1,27.1,78.625,0,0
2024-06-25,A6,MARICHA,0.8,34.2,28.0,76.20833333333333,0,0
2024-06-26,A6,MARICHA,0.4,34.5,27.4,76.79166666666667,0,0
2024-06-27,A6,MARICHA,9.6,32.1,27.5,83.41666666666667,0,0
2024-06-28,A6,MARICHA,4.8,33.0,27.1,85.125,1,0
2024-06-29,A6,MARICHA,17.3,31.3,26.9,88.25,2,0
2024-06-30,A6,MARICHA,30.2,32.1,26.3,89.83333333333333,3,0
2024-07-01,A6,MARICHA,17.7,31.2,26.0,88.375,4,0
2024-07-02,A6,MARICHA,28.1,31.0,25.9,90.41666666666669,5,0
2024-07-03,A6,MARICHA,7.9,30.9,25.9,88.29166666666667,6,0
2024-07-04,A6,MARICHA,18.3,31.5,25.5,90.58333333333331,7,0
2024-07-05,A6,MARICHA,27.3,32.4,25.6,84.45833333333333,0,0
2024-07-06,A6,MARICHA,2.4,32.2,26.2,84.25,0,0
2024-07-07,A6,MARICHA,5.4,32.5,26.4,84.66666666666667,0,0
2024-07-08,A6,MARICHA,1.0,32.4,26.2,81.04166666666667,0,0
2024-07-09,A6,MARICHA,3.9,32.2,27.0,82.0,0,0
2024-07-10,A6,MARICHA,1.4,32.9,27.5,79.41666666666667,0,0
2024-07-11,A6,MARICHA,26.5,32.7,27.6,82.58333333333333,0,0
2024-07-12,A6,MARICHA,9.2,32.3,26.1,87.66666666666667,1,0
2024-07-13,A6,MARICHA,2.4,32.6,25.6,85.25,2,0
2024-07-14,A6,MARICHA,3.3,32.8,26.4,82.375,0,0
2024-07-15,A6,MARICHA,2.3,32.4,26.9,81.66666666666667,0,0
2024-07-16,A6,MARICHA,2.6,32.4,26.6,82.5,0,0
2024-07-17,A6,MARICHA,6.6,33.4,26.6,83.5,0,0
2024-07-18,A6,MARICHA,2.0,33.2,26.6,80.5,0,0
2024-07-19,A6,MARICHA,3.5,32.5,27.3,80.08333333333333,0,0
2024-07-20,A6,MARICHA,2.4,32.8,27.1,79.54166666666667,0,0
2024-07-21,A6,MARICHA,13.1,32.4,27.0,81.0,0,0
2024-07-22,A6,MARICHA,14.5,31.7,26.7,84.33333333333333,0,0
2024-07-23,A6,MARICHA,13.4,32.7,25.8,85.375,1,0
2024-07-24,A6,MARICHA,18.3,32.3,26.6,86.20833333333333,2,0
2024-07-25,A6,MARICHA,13.8,32.3,26.4,86.66666666666667,3,0
2024-07-26,A6,MARICHA,18.9,31.2,26.3,86.66666666666667,4,0
2024-07-27,A6,MARICHA,5.7,32.0,27.0,85.375,5,0
2024-07-28,A6,MARICHA,20.2,32.0,26.4,87.79166666666667,6,0
2024-07-29,A6,MARICHA,11.3,32.1,26.4,87.08333333333333,7,0
2024-07-30,A6,MARICHA,4.4,33.0,26.2,83.83333333333333,0,0
2024-07-31,A6,MARICHA,22.9,31.6,25.9,88.45833333333333,1,0
2024-08-01,A6,MARICHA,88.3,29.2,24.9,91.5,2,0
2024-08-02,A6,MARICHA,31.6,29.7,25.5,90.375,3,0
2024-08-03,A6,MARICHA,18.1,31.0,24.9,88.54166666666667,4,0
2024-08-04,A6,MARICHA,22.3,31.0,24.8,89.04166666666667,5,0
2024-08-05,A6,MARICHA,33.2,32.5,24.8,87.08333333333333,6,0
2024-08-06,A6,MARICHA,12.0,31.2,26.2,89.41666666666667,7,0
2024-08-07,A6,MARICHA,5.3,30.6,25.7,86.875,8,0
2024-08-08,A6,MARICHA,14.5,31.0,25.9,85.75,9,0
2024-08-09,A6,MARICHA,20.8,31.1,25.4,86.54166666666667,10,0
2024-08-10,A6,MARICHA,32.1,32.2,24.9,89.41666666666667,11,0
2024-08-11,A6,MARICHA,14.4,32.2,25.1,86.70833333333333,12,0
2024-08-12,A6,MARICHA,12.2,32.4,25.5,86.5,13,0
2024-08-13,A6,MARICHA,9.9,32.5,25.4,87.33333333333333,14,0
2024-08-14,A6,MARICHA,8.8,32.4,25.3,86.83333333333333,15,0
2024-08-15,A6,MARICHA,8.0,32.6,25.7,86.41666666666667,16,0
2024-08-16,A6,MARICHA,3.9,31.3,25.5,86.33333333333333,17,0
2024-08-17,A6,MARICHA,23.2,32.9,25.4,87.29166666666667,18,0
2024-08-18,A6,MARICHA,17.1,29.1,25.4,89.70833333333333,19,0
2024-08-19,A6,MARICHA,13.0,30.3,25.6,90.5,20,0
2024-08-20,A6,MARICHA,12.6,30.9,24.9,90.70833333333331,21,0
2024-08-21,A6,MARICHA,27.8,31.7,25.0,89.54166666666667,22,0
2024-08-22,A6,MARICHA,27.4,31.4,25.7,91.83333333333331,23,0
2024-08-23,A6,MARICHA,27.2,30.7,24.6,91.33333333333331,24,0
2024-08-24,A6,MARICHA,4.1,29.2,25.0,91.33333333333331,25,0
2024-08-25,A6,MARICHA,42.3,29.3,24.2,94.08333333333331,26,0
2024-08-26,A6,MARICHA,47.2,29.3,24.4,91.66666666666669,27,0
2024-08-27,A6,MARICHA,22.6,30.1,24.7,91.66666666666669,28,0
2024-08-28,A6,MARICHA,5.3,31.9,24.9,88.125,29,0
2024-08-29,A6,MARICHA,4.4,32.4,25.5,83.91666666666667,0,0
2024-08-30,A6,MARICHA,0.5,32.7,25.3,81.70833333333333,0,0
2024-08-31,A6,MARICHA,3.3,32.3,26.2,81.95833333333333,0,0
2024-09-01,A6,MARICHA,8.7,30.7,26.2,86.66666666666667,1,0
2024-09-02,A6,MARICHA,3.7,32.3,25.5,85.83333333333333,2,0
2024-09-03,A6,MARICHA,7.3,31.8,25.4,88.0,3,0
2024-09-04,A6,MARICHA,6.3,31.4,25.9,87.33333333333333,4,0
2024-09-05,A6,MARICHA,1.8,32.4,25.4,82.79166666666667,0,0
2024-09-06,A6,MARICHA,0.4,33.1,26.0,84.54166666666667,0,0
2024-09-07,A6,MARICHA,18.8,33.7,25.6,84.29166666666667,0,0
2024-09-08,A6,MARICHA,6.7,32.3,26.3,84.16666666666667,0,0
2024-09-09,A6,MARICHA,5.3,32.1,26.5,82.75,0,0
2024-09-10,A6,MARICHA,6.2,31.7,25.9,84.58333333333333,0,0
2024-09-11,A6,MARICHA,8.5,32.3,26.0,87.16666666666667,1,0
2024-09-12,A6,MARICHA,16.9,31.9,26.3,90.54166666666669,2,0
2024-09-13,A6,MARICHA,30.8,32.2,25.7,86.41666666666667,3,0
2024-09-14,A6,MARICHA,58.3,27.5,25.3,93.58333333333331,4,0
2024-09-15,A6,MARICHA,19.1,28.3,24.9,92.75,5,0
2024-09-16,A6,MARICHA,18.1,27.8,25.2,89.79166666666667,6,0
2024-09-17,A6,MARICHA,0.3,32.2,25.6,83.79166666666667,0,0
2024-09-18,A6,MARICHA,0.0,33.0,24.4,79.125,0,1
2024-09-19,A6,MARICHA,3.7,32.8,25.9,84.79166666666667,0,0
2024-09-20,A6,MARICHA,0.0,33.9,26.5,82.70833333333333,0,1
2024-09-21,A6,MARICHA,6.4,33.4,26.3,83.70833333333333,0,0
2024-09-22,A6,MARICHA,0.0,34.1,27.0,81.79166666666667,0,1
2024-09-23,A6,MARICHA,6.3,34.1,26.3,87.70833333333333,1,0
2024-09-24,A6,MARICHA,10.1,30.8,26.4,87.95833333333333,2,0
2024-09-25,A6,MARICHA,24.6,28.9,24.4,91.95833333333331,3,0
2024-09-26,A6,MARICHA,30.9,28.3,24.3,92.70833333333331,4,0
2024-09-27,A6,MARICHA,11.6,30.5,24.7,89.54166666666667,5,0
2024-09-28,A6,MARICHA,6.3,31.3,24.8,87.5,6,0
2024-09-29,A6,MARICHA,3.9,32.4,26.3,88.95833333333333,7,0
2024-09-30,A6,MARICHA,0.8,33.2,25.8,84.625,0,0
2024-10-01,A6,MARICHA,11.8,33.7,26.6,85.375,1,0
2024-10-02,A6,MARICHA,6.2,31.9,24.7,89.45833333333333,2,0
2024-10-03,A6,MARICHA,32.5,30.9,25.9,91.91666666666669,3,0
2024-10-04,A6,MARICHA,23.2,30.0,24.9,91.75,4,0
2024-10-05,A6,MARICHA,21.8,30.2,24.7,92.20833333333331,5,0
2024-10-06,A6,MARICHA,3.7,30.3,24.5,90.375,6,0
2024-10-07,A6,MARICHA,11.7,31.0,24.0,91.20833333333331,7,0
2024-10-08,A6,MARICHA,10.4,30.2,25.1,91.25,8,0
2024-10-09,A6,MARICHA,9.7,30.3,24.6,91.66666666666669,9,0
2024-10-10,A6,MARICHA,8.2,30.6,24.5,89.91666666666667,10,0
2024-10-11,A6,MARICHA,5.2,31.9,25.1,87.45833333333333,11,0
2024-10-12,A6,MARICHA,4.3,31.7,24.4,87.66666666666667,12,0
2024-10-13,A6,MARICHA,1.6,31.9,24.5,86.875,13,0
2024-10-14,A6,MARICHA,0.0,32.1,23.8,80.83333333333333,0,1
2024-10-15,A6,MARICHA,9.0,31.4,24.4,86.66666666666667,1,0
2024-10-16,A6,MARICHA,0.0,31.3,23.9,85.04166666666667,2,1
2024-10-17,A6,MARICHA,8.7,31.1,23.8,89.04166666666667,3,0
2024-10-18,A6,MARICHA,5.2,29.5,23.4,90.125,4,0
2024-10-19,A6,MARICHA,7.2,30.2,23.4,88.75,5,0
2024-10-20,A6,MARICHA,0.0,30.5,23.7,81.125,0,1
2024-10-21,A6,MARICHA,0.0,30.5,24.0,80.54166666666667,0,2
2024-10-22,A6,MARICHA,0.0,30.9,22.7,81.66666666666667,0,3
2024-10-23,A6,MARICHA,17.8,29.7,24.0,86.20833333333333,1,0
2024-10-24,A6,MARICHA,13.7,27.0,24.1,89.54166666666667,2,0
2024-10-25,A6,MARICHA,28.2,26.1,23.5,92.91666666666669,3,0
2024-10-26,A6,MARICHA,2.7,31.5,24.4,81.54166666666667,0,0
2024-10-27,A6,MARICHA,0.2,31.2,23.5,83.5,0,0
2024-10-28,A6,MARICHA,0.3,31.3,23.4,81.54166666666667,0,0
2024-10-29,A6,MARICHA,0.0,31.2,23.6,81.45833333333333,0,1
2024-10-30,A6,MARICHA,0.4,30.9,23.6,87.625,1,0
2024-10-31,A6,MARICHA,0.3,31.1,23.8,89.125,2,0
2024-11-01,A6,MARICHA,0.0,32.2,23.1,77.33333333333333,0,1
2024-11-02,A6,MARICHA,0.0,31.3,20.9,74.0,0,2
2024-11-03,A6,MARICHA,0.0,30.6,21.0,78.58333333333333,0,3
2024-11-04,A6,MARICHA,0.0,30.4,21.1,77.5,0,4
2024-11-05,A6,MARICHA,0.5,30.4,21.9,77.0,0,0
2024-11-06,A6,MARICHA,0.6,29.5,22.0,79.58333333333333,0,0
2024-11-07,A6,MARICHA,0.2,29.9,21.1,81.16666666666667,0,0
2024-11-08,A6,MARICHA,0.0,30.2,21.0,78.41666666666667,0,1
2024-11-09,A6,MARICHA,0.0,29.7,20.9,79.375,0,2
2024-11-10,A6,MARICHA,0.0,30.1,20.3,78.375,0,3
2024-11-11,A6,MARICHA,0.0,30.2,20.1,74.66666666666667,0,4
2024-11-12,A6,MARICHA,0.0,30.1,19.8,72.5,0,5
2024-11-13,A6,MARICHA,0.0,31.4,20.2,64.16666666666667,0,6
2024-11-14,A6,MARICHA,0.0,31.3,20.1,57.625,0,7
2024-11-15,A6,MARICHA,0.0,31.4,19.0,56.625,0,8
2024-11-16,A6,MARICHA,0.0,30.2,18.2,53.958333333333336,0,9
2024-11-17,A6,MARICHA,0.0,29.5,17.9,58.16666666666666,0,10
2024-11-18,A6,MARICHA,0.0,29.2,17.7,58.458333333333336,0,11
2024-11-19,A6,MARICHA,0.0,28.8,17.8,61.75,0,12
2024-11-20,A6,MARICHA,0.0,29.6,17.7,62.04166666666666,0,13
2024-11-21,A6,MARICHA,0.0,29.3,18.5,63.25,0,14
2024-11-22,A6,MARICHA,0.0,29.5,18.0,60.958333333333336,0,15
2024-11-23,A6,MARICHA,0.0,29.3,17.9,58.54166666666666,0,16
2024-11-24,A6,MARICHA,0.0,29.0,16.6,60.16666666666666,0,17
2024-11-25,A6,MARICHA,0.0,28.2,16.3,60.25,0,18
2024-11-26,A6,MARICHA,0.0,28.2,16.3,60.583333333333336,0,19
2024-11-27,A6,MARICHA,0.0,28.7,16.5,62.0,0,20
2024-11-28,A6,MARICHA,0.0,28.9,17.1,68.875,0,21
2024-11-29,A6,MARICHA,0.0,28.1,19.7,65.0,0,22
2024-11-30,A6,MARICHA,23.4,23.5,19.0,77.5,0,0
2024-12-01,A6,MARICHA,0.0,28.8,18.8,67.70833333333333,0,1
2024-12-02,A6,MARICHA,2.4,23.0,19.2,72.16666666666667,0,0
2024-12-03,A6,MARICHA,0.0,29.0,18.8,61.208333333333336,0,1
2024-12-04,A6,MARICHA,0.0,28.7,16.6,69.41666666666667,0,2
2024-12-05,A6,MARICHA,0.0,29.5,15.9,61.458333333333336,0,3
2024-12-06,A6,MARICHA,0.0,27.4,16.0,62.5,0,4
2024-12-07,A6,MARICHA,0.0,26.5,14.5,66.33333333333333,0,5
2024-12-08,A6,MARICHA,0.0,26.2,13.5,65.25,0,6
2024-12-09,A6,MARICHA,0.0,26.3,14.7,69.41666666666667,0,7
2024-12-10,A6,MARICHA,0.0,26.4,16.7,76.58333333333333,0,8
2024-12-11,A6,MARICHA,0.0,24.5,14.4,70.58333333333333,0,9
2024-12-12,A6,MARICHA,0.0,24.0,12.3,69.08333333333333,0,10
2024-12-13,A6,MARICHA,0.0,23.6,11.6,69.83333333333333,0,11
2024-12-14,A6,MARICHA,0.0,23.3,12.3,70.95833333333333,0,12
2024-12-15,A6,MARICHA,0.0,24.0,11.0,69.91666666666667,0,13
2024-12-16,A6,MARICHA,0.0,24.8,12.8,76.875,0,14
2024-12-17,A6,MARICHA,0.0,25.9,13.1,76.33333333333333,0,15
2024-12-18,A6,MARICHA,0.0,26.8,14.3,74.91666666666667,0,16
2024-12-19,A6,MARICHA,0.0,26.1,14.4,73.33333333333333,0,17
2024-12-20,A6,MARICHA,0.0,25.9,14.0,76.625,0,18
2024-12-21,A6,MARICHA,1.6,20.3,15.5,86.16666666666667,1,0
2024-12-22,A6,MARICHA,0.0,25.4,15.0,84.75,0,1
2024-12-23,A6,MARICHA,0.0,26.3,15.1,73.41666666666667,0,2
2024-12-24,A6,MARICHA,0.8,26.0,14.9,70.20833333333333,0,0
2024-12-25,A6,MARICHA,0.0,26.0,16.8,74.20833333333333,0,1
2024-12-26,A6,MARICHA,0.0,27.0,16.2,73.04166666666667,0,2
2024-12-27,A6,MARICHA,0.0,26.7,15.0,70.16666666666667,0,3
2024-12-28,A6,MARICHA,0.0,26.0,14.0,72.95833333333333,0,4
2024-12-29,A6,MARICHA,0.0,26.8,15.4,70.70833333333333,0,5
2024-12-30,A6,MARICHA,0.0,26.1,16.6,76.83333333333333,0,6
2024-12-31,A6,MARICHA,0.0,23.8,15.2,73.375,0,7
2025-01-01,A6,MARICHA,0.0,22.8,12.8,79.08333333333333,0,8
2025-01-02,A6,MARICHA,0.0,22.1,12.1,79.41666666666667,0,9
2025-01-03,A6,MARICHA,0.0,22.2,11.1,80.5,0,10
2025-01-04,A6,MARICHA,0.0,23.7,13.0,82.04166666666667,0,11
2025-01-05,A6,MARICHA,0.0,24.2,13.8,82.45833333333333,0,12
2025-01-06,A6,MARICHA,0.0,24.4,12.7,78.83333333333333,0,13
2025-01-07,A6,MARICHA,0.0,25.7,14.2,77.125,0,14
2025-01-08,A6,MARICHA,0.0,22.2,13.5,79.95833333333333,0,15
2025-01-09,A6,MARICHA,0.0,21.9,12.0,80.83333333333333,0,16
2025-01-10,A6,MARICHA,0.0,22.6,12.0,74.70833333333333,0,17
2025-01-11,A6,MARICHA,0.0,23.3,11.4,79.79166666666667,0,18
2025-01-12,A6,MARICHA,0.0,24.5,12.7,78.5,0,19
2025-01-13,A6,MARICHA,0.0,26.2,13.6,74.58333333333333,0,20
2025-01-14,A6,MARICHA,0.0,25.0,15.2,77.125,0,21
2025-01-15,A6,MARICHA,0.0,24.1,14.0,75.33333333333333,0,22
2025-01-16,A6,MARICHA,0.0,24.3,13.2,78.58333333333333,0,23
2025-01-17,A6,MARICHA,0.0,24.4,14.0,76.625,0,24
2025-01-18,A6,MARICHA,0.0,24.3,13.9,76.375,0,25
2025-01-19,A6,MARICHA,0.0,24.1,13.3,70.0,0,26
2025-01-20,A6,MARICHA,0.0,23.5,12.3,71.625,0,27
2025-01-21,A6,MARICHA,0.0,25.0,12.8,76.16666666666667,0,28
2025-01-22,A6,MARICHA,0.0,26.0,13.9,80.58333333333333,0,29
2025-01-23,A6,MARICHA,0.0,27.6,13.5,80.91666666666667,0,30
2025-01-24,A6,MARICHA,0.0,27.6,14.6,82.41666666666667,0,31
2025-01-25,A6,MARICHA,0.1,25.2,16.1,82.5,0,0
2025-01-26,A6,MARICHA,0.0,24.0,13.1,70.33333333333333,0,1
2025-01-27,A6,MARICHA,0.0,23.8,12.8,67.58333333333333,0,2
2025-01-28,A6,MARICHA,0.0,25.4,12.7,71.66666666666667,0,3
2025-01-29,A6,MARICHA,0.4,26.9,14.3,83.08333333333333,0,0
2025-01-30,A6,MARICHA,0.2,28.9,18.0,79.29166666666667,0,0
2025-01-31,A6,MARICHA,0.0,28.9,19.1,82.08333333333333,0,1
2025-02-01,A6,MARICHA,0.5,28.6,20.0,87.5,1,0
2025-02-02,A6,MARICHA,0.0,28.5,20.3,87.5,2,1
2025-02-03,A6,MARICHA,0.0,28.4,19.0,76.79166666666667,0,2
2025-02-04,A6,MARICHA,0.0,26.8,16.7,69.75,0,3
2025-02-05,A6,MARICHA,0.0,28.7,16.0,71.66666666666667,0,4
2025-02-06,A6,MARICHA,0.0,28.4,18.6,70.29166666666667,0,5
2025-02-07,A6,MARICHA,0.0,25.2,14.5,59.66666666666666,0,6
2025-02-08,A6,MARICHA,0.0,25.1,13.3,63.583333333333336,0,7
2025-02-09,A6,MARICHA,0.0,25.6,13.3,62.458333333333336,0,8
2025-02-10,A6,MARICHA,0.0,28.8,14.5,65.41666666666667,0,9
2025-02-11,A6,MARICHA,0.0,29.5,18.6,77.45833333333333,0,10
2025-02-12,A6,MARICHA,0.0,29.7,19.3,80.125,0,11
2025-02-13,A6,MARICHA,0.0,29.7,20.1,73.08333333333333,0,12
2025-02-14,A6,MARICHA,0.0,27.4,15.6,51.5,0,13
2025-02-15,A6,MARICHA,0.0,28.5,15.8,57.125,0,14
2025-02-16,A6,MARICHA,0.0,30.5,16.4,65.33333333333333,0,15
2025-02-17,A6,MARICHA,0.1,31.1,18.3,76.95833333333333,0,0
2025-02-18,A6,MARICHA,2.5,29.7,18.5,81.29166666666667,0,0
2025-02-19,A6,MARICHA,12.6,28.2,18.7,84.0,0,0
2025-02-20,A6,MARICHA,7.7,27.1,18.8,86.41666666666667,1,0
2025-02-21,A6,MARICHA,0.0,28.8,17.5,80.58333333333333,0,1
2025-02-22,A6,MARICHA,11.8,28.8,19.2,86.54166666666667,1,0
2025-02-23,A6,MARICHA,5.7,28.1,18.0,82.29166666666667,0,0
2025-02-24,A6,MARICHA,0.0,28.8,17.6,73.91666666666667,0,1
2025-02-25,A6,MARICHA,0.0,29.0,18.3,71.08333333333333,0,2
2025-02-26,A6,MARICHA,0.0,29.1,17.9,71.70833333333333,0,3
2025-02-27,A6,MARICHA,0.0,29.7,17.8,70.91666666666667,0,4
2025-02-28,A6,MARICHA,0.0,30.4,19.5,72.29166666666667,0,5
2025-03-01,A6,MARICHA,0.0,32.9,20.0,72.58333333333333,0,6
2025-03-02,A6,MARICHA,0.0,33.0,20.9,70.45833333333333,0,7
2025-03-03,A6,MARICHA,0.0,31.7,20.6,65.16666666666667,0,8
2025-03-04,A6,MARICHA,0.0,30.6,20.4,59.375,0,9
2025-03-05,A6,MARICHA,0.0,30.7,19.8,55.708333333333336,0,10
2025-03-06,A6,MARICHA,0.0,27.1,17.0,52.54166666666666,0,11
2025-03-07,A6,MARICHA,0.0,29.1,15.8,54.04166666666666,0,12
2025-03-08,A6,MARICHA,0.0,31.4,17.7,66.0,0,13
2025-03-09,A6,MARICHA,0.0,31.3,18.8,74.875,0,14
2025-03-10,A6,MARICHA,0.0,32.2,19.7,68.66666666666667,0,15
2025-03-11,A6,MARICHA,0.0,32.9,20.6,55.958333333333336,0,16
2025-03-12,A6,MARICHA,0.0,34.0,20.4,59.833333333333336,0,17
2025-03-13,A6,MARICHA,0.0,35.4,22.4,63.29166666666666,0,18
2025-03-14,A6,MARICHA,0.0,35.9,22.8,72.33333333333333,0,19
2025-03-15,A6,MARICHA,0.1,34.9,23.5,78.58333333333333,0,0
2025-03-16,A6,MARICHA,6.1,38.0,24.2,73.29166666666667,0,0
2025-03-17,A6,MARICHA,2.9,34.9,23.1,73.91666666666667,0,0
2025-03-18,A6,MARICHA,0.0,33.5,23.9,62.29166666666666,0,1
2025-03-19,A6,MARICHA,0.0,34.8,22.2,64.79166666666667,0,2
2025-03-20,A6,MARICHA,3.9,31.2,24.1,79.20833333333333,0,0
2025-03-21,A6,MARICHA,5.7,30.7,21.1,68.875,0,0
2025-03-22,A6,MARICHA,4.8,26.6,20.9,78.83333333333333,0,0
2025-03-23,A6,MARICHA,0.2,28.6,18.6,78.58333333333333,0,0
2025-03-24,A6,MARICHA,0.0,30.7,18.0,69.29166666666667,0,1
2025-03-25,A6,MARICHA,0.0,32.0,19.4,66.58333333333333,0,2
2025-03-26,A6,MARICHA,0.0,34.2,21.1,64.08333333333333,0,3
2025-03-27,A6,MARICHA,0.0,35.4,23.3,62.875,0,4
2025-03-28,A6,MARICHA,0.0,36.7,23.2,56.333333333333336,0,5
2025-03-29,A6,MARICHA,0.0,35.5,23.3,60.958333333333336,0,6
2025-03-30,A6,MARICHA,0.1,35.4,24.1,75.75,0,0
2025-03-31,A6,MARICHA,0.0,35.9,25.2,71.25,0,1
2025-04-01,A6,MARICHA,0.0,36.1,25.0,69.125,0,2
2025-04-02,A6,MARICHA,0.2,36.5,24.9,68.70833333333333,0,0
2025-04-03,A6,MARICHA,0.0,36.0,24.8,68.29166666666667,0,1
2025-04-04,A6,MARICHA,0.0,34.0,25.4,70.29166666666667,0,2
2025-04-05,A6,MARICHA,0.0,36.4,24.4,62.333333333333336,0,3
2025-04-06,A6,MARICHA,0.5,35.7,24.3,70.08333333333333,0,0
2025-04-07,A6,MARICHA,0.7,34.9,24.5,72.08333333333333,0,0
2025-04-08,A6,MARICHA,0.5,34.2,24.2,75.04166666666667,0,0
2025-04-09,A6,MARICHA,2.4,33.5,23.5,67.58333333333333,0,0
2025-04-10,A6,MARICHA,22.5,34.5,21.9,73.08333333333333,0,0
2025-04-11,A6,MARICHA,0.3,31.9,21.9,76.25,0,0
2025-04-12,A6,MARICHA,1.6,34.9,23.7,77.875,0,0
2025-04-13,A6,MARICHA,0.0,33.3,23.4,70.20833333333333,0,1
2025-04-14,A6,MARICHA,3.3,32.4,23.9,75.16666666666667,0,0
2025-04-15,A6,MARICHA,1.2,32.6,23.4,74.08333333333333,0,0
2025-04-16,A6,MARICHA,3.7,33.4,23.1,75.54166666666667,0,0
2025-04-17,A6,MARICHA,28.3,32.3,22.9,85.95833333333333,1,0
2025-04-18,A6,MARICHA,7.6,29.6,22.6,84.83333333333333,0,0
2025-04-19,A6,MARICHA,2.0,29.9,23.0,85.79166666666667,1,0
2025-04-20,A6,MARICHA,0.9,34.7,24.8,82.83333333333333,0,0
2025-04-21,A6,MARICHA,0.1,36.1,27.6,79.95833333333333,0,0
2025-04-22,A6,MARICHA,0.0,36.4,27.5,78.54166666666667,0,1
2025-04-23,A6,MARICHA,0.0,38.3,27.1,70.875,0,2
2025-04-24,A6,MARICHA,0.0,37.1,27.2,76.58333333333333,0,3
2025-04-25,A6,MARICHA,1.5,38.0,27.4,77.33333333333333,0,0
2025-04-26,A6,MARICHA,1.3,36.3,27.0,76.25,0,0
2025-04-27,A6,MARICHA,0.0,35.2,27.6,70.91666666666667,0,1
2025-04-28,A6,MARICHA,1.5,29.8,24.9,83.66666666666667,0,0
2025-04-29,A6,MARICHA,11.3,30.7,22.5,83.66666666666667,0,0
2025-04-30,A6,MARICHA,1.6,30.6,21.8,83.75,0,0
2025-05-01,A6,MARICHA,2.7,31.4,22.0,80.79166666666667,0,0
2025-05-02,A6,MARICHA,0.0,30.5,21.7,77.66666666666667,0,1
2025-05-03,A6,MARICHA,1.4,32.2,23.3,78.625,0,0
2025-05-04,A6,MARICHA,3.6,31.2,23.8,83.5,0,0
2025-05-05,A6,MARICHA,1.5,32.7,23.6,79.875,0,0
2025-05-06,A6,MARICHA,14.0,32.2,24.5,86.45833333333333,1,0
2025-05-07,A6,MARICHA,1.1,33.5,24.0,80.375,0,0
2025-05-08,A6,MARICHA,0.0,35.8,26.9,72.20833333333333,0,1
2025-05-09,A6,MARICHA,0.0,36.5,26.8,71.58333333333333,0,2
2025-05-10,A6,MARICHA,0.6,36.4,26.7,70.33333333333333,0,0
2025-05-11,A6,MARICHA,0.0,36.7,27.2,67.04166666666667,0,1
2025-05-12,A6,MARICHA,1.0,37.1,28.6,67.25,0,0
2025-05-13,A6,MARICHA,1.5,35.8,28.4,75.125,0,0
2025-05-14,A6,MARICHA,0.7,36.5,28.2,74.25,0,0
2025-05-15,A6,MARICHA,7.6,35.2,27.1,79.375,0,0
2025-05-16,A6,MARICHA,8.7,35.0,27.8,77.58333333333333,0,0
2025-05-17,A6,MARICHA,17.3,35.0,25.5,80.66666666666667,0,0
2025-05-18,A6,MARICHA,10.6,30.6,25.4,86.04166666666667,1,0
2025-05-19,A6,MARICHA,5.4,33.3,26.0,80.54166666666667,0,0
2025-05-20,A6,MARICHA,16.2,34.6,25.2,81.45833333333333,0,0
2025-05-21,A6,MARICHA,28.3,33.6,25.8,83.875,0,0
2025-05-22,A6,MARICHA,3.8,32.2,26.1,79.16666666666667,0,0
2025-05-23,A6,MARICHA,4.8,31.2,25.7,85.29166666666667,1,0
2025-05-24,A6,MARICHA,5.1,32.1,25.4,87.16666666666667,2,0
2025-05-25,A6,MARICHA,13.7,31.0,25.6,88.875,3,0
2025-05-26,A6,MARICHA,14.2,30.6,25.2,90.91666666666669,4,0
2025-05-27,A6,MARICHA,9.1,31.7,25.5,89.25,5,0
2025-05-28,A6,MARICHA,10.0,31.6,25.9,87.25,6,0
2025-05-29,A6,MARICHA,31.8,29.3,25.4,91.08333333333331,7,0
2025-05-30,A6,MARICHA,19.0,32.8,24.7,80.33333333333333,0,0
2025-05-31,A6,MARICHA,33.5,32.2,25.3,89.41666666666667,1,0
2025-06-01,A6,MARICHA,21.4,31.3,26.7,91.33333333333331,2,0
2025-06-02,A6,MARICHA,0.0,36.0,26.8,78.08333333333333,0,1
2025-06-03,A6,MARICHA,0.3,34.8,27.1,72.41666666666667,0,0
2025-06-04,A6,MARICHA,1.2,34.0,26.1,83.45833333333333,0,0
2025-06-05,A6,MARICHA,1.4,32.3,26.5,84.20833333333333,0,0
2025-06-06,A6,MARICHA,6.0,32.7,25.9,86.08333333333333,1,0
2025-06-07,A6,MARICHA,0.0,33.7,25.4,78.04166666666667,0,1
2025-06-08,A6,MARICHA,0.7,33.7,26.4,82.33333333333333,0,0
2025-06-09,A6,MARICHA,0.2,33.6,26.3,79.375,0,0
2025-06-10,A6,MARICHA,0.3,34.2,26.3,79.83333333333333,0,0
2025-06-11,A6,MARICHA,0.3,33.1,26.8,81.95833333333333,0,0
2025-06-12,A6,MARICHA,0.4,33.1,25.8,79.29166666666667,0,0
2025-06-13,A6,MARICHA,0.2,33.3,26.6,78.875,0,0
2025-06-14,A6,MARICHA,0.6,34.1,27.3,77.54166666666667,0,0
2025-06-15,A6,MARICHA,17.4,30.5,26.7,88.58333333333333,1,0
2025-06-16,A6,MARICHA,32.4,31.7,26.0,89.375,2,0
2025-06-17,A6,MARICHA,52.8,28.8,25.2,95.04166666666669,3,0
2025-06-18,A6,MARICHA,26.0,28.6,25.3,92.41666666666669,4,0
2025-06-19,A6,MARICHA,64.9,30.5,24.1,86.54166666666667,5,0
2025-06-20,A6,MARICHA,9.9,32.1,26.1,85.625,6,0
2025-06-21,A6,MARICHA,1.1,33.2,26.4,84.33333333333333,0,0
2025-06-22,A6,MARICHA,25.8,32.4,26.3,89.29166666666667,1,0
2025-06-23,A6,MARICHA,9.4,31.8,26.2,87.16666666666667,2,0
2025-06-24,A6,MARICHA,4.0,32.4,26.2,85.95833333333333,3,0
2025-06-25,A6,MARICHA,14.5,31.7,26.2,87.33333333333333,4,0
2025-06-26,A6,MARICHA,2.6,32.1,26.5,83.29166666666667,0,0
2025-06-27,A6,MARICHA,15.9,31.3,25.3,88.66666666666667,1,0
2025-06-28,A6,MARICHA,15.6,30.5,25.4,88.95833333333333,2,0
2025-06-29,A6,MARICHA,43.2,31.2,25.4,90.29166666666669,3,0
2025-06-30,A6,MARICHA,21.1,30.0,25.3,91.58333333333331,4,0
2025-07-01,A6,MARICHA,19.4,30.4,26.0,89.125,5,0
2025-07-02,A6,MARICHA,13.2,32.6,25.8,88.70833333333333,6,0
2025-07-03,A6,MARICHA,33.5,31.0,25.6,91.04166666666669,7,0
2025-07-04,A6,MARICHA,29.4,31.4,24.9,91.58333333333331,8,0
2025-07-05,A6,MARICHA,15.5,30.5,25.6,91.20833333333331,9,0
2025-07-06,A6,MARICHA,3.7,29.0,25.5,91.58333333333331,10,0
2025-07-07,A6,MARICHA,14.4,29.2,25.3,93.70833333333331,11,0
2025-07-08,A6,MARICHA,30.2,28.2,24.6,93.41666666666669,12,0
2025-07-09,A6,MARICHA,18.1,29.9,24.8,90.58333333333331,13,0
2025-07-10,A6,MARICHA,29.6,31.1,24.9,89.41666666666667,14,0
2025-07-11,A6,MARICHA,10.1,30.5,25.4,88.45833333333333,15,0
2025-07-12,A6,MARICHA,5.9,33.2,25.5,86.375,16,0
2025-07-13,A6,MARICHA,12.6,31.8,26.1,88.625,17,0
2025-07-14,A6,MARICHA,33.4,27.5,25.2,93.70833333333331,18,0
2025-07-15,A6,MARICHA,16.9,30.0,24.9,90.95833333333331,19,0
2025-07-16,A6,MARICHA,11.7,30.6,26.0,88.45833333333333,20,0
2025-07-17,A6,MARICHA,0.3,33.0,26.3,82.625,0,0
2025-07-18,A6,MARICHA,5.4,32.9,26.5,86.20833333333333,1,0
2025-07-19,A6,MARICHA,1.5,33.5,26.7,83.29166666666667,0,0
2025-07-20,A6,MARICHA,1.5,32.9,26.8,83.75,0,0
2025-07-21,A6,MARICHA,0.4,32.7,26.6,83.95833333333333,0,0
2025-07-22,A6,MARICHA,7.0,33.3,26.9,82.41666666666667,0,0
2025-07-23,A6,MARICHA,0.6,33.9,27.0,78.66666666666667,0,0
2025-07-24,A6,MARICHA,14.1,32.7,26.4,84.91666666666667,0,0
2025-07-25,A6,MARICHA,45.3,30.5,26.0,90.29166666666669,1,0
2025-07-26,A6,MARICHA,6.1,31.1,26.3,87.375,2,0
2025-07-27,A6,MARICHA,6.1,32.5,26.1,86.5,3,0
2025-07-28,A6,MARICHA,7.1,30.6,26.7,88.375,4,0
2025-07-29,A6,MARICHA,48.6,29.6,25.8,91.66666666666669,5,0
2025-07-30,A6,MARICHA,21.0,29.2,25.2,92.0,6,0
2025-07-31,A6,MARICHA,33.1,29.2,24.8,93.125,7,0
2025-08-01,A6,MARICHA,15.6,32.1,25.7,89.625,8,0
2025-08-02,A6,MARICHA,3.5,32.0,25.9,86.83333333333333,9,0
2025-08-03,A6,MARICHA,18.3,32.8,26.7,87.91666666666667,10,0
2025-08-04,A6,MARICHA,25.5,31.5,25.8,90.04166666666667,11,0
2025-08-05,A6,MARICHA,14.7,32.2,26.2,90.66666666666669,12,0
2025-08-06,A6,MARICHA,12.5,30.5,25.4,90.16666666666669,13,0
2025-08-07,A6,MARICHA,6.2,31.2,25.4,89.45833333333333,14,0
2025-08-08,A6,MARICHA,1.7,31.1,24.6,86.79166666666667,15,0
2025-08-09,A6,MARICHA,19.0,31.4,25.1,85.79166666666667,16,0
2025-08-10,A6,MARICHA,0.8,32.9,26.7,79.91666666666667,0,0
2025-08-11,A6,MARICHA,6.1,32.3,26.5,84.41666666666667,0,0
2025-08-12,A6,MARICHA,10.6,33.5,26.6,83.54166666666667,0,0
2025-08-13,A6,MARICHA,22.6,30.9,26.5,88.66666666666667,1,0
2025-08-14,A6,MARICHA,6.8,30.0,25.5,89.41666666666667,2,0
2025-08-15,A6,MARICHA,11.8,31.6,25.4,88.54166666666667,3,0
2025-08-16,A6,MARICHA,4.0,32.3,25.7,85.41666666666667,4,0
2025-08-17,A6,MARICHA,6.4,32.2,26.1,84.375,0,0
2025-08-18,A6,MARICHA,6.6,31.8,26.3,84.29166666666667,0,0
2025-08-19,A6,MARICHA,10.1,30.3,25.7,87.25,1,0
2025-08-20,A6,MARICHA,3.1,29.9,25.4,86.875,2,0
2025-08-21,A6,MARICHA,61.0,28.3,24.8,93.33333333333331,3,0
2025-08-22,A6,MARICHA,26.0,30.2,24.3,92.25,4,0
2025-08-23,A6,MARICHA,10.4,28.7,24.8,91.08333333333331,5,0
2025-08-24,A6,MARICHA,9.8,30.2,24.6,88.75,6,0
2025-08-25,A6,MARICHA,3.1,31.7,24.9,88.16666666666667,7,0
2025-08-26,A6,MARICHA,1.7,31.9,25.1,85.0,0,0
2025-08-27,A6,MARICHA,6.7,31.8,25.7,85.125,1,0
2025-08-28,A6,MARICHA,10.0,30.6,25.7,87.5,2,0
2025-08-29,A6,MARICHA,23.5,30.1,25.6,90.41666666666669,3,0
2025-08-30,A6,MARICHA,16.3,30.4,25.6,91.08333333333331,4,0
2025-08-31,A6,MARICHA,2.7,32.0,25.1,88.16666666666667,5,0
2025-09-01,A6,MARICHA,22.5,33.5,26.1,83.95833333333333,0,0
2025-09-02,A6,MARICHA,12.4,31.0,25.6,88.95833333333333,1,0
2025-09-03,A6,MARICHA,14.9,29.4,25.0,88.125,2,0
2025-09-04,A6,MARICHA,12.5,30.1,25.6,89.33333333333333,3,0
2025-09-05,A6,MARICHA,10.1,31.9,25.4,88.875,4,0
2025-09-06,A6,MARICHA,2.0,32.5,25.2,84.70833333333333,0,0
2025-09-07,A6,MARICHA,0.3,33.1,25.6,81.08333333333333,0,0
2025-09-08,A6,MARICHA,0.2,32.9,25.7,79.54166666666667,0,0
2025-09-09,A6,MARICHA,0.2,33.1,25.7,79.125,0,0
2025-09-10,A6,MARICHA,0.2,33.6,26.4,79.125,0,0
2025-09-11,A6,MARICHA,3.3,32.9,26.3,87.0,1,0
2025-09-12,A6,MARICHA,14.7,31.7,25.3,88.83333333333333,2,0
2025-09-13,A6,MARICHA,8.4,30.7,25.7,88.75,3,0
2025-09-14,A6,MARICHA,46.5,30.5,26.2,92.33333333333331,4,0
2025-09-15,A6,MARICHA,30.5,29.6,24.2,91.91666666666669,5,0
2025-09-16,A6,MARICHA,11.4,29.5,24.4,90.79166666666669,6,0
2025-09-17,A6,MARICHA,7.5,30.5,24.9,89.58333333333333,7,0
2025-09-18,A6,MARICHA,3.3,31.9,26.1,86.625,8,0
2025-09-19,A6,MARICHA,14.5,30.7,25.6,92.45833333333331,9,0
2025-09-20,A6,MARICHA,12.8,32.4,25.9,89.75,10,0
2025-09-21,A6,MARICHA,1.1,32.6,25.4,86.75,11,0
2025-09-22,A6,MARICHA,15.4,30.3,25.1,91.95833333333331,12,0
2025-09-23,A6,MARICHA,12.8,31.0,24.6,88.375,13,0
2025-09-24,A6,MARICHA,7.1,31.4,24.9,90.16666666666669,14,0
2025-09-25,A6,MARICHA,22.6,32.7,25.6,87.91666666666667,15,0
2025-09-26,A6,MARICHA,7.0,31.9,25.5,87.5,16,0
2025-09-27,A6,MARICHA,9.4,30.1,25.6,87.95833333333333,17,0
2025-09-28,A6,MARICHA,6.2,31.8,25.5,89.79166666666667,18,0
2025-09-29,A6,MARICHA,1.3,32.3,25.9,84.125,0,0
2025-09-30,A6,MARICHA,2.3,32.2,26.3,86.75,1,0
2025-10-01,A6,MARICHA,18.5,31.5,24.7,88.5,2,0
2025-10-02,A6,MARICHA,28.7,28.0,24.5,93.33333333333331,3,0
2025-10-03,A6,MARICHA,11.9,29.4,25.2,90.125,4,0
2025-10-04,A6,MARICHA,9.9,32.0,25.1,86.875,5,0
2025-10-05,A6,MARICHA,30.1,30.4,24.1,89.79166666666667,6,0
2025-10-06,A6,MARICHA,3.7,29.1,24.6,92.33333333333331,7,0
2025-10-07,A6,MARICHA,5.8,31.2,24.3,88.45833333333333,8,0
2025-10-08,A6,MARICHA,4.4,30.7,24.5,91.16666666666669,9,0
2025-10-09,A6,MARICHA,7.7,31.2,24.6,89.125,10,0
2025-10-10,A6,MARICHA,10.4,31.3,24.4,87.08333333333333,11,0
2025-10-11,A6,MARICHA,2.9,30.5,24.1,87.04166666666667,12,0
2025-10-12,A6,MARICHA,0.0,31.2,24.3,80.125,0,1
2025-10-13,A6,MARICHA,0.0,30.6,23.7,77.29166666666667,0,2
2025-10-14,A6,MARICHA,0.0,31.2,23.3,74.625,0,3
2025-10-15,A6,MARICHA,0.0,31.1,22.9,74.29166666666667,0,4
2025-10-16,A6,MARICHA,0.0,31.0,22.0,75.58333333333333,0,5
2025-10-17,A6,MARICHA,0.0,31.6,22.5,77.16666666666667,0,6
2025-10-18,A6,MARICHA,0.0,31.9,23.9,78.625,0,7
2025-10-19,A6,MARICHA,0.0,32.9,24.3,76.875,0,8
2025-10-20,A6,MARICHA,0.0,33.1,23.5,73.75,0,9
2025-10-21,A6,MARICHA,0.0,33.1,23.5,72.45833333333333,0,10
2025-10-22,A6,MARICHA,0.0,32.4,22.9,73.25,0,11
2025-10-23,A6,MARICHA,0.0,32.4,23.1,67.91666666666667,0,12
2025-10-24,A6,MARICHA,0.0,32.5,22.7,71.0,0,13
2025-10-25,A6,MARICHA,0.0,32.3,23.3,76.20833333333333,0,14
2025-10-26,A6,MARICHA,0.0,32.4,24.2,78.625,0,15
2025-10-27,A6,MARICHA,0.1,32.3,23.9,79.25,0,0
2025-10-28,A6,MARICHA,0.3,32.6,24.4,77.91666666666667,0,0
2025-10-29,A6,MARICHA,16.2,28.5,24.5,92.33333333333331,1,0
2025-10-30,A6,MARICHA,15.4,30.5,23.8,90.20833333333331,2,0
2025-10-31,A6,MARICHA,0.6,31.6,24.3,83.25,0,0
2025-11-01,A6,MARICHA,15.8,30.4,25.1,88.25,1,0
2025-11-02,A6,MARICHA,0.0,28.4,23.2,82.375,0,1
2025-11-03,A6,MARICHA,0.0,29.7,22.2,73.66666666666667,0,2
2025-11-04,A6,MARICHA,0.0,29.6,19.8,72.16666666666667,0,3
2025-11-05,A6,MARICHA,0.0,29.9,21.3,74.58333333333333,0,4
2025-11-06,A6,MARICHA,0.3,30.2,21.4,78.66666666666667,0,0
2025-11-07,A6,MARICHA,0.0,30.0,22.7,76.08333333333333,0,1
2025-11-08,A6,MARICHA,0.0,29.3,20.0,64.33333333333333,0,2
2025-11-09,A6,MARICHA,0.0,28.2,18.0,70.08333333333333,0,3
2025-11-10,A6,MARICHA,0.0,28.5,18.2,72.66666666666667,0,4
2025-11-11,A6,MARICHA,0.0,27.7,17.2,67.91666666666667,0,5
2025-11-12,A6,MARICHA,0.0,26.8,16.4,70.75,0,6
2025-11-13,A6,MARICHA,0.0,26.9,16.4,72.58333333333333,0,7
2025-11-14,A6,MARICHA,0.0,26.8,16.3,72.25,0,8
2025-11-15,A6,MARICHA,0.0,27.2,16.4,74.33333333333333,0,9
2025-11-16,A6,MARICHA,0.0,27.2,16.5,72.125,0,10
2025-11-17,A6,MARICHA,0.0,27.1,17.5,69.83333333333333,0,11
2025-11-18,A6,MARICHA,0.0,27.9,17.2,69.125,0,12
2025-11-19,A6,MARICHA,0.0,28.6,16.7,71.5,0,13
2025-11-20,A6,MARICHA,0.0,28.1,17.4,70.83333333333333,0,14
2025-11-21,A6,MARICHA,0.0,28.3,17.8,70.20833333333333,0,15
2025-11-22,A6,MARICHA,0.0,27.9,17.2,72.41666666666667,0,16
2025-11-23,A6,MARICHA,0.0,27.7,16.7,74.33333333333333,0,17
2025-11-24,A6,MARICHA,0.0,26.7,16.4,72.54166666666667,0,18
2025-11-25,A6,MARICHA,0.0,26.1,15.4,71.54166666666667,0,19
2025-11-26,A6,MARICHA,0.0,25.8,14.7,69.0,0,20
2025-11-27,A6,MARICHA,0.0,26.7,15.4,75.04166666666667,0,21
2025-11-28,A6,MARICHA,0.0,27.0,16.8,75.29166666666667,0,22
2025-11-29,A6,MARICHA,0.0,26.9,16.8,70.33333333333333,0,23
2025-11-30,A6,MARICHA,0.0,26.9,16.8,70.66666666666667,0,24
2025-12-01,A6,MARICHA,0.0,26.5,16.3,73.95833333333333,0,25
2025-12-02,A6,MARICHA,0.0,26.7,17.2,75.375,0,26
2025-12-03,A6,MARICHA,0.0,25.9,15.7,72.75,0,27
2025-12-04,A6,MARICHA,0.0,25.2,14.2,73.54166666666667,0,28
2025-12-05,A6,MARICHA,0.0,25.4,14.7,69.75,0,29
2025-12-06,A6,MARICHA,0.0,24.4,12.6,69.16666666666667,0,30
2025-12-07,A6,MARICHA,0.0,24.7,13.6,73.45833333333333,0,31
2025-12-08,A6,MARICHA,0.0,24.8,13.8,70.70833333333333,0,32
2025-12-09,A6,MARICHA,0.0,25.0,14.3,73.75,0,33
2025-12-10,A6,MARICHA,0.0,25.0,14.1,76.16666666666667,0,34
2025-12-11,A6,MARICHA,0.0,24.9,13.7,72.375,0,35
2025-12-12,A6,MARICHA,0.0,24.9,14.0,69.83333333333333,0,36
2025-12-13,A6,MARICHA,0.0,25.2,14.3,73.95833333333333,0,37
2025-12-14,A6,MARICHA,0.0,26.3,14.5,75.08333333333333,0,38
2025-12-15,A6,MARICHA,0.0,25.9,14.9,74.45833333333333,0,39
2025-12-16,A6,MARICHA,0.0,24.9,14.4,73.08333333333333,0,40
2025-12-17,A6,MARICHA,0.0,25.0,14.1,71.16666666666667,0,41
2025-12-18,A6,MARICHA,0.0,26.2,14.8,74.29166666666667,0,42
2025-12-19,A6,MARICHA,0.0,25.8,15.5,76.29166666666667,0,43
2025-12-20,A6,MARICHA,0.0,23.8,15.5,79.91666666666667,0,44
2025-12-21,A6,MARICHA,0.0,23.4,14.4,81.0,0,45
2025-12-22,A6,MARICHA,0.0,24.3,14.5,79.33333333333333,0,46
2025-12-23,A6,MARICHA,0.0,23.9,14.0,77.25,0,47
2025-12-24,A6,MARICHA,0.0,23.5,13.4,77.04166666666667,0,48
2025-12-25,A6,MARICHA,0.0,21.2,11.7,79.29166666666667,0,49
2025-12-26,A6,MARICHA,0.0,21.6,11.0,77.70833333333333,0,50
2025-12-27,A6,MARICHA,0.0,22.8,12.1,77.5,0,51
2025-12-28,A6,MARICHA,0.0,21.8,12.7,80.125,0,52
2025-12-29,A6,MARICHA,0.0,20.0,11.8,81.08333333333333,0,53
2025-12-30,A6,MARICHA,0.0,19.2,10.6,81.75,0,54
2025-12-31,A6,MARICHA,0.0,20.5,9.2,81.45833333333333,0,55
2024-01-01,A7,SADHANPUR,0.0,24.8,14.5,80.58333333333333,0,1
2024-01-02,A7,SADHANPUR,0.0,23.2,13.1,77.04166666666667,0,2
2024-01-03,A7,SADHANPUR,0.0,24.3,12.3,81.125,0,3
2024-01-04,A7,SADHANPUR,0.0,25.1,11.9,78.16666666666667,0,4
2024-01-05,A7,SADHANPUR,0.0,25.6,12.6,75.625,0,5
2024-01-06,A7,SADHANPUR,0.0,26.3,13.0,72.58333333333333,0,6
2024-01-07,A7,SADHANPUR,0.0,25.9,15.0,75.66666666666667,0,7
2024-01-08,A7,SADHANPUR,0.0,25.6,15.2,80.70833333333333,0,8
2024-01-09,A7,SADHANPUR,0.0,25.0,13.6,79.125,0,9
2024-01-10,A7,SADHANPUR,0.0,25.6,12.5,75.91666666666667,0,10
2024-01-11,A7,SADHANPUR,0.0,24.8,13.4,76.20833333333333,0,11
2024-01-12,A7,SADHANPUR,0.0,22.6,11.3,76.33333333333333,0,12
2024-01-13,A7,SADHANPUR,0.0,22.5,9.9,75.875,0,13
2024-01-14,A7,SADHANPUR,0.0,22.1,10.2,78.54166666666667,0,14
2024-01-15,A7,SADHANPUR,0.0,21.7,10.1,81.75,0,15
2024-01-16,A7,SADHANPUR,0.0,22.0,10.4,78.75,0,16
2024-01-17,A7,SADHANPUR,0.1,23.3,10.1,79.70833333333333,0,0
2024-01-18,A7,SADHANPUR,4.2,21.8,14.8,85.79166666666667,1,0
2024-01-19,A7,SADHANPUR,0.0,22.9,14.7,84.625,0,1
2024-01-20,A7,SADHANPUR,0.0,22.3,12.4,80.45833333333333,0,2
2024-01-21,A7,SADHANPUR,0.0,22.3,13.0,83.16666666666667,0,3
2024-01-22,A7,SADHANPUR,0.0,20.9,10.6,80.75,0,4
2024-01-23,A7,SADHANPUR,0.0,22.3,9.0,77.875,0,5
2024-01-24,A7,SADHANPUR,3.2,21.5,15.0,78.58333333333333,0,0
2024-01-25,A7,SADHANPUR,0.0,22.8,12.8,83.20833333333333,0,1
2024-01-26,A7,SADHANPUR,0.0,22.7,11.9,72.625,0,2
2024-01-27,A7,SADHANPUR,0.0,22.7,10.8,74.16666666666667,0,3
2024-01-28,A7,SADHANPUR,0.0,23.3,10.1,74.875,0,4
2024-01-29,A7,SADHANPUR,0.0,24.7,10.8,76.45833333333333,0,5
2024-01-30,A7,SADHANPUR,0.7,26.2,12.9,81.875,0,0
2024-01-31,A7,SADHANPUR,27.1,25.1,17.4,86.5,1,0
2024-02-01,A7,SADHANPUR,6.3,24.5,16.2,93.25,2,0
2024-02-02,A7,SADHANPUR,0.1,26.5,16.4,83.58333333333333,0,0
2024-02-03,A7,SADHANPUR,0.0,25.8,15.2,74.41666666666667,0,1
2024-02-04,A7,SADHANPUR,0.0,26.0,12.4,67.33333333333333,0,2
2024-02-05,A7,SADHANPUR,0.0,26.8,14.5,72.875,0,3
2024-02-06,A7,SADHANPUR,0.7,27.0,17.8,91.625,1,0
2024-02-07,A7,SADHANPUR,0.0,25.2,17.9,75.66666666666667,0,1
2024-02-08,A7,SADHANPUR,0.0,24.2,14.4,63.41666666666666,0,2
2024-02-09,A7,SADHANPUR,0.0,22.9,12.2,64.83333333333333,0,3
2024-02-10,A7,SADHANPUR,0.0,24.6,11.4,67.95833333333333,0,4
2024-02-11,A7,SADHANPUR,0.0,26.4,11.9,62.708333333333336,0,5
2024-02-12,A7,SADHANPUR,0.0,27.3,13.8,63.79166666666666,0,6
2024-02-13,A7,SADHANPUR,0.0,28.9,16.7,73.375,0,7
2024-02-14,A7,SADHANPUR,0.0,28.3,15.8,77.0,0,8
2024-02-15,A7,SADHANPUR,0.6,27.8,17.0,80.20833333333333,0,0
2024-02-16,A7,SADHANPUR,0.0,28.5,17.3,75.54166666666667,0,1
2024-02-17,A7,SADHANPUR,0.0,27.7,15.0,68.70833333333333,0,2
2024-02-18,A7,SADHANPUR,0.2,28.6,14.9,74.125,0,0
2024-02-19,A7,SADHANPUR,0.4,29.6,17.8,82.08333333333333,0,0
2024-02-20,A7,SADHANPUR,0.3,31.4,20.8,81.66666666666667,0,0
2024-02-21,A7,SADHANPUR,0.0,32.7,20.2,77.125,0,1
2024-02-22,A7,SADHANPUR,0.1,28.8,20.5,84.58333333333333,0,0
2024-02-23,A7,SADHANPUR,0.0,28.4,19.3,73.16666666666667,0,1
2024-02-24,A7,SADHANPUR,0.0,28.2,16.7,69.375,0,2
2024-02-25,A7,SADHANPUR,0.5,25.0,17.9,64.75,0,0
2024-02-26,A7,SADHANPUR,0.0,28.0,16.9,65.83333333333333,0,1
2024-02-27,A7,SADHANPUR,0.0,28.5,17.2,65.29166666666667,0,2
2024-02-28,A7,SADHANPUR,0.0,29.1,17.8,71.125,0,3
2024-02-29,A7,SADHANPUR,0.0,29.6,17.8,64.08333333333333,0,4
2024-03-01,A7,SADHANPUR,0.0,30.2,16.4,64.25,0,5
2024-03-02,A7,SADHANPUR,0.0,30.6,15.9,64.0,0,6
2024-03-03,A7,SADHANPUR,0.2,31.2,18.7,69.16666666666667,0,0
2024-03-04,A7,SADHANPUR,1.1,31.2,19.2,70.54166666666667,0,0
2024-03-05,A7,SADHANPUR,0.0,30.4,19.8,75.08333333333333,0,1
2024-03-06,A7,SADHANPUR,0.0,28.9,17.8,62.79166666666666,0,2
2024-03-07,A7,SADHANPUR,0.0,28.3,18.4,64.45833333333333,0,3
2024-03-08,A7,SADHANPUR,0.0,29.9,18.4,57.75,0,4
2024-03-09,A7,SADHANPUR,0.0,29.3,15.1,55.333333333333336,0,5
2024-03-10,A7,SADHANPUR,0.0,29.2,14.7,54.0,0,6
2024-03-11,A7,SADHANPUR,0.0,30.6,14.5,58.16666666666666,0,7
2024-03-12,A7,SADHANPUR,0.0,32.7,19.6,76.375,0,8
2024-03-13,A7,SADHANPUR,0.6,33.6,23.2,71.45833333333333,0,0
2024-03-14,A7,SADHANPUR,12.3,31.8,21.5,83.83333333333333,0,0
2024-03-15,A7,SADHANPUR,0.9,33.4,21.9,75.54166666666667,0,0
2024-03-16,A7,SADHANPUR,1.4,31.7,22.5,82.95833333333333,0,0
2024-03-17,A7,SADHANPUR,0.0,31.6,21.4,80.41666666666667,0,1
2024-03-18,A7,SADHANPUR,2.0,29.6,21.7,84.16666666666667,0,0
2024-03-19,A7,SADHANPUR,11.9,30.2,22.6,80.75,0,0
2024-03-20,A7,SADHANPUR,12.9,23.5,18.4,90.33333333333331,1,0
2024-03-21,A7,SADHANPUR,7.4,26.5,18.3,86.83333333333333,2,0
2024-03-22,A7,SADHANPUR,0.3,27.5,16.7,79.125,0,0
2024-03-23,A7,SADHANPUR,5.0,31.9,19.1,80.54166666666667,0,0
2024-03-24,A7,SADHANPUR,0.0,33.7,23.7,80.66666666666667,0,1
2024-03-25,A7,SADHANPUR,15.3,33.0,22.7,82.25,0,0
2024-03-26,A7,SADHANPUR,0.0,32.4,23.8,78.95833333333333,0,1
2024-03-27,A7,SADHANPUR,0.1,34.4,22.7,81.04166666666667,0,0
2024-03-28,A7,SADHANPUR,0.3,32.8,22.3,79.95833333333333,0,0
2024-03-29,A7,SADHANPUR,0.2,34.2,24.7,79.95833333333333,0,0
2024-03-30,A7,SADHANPUR,0.3,35.7,24.8,78.16666666666667,0,0
2024-03-31,A7,SADHANPUR,4.8,34.7,25.1,81.625,0,0
2024-04-01,A7,SADHANPUR,0.0,36.4,25.1,62.66666666666666,0,1
2024-04-02,A7,SADHANPUR,0.0,35.7,23.9,67.29166666666667,0,2
2024-04-03,A7,SADHANPUR,0.0,36.0,25.1,74.66666666666667,0,3
2024-04-04,A7,SADHANPUR,23.9,37.2,25.9,83.125,0,0
2024-04-05,A7,SADHANPUR,0.0,37.4,26.3,77.20833333333333,0,1
2024-04-06,A7,SADHANPUR,0.2,37.8,25.9,76.95833333333333,0,0
2024-04-07,A7,SADHANPUR,1.0,36.2,25.8,73.5,0,0
2024-04-08,A7,SADHANPUR,0.0,31.3,22.6,67.41666666666667,0,1
2024-04-09,A7,SADHANPUR,0.0,34.7,22.1,59.79166666666666,0,2
2024-04-10,A7,SADHANPUR,0.0,35.8,22.7,64.33333333333333,0,3
2024-04-11,A7,SADHANPUR,6.0,33.2,23.9,77.79166666666667,0,0
2024-04-12,A7,SADHANPUR,0.0,35.0,23.5,61.625,0,1
2024-04-13,A7,SADHANPUR,0.0,36.1,23.7,58.75,0,2
2024-04-14,A7,SADHANPUR,0.0,36.9,23.2,62.16666666666666,0,3
2024-04-15,A7,SADHANPUR,0.0,38.2,23.9,62.04166666666666,0,4
2024-04-16,A7,SADHANPUR,0.0,38.2,26.3,58.375,0,5
2024-04-17,A7,SADHANPUR,0.0,37.9,27.2,58.333333333333336,0,6
2024-04-18,A7,SADHANPUR,0.0,38.3,25.6,51.66666666666666,0,7
2024-04-19,A7,SADHANPUR,0.0,40.3,24.9,53.04166666666666,0,8
2024-04-20,A7,SADHANPUR,0.0,41.6,26.0,59.833333333333336,0,9
2024-04-21,A7,SADHANPUR,0.0,40.8,27.1,59.625,0,10
2024-04-22,A7,SADHANPUR,0.0,39.9,25.9,53.04166666666666,0,11
2024-04-23,A7,SADHANPUR,0.0,38.4,26.5,41.91666666666666,0,12
2024-04-24,A7,SADHANPUR,0.0,40.2,27.1,45.5,0,13
2024-04-25,A7,SADHANPUR,0.0,40.3,24.8,45.958333333333336,0,14
2024-04-26,A7,SADHANPUR,0.0,40.8,27.1,62.708333333333336,0,15
2024-04-27,A7,SADHANPUR,0.0,41.4,27.8,60.375,0,16
2024-04-28,A7,SADHANPUR,0.9,40.1,28.3,56.79166666666666,0,0
2024-04-29,A7,SADHANPUR,0.0,41.7,28.5,45.91666666666666,0,1
2024-04-30,A7,SADHANPUR,0.0,43.7,29.2,47.91666666666666,0,2
2024-05-01,A7,SADHANPUR,0.0,41.5,28.7,42.54166666666666,0,3
2024-05-02,A7,SADHANPUR,0.0,41.1,29.4,56.875,0,4
2024-05-03,A7,SADHANPUR,0.0,40.2,26.1,57.25,0,5
2024-05-04,A7,SADHANPUR,0.1,39.9,27.4,66.5,0,0
2024-05-05,A7,SADHANPUR,0.5,37.9,28.5,67.0,0,0
2024-05-06,A7,SADHANPUR,86.6,37.3,24.8,79.25,0,0
2024-05-07,A7,SADHANPUR,2.1,33.4,24.3,76.83333333333333,0,0
2024-05-08,A7,SADHANPUR,3.6,30.4,23.8,84.04166666666667,0,0
2024-05-09,A7,SADHANPUR,9.0,31.3,24.0,84.95833333333333,0,0
2024-05-10,A7,SADHANPUR,10.1,31.3,23.6,84.875,0,0
2024-05-11,A7,SADHANPUR,16.1,31.5,25.0,86.45833333333333,1,0
2024-05-12,A7,SADHANPUR,3.3,32.7,25.0,81.58333333333333,0,0
2024-05-13,A7,SADHANPUR,0.0,33.6,24.0,76.04166666666667,0,1
2024-05-14,A7,SADHANPUR,2.5,34.0,25.1,81.95833333333333,0,0
2024-05-15,A7,SADHANPUR,0.0,35.2,26.0,75.54166666666667,0,1
2024-05-16,A7,SADHANPUR,0.0,35.6,26.1,75.20833333333333,0,2
2024-05-17,A7,SADHANPUR,0.0,37.4,27.3,72.54166666666667,0,3
2024-05-18,A7,SADHANPUR,0.0,36.5,28.7,73.54166666666667,0,4
2024-05-19,A7,SADHANPUR,0.1,33.8,28.8,76.0,0,0
2024-05-20,A7,SADHANPUR,12.9,33.2,26.9,85.04166666666667,1,0
2024-05-21,A7,SADHANPUR,7.0,33.3,26.4,84.66666666666667,0,0
2024-05-22,A7,SADHANPUR,2.1,33.8,26.7,80.20833333333333,0,0
2024-05-23,A7,SADHANPUR,0.0,35.0,26.0,76.04166666666667,0,1
2024-05-24,A7,SADHANPUR,0.0,35.6,26.3,73.125,0,2
2024-05-25,A7,SADHANPUR,0.1,36.5,27.4,74.33333333333333,0,0
2024-05-26,A7,SADHANPUR,30.6,30.7,26.8,86.875,1,0
2024-05-27,A7,SADHANPUR,70.7,27.6,26.1,89.75,2,0
2024-05-28,A7,SADHANPUR,0.1,35.5,26.4,77.91666666666667,0,0
2024-05-29,A7,SADHANPUR,0.0,35.9,29.3,81.29166666666667,0,1
2024-05-30,A7,SADHANPUR,0.2,35.3,29.4,79.29166666666667,0,0
2024-05-31,A7,SADHANPUR,0.0,34.9,28.5,80.5,0,1
2024-06-01,A7,SADHANPUR,0.8,34.6,28.1,82.58333333333333,0,0
2024-06-02,A7,SADHANPUR,2.7,34.2,29.0,80.875,0,0
2024-06-03,A7,SADHANPUR,0.5,34.5,28.3,77.54166666666667,0,0
2024-06-04,A7,SADHANPUR,0.0,35.7,28.6,78.25,0,1
2024-06-05,A7,SADHANPUR,0.4,35.8,28.0,79.79166666666667,0,0
2024-06-06,A7,SADHANPUR,2.4,36.5,26.7,83.66666666666667,0,0
2024-06-07,A7,SADHANPUR,0.0,36.3,25.9,78.91666666666667,0,1
2024-06-08,A7,SADHANPUR,0.0,35.6,28.0,76.91666666666667,0,2
2024-06-09,A7,SADHANPUR,0.0,36.5,28.2,79.33333333333333,0,3
2024-06-10,A7,SADHANPUR,0.0,36.4,28.5,77.125,0,4
2024-06-11,A7,SADHANPUR,0.0,36.7,28.9,77.5,0,5
2024-06-12,A7,SADHANPUR,0.0,35.3,28.3,76.375,0,6
2024-06-13,A7,SADHANPUR,0.0,36.0,28.6,74.95833333333333,0,7
2024-06-14,A7,SADHANPUR,0.0,37.2,29.1,75.08333333333333,0,8
2024-06-15,A7,SADHANPUR,0.0,37.3,29.4,74.125,0,9
2024-06-16,A7,SADHANPUR,0.0,36.9,29.4,75.0,0,10
2024-06-17,A7,SADHANPUR,0.1,36.8,29.2,75.58333333333333,0,0
2024-06-18,A7,SADHANPUR,10.9,32.5,28.4,81.91666666666667,0,0
2024-06-19,A7,SADHANPUR,8.1,34.6,28.5,81.58333333333333,0,0
2024-06-20,A7,SADHANPUR,31.5,33.8,27.9,86.45833333333333,1,0
2024-06-21,A7,SADHANPUR,3.9,32.0,27.2,85.66666666666667,2,0
2024-06-22,A7,SADHANPUR,1.9,33.3,26.4,82.58333333333333,0,0
2024-06-23,A7,SADHANPUR,3.3,33.6,26.7,82.29166666666667,0,0
2024-06-24,A7,SADHANPUR,0.8,34.0,27.2,79.125,0,0
2024-06-25,A7,SADHANPUR,0.6,34.0,28.0,76.75,0,0
2024-06-26,A7,SADHANPUR,0.7,34.3,27.3,77.95833333333333,0,0
2024-06-27,A7,SADHANPUR,10.2,32.1,27.4,84.29166666666667,0,0
2024-06-28,A7,SADHANPUR,7.8,33.0,27.2,85.0,0,0
2024-06-29,A7,SADHANPUR,7.0,31.6,26.8,87.91666666666667,1,0
2024-06-30,A7,SADHANPUR,34.0,32.0,26.4,90.04166666666667,2,0
2024-07-01,A7,SADHANPUR,18.6,31.4,25.9,88.625,3,0
2024-07-02,A7,SADHANPUR,25.4,30.5,25.9,90.54166666666669,4,0
2024-07-03,A7,SADHANPUR,11.2,30.7,25.8,88.54166666666667,5,0
2024-07-04,A7,SADHANPUR,21.9,30.7,25.4,90.625,6,0
2024-07-05,A7,SADHANPUR,27.6,32.4,25.7,84.25,0,0
2024-07-06,A7,SADHANPUR,2.7,32.1,26.1,84.41666666666667,0,0
2024-07-07,A7,SADHANPUR,11.7,32.0,26.4,84.54166666666667,0,0
2024-07-08,A7,SADHANPUR,1.3,32.3,26.2,81.16666666666667,0,0
2024-07-09,A7,SADHANPUR,3.5,31.5,27.0,82.16666666666667,0,0
2024-07-10,A7,SADHANPUR,1.8,32.8,27.5,79.5,0,0
2024-07-11,A7,SADHANPUR,27.9,32.8,27.6,82.83333333333333,0,0
2024-07-12,A7,SADHANPUR,8.8,32.0,26.0,87.41666666666667,1,0
2024-07-13,A7,SADHANPUR,5.5,32.8,25.4,85.625,2,0
2024-07-14,A7,SADHANPUR,3.8,32.6,26.3,82.83333333333333,0,0
2024-07-15,A7,SADHANPUR,1.9,32.6,27.0,81.66666666666667,0,0
2024-07-16,A7,SADHANPUR,4.2,32.3,26.6,82.875,0,0
2024-07-17,A7,SADHANPUR,6.8,33.1,26.6,83.25,0,0
2024-07-18,A7,SADHANPUR,1.5,33.4,26.7,80.45833333333333,0,0
2024-07-19,A7,SADHANPUR,5.6,32.4,27.3,80.29166666666667,0,0
2024-07-20,A7,SADHANPUR,2.7,32.4,27.1,79.54166666666667,0,0
2024-07-21,A7,SADHANPUR,9.7,32.2,27.0,81.0,0,0
2024-07-22,A7,SADHANPUR,12.6,31.3,26.7,84.08333333333333,0,0
2024-07-23,A7,SADHANPUR,15.6,32.3,25.9,85.66666666666667,1,0
2024-07-24,A7,SADHANPUR,13.3,32.6,26.6,86.5,2,0
2024-07-25,A7,SADHANPUR,8.7,32.4,26.3,86.83333333333333,3,0
2024-07-26,A7,SADHANPUR,21.8,31.4,26.2,86.95833333333333,4,0
2024-07-27,A7,SADHANPUR,5.9,32.3,27.0,85.375,5,0
2024-07-28,A7,SADHANPUR,21.8,31.1,26.3,87.58333333333333,6,0
2024-07-29,A7,SADHANPUR,8.3,32.0,26.4,86.875,7,0
2024-07-30,A7,SADHANPUR,5.2,33.0,26.2,83.625,0,0
2024-07-31,A7,SADHANPUR,28.3,32.0,25.9,88.41666666666667,1,0
2024-08-01,A7,SADHANPUR,67.5,28.9,25.3,91.91666666666669,2,0
2024-08-02,A7,SADHANPUR,31.4,30.1,25.6,89.95833333333333,3,0
2024-08-03,A7,SADHANPUR,28.2,31.0,24.9,88.20833333333333,4,0
2024-08-04,A7,SADHANPUR,38.3,30.9,24.7,89.20833333333333,5,0
2024-08-05,A7,SADHANPUR,18.6,32.4,24.8,87.08333333333333,6,0
2024-08-06,A7,SADHANPUR,9.9,31.3,26.2,89.20833333333333,7,0
2024-08-07,A7,SADHANPUR,3.0,30.5,25.8,86.5,8,0
2024-08-08,A7,SADHANPUR,11.9,31.0,25.9,85.58333333333333,9,0
2024-08-09,A7,SADHANPUR,11.5,30.9,25.3,86.41666666666667,10,0
2024-08-10,A7,SADHANPUR,32.7,32.2,24.9,89.16666666666667,11,0
2024-08-11,A7,SADHANPUR,10.0,32.3,25.1,86.875,12,0
2024-08-12,A7,SADHANPUR,11.5,32.4,25.4,85.83333333333333,13,0
2024-08-13,A7,SADHANPUR,13.0,32.3,25.4,86.83333333333333,14,0
2024-08-14,A7,SADHANPUR,16.6,32.4,25.0,87.16666666666667,15,0
2024-08-15,A7,SADHANPUR,9.2,32.9,25.7,86.5,16,0
2024-08-16,A7,SADHANPUR,1.1,31.3,25.2,86.95833333333333,17,0
2024-08-17,A7,SADHANPUR,16.8,32.8,25.3,87.04166666666667,18,0
2024-08-18,A7,SADHANPUR,16.5,29.4,25.2,90.66666666666669,19,0
2024-08-19,A7,SADHANPUR,17.0,30.6,25.7,90.5,20,0
2024-08-20,A7,SADHANPUR,19.2,30.9,24.8,91.04166666666669,21,0
2024-08-21,A7,SADHANPUR,29.5,31.8,24.9,89.75,22,0
2024-08-22,A7,SADHANPUR,24.7,31.5,25.6,91.20833333333331,23,0
2024-08-23,A7,SADHANPUR,33.6,30.5,24.6,91.54166666666669,24,0
2024-08-24,A7,SADHANPUR,5.0,29.2,25.0,91.5,25,0
2024-08-25,A7,SADHANPUR,42.7,29.4,24.2,94.41666666666669,26,0
2024-08-26,A7,SADHANPUR,29.0,29.6,24.6,91.33333333333331,27,0
2024-08-27,A7,SADHANPUR,23.8,30.5,24.6,91.45833333333331,28,0
2024-08-28,A7,SADHANPUR,6.8,32.0,24.7,88.25,29,0
2024-08-29,A7,SADHANPUR,5.5,32.3,25.5,84.79166666666667,0,0
2024-08-30,A7,SADHANPUR,0.3,32.9,24.9,82.08333333333333,0,0
2024-08-31,A7,SADHANPUR,3.6,32.3,26.2,82.08333333333333,0,0
2024-09-01,A7,SADHANPUR,10.6,30.5,26.2,86.75,1,0
2024-09-02,A7,SADHANPUR,3.0,32.2,25.5,86.625,2,0
2024-09-03,A7,SADHANPUR,6.7,31.9,25.3,88.16666666666667,3,0
2024-09-04,A7,SADHANPUR,9.4,31.4,25.6,87.79166666666667,4,0
2024-09-05,A7,SADHANPUR,3.1,32.4,25.4,83.25,0,0
2024-09-06,A7,SADHANPUR,2.3,33.2,25.9,85.25,1,0
2024-09-07,A7,SADHANPUR,14.8,33.6,25.5,83.875,0,0
2024-09-08,A7,SADHANPUR,7.7,32.1,26.2,83.91666666666667,0,0
2024-09-09,A7,SADHANPUR,3.6,32.3,26.5,82.91666666666667,0,0
2024-09-10,A7,SADHANPUR,5.7,31.6,25.9,84.25,0,0
2024-09-11,A7,SADHANPUR,10.0,32.3,26.1,87.33333333333333,1,0
2024-09-12,A7,SADHANPUR,15.9,32.0,26.2,90.29166666666669,2,0
2024-09-13,A7,SADHANPUR,28.3,32.2,25.7,86.58333333333333,3,0
2024-09-14,A7,SADHANPUR,48.7,27.6,25.1,93.04166666666669,4,0
2024-09-15,A7,SADHANPUR,18.8,28.6,24.9,92.45833333333331,5,0
2024-09-16,A7,SADHANPUR,16.9,27.9,25.2,89.79166666666667,6,0
2024-09-17,A7,SADHANPUR,0.2,32.3,25.6,83.25,0,0
2024-09-18,A7,SADHANPUR,0.0,32.8,24.4,78.625,0,1
2024-09-19,A7,SADHANPUR,3.2,32.8,25.8,84.54166666666667,0,0
2024-09-20,A7,SADHANPUR,0.6,33.9,26.4,83.25,0,0
2024-09-21,A7,SADHANPUR,3.7,33.4,26.1,83.91666666666667,0,0
2024-09-22,A7,SADHANPUR,0.0,34.1,26.8,82.45833333333333,0,1
2024-09-23,A7,SADHANPUR,8.0,34.1,26.1,87.83333333333333,1,0
2024-09-24,A7,SADHANPUR,10.5,30.7,26.3,88.33333333333333,2,0
2024-09-25,A7,SADHANPUR,26.3,28.8,24.1,92.0,3,0
2024-09-26,A7,SADHANPUR,26.5,28.4,24.4,92.91666666666669,4,0
2024-09-27,A7,SADHANPUR,12.2,30.8,24.6,89.41666666666667,5,0
2024-09-28,A7,SADHANPUR,4.1,31.6,25.0,87.375,6,0
2024-09-29,A7,SADHANPUR,5.5,32.2,26.2,88.625,7,0
2024-09-30,A7,SADHANPUR,0.4,33.2,26.0,84.625,0,0
2024-10-01,A7,SADHANPUR,9.5,34.0,26.4,85.125,1,0
2024-10-02,A7,SADHANPUR,8.4,32.1,24.6,89.25,2,0
2024-10-03,A7,SADHANPUR,19.3,30.8,26.0,91.5,3,0
2024-10-04,A7,SADHANPUR,31.9,30.4,24.8,91.75,4,0
2024-10-05,A7,SADHANPUR,22.9,30.4,24.7,92.45833333333331,5,0
2024-10-06,A7,SADHANPUR,7.9,30.4,24.5,90.41666666666669,6,0
2024-10-07,A7,SADHANPUR,9.6,30.9,24.0,90.58333333333331,7,0
2024-10-08,A7,SADHANPUR,8.3,30.7,25.3,90.79166666666669,8,0
2024-10-09,A7,SADHANPUR,10.3,30.3,24.8,91.5,9,0
2024-10-10,A7,SADHANPUR,12.4,30.7,24.7,90.16666666666669,10,0
2024-10-11,A7,SADHANPUR,5.3,32.0,25.2,87.25,11,0
2024-10-12,A7,SADHANPUR,6.9,31.9,24.6,88.125,12,0
2024-10-13,A7,SADHANPUR,1.2,32.0,24.6,87.75,13,0
2024-10-14,A7,SADHANPUR,0.0,32.1,23.9,81.91666666666667,0,1
2024-10-15,A7,SADHANPUR,9.0,31.6,24.3,86.5,1,0
2024-10-16,A7,SADHANPUR,0.1,31.3,23.9,85.16666666666667,2,0
2024-10-17,A7,SADHANPUR,8.2,31.1,23.8,89.08333333333333,3,0
2024-10-18,A7,SADHANPUR,5.4,29.5,23.4,90.29166666666669,4,0
2024-10-19,A7,SADHANPUR,9.0,30.2,23.4,88.41666666666667,5,0
2024-10-20,A7,SADHANPUR,0.0,30.6,23.5,81.16666666666667,0,1
2024-10-21,A7,SADHANPUR,0.0,30.6,23.7,81.08333333333333,0,2
2024-10-22,A7,SADHANPUR,0.0,31.0,22.6,82.0,0,3
2024-10-23,A7,SADHANPUR,12.6,29.9,24.0,85.70833333333333,1,0
2024-10-24,A7,SADHANPUR,14.5,27.1,24.1,90.08333333333331,2,0
2024-10-25,A7,SADHANPUR,28.6,25.9,23.7,93.04166666666669,3,0
2024-10-26,A7,SADHANPUR,2.8,31.5,24.5,81.66666666666667,0,0
2024-10-27,A7,SADHANPUR,0.3,31.1,23.5,83.625,0,0
2024-10-28,A7,SADHANPUR,0.3,31.4,23.1,81.45833333333333,0,0
2024-10-29,A7,SADHANPUR,0.0,31.3,23.4,81.375,0,1
2024-10-30,A7,SADHANPUR,0.6,31.1,23.6,88.29166666666667,1,0
2024-10-31,A7,SADHANPUR,0.8,31.2,23.8,89.16666666666667,2,0
2024-11-01,A7,SADHANPUR,0.0,32.3,23.0,78.29166666666667,0,1
2024-11-02,A7,SADHANPUR,0.0,31.4,20.9,74.25,0,2
2024-11-03,A7,SADHANPUR,0.0,30.7,20.6,79.29166666666667,0,3
2024-11-04,A7,SADHANPUR,0.0,30.5,20.8,77.45833333333333,0,4
2024-11-05,A7,SADHANPUR,0.4,29.8,21.9,77.125,0,0
2024-11-06,A7,SADHANPUR,0.5,29.4,21.8,80.375,0,0
2024-11-07,A7,SADHANPUR,0.3,30.0,20.6,80.66666666666667,0,0
2024-11-08,A7,SADHANPUR,0.0,30.2,21.4,78.20833333333333,0,1
2024-11-09,A7,SADHANPUR,0.0,29.7,20.9,79.5,0,2
2024-11-10,A7,SADHANPUR,0.0,30.1,20.4,78.0,0,3
2024-11-11,A7,SADHANPUR,0.0,30.2,20.2,75.66666666666667,0,4
2024-11-12,A7,SADHANPUR,0.0,30.2,19.8,73.25,0,5
2024-11-13,A7,SADHANPUR,0.0,31.2,20.3,65.83333333333333,0,6
2024-11-14,A7,SADHANPUR,0.0,31.1,20.2,59.875,0,7
2024-11-15,A7,SADHANPUR,0.0,30.9,19.0,59.04166666666666,0,8
2024-11-16,A7,SADHANPUR,0.0,29.7,17.8,56.625,0,9
2024-11-17,A7,SADHANPUR,0.0,29.1,17.8,63.0,0,10
2024-11-18,A7,SADHANPUR,0.0,28.8,17.1,62.208333333333336,0,11
2024-11-19,A7,SADHANPUR,0.0,28.3,17.6,62.79166666666666,0,12
2024-11-20,A7,SADHANPUR,0.0,29.4,17.4,66.16666666666667,0,13
2024-11-21,A7,SADHANPUR,0.0,29.2,18.4,66.0,0,14
2024-11-22,A7,SADHANPUR,0.0,29.2,17.9,62.41666666666666,0,15
2024-11-23,A7,SADHANPUR,0.0,29.0,17.7,62.083333333333336,0,16
2024-11-24,A7,SADHANPUR,0.0,28.4,16.5,63.79166666666666,0,17
2024-11-25,A7,SADHANPUR,0.0,27.8,16.2,64.875,0,18
2024-11-26,A7,SADHANPUR,0.0,27.8,16.1,63.5,0,19
2024-11-27,A7,SADHANPUR,0.0,28.3,16.4,65.125,0,20
2024-11-28,A7,SADHANPUR,0.0,28.1,16.9,72.25,0,21
2024-11-29,A7,SADHANPUR,0.3,27.1,19.6,69.0,0,0
2024-11-30,A7,SADHANPUR,19.3,23.2,18.5,78.66666666666667,0,0
2024-12-01,A7,SADHANPUR,0.0,28.1,18.3,72.16666666666667,0,1
2024-12-02,A7,SADHANPUR,0.3,22.8,19.1,74.20833333333333,0,0
2024-12-03,A7,SADHANPUR,0.0,28.3,18.2,66.08333333333333,0,1
2024-12-04,A7,SADHANPUR,0.0,27.9,16.2,73.58333333333333,0,2
2024-12-05,A7,SADHANPUR,0.0,28.8,15.6,67.79166666666667,0,3
2024-12-06,A7,SADHANPUR,0.0,27.0,15.4,65.625,0,4
2024-12-07,A7,SADHANPUR,0.0,25.9,14.0,70.375,0,5
2024-12-08,A7,SADHANPUR,0.0,25.6,13.1,67.875,0,6
2024-12-09,A7,SADHANPUR,0.0,26.0,14.4,72.79166666666667,0,7
2024-12-10,A7,SADHANPUR,0.2,26.0,16.2,78.375,0,0
2024-12-11,A7,SADHANPUR,0.0,24.3,14.2,72.45833333333333,0,1
2024-12-12,A7,SADHANPUR,0.0,23.8,12.1,70.83333333333333,0,2
2024-12-13,A7,SADHANPUR,0.0,23.4,11.4,70.875,0,3
2024-12-14,A7,SADHANPUR,0.0,23.2,11.8,72.20833333333333,0,4
2024-12-15,A7,SADHANPUR,0.0,23.8,10.8,71.41666666666667,0,5
2024-12-16,A7,SADHANPUR,0.0,24.6,12.3,78.625,0,6
2024-12-17,A7,SADHANPUR,0.0,25.5,13.0,77.875,0,7
2024-12-18,A7,SADHANPUR,0.0,26.6,14.1,76.54166666666667,0,8
2024-12-19,A7,SADHANPUR,0.0,25.9,14.3,75.79166666666667,0,9
2024-12-20,A7,SADHANPUR,0.4,25.5,13.8,77.95833333333333,0,0
2024-12-21,A7,SADHANPUR,2.2,20.4,15.4,86.66666666666667,1,0
2024-12-22,A7,SADHANPUR,0.0,25.1,14.8,86.16666666666667,2,1
2024-12-23,A7,SADHANPUR,0.0,26.2,15.1,74.5,0,2
2024-12-24,A7,SADHANPUR,0.0,25.7,15.2,70.875,0,3
2024-12-25,A7,SADHANPUR,0.0,25.5,17.0,74.95833333333333,0,4
2024-12-26,A7,SADHANPUR,0.0,26.8,15.9,74.125,0,5
2024-12-27,A7,SADHANPUR,0.0,26.6,14.8,71.125,0,6
2024-12-28,A7,SADHANPUR,0.0,25.9,13.9,73.5,0,7
2024-12-29,A7,SADHANPUR,0.0,26.7,15.2,72.125,0,8
2024-12-30,A7,SADHANPUR,0.0,26.1,16.3,77.91666666666667,0,9
2024-12-31,A7,SADHANPUR,0.0,23.9,15.1,74.20833333333333,0,10
2025-01-01,A7,SADHANPUR,0.0,22.8,12.8,79.58333333333333,0,11
2025-01-02,A7,SADHANPUR,0.0,22.2,12.1,79.875,0,12
2025-01-03,A7,SADHANPUR,0.0,22.3,10.9,80.91666666666667,0,13
2025-01-04,A7,SADHANPUR,0.0,23.7,12.7,82.54166666666667,0,14
2025-01-05,A7,SADHANPUR,0.0,24.3,13.5,82.875,0,15
2025-01-06,A7,SADHANPUR,0.0,24.4,12.4,79.91666666666667,0,16
2025-01-07,A7,SADHANPUR,0.0,25.8,14.1,77.33333333333333,0,17
2025-01-08,A7,SADHANPUR,0.0,22.4,13.2,80.08333333333333,0,18
2025-01-09,A7,SADHANPUR,0.0,21.9,11.9,81.875,0,19
2025-01-10,A7,SADHANPUR,0.0,22.6,12.0,75.08333333333333,0,20
2025-01-11,A7,SADHANPUR,0.0,23.2,11.2,80.58333333333333,0,21
2025-01-12,A7,SADHANPUR,0.0,24.7,12.5,78.95833333333333,0,22
2025-01-13,A7,SADHANPUR,0.0,26.3,13.5,75.29166666666667,0,23
2025-01-14,A7,SADHANPUR,0.0,25.1,15.1,77.625,0,24
2025-01-15,A7,SADHANPUR,0.0,24.2,14.0,75.29166666666667,0,25
2025-01-16,A7,SADHANPUR,0.0,24.3,12.6,78.33333333333333,0,26
2025-01-17,A7,SADHANPUR,0.0,24.5,13.9,76.41666666666667,0,27
2025-01-18,A7,SADHANPUR,0.0,24.5,13.7,76.29166666666667,0,28
2025-01-19,A7,SADHANPUR,0.0,24.4,13.2,69.66666666666667,0,29
2025-01-20,A7,SADHANPUR,0.0,23.8,12.2,71.0,0,30
2025-01-21,A7,SADHANPUR,0.0,25.3,13.0,74.875,0,31
2025-01-22,A7,SADHANPUR,0.0,26.2,13.7,79.70833333333333,0,32
2025-01-23,A7,SADHANPUR,0.0,27.6,13.4,80.83333333333333,0,33
2025-01-24,A7,SADHANPUR,0.0,27.8,14.5,82.45833333333333,0,34
2025-01-25,A7,SADHANPUR,0.3,25.4,16.1,83.29166666666667,0,0
2025-01-26,A7,SADHANPUR,0.0,24.3,13.3,70.58333333333333,0,1
2025-01-27,A7,SADHANPUR,0.0,24.0,12.7,67.83333333333333,0,2
2025-01-28,A7,SADHANPUR,0.0,25.6,12.6,72.0,0,3
2025-01-29,A7,SADHANPUR,0.2,26.9,14.5,83.25,0,0
2025-01-30,A7,SADHANPUR,0.1,29.1,17.5,79.45833333333333,0,0
2025-01-31,A7,SADHANPUR,0.1,29.1,19.2,82.08333333333333,0,0
2025-02-01,A7,SADHANPUR,0.5,28.8,20.0,87.75,1,0
2025-02-02,A7,SADHANPUR,0.2,28.5,20.2,88.0,2,0
2025-02-03,A7,SADHANPUR,0.0,28.5,18.7,78.70833333333333,0,1
2025-02-04,A7,SADHANPUR,0.0,27.1,16.6,69.58333333333333,0,2
2025-02-05,A7,SADHANPUR,0.0,29.0,15.9,70.625,0,3
2025-02-06,A7,SADHANPUR,0.0,28.7,18.8,71.5,0,4
2025-02-07,A7,SADHANPUR,0.0,25.6,14.4,59.458333333333336,0,5
2025-02-08,A7,SADHANPUR,0.0,25.4,13.2,63.16666666666666,0,6
2025-02-09,A7,SADHANPUR,0.0,26.0,13.4,62.375,0,7
2025-02-10,A7,SADHANPUR,0.0,29.3,14.2,65.70833333333333,0,8
2025-02-11,A7,SADHANPUR,0.0,29.9,18.8,76.70833333333333,0,9
2025-02-12,A7,SADHANPUR,0.4,29.7,19.3,80.95833333333333,0,0
2025-02-13,A7,SADHANPUR,0.1,30.2,20.6,73.16666666666667,0,0
2025-02-14,A7,SADHANPUR,0.0,27.8,15.7,50.25,0,1
2025-02-15,A7,SADHANPUR,0.0,28.8,15.4,57.375,0,2
2025-02-16,A7,SADHANPUR,0.0,30.7,16.3,66.04166666666667,0,3
2025-02-17,A7,SADHANPUR,0.1,31.1,18.6,76.20833333333333,0,0
2025-02-18,A7,SADHANPUR,0.2,29.8,18.4,81.95833333333333,0,0
2025-02-19,A7,SADHANPUR,1.4,28.3,18.7,84.75,0,0
2025-02-20,A7,SADHANPUR,5.0,27.0,18.7,86.91666666666667,1,0
2025-02-21,A7,SADHANPUR,0.0,28.8,17.4,80.54166666666667,0,1
2025-02-22,A7,SADHANPUR,9.7,28.7,18.9,87.16666666666667,1,0
2025-02-23,A7,SADHANPUR,7.8,28.0,17.9,83.16666666666667,0,0
2025-02-24,A7,SADHANPUR,0.0,28.9,17.3,74.20833333333333,0,1
2025-02-25,A7,SADHANPUR,0.0,29.1,18.1,71.04166666666667,0,2
2025-02-26,A7,SADHANPUR,0.0,29.3,17.8,72.70833333333333,0,3
2025-02-27,A7,SADHANPUR,0.0,29.6,17.6,71.08333333333333,0,4
2025-02-28,A7,SADHANPUR,0.0,30.6,19.4,73.54166666666667,0,5
2025-03-01,A7,SADHANPUR,0.0,33.1,20.0,72.58333333333333,0,6
2025-03-02,A7,SADHANPUR,0.0,33.3,20.6,70.25,0,7
2025-03-03,A7,SADHANPUR,0.0,31.7,20.3,66.91666666666667,0,8
2025-03-04,A7,SADHANPUR,0.0,31.0,20.3,59.79166666666666,0,9
2025-03-05,A7,SADHANPUR,0.0,30.9,19.6,56.29166666666666,0,10
2025-03-06,A7,SADHANPUR,0.0,27.6,17.0,53.0,0,11
2025-03-07,A7,SADHANPUR,0.0,29.5,15.3,53.5,0,12
2025-03-08,A7,SADHANPUR,0.0,31.6,17.5,65.54166666666667,0,13
2025-03-09,A7,SADHANPUR,0.0,31.5,19.0,74.16666666666667,0,14
2025-03-10,A7,SADHANPUR,0.0,32.4,19.6,68.83333333333333,0,15
2025-03-11,A7,SADHANPUR,0.0,33.0,20.7,55.66666666666666,0,16
2025-03-12,A7,SADHANPUR,0.0,34.5,20.5,59.333333333333336,0,17
2025-03-13,A7,SADHANPUR,0.0,35.6,22.1,62.833333333333336,0,18
2025-03-14,A7,SADHANPUR,0.0,36.6,22.9,72.0,0,19
2025-03-15,A7,SADHANPUR,0.1,35.4,23.6,78.08333333333333,0,0
2025-03-16,A7,SADHANPUR,0.1,38.0,24.2,71.04166666666667,0,0
2025-03-17,A7,SADHANPUR,7.3,34.8,23.3,75.5,0,0
2025-03-18,A7,SADHANPUR,0.0,33.7,23.7,62.91666666666666,0,1
2025-03-19,A7,SADHANPUR,0.0,35.5,22.2,64.875,0,2
2025-03-20,A7,SADHANPUR,8.5,32.1,23.9,78.0,0,0
2025-03-21,A7,SADHANPUR,5.7,31.1,21.2,69.125,0,0
2025-03-22,A7,SADHANPUR,3.4,26.7,20.8,79.125,0,0
2025-03-23,A7,SADHANPUR,1.2,28.7,18.7,79.45833333333333,0,0
2025-03-24,A7,SADHANPUR,0.0,30.7,17.8,68.41666666666667,0,1
2025-03-25,A7,SADHANPUR,0.0,32.0,19.1,67.91666666666667,0,2
2025-03-26,A7,SADHANPUR,0.0,34.3,21.2,64.625,0,3
2025-03-27,A7,SADHANPUR,0.0,35.6,23.0,63.54166666666666,0,4
2025-03-28,A7,SADHANPUR,0.0,36.8,22.9,57.625,0,5
2025-03-29,A7,SADHANPUR,0.0,35.9,23.3,62.25,0,6
2025-03-30,A7,SADHANPUR,0.1,36.0,24.3,74.33333333333333,0,0
2025-03-31,A7,SADHANPUR,0.0,36.1,25.2,71.375,0,1
2025-04-01,A7,SADHANPUR,0.0,36.2,24.9,68.95833333333333,0,2
2025-04-02,A7,SADHANPUR,0.2,36.7,24.8,67.625,0,0
2025-04-03,A7,SADHANPUR,0.0,36.0,24.7,69.45833333333333,0,1
2025-04-04,A7,SADHANPUR,0.0,34.0,25.2,70.33333333333333,0,2
2025-04-05,A7,SADHANPUR,0.0,36.5,24.3,63.79166666666666,0,3
2025-04-06,A7,SADHANPUR,0.2,35.5,24.4,70.875,0,0
2025-04-07,A7,SADHANPUR,0.0,35.3,24.5,71.91666666666667,0,1
2025-04-08,A7,SADHANPUR,1.9,34.0,24.1,75.875,0,0
2025-04-09,A7,SADHANPUR,0.0,33.8,23.4,67.79166666666667,0,1
2025-04-10,A7,SADHANPUR,14.8,34.5,22.4,73.04166666666667,0,0
2025-04-11,A7,SADHANPUR,0.1,32.0,22.0,77.25,0,0
2025-04-12,A7,SADHANPUR,2.9,34.9,23.5,79.0,0,0
2025-04-13,A7,SADHANPUR,0.0,33.1,23.6,72.20833333333333,0,1
2025-04-14,A7,SADHANPUR,1.0,32.0,23.8,77.66666666666667,0,0
2025-04-15,A7,SADHANPUR,1.7,32.3,23.3,75.79166666666667,0,0
2025-04-16,A7,SADHANPUR,3.6,33.0,23.3,76.45833333333333,0,0
2025-04-17,A7,SADHANPUR,17.7,32.1,23.0,86.08333333333333,1,0
2025-04-18,A7,SADHANPUR,7.2,30.4,22.6,84.83333333333333,0,0
2025-04-19,A7,SADHANPUR,5.0,30.3,22.9,85.70833333333333,1,0
2025-04-20,A7,SADHANPUR,1.8,35.2,24.9,82.125,0,0
2025-04-21,A7,SADHANPUR,0.0,35.9,27.7,79.95833333333333,0,1
2025-04-22,A7,SADHANPUR,0.1,36.2,27.4,78.83333333333333,0,0
2025-04-23,A7,SADHANPUR,0.0,38.6,27.1,71.29166666666667,0,1
2025-04-24,A7,SADHANPUR,0.0,36.8,27.2,76.70833333333333,0,2
2025-04-25,A7,SADHANPUR,1.6,37.7,27.4,77.41666666666667,0,0
2025-04-26,A7,SADHANPUR,3.4,36.1,27.0,75.91666666666667,0,0
2025-04-27,A7,SADHANPUR,0.0,35.7,27.6,70.58333333333333,0,1
2025-04-28,A7,SADHANPUR,4.1,29.7,24.6,84.16666666666667,0,0
2025-04-29,A7,SADHANPUR,6.1,30.8,22.4,84.04166666666667,0,0
2025-04-30,A7,SADHANPUR,3.3,30.5,21.5,83.58333333333333,0,0
2025-05-01,A7,SADHANPUR,1.2,31.3,21.9,80.75,0,0
2025-05-02,A7,SADHANPUR,0.0,30.6,21.5,78.5,0,1
2025-05-03,A7,SADHANPUR,0.6,32.3,23.3,79.375,0,0
2025-05-04,A7,SADHANPUR,3.9,30.9,23.6,83.70833333333333,0,0
2025-05-05,A7,SADHANPUR,4.4,32.9,23.6,79.75,0,0
2025-05-06,A7,SADHANPUR,20.6,32.6,24.4,86.04166666666667,1,0
2025-05-07,A7,SADHANPUR,3.4,33.4,24.1,81.125,0,0
2025-05-08,A7,SADHANPUR,0.0,36.2,26.7,72.125,0,1
2025-05-09,A7,SADHANPUR,0.0,36.9,26.6,71.54166666666667,0,2
2025-05-10,A7,SADHANPUR,0.0,36.9,26.9,69.04166666666667,0,3
2025-05-11,A7,SADHANPUR,0.0,37.2,27.1,66.04166666666667,0,4
2025-05-12,A7,SADHANPUR,0.2,37.5,28.7,65.91666666666667,0,0
2025-05-13,A7,SADHANPUR,2.4,35.5,28.4,75.45833333333333,0,0
2025-05-14,A7,SADHANPUR,0.1,36.4,28.2,74.58333333333333,0,0
2025-05-15,A7,SADHANPUR,6.8,35.3,27.3,79.20833333333333,0,0
2025-05-16,A7,SADHANPUR,4.9,34.9,27.9,77.45833333333333,0,0
2025-05-17,A7,SADHANPUR,26.1,34.9,25.8,80.29166666666667,0,0
2025-05-18,A7,SADHANPUR,6.4,30.6,26.4,86.45833333333333,1,0
2025-05-19,A7,SADHANPUR,3.1,33.8,26.2,79.41666666666667,0,0
2025-05-20,A7,SADHANPUR,14.3,34.4,25.4,81.5,0,0
2025-05-21,A7,SADHANPUR,21.3,33.8,25.6,83.375,0,0
2025-05-22,A7,SADHANPUR,4.2,32.2,26.2,79.91666666666667,0,0
2025-05-23,A7,SADHANPUR,6.4,31.7,25.6,87.04166666666667,1,0
2025-05-24,A7,SADHANPUR,10.3,32.1,25.4,87.25,2,0
2025-05-25,A7,SADHANPUR,18.1,30.8,25.7,88.95833333333333,3,0
2025-05-26,A7,SADHANPUR,17.9,30.7,25.2,90.95833333333331,4,0
2025-05-27,A7,SADHANPUR,9.5,31.4,25.4,89.5,5,0
2025-05-28,A7,SADHANPUR,14.9,31.6,26.0,87.83333333333333,6,0
2025-05-29,A7,SADHANPUR,38.3,29.5,25.3,91.16666666666669,7,0
2025-05-30,A7,SADHANPUR,18.4,33.2,24.8,80.41666666666667,0,0
2025-05-31,A7,SADHANPUR,34.7,32.1,25.4,89.75,1,0
2025-06-01,A7,SADHANPUR,10.8,31.3,26.7,91.625,2,0
2025-06-02,A7,SADHANPUR,0.4,36.0,26.9,78.41666666666667,0,0
2025-06-03,A7,SADHANPUR,0.9,34.9,26.9,73.08333333333333,0,0
2025-06-04,A7,SADHANPUR,1.0,34.0,27.1,84.08333333333333,0,0
2025-06-05,A7,SADHANPUR,4.7,32.2,26.4,85.95833333333333,1,0
2025-06-06,A7,SADHANPUR,5.8,32.9,25.9,86.33333333333333,2,0
2025-06-07,A7,SADHANPUR,0.0,33.9,25.3,78.41666666666667,0,1
2025-06-08,A7,SADHANPUR,1.1,33.7,26.3,82.58333333333333,0,0
2025-06-09,A7,SADHANPUR,0.8,33.6,26.3,79.54166666666667,0,0
2025-06-10,A7,SADHANPUR,0.5,34.2,26.3,80.04166666666667,0,0
2025-06-11,A7,SADHANPUR,0.8,33.1,26.9,81.70833333333333,0,0
2025-06-12,A7,SADHANPUR,0.2,33.2,25.8,78.625,0,0
2025-06-13,A7,SADHANPUR,0.9,33.3,26.6,79.58333333333333,0,0
2025-06-14,A7,SADHANPUR,0.7,34.3,27.2,77.25,0,0
2025-06-15,A7,SADHANPUR,21.5,30.6,26.6,88.625,1,0
2025-06-16,A7,SADHANPUR,34.9,31.8,26.0,89.91666666666667,2,0
2025-06-17,A7,SADHANPUR,35.4,28.9,25.3,95.125,3,0
2025-06-18,A7,SADHANPUR,28.7,28.9,25.3,92.33333333333331,4,0
2025-06-19,A7,SADHANPUR,46.4,30.7,24.1,85.95833333333333,5,0
2025-06-20,A7,SADHANPUR,9.3,32.2,26.1,84.83333333333333,0,0
2025-06-21,A7,SADHANPUR,1.4,33.3,26.3,83.95833333333333,0,0
2025-06-22,A7,SADHANPUR,16.4,32.6,26.0,89.79166666666667,1,0
2025-06-23,A7,SADHANPUR,12.8,31.7,26.5,87.54166666666667,2,0
2025-06-24,A7,SADHANPUR,8.1,32.3,26.2,85.875,3,0
2025-06-25,A7,SADHANPUR,8.1,31.5,26.1,86.95833333333333,4,0
2025-06-26,A7,SADHANPUR,3.9,32.2,26.1,83.5,0,0
2025-06-27,A7,SADHANPUR,16.3,31.3,25.2,88.95833333333333,1,0
2025-06-28,A7,SADHANPUR,18.7,30.3,25.3,89.625,2,0
2025-06-29,A7,SADHANPUR,42.3,31.0,25.4,91.0,3,0
2025-06-30,A7,SADHANPUR,21.2,30.3,25.3,91.54166666666669,4,0
2025-07-01,A7,SADHANPUR,7.1,30.5,26.0,89.20833333333333,5,0
2025-07-02,A7,SADHANPUR,20.6,32.4,25.8,88.66666666666667,6,0
2025-07-03,A7,SADHANPUR,33.6,31.0,25.7,91.58333333333331,7,0
2025-07-04,A7,SADHANPUR,31.8,31.7,24.8,92.0,8,0
2025-07-05,A7,SADHANPUR,9.6,30.8,25.7,91.25,9,0
2025-07-06,A7,SADHANPUR,3.9,29.4,25.1,90.79166666666669,10,0
2025-07-07,A7,SADHANPUR,14.8,28.9,25.3,94.04166666666669,11,0
2025-07-08,A7,SADHANPUR,22.5,28.1,24.5,93.58333333333331,12,0
2025-07-09,A7,SADHANPUR,13.7,30.0,24.8,90.45833333333331,13,0
2025-07-10,A7,SADHANPUR,22.8,31.7,25.0,88.375,14,0
2025-07-11,A7,SADHANPUR,9.9,30.6,25.5,88.16666666666667,15,0
2025-07-12,A7,SADHANPUR,6.2,33.3,25.5,86.58333333333333,16,0
2025-07-13,A7,SADHANPUR,10.6,31.7,26.1,88.70833333333333,17,0
2025-07-14,A7,SADHANPUR,40.3,27.8,25.2,94.08333333333331,18,0
2025-07-15,A7,SADHANPUR,16.6,30.3,24.9,90.58333333333331,19,0
2025-07-16,A7,SADHANPUR,9.0,30.4,25.9,88.66666666666667,20,0
2025-07-17,A7,SADHANPUR,0.1,33.1,26.3,82.45833333333333,0,0
2025-07-18,A7,SADHANPUR,6.3,33.0,26.6,86.08333333333333,1,0
2025-07-19,A7,SADHANPUR,1.0,33.4,26.6,83.0,0,0
2025-07-20,A7,SADHANPUR,0.6,32.8,26.7,82.33333333333333,0,0
2025-07-21,A7,SADHANPUR,0.6,32.8,26.5,84.08333333333333,0,0
2025-07-22,A7,SADHANPUR,7.6,33.2,26.8,83.29166666666667,0,0
2025-07-23,A7,SADHANPUR,0.5,33.8,27.0,78.66666666666667,0,0
2025-07-24,A7,SADHANPUR,11.5,32.7,26.2,85.20833333333333,1,0
2025-07-25,A7,SADHANPUR,52.5,31.1,25.9,90.375,2,0
2025-07-26,A7,SADHANPUR,3.4,31.1,26.2,87.66666666666667,3,0
2025-07-27,A7,SADHANPUR,5.8,32.6,26.1,86.66666666666667,4,0
2025-07-28,A7,SADHANPUR,3.6,30.5,26.7,88.08333333333333,5,0
2025-07-29,A7,SADHANPUR,53.3,29.5,25.4,91.54166666666669,6,0
2025-07-30,A7,SADHANPUR,19.0,29.3,25.2,91.66666666666669,7,0
2025-07-31,A7,SADHANPUR,36.6,29.3,24.8,92.95833333333331,8,0
2025-08-01,A7,SADHANPUR,19.3,32.2,25.7,89.5,9,0
2025-08-02,A7,SADHANPUR,6.5,32.2,25.8,87.16666666666667,10,0
2025-08-03,A7,SADHANPUR,15.0,32.6,26.7,87.70833333333333,11,0
2025-08-04,A7,SADHANPUR,28.0,31.7,25.8,88.83333333333333,12,0
2025-08-05,A7,SADHANPUR,15.3,32.2,26.2,90.79166666666669,13,0
2025-08-06,A7,SADHANPUR,10.6,30.3,25.3,89.83333333333333,14,0
2025-08-07,A7,SADHANPUR,8.6,31.7,25.4,89.5,15,0
2025-08-08,A7,SADHANPUR,2.2,31.0,24.4,87.20833333333333,16,0
2025-08-09,A7,SADHANPUR,10.6,31.4,25.1,85.875,17,0
2025-08-10,A7,SADHANPUR,0.6,32.8,26.7,79.5,0,0
2025-08-11,A7,SADHANPUR,5.2,32.3,26.4,84.83333333333333,0,0
2025-08-12,A7,SADHANPUR,4.7,33.5,26.5,83.125,0,0
2025-08-13,A7,SADHANPUR,15.3,30.8,26.4,88.70833333333333,1,0
2025-08-14,A7,SADHANPUR,7.4,29.8,25.7,89.29166666666667,2,0
2025-08-15,A7,SADHANPUR,13.6,31.5,25.4,88.16666666666667,3,0
2025-08-16,A7,SADHANPUR,6.9,32.1,25.7,86.08333333333333,4,0
2025-08-17,A7,SADHANPUR,9.1,32.0,26.1,84.58333333333333,0,0
2025-08-18,A7,SADHANPUR,8.0,31.7,26.4,84.04166666666667,0,0
2025-08-19,A7,SADHANPUR,12.1,30.2,25.7,87.0,1,0
2025-08-20,A7,SADHANPUR,2.2,30.0,25.4,87.0,2,0
2025-08-21,A7,SADHANPUR,51.0,28.6,24.6,93.41666666666669,3,0
2025-08-22,A7,SADHANPUR,31.5,30.3,24.5,91.95833333333331,4,0
2025-08-23,A7,SADHANPUR,13.2,29.0,24.7,91.33333333333331,5,0
2025-08-24,A7,SADHANPUR,11.1,30.3,24.7,88.875,6,0
2025-08-25,A7,SADHANPUR,2.6,31.6,24.9,88.125,7,0
2025-08-26,A7,SADHANPUR,1.6,31.9,25.2,85.33333333333333,8,0
2025-08-27,A7,SADHANPUR,5.0,31.8,25.6,85.04166666666667,9,0
2025-08-28,A7,SADHANPUR,14.5,30.7,25.7,87.08333333333333,10,0
2025-08-29,A7,SADHANPUR,21.0,30.1,25.6,90.25,11,0
2025-08-30,A7,SADHANPUR,15.7,30.3,25.6,91.20833333333331,12,0
2025-08-31,A7,SADHANPUR,3.7,32.0,25.1,88.16666666666667,13,0
2025-09-01,A7,SADHANPUR,21.5,33.5,26.1,83.875,0,0
2025-09-02,A7,SADHANPUR,15.6,30.4,25.7,88.58333333333333,1,0
2025-09-03,A7,SADHANPUR,18.8,29.3,25.0,88.16666666666667,2,0
2025-09-04,A7,SADHANPUR,7.4,30.2,25.6,89.20833333333333,3,0
2025-09-05,A7,SADHANPUR,10.0,31.9,25.4,89.0,4,0
2025-09-06,A7,SADHANPUR,3.8,32.5,25.1,85.45833333333333,5,0
2025-09-07,A7,SADHANPUR,0.4,33.1,25.4,81.33333333333333,0,0
2025-09-08,A7,SADHANPUR,0.2,32.9,25.5,79.75,0,0
2025-09-09,A7,SADHANPUR,0.2,33.1,25.7,79.29166666666667,0,0
2025-09-10,A7,SADHANPUR,0.2,33.7,26.2,79.29166666666667,0,0
2025-09-11,A7,SADHANPUR,4.1,32.8,26.2,86.29166666666667,1,0
2025-09-12,A7,SADHANPUR,19.0,31.1,25.2,89.41666666666667,2,0
2025-09-13,A7,SADHANPUR,6.9,30.4,25.6,88.875,3,0
2025-09-14,A7,SADHANPUR,40.9,30.6,26.1,92.66666666666669,4,0
2025-09-15,A7,SADHANPUR,25.8,29.3,24.4,91.91666666666669,5,0
2025-09-16,A7,SADHANPUR,10.7,29.6,24.4,90.66666666666669,6,0
2025-09-17,A7,SADHANPUR,8.4,30.5,24.9,89.45833333333333,7,0
2025-09-18,A7,SADHANPUR,3.5,32.1,26.0,86.54166666666667,8,0
2025-09-19,A7,SADHANPUR,12.4,30.7,25.4,92.16666666666669,9,0
2025-09-20,A7,SADHANPUR,8.9,32.3,25.9,90.08333333333331,10,0
2025-09-21,A7,SADHANPUR,1.1,32.6,25.3,86.79166666666667,11,0
2025-09-22,A7,SADHANPUR,21.0,30.1,25.0,92.54166666666669,12,0
2025-09-23,A7,SADHANPUR,10.8,31.0,24.4,88.45833333333333,13,0
2025-09-24,A7,SADHANPUR,4.1,31.5,24.8,90.66666666666669,14,0
2025-09-25,A7,SADHANPUR,10.8,32.8,25.5,88.45833333333333,15,0
2025-09-26,A7,SADHANPUR,3.8,31.9,25.4,87.54166666666667,16,0
2025-09-27,A7,SADHANPUR,8.0,30.1,25.6,88.29166666666667,17,0
2025-09-28,A7,SADHANPUR,6.8,31.6,25.5,89.25,18,0
2025-09-29,A7,SADHANPUR,2.6,32.1,25.7,85.625,19,0
2025-09-30,A7,SADHANPUR,4.3,32.1,26.3,87.33333333333333,20,0
2025-10-01,A7,SADHANPUR,15.3,31.4,24.5,89.04166666666667,21,0
2025-10-02,A7,SADHANPUR,29.0,27.4,24.5,93.375,22,0
2025-10-03,A7,SADHANPUR,14.7,29.5,25.3,90.08333333333331,23,0
2025-10-04,A7,SADHANPUR,9.7,32.0,25.2,86.91666666666667,24,0
2025-10-05,A7,SADHANPUR,31.3,30.5,24.2,90.16666666666669,25,0
2025-10-06,A7,SADHANPUR,4.0,28.8,24.2,92.83333333333331,26,0
2025-10-07,A7,SADHANPUR,7.2,31.1,24.1,89.41666666666667,27,0
2025-10-08,A7,SADHANPUR,11.8,30.8,24.4,90.66666666666669,28,0
2025-10-09,A7,SADHANPUR,3.3,31.2,24.6,89.0,29,0
2025-10-10,A7,SADHANPUR,11.4,31.3,24.4,87.83333333333333,30,0
2025-10-11,A7,SADHANPUR,2.9,30.5,24.1,87.625,31,0
2025-10-12,A7,SADHANPUR,0.0,31.2,24.3,80.41666666666667,0,1
2025-10-13,A7,SADHANPUR,0.0,30.6,23.7,77.625,0,2
2025-10-14,A7,SADHANPUR,0.0,31.1,23.1,75.625,0,3
2025-10-15,A7,SADHANPUR,0.0,31.0,22.9,74.83333333333333,0,4
2025-10-16,A7,SADHANPUR,0.0,30.8,22.0,75.83333333333333,0,5
2025-10-17,A7,SADHANPUR,0.0,31.5,22.4,78.33333333333333,0,6
2025-10-18,A7,SADHANPUR,0.1,31.6,23.7,80.20833333333333,0,0
2025-10-19,A7,SADHANPUR,0.1,32.7,24.3,77.66666666666667,0,0
2025-10-20,A7,SADHANPUR,0.0,32.9,23.5,75.375,0,1
2025-10-21,A7,SADHANPUR,0.0,32.9,23.3,73.5,0,2
2025-10-22,A7,SADHANPUR,0.0,32.2,22.9,74.375,0,3
2025-10-23,A7,SADHANPUR,0.0,32.2,22.9,69.95833333333333,0,4
2025-10-24,A7,SADHANPUR,0.0,32.1,22.5,71.58333333333333,0,5
2025-10-25,A7,SADHANPUR,0.0,32.0,23.3,76.91666666666667,0,6
2025-10-26,A7,SADHANPUR,0.0,32.1,24.1,79.625,0,7
2025-10-27,A7,SADHANPUR,0.1,32.2,23.7,79.70833333333333,0,0
2025-10-28,A7,SADHANPUR,0.5,32.5,24.3,79.375,0,0
2025-10-29,A7,SADHANPUR,17.2,28.4,24.5,91.83333333333331,1,0
2025-10-30,A7,SADHANPUR,15.5,30.2,23.8,90.91666666666669,2,0
2025-10-31,A7,SADHANPUR,0.7,31.6,24.3,83.70833333333333,0,0
2025-11-01,A7,SADHANPUR,19.3,30.5,25.1,88.66666666666667,1,0
2025-11-02,A7,SADHANPUR,0.0,28.5,23.3,82.45833333333333,0,1
2025-11-03,A7,SADHANPUR,0.0,29.7,22.2,74.41666666666667,0,2
2025-11-04,A7,SADHANPUR,0.0,29.6,19.7,72.375,0,3
2025-11-05,A7,SADHANPUR,0.0,29.8,21.1,75.83333333333333,0,4
2025-11-06,A7,SADHANPUR,0.5,30.1,21.2,79.375,0,0
2025-11-07,A7,SADHANPUR,0.1,29.9,22.4,77.16666666666667,0,0
2025-11-08,A7,SADHANPUR,0.0,29.2,19.8,65.66666666666667,0,1
2025-11-09,A7,SADHANPUR,0.0,28.0,17.8,70.79166666666667,0,2
2025-11-10,A7,SADHANPUR,0.0,28.4,18.0,73.08333333333333,0,3
2025-11-11,A7,SADHANPUR,0.0,27.5,16.9,68.29166666666667,0,4
2025-11-12,A7,SADHANPUR,0.0,26.7,16.3,71.0,0,5
2025-11-13,A7,SADHANPUR,0.0,26.9,16.2,72.70833333333333,0,6
2025-11-14,A7,SADHANPUR,0.0,26.7,16.2,72.54166666666667,0,7
2025-11-15,A7,SADHANPUR,0.0,27.0,16.4,74.875,0,8
2025-11-16,A7,SADHANPUR,0.0,27.1,16.4,72.25,0,9
2025-11-17,A7,SADHANPUR,0.0,27.0,17.3,71.08333333333333,0,10
2025-11-18,A7,SADHANPUR,0.0,27.9,16.9,69.875,0,11
2025-11-19,A7,SADHANPUR,0.0,28.6,16.3,71.0,0,12
2025-11-20,A7,SADHANPUR,0.0,28.1,17.4,71.25,0,13
2025-11-21,A7,SADHANPUR,0.0,28.2,17.6,70.33333333333333,0,14
2025-11-22,A7,SADHANPUR,0.0,27.8,17.1,72.79166666666667,0,15
2025-11-23,A7,SADHANPUR,0.0,27.7,16.7,74.41666666666667,0,16
2025-11-24,A7,SADHANPUR,0.0,26.7,16.4,73.0,0,17
2025-11-25,A7,SADHANPUR,0.0,26.1,15.3,71.41666666666667,0,18
2025-11-26,A7,SADHANPUR,0.0,25.8,14.7,68.95833333333333,0,19
2025-11-27,A7,SADHANPUR,0.0,26.8,15.3,74.875,0,20
2025-11-28,A7,SADHANPUR,0.0,27.1,16.5,75.58333333333333,0,21
2025-11-29,A7,SADHANPUR,0.0,26.9,16.6,70.70833333333333,0,22
2025-11-30,A7,SADHANPUR,0.0,26.9,16.5,70.70833333333333,0,23
2025-12-01,A7,SADHANPUR,0.0,26.6,16.4,74.375,0,24
2025-12-02,A7,SADHANPUR,0.0,26.7,17.2,75.29166666666667,0,25
2025-12-03,A7,SADHANPUR,0.0,25.9,15.6,72.875,0,26
2025-12-04,A7,SADHANPUR,0.0,25.3,14.3,73.375,0,27
2025-12-05,A7,SADHANPUR,0.0,25.4,14.6,69.625,0,28
2025-12-06,A7,SADHANPUR,0.0,24.5,12.6,68.66666666666667,0,29
2025-12-07,A7,SADHANPUR,0.0,24.8,13.4,73.33333333333333,0,30
2025-12-08,A7,SADHANPUR,0.0,24.9,13.7,70.41666666666667,0,31
2025-12-09,A7,SADHANPUR,0.0,25.1,14.2,73.5,0,32
2025-12-10,A7,SADHANPUR,0.0,25.2,14.1,75.875,0,33
2025-12-11,A7,SADHANPUR,0.0,25.1,13.7,71.95833333333333,0,34
2025-12-12,A7,SADHANPUR,0.0,25.0,13.9,70.0,0,35
2025-12-13,A7,SADHANPUR,0.0,25.4,14.2,73.375,0,36
2025-12-14,A7,SADHANPUR,0.0,26.5,14.4,74.83333333333333,0,37
2025-12-15,A7,SADHANPUR,0.0,26.1,14.8,73.625,0,38
2025-12-16,A7,SADHANPUR,0.0,25.1,14.4,72.66666666666667,0,39
2025-12-17,A7,SADHANPUR,0.0,25.3,14.3,70.375,0,40
2025-12-18,A7,SADHANPUR,0.0,26.4,14.6,73.79166666666667,0,41
2025-12-19,A7,SADHANPUR,0.0,26.1,15.4,75.41666666666667,0,42
2025-12-20,A7,SADHANPUR,0.0,24.0,15.2,79.91666666666667,0,43
2025-12-21,A7,SADHANPUR,0.0,23.8,14.3,80.375,0,44
2025-12-22,A7,SADHANPUR,0.0,24.5,14.4,79.0,0,45
2025-12-23,A7,SADHANPUR,0.0,24.0,13.8,76.875,0,46
2025-12-24,A7,SADHANPUR,0.0,23.7,13.2,76.70833333333333,0,47
2025-12-25,A7,SADHANPUR,0.0,21.4,11.7,78.83333333333333,0,48
2025-12-26,A7,SADHANPUR,0.0,21.8,10.9,76.875,0,49
2025-12-27,A7,SADHANPUR,0.0,23.1,12.0,77.04166666666667,0,50
2025-12-28,A7,SADHANPUR,0.0,22.0,12.7,79.45833333333333,0,51
2025-12-29,A7,SADHANPUR,0.0,20.4,11.7,80.04166666666667,0,52
2025-12-30,A7,SADHANPUR,0.0,19.6,10.4,81.375,0,53
2025-12-31,A7,SADHANPUR,0.0,20.8,9.0,81.125,0,54
2024-01-01,A8,TARABERIA,0.0,24.8,14.5,80.58333333333333,0,1
2024-01-02,A8,TARABERIA,0.0,23.2,13.1,77.04166666666667,0,2
2024-01-03,A8,TARABERIA,0.0,24.3,12.3,81.125,0,3
2024-01-04,A8,TARABERIA,0.0,25.1,11.9,78.16666666666667,0,4
2024-01-05,A8,TARABERIA,0.0,25.6,12.6,75.625,0,5
2024-01-06,A8,TARABERIA,0.0,26.3,13.0,72.58333333333333,0,6
2024-01-07,A8,TARABERIA,0.0,25.9,15.0,75.66666666666667,0,7
2024-01-08,A8,TARABERIA,0.0,25.6,15.2,80.70833333333333,0,8
2024-01-09,A8,TARABERIA,0.0,25.0,13.6,79.125,0,9
2024-01-10,A8,TARABERIA,0.0,25.6,12.5,75.91666666666667,0,10
2024-01-11,A8,TARABERIA,0.0,24.8,13.4,76.20833333333333,0,11
2024-01-12,A8,TARABERIA,0.0,22.6,11.3,76.33333333333333,0,12
2024-01-13,A8,TARABERIA,0.0,22.5,9.9,75.875,0,13
2024-01-14,A8,TARABERIA,0.0,22.1,10.2,78.54166666666667,0,14
2024-01-15,A8,TARABERIA,0.0,21.7,10.1,81.75,0,15
2024-01-16,A8,TARABERIA,0.0,22.0,10.4,78.75,0,16
2024-01-17,A8,TARABERIA,0.1,23.3,10.1,79.70833333333333,0,0
2024-01-18,A8,TARABERIA,4.2,21.8,14.8,85.79166666666667,1,0
2024-01-19,A8,TARABERIA,0.0,22.9,14.7,84.625,0,1
2024-01-20,A8,TARABERIA,0.0,22.3,12.4,80.45833333333333,0,2
2024-01-21,A8,TARABERIA,0.0,22.3,13.0,83.16666666666667,0,3
2024-01-22,A8,TARABERIA,0.0,20.9,10.6,80.75,0,4
2024-01-23,A8,TARABERIA,0.0,22.3,9.0,77.875,0,5
2024-01-24,A8,TARABERIA,3.2,21.5,15.0,78.58333333333333,0,0
2024-01-25,A8,TARABERIA,0.0,22.8,12.8,83.20833333333333,0,1
2024-01-26,A8,TARABERIA,0.0,22.7,11.9,72.625,0,2
2024-01-27,A8,TARABERIA,0.0,22.7,10.8,74.16666666666667,0,3
2024-01-28,A8,TARABERIA,0.0,23.3,10.1,74.875,0,4
2024-01-29,A8,TARABERIA,0.0,24.7,10.8,76.45833333333333,0,5
2024-01-30,A8,TARABERIA,0.7,26.2,12.9,81.875,0,0
2024-01-31,A8,TARABERIA,27.1,25.1,17.4,86.5,1,0
2024-02-01,A8,TARABERIA,6.3,24.5,16.2,93.25,2,0
2024-02-02,A8,TARABERIA,0.1,26.5,16.4,83.58333333333333,0,0
2024-02-03,A8,TARABERIA,0.0,25.8,15.2,74.41666666666667,0,1
2024-02-04,A8,TARABERIA,0.0,26.0,12.4,67.33333333333333,0,2
2024-02-05,A8,TARABERIA,0.0,26.8,14.5,72.875,0,3
2024-02-06,A8,TARABERIA,0.7,27.0,17.8,91.625,1,0
2024-02-07,A8,TARABERIA,0.0,25.2,17.9,75.66666666666667,0,1
2024-02-08,A8,TARABERIA,0.0,24.2,14.4,63.41666666666666,0,2
2024-02-09,A8,TARABERIA,0.0,22.9,12.2,64.83333333333333,0,3
2024-02-10,A8,TARABERIA,0.0,24.6,11.4,67.95833333333333,0,4
2024-02-11,A8,TARABERIA,0.0,26.4,11.9,62.708333333333336,0,5
2024-02-12,A8,TARABERIA,0.0,27.3,13.8,63.79166666666666,0,6
2024-02-13,A8,TARABERIA,0.0,28.9,16.7,73.375,0,7
2024-02-14,A8,TARABERIA,0.0,28.3,15.8,77.0,0,8
2024-02-15,A8,TARABERIA,0.6,27.8,17.0,80.20833333333333,0,0
2024-02-16,A8,TARABERIA,0.0,28.5,17.3,75.54166666666667,0,1
2024-02-17,A8,TARABERIA,0.0,27.7,15.0,68.70833333333333,0,2
2024-02-18,A8,TARABERIA,0.2,28.6,14.9,74.125,0,0
2024-02-19,A8,TARABERIA,0.4,29.6,17.8,82.08333333333333,0,0
2024-02-20,A8,TARABERIA,0.3,31.4,20.8,81.66666666666667,0,0
2024-02-21,A8,TARABERIA,0.0,32.7,20.2,77.125,0,1
2024-02-22,A8,TARABERIA,0.1,28.8,20.5,84.58333333333333,0,0
2024-02-23,A8,TARABERIA,0.0,28.4,19.3,73.16666666666667,0,1
2024-02-24,A8,TARABERIA,0.0,28.2,16.7,69.375,0,2
2024-02-25,A8,TARABERIA,0.5,25.0,17.9,64.75,0,0
2024-02-26,A8,TARABERIA,0.0,28.0,16.9,65.83333333333333,0,1
2024-02-27,A8,TARABERIA,0.0,28.5,17.2,65.29166666666667,0,2
2024-02-28,A8,TARABERIA,0.0,29.1,17.8,71.125,0,3
2024-02-29,A8,TARABERIA,0.0,29.6,17.8,64.08333333333333,0,4
2024-03-01,A8,TARABERIA,0.0,30.2,16.4,64.25,0,5
2024-03-02,A8,TARABERIA,0.0,30.6,15.9,64.0,0,6
2024-03-03,A8,TARABERIA,0.2,31.2,18.7,69.16666666666667,0,0
2024-03-04,A8,TARABERIA,1.1,31.2,19.2,70.54166666666667,0,0
2024-03-05,A8,TARABERIA,0.0,30.4,19.8,75.08333333333333,0,1
2024-03-06,A8,TARABERIA,0.0,28.9,17.8,62.79166666666666,0,2
2024-03-07,A8,TARABERIA,0.0,28.3,18.4,64.45833333333333,0,3
2024-03-08,A8,TARABERIA,0.0,29.9,18.4,57.75,0,4
2024-03-09,A8,TARABERIA,0.0,29.3,15.1,55.333333333333336,0,5
2024-03-10,A8,TARABERIA,0.0,29.2,14.7,54.0,0,6
2024-03-11,A8,TARABERIA,0.0,30.6,14.5,58.16666666666666,0,7
2024-03-12,A8,TARABERIA,0.0,32.7,19.6,76.375,0,8
2024-03-13,A8,TARABERIA,0.6,33.6,23.2,71.45833333333333,0,0
2024-03-14,A8,TARABERIA,12.3,31.8,21.5,83.83333333333333,0,0
2024-03-15,A8,TARABERIA,0.9,33.4,21.9,75.54166666666667,0,0
2024-03-16,A8,TARABERIA,1.4,31.7,22.5,82.95833333333333,0,0
2024-03-17,A8,TARABERIA,0.0,31.6,21.4,80.41666666666667,0,1
2024-03-18,A8,TARABERIA,2.0,29.6,21.7,84.16666666666667,0,0
2024-03-19,A8,TARABERIA,11.9,30.2,22.6,80.75,0,0
2024-03-20,A8,TARABERIA,12.9,23.5,18.4,90.33333333333331,1,0
2024-03-21,A8,TARABERIA,7.4,26.5,18.3,86.83333333333333,2,0
2024-03-22,A8,TARABERIA,0.3,27.5,16.7,79.125,0,0
2024-03-23,A8,TARABERIA,5.0,31.9,19.1,80.54166666666667,0,0
2024-03-24,A8,TARABERIA,0.0,33.7,23.7,80.66666666666667,0,1
2024-03-25,A8,TARABERIA,15.3,33.0,22.7,82.25,0,0
2024-03-26,A8,TARABERIA,0.0,32.4,23.8,78.95833333333333,0,1
2024-03-27,A8,TARABERIA,0.1,34.4,22.7,81.04166666666667,0,0
2024-03-28,A8,TARABERIA,0.3,32.8,22.3,79.95833333333333,0,0
2024-03-29,A8,TARABERIA,0.2,34.2,24.7,79.95833333333333,0,0
2024-03-30,A8,TARABERIA,0.3,35.7,24.8,78.16666666666667,0,0
2024-03-31,A8,TARABERIA,4.8,34.7,25.1,81.625,0,0
2024-04-01,A8,TARABERIA,0.0,36.4,25.1,62.66666666666666,0,1
2024-04-02,A8,TARABERIA,0.0,35.7,23.9,67.29166666666667,0,2
2024-04-03,A8,TARABERIA,0.0,36.0,25.1,74.66666666666667,0,3
2024-04-04,A8,TARABERIA,23.9,37.2,25.9,83.125,0,0
2024-04-05,A8,TARABERIA,0.0,37.4,26.3,77.20833333333333,0,1
2024-04-06,A8,TARABERIA,0.2,37.8,25.9,76.95833333333333,0,0
2024-04-07,A8,TARABERIA,1.0,36.2,25.8,73.5,0,0
2024-04-08,A8,TARABERIA,0.0,31.3,22.6,67.41666666666667,0,1
2024-04-09,A8,TARABERIA,0.0,34.7,22.1,59.79166666666666,0,2
2024-04-10,A8,TARABERIA,0.0,35.8,22.7,64.33333333333333,0,3
2024-04-11,A8,TARABERIA,6.0,33.2,23.9,77.79166666666667,0,0
2024-04-12,A8,TARABERIA,0.0,35.0,23.5,61.625,0,1
2024-04-13,A8,TARABERIA,0.0,36.1,23.7,58.75,0,2
2024-04-14,A8,TARABERIA,0.0,36.9,23.2,62.16666666666666,0,3
2024-04-15,A8,TARABERIA,0.0,38.2,23.9,62.04166666666666,0,4
2024-04-16,A8,TARABERIA,0.0,38.2,26.3,58.375,0,5
2024-04-17,A8,TARABERIA,0.0,37.9,27.2,58.333333333333336,0,6
2024-04-18,A8,TARABERIA,0.0,38.3,25.6,51.66666666666666,0,7
2024-04-19,A8,TARABERIA,0.0,40.3,24.9,53.04166666666666,0,8
2024-04-20,A8,TARABERIA,0.0,41.6,26.0,59.833333333333336,0,9
2024-04-21,A8,TARABERIA,0.0,40.8,27.1,59.625,0,10
2024-04-22,A8,TARABERIA,0.0,39.9,25.9,53.04166666666666,0,11
2024-04-23,A8,TARABERIA,0.0,38.4,26.5,41.91666666666666,0,12
2024-04-24,A8,TARABERIA,0.0,40.2,27.1,45.5,0,13
2024-04-25,A8,TARABERIA,0.0,40.3,24.8,45.958333333333336,0,14
2024-04-26,A8,TARABERIA,0.0,40.8,27.1,62.708333333333336,0,15
2024-04-27,A8,TARABERIA,0.0,41.4,27.8,60.375,0,16
2024-04-28,A8,TARABERIA,0.9,40.1,28.3,56.79166666666666,0,0
2024-04-29,A8,TARABERIA,0.0,41.7,28.5,45.91666666666666,0,1
2024-04-30,A8,TARABERIA,0.0,43.7,29.2,47.91666666666666,0,2
2024-05-01,A8,TARABERIA,0.0,41.5,28.7,42.54166666666666,0,3
2024-05-02,A8,TARABERIA,0.0,41.1,29.4,56.875,0,4
2024-05-03,A8,TARABERIA,0.0,40.2,26.1,57.25,0,5
2024-05-04,A8,TARABERIA,0.1,39.9,27.4,66.5,0,0
2024-05-05,A8,TARABERIA,0.5,37.9,28.5,67.0,0,0
2024-05-06,A8,TARABERIA,86.6,37.3,24.8,79.25,0,0
2024-05-07,A8,TARABERIA,2.1,33.4,24.3,76.83333333333333,0,0
2024-05-08,A8,TARABERIA,3.6,30.4,23.8,84.04166666666667,0,0
2024-05-09,A8,TARABERIA,9.0,31.3,24.0,84.95833333333333,0,0
2024-05-10,A8,TARABERIA,10.1,31.3,23.6,84.875,0,0
2024-05-11,A8,TARABERIA,16.1,31.5,25.0,86.45833333333333,1,0
2024-05-12,A8,TARABERIA,3.3,32.7,25.0,81.58333333333333,0,0
2024-05-13,A8,TARABERIA,0.0,33.6,24.0,76.04166666666667,0,1
2024-05-14,A8,TARABERIA,2.5,34.0,25.1,81.95833333333333,0,0
2024-05-15,A8,TARABERIA,0.0,35.2,26.0,75.54166666666667,0,1
2024-05-16,A8,TARABERIA,0.0,35.6,26.1,75.20833333333333,0,2
2024-05-17,A8,TARABERIA,0.0,37.4,27.3,72.54166666666667,0,3
2024-05-18,A8,TARABERIA,0.0,36.5,28.7,73.54166666666667,0,4
2024-05-19,A8,TARABERIA,0.1,33.8,28.8,76.0,0,0
2024-05-20,A8,TARABERIA,12.9,33.2,26.9,85.04166666666667,1,0
2024-05-21,A8,TARABERIA,7.0,33.3,26.4,84.66666666666667,0,0
2024-05-22,A8,TARABERIA,2.1,33.8,26.7,80.20833333333333,0,0
2024-05-23,A8,TARABERIA,0.0,35.0,26.0,76.04166666666667,0,1
2024-05-24,A8,TARABERIA,0.0,35.6,26.3,73.125,0,2
2024-05-25,A8,TARABERIA,0.1,36.5,27.4,74.33333333333333,0,0
2024-05-26,A8,TARABERIA,30.6,30.7,26.8,86.875,1,0
2024-05-27,A8,TARABERIA,70.7,27.6,26.1,89.75,2,0
2024-05-28,A8,TARABERIA,0.1,35.5,26.4,77.91666666666667,0,0
2024-05-29,A8,TARABERIA,0.0,35.9,29.3,81.29166666666667,0,1
2024-05-30,A8,TARABERIA,0.2,35.3,29.4,79.29166666666667,0,0
2024-05-31,A8,TARABERIA,0.0,34.9,28.5,80.5,0,1
2024-06-01,A8,TARABERIA,0.8,34.6,28.1,82.58333333333333,0,0
2024-06-02,A8,TARABERIA,2.7,34.2,29.0,80.875,0,0
2024-06-03,A8,TARABERIA,0.5,34.5,28.3,77.54166666666667,0,0
2024-06-04,A8,TARABERIA,0.0,35.7,28.6,78.25,0,1
2024-06-05,A8,TARABERIA,0.4,35.8,28.0,79.79166666666667,0,0
2024-06-06,A8,TARABERIA,2.4,36.5,26.7,83.66666666666667,0,0
2024-06-07,A8,TARABERIA,0.0,36.3,25.9,78.91666666666667,0,1
2024-06-08,A8,TARABERIA,0.0,35.6,28.0,76.91666666666667,0,2
2024-06-09,A8,TARABERIA,0.0,36.5,28.2,79.33333333333333,0,3
2024-06-10,A8,TARABERIA,0.0,36.4,28.5,77.125,0,4
2024-06-11,A8,TARABERIA,0.0,36.7,28.9,77.5,0,5
2024-06-12,A8,TARABERIA,0.0,35.3,28.3,76.375,0,6
2024-06-13,A8,TARABERIA,0.0,36.0,28.6,74.95833333333333,0,7
2024-06-14,A8,TARABERIA,0.0,37.2,29.1,75.08333333333333,0,8
2024-06-15,A8,TARABERIA,0.0,37.3,29.4,74.125,0,9
2024-06-16,A8,TARABERIA,0.0,36.9,29.4,75.0,0,10
2024-06-17,A8,TARABERIA,0.1,36.8,29.2,75.58333333333333,0,0
2024-06-18,A8,TARABERIA,10.9,32.5,28.4,81.91666666666667,0,0
2024-06-19,A8,TARABERIA,8.1,34.6,28.5,81.58333333333333,0,0
2024-06-20,A8,TARABERIA,31.5,33.8,27.9,86.45833333333333,1,0
2024-06-21,A8,TARABERIA,3.9,32.0,27.2,85.66666666666667,2,0
2024-06-22,A8,TARABERIA,1.9,33.3,26.4,82.58333333333333,0,0
2024-06-23,A8,TARABERIA,3.3,33.6,26.7,82.29166666666667,0,0
2024-06-24,A8,TARABERIA,0.8,34.0,27.2,79.125,0,0
2024-06-25,A8,TARABERIA,0.6,34.0,28.0,76.75,0,0
2024-06-26,A8,TARABERIA,0.7,34.3,27.3,77.95833333333333,0,0
2024-06-27,A8,TARABERIA,10.2,32.1,27.4,84.29166666666667,0,0
2024-06-28,A8,TARABERIA,7.8,33.0,27.2,85.0,0,0
2024-06-29,A8,TARABERIA,7.0,31.6,26.8,87.91666666666667,1,0
2024-06-30,A8,TARABERIA,34.0,32.0,26.4,90.04166666666667,2,0
2024-07-01,A8,TARABERIA,18.6,31.4,25.9,88.625,3,0
2024-07-02,A8,TARABERIA,25.4,30.5,25.9,90.54166666666669,4,0
2024-07-03,A8,TARABERIA,11.2,30.7,25.8,88.54166666666667,5,0
2024-07-04,A8,TARABERIA,21.9,30.7,25.4,90.625,6,0
2024-07-05,A8,TARABERIA,27.6,32.4,25.7,84.25,0,0
2024-07-06,A8,TARABERIA,2.7,32.1,26.1,84.41666666666667,0,0
2024-07-07,A8,TARABERIA,11.7,32.0,26.4,84.54166666666667,0,0
2024-07-08,A8,TARABERIA,1.3,32.3,26.2,81.16666666666667,0,0
2024-07-09,A8,TARABERIA,3.5,31.5,27.0,82.16666666666667,0,0
2024-07-10,A8,TARABERIA,1.8,32.8,27.5,79.5,0,0
2024-07-11,A8,TARABERIA,27.9,32.8,27.6,82.83333333333333,0,0
2024-07-12,A8,TARABERIA,8.8,32.0,26.0,87.41666666666667,1,0
2024-07-13,A8,TARABERIA,5.5,32.8,25.4,85.625,2,0
2024-07-14,A8,TARABERIA,3.8,32.6,26.3,82.83333333333333,0,0
2024-07-15,A8,TARABERIA,1.9,32.6,27.0,81.66666666666667,0,0
2024-07-16,A8,TARABERIA,4.2,32.3,26.6,82.875,0,0
2024-07-17,A8,TARABERIA,6.8,33.1,26.6,83.25,0,0
2024-07-18,A8,TARABERIA,1.5,33.4,26.7,80.45833333333333,0,0
2024-07-19,A8,TARABERIA,5.6,32.4,27.3,80.29166666666667,0,0
2024-07-20,A8,TARABERIA,2.7,32.4,27.1,79.54166666666667,0,0
2024-07-21,A8,TARABERIA,9.7,32.2,27.0,81.0,0,0
2024-07-22,A8,TARABERIA,12.6,31.3,26.7,84.08333333333333,0,0
2024-07-23,A8,TARABERIA,15.6,32.3,25.9,85.66666666666667,1,0
2024-07-24,A8,TARABERIA,13.3,32.6,26.6,86.5,2,0
2024-07-25,A8,TARABERIA,8.7,32.4,26.3,86.83333333333333,3,0
2024-07-26,A8,TARABERIA,21.8,31.4,26.2,86.95833333333333,4,0
2024-07-27,A8,TARABERIA,5.9,32.3,27.0,85.375,5,0
2024-07-28,A8,TARABERIA,21.8,31.1,26.3,87.58333333333333,6,0
2024-07-29,A8,TARABERIA,8.3,32.0,26.4,86.875,7,0
2024-07-30,A8,TARABERIA,5.2,33.0,26.2,83.625,0,0
2024-07-31,A8,TARABERIA,28.3,32.0,25.9,88.41666666666667,1,0
2024-08-01,A8,TARABERIA,67.5,28.9,25.3,91.91666666666669,2,0
2024-08-02,A8,TARABERIA,31.4,30.1,25.6,89.95833333333333,3,0
2024-08-03,A8,TARABERIA,28.2,31.0,24.9,88.20833333333333,4,0
2024-08-04,A8,TARABERIA,38.3,30.9,24.7,89.20833333333333,5,0
2024-08-05,A8,TARABERIA,18.6,32.4,24.8,87.08333333333333,6,0
2024-08-06,A8,TARABERIA,9.9,31.3,26.2,89.20833333333333,7,0
2024-08-07,A8,TARABERIA,3.0,30.5,25.8,86.5,8,0
2024-08-08,A8,TARABERIA,11.9,31.0,25.9,85.58333333333333,9,0
2024-08-09,A8,TARABERIA,11.5,30.9,25.3,86.41666666666667,10,0
2024-08-10,A8,TARABERIA,32.7,32.2,24.9,89.16666666666667,11,0
2024-08-11,A8,TARABERIA,10.0,32.3,25.1,86.875,12,0
2024-08-12,A8,TARABERIA,11.5,32.4,25.4,85.83333333333333,13,0
2024-08-13,A8,TARABERIA,13.0,32.3,25.4,86.83333333333333,14,0
2024-08-14,A8,TARABERIA,16.6,32.4,25.0,87.16666666666667,15,0
2024-08-15,A8,TARABERIA,9.2,32.9,25.7,86.5,16,0
2024-08-16,A8,TARABERIA,1.1,31.3,25.2,86.95833333333333,17,0
2024-08-17,A8,TARABERIA,16.8,32.8,25.3,87.04166666666667,18,0
2024-08-18,A8,TARABERIA,16.5,29.4,25.2,90.66666666666669,19,0
2024-08-19,A8,TARABERIA,17.0,30.6,25.7,90.5,20,0
2024-08-20,A8,TARABERIA,19.2,30.9,24.8,91.04166666666669,21,0
2024-08-21,A8,TARABERIA,29.5,31.8,24.9,89.75,22,0
2024-08-22,A8,TARABERIA,24.7,31.5,25.6,91.20833333333331,23,0
2024-08-23,A8,TARABERIA,33.6,30.5,24.6,91.54166666666669,24,0
2024-08-24,A8,TARABERIA,5.0,29.2,25.0,91.5,25,0
2024-08-25,A8,TARABERIA,42.7,29.4,24.2,94.41666666666669,26,0
2024-08-26,A8,TARABERIA,29.0,29.6,24.6,91.33333333333331,27,0
2024-08-27,A8,TARABERIA,23.8,30.5,24.6,91.45833333333331,28,0
2024-08-28,A8,TARABERIA,6.8,32.0,24.7,88.25,29,0
2024-08-29,A8,TARABERIA,5.5,32.3,25.5,84.79166666666667,0,0
2024-08-30,A8,TARABERIA,0.3,32.9,24.9,82.08333333333333,0,0
2024-08-31,A8,TARABERIA,3.6,32.3,26.2,82.08333333333333,0,0
2024-09-01,A8,TARABERIA,10.6,30.5,26.2,86.75,1,0
2024-09-02,A8,TARABERIA,3.0,32.2,25.5,86.625,2,0
2024-09-03,A8,TARABERIA,6.7,31.9,25.3,88.16666666666667,3,0
2024-09-04,A8,TARABERIA,9.4,31.4,25.6,87.79166666666667,4,0
2024-09-05,A8,TARABERIA,3.1,32.4,25.4,83.25,0,0
2024-09-06,A8,TARABERIA,2.3,33.2,25.9,85.25,1,0
2024-09-07,A8,TARABERIA,14.8,33.6,25.5,83.875,0,0
2024-09-08,A8,TARABERIA,7.7,32.1,26.2,83.91666666666667,0,0
2024-09-09,A8,TARABERIA,3.6,32.3,26.5,82.91666666666667,0,0
2024-09-10,A8,TARABERIA,5.7,31.6,25.9,84.25,0,0
2024-09-11,A8,TARABERIA,10.0,32.3,26.1,87.33333333333333,1,0
2024-09-12,A8,TARABERIA,15.9,32.0,26.2,90.29166666666669,2,0
2024-09-13,A8,TARABERIA,28.3,32.2,25.7,86.58333333333333,3,0
2024-09-14,A8,TARABERIA,48.7,27.6,25.1,93.04166666666669,4,0
2024-09-15,A8,TARABERIA,18.8,28.6,24.9,92.45833333333331,5,0
2024-09-16,A8,TARABERIA,16.9,27.9,25.2,89.79166666666667,6,0
2024-09-17,A8,TARABERIA,0.2,32.3,25.6,83.25,0,0
2024-09-18,A8,TARABERIA,0.0,32.8,24.4,78.625,0,1
2024-09-19,A8,TARABERIA,3.2,32.8,25.8,84.54166666666667,0,0
2024-09-20,A8,TARABERIA,0.6,33.9,26.4,83.25,0,0
2024-09-21,A8,TARABERIA,3.7,33.4,26.1,83.91666666666667,0,0
2024-09-22,A8,TARABERIA,0.0,34.1,26.8,82.45833333333333,0,1
2024-09-23,A8,TARABERIA,8.0,34.1,26.1,87.83333333333333,1,0
2024-09-24,A8,TARABERIA,10.5,30.7,26.3,88.33333333333333,2,0
2024-09-25,A8,TARABERIA,26.3,28.8,24.1,92.0,3,0
2024-09-26,A8,TARABERIA,26.5,28.4,24.4,92.91666666666669,4,0
2024-09-27,A8,TARABERIA,12.2,30.8,24.6,89.41666666666667,5,0
2024-09-28,A8,TARABERIA,4.1,31.6,25.0,87.375,6,0
2024-09-29,A8,TARABERIA,5.5,32.2,26.2,88.625,7,0
2024-09-30,A8,TARABERIA,0.4,33.2,26.0,84.625,0,0
2024-10-01,A8,TARABERIA,9.5,34.0,26.4,85.125,1,0
2024-10-02,A8,TARABERIA,8.4,32.1,24.6,89.25,2,0
2024-10-03,A8,TARABERIA,19.3,30.8,26.0,91.5,3,0
2024-10-04,A8,TARABERIA,31.9,30.4,24.8,91.75,4,0
2024-10-05,A8,TARABERIA,22.9,30.4,24.7,92.45833333333331,5,0
2024-10-06,A8,TARABERIA,7.9,30.4,24.5,90.41666666666669,6,0
2024-10-07,A8,TARABERIA,9.6,30.9,24.0,90.58333333333331,7,0
2024-10-08,A8,TARABERIA,8.3,30.7,25.3,90.79166666666669,8,0
2024-10-09,A8,TARABERIA,10.3,30.3,24.8,91.5,9,0
2024-10-10,A8,TARABERIA,12.4,30.7,24.7,90.16666666666669,10,0
2024-10-11,A8,TARABERIA,5.3,32.0,25.2,87.25,11,0
2024-10-12,A8,TARABERIA,6.9,31.9,24.6,88.125,12,0
2024-10-13,A8,TARABERIA,1.2,32.0,24.6,87.75,13,0
2024-10-14,A8,TARABERIA,0.0,32.1,23.9,81.91666666666667,0,1
2024-10-15,A8,TARABERIA,9.0,31.6,24.3,86.5,1,0
2024-10-16,A8,TARABERIA,0.1,31.3,23.9,85.16666666666667,2,0
2024-10-17,A8,TARABERIA,8.2,31.1,23.8,89.08333333333333,3,0
2024-10-18,A8,TARABERIA,5.4,29.5,23.4,90.29166666666669,4,0
2024-10-19,A8,TARABERIA,9.0,30.2,23.4,88.41666666666667,5,0
2024-10-20,A8,TARABERIA,0.0,30.6,23.5,81.16666666666667,0,1
2024-10-21,A8,TARABERIA,0.0,30.6,23.7,81.08333333333333,0,2
2024-10-22,A8,TARABERIA,0.0,31.0,22.6,82.0,0,3
2024-10-23,A8,TARABERIA,12.6,29.9,24.0,85.70833333333333,1,0
2024-10-24,A8,TARABERIA,14.5,27.1,24.1,90.08333333333331,2,0
2024-10-25,A8,TARABERIA,28.6,25.9,23.7,93.04166666666669,3,0
2024-10-26,A8,TARABERIA,2.8,31.5,24.5,81.66666666666667,0,0
2024-10-27,A8,TARABERIA,0.3,31.1,23.5,83.625,0,0
2024-10-28,A8,TARABERIA,0.3,31.4,23.1,81.45833333333333,0,0
2024-10-29,A8,TARABERIA,0.0,31.3,23.4,81.375,0,1
2024-10-30,A8,TARABERIA,0.6,31.1,23.6,88.29166666666667,1,0
2024-10-31,A8,TARABERIA,0.8,31.2,23.8,89.16666666666667,2,0
2024-11-01,A8,TARABERIA,0.0,32.3,23.0,78.29166666666667,0,1
2024-11-02,A8,TARABERIA,0.0,31.4,20.9,74.25,0,2
2024-11-03,A8,TARABERIA,0.0,30.7,20.6,79.29166666666667,0,3
2024-11-04,A8,TARABERIA,0.0,30.5,20.8,77.45833333333333,0,4
2024-11-05,A8,TARABERIA,0.4,29.8,21.9,77.125,0,0
2024-11-06,A8,TARABERIA,0.5,29.4,21.8,80.375,0,0
2024-11-07,A8,TARABERIA,0.3,30.0,20.6,80.66666666666667,0,0
2024-11-08,A8,TARABERIA,0.0,30.2,21.4,78.20833333333333,0,1
2024-11-09,A8,TARABERIA,0.0,29.7,20.9,79.5,0,2
2024-11-10,A8,TARABERIA,0.0,30.1,20.4,78.0,0,3
2024-11-11,A8,TARABERIA,0.0,30.2,20.2,75.66666666666667,0,4
2024-11-12,A8,TARABERIA,0.0,30.2,19.8,73.25,0,5
2024-11-13,A8,TARABERIA,0.0,31.2,20.3,65.83333333333333,0,6
2024-11-14,A8,TARABERIA,0.0,31.1,20.2,59.875,0,7
2024-11-15,A8,TARABERIA,0.0,30.9,19.0,59.04166666666666,0,8
2024-11-16,A8,TARABERIA,0.0,29.7,17.8,56.625,0,9
2024-11-17,A8,TARABERIA,0.0,29.1,17.8,63.0,0,10
2024-11-18,A8,TARABERIA,0.0,28.8,17.1,62.208333333333336,0,11
2024-11-19,A8,TARABERIA,0.0,28.3,17.6,62.79166666666666,0,12
2024-11-20,A8,TARABERIA,0.0,29.4,17.4,66.16666666666667,0,13
2024-11-21,A8,TARABERIA,0.0,29.2,18.4,66.0,0,14
2024-11-22,A8,TARABERIA,0.0,29.2,17.9,62.41666666666666,0,15
2024-11-23,A8,TARABERIA,0.0,29.0,17.7,62.083333333333336,0,16
2024-11-24,A8,TARABERIA,0.0,28.4,16.5,63.79166666666666,0,17
2024-11-25,A8,TARABERIA,0.0,27.8,16.2,64.875,0,18
2024-11-26,A8,TARABERIA,0.0,27.8,16.1,63.5,0,19
2024-11-27,A8,TARABERIA,0.0,28.3,16.4,65.125,0,20
2024-11-28,A8,TARABERIA,0.0,28.1,16.9,72.25,0,21
2024-11-29,A8,TARABERIA,0.3,27.1,19.6,69.0,0,0
2024-11-30,A8,TARABERIA,19.3,23.2,18.5,78.66666666666667,0,0
2024-12-01,A8,TARABERIA,0.0,28.1,18.3,72.16666666666667,0,1
2024-12-02,A8,TARABERIA,0.3,22.8,19.1,74.20833333333333,0,0
2024-12-03,A8,TARABERIA,0.0,28.3,18.2,66.08333333333333,0,1
2024-12-04,A8,TARABERIA,0.0,27.9,16.2,73.58333333333333,0,2
2024-12-05,A8,TARABERIA,0.0,28.8,15.6,67.79166666666667,0,3
2024-12-06,A8,TARABERIA,0.0,27.0,15.4,65.625,0,4
2024-12-07,A8,TARABERIA,0.0,25.9,14.0,70.375,0,5
2024-12-08,A8,TARABERIA,0.0,25.6,13.1,67.875,0,6
2024-12-09,A8,TARABERIA,0.0,26.0,14.4,72.79166666666667,0,7
2024-12-10,A8,TARABERIA,0.2,26.0,16.2,78.375,0,0
2024-12-11,A8,TARABERIA,0.0,24.3,14.2,72.45833333333333,0,1
2024-12-12,A8,TARABERIA,0.0,23.8,12.1,70.83333333333333,0,2
2024-12-13,A8,TARABERIA,0.0,23.4,11.4,70.875,0,3
2024-12-14,A8,TARABERIA,0.0,23.2,11.8,72.20833333333333,0,4
2024-12-15,A8,TARABERIA,0.0,23.8,10.8,71.41666666666667,0,5
2024-12-16,A8,TARABERIA,0.0,24.6,12.3,78.625,0,6
2024-12-17,A8,TARABERIA,0.0,25.5,13.0,77.875,0,7
2024-12-18,A8,TARABERIA,0.0,26.6,14.1,76.54166666666667,0,8
2024-12-19,A8,TARABERIA,0.0,25.9,14.3,75.79166666666667,0,9
2024-12-20,A8,TARABERIA,0.4,25.5,13.8,77.95833333333333,0,0
2024-12-21,A8,TARABERIA,2.2,20.4,15.4,86.66666666666667,1,0
2024-12-22,A8,TARABERIA,0.0,25.1,14.8,86.16666666666667,2,1
2024-12-23,A8,TARABERIA,0.0,26.2,15.1,74.5,0,2
2024-12-24,A8,TARABERIA,0.0,25.7,15.2,70.875,0,3
2024-12-25,A8,TARABERIA,0.0,25.5,17.0,74.95833333333333,0,4
2024-12-26,A8,TARABERIA,0.0,26.8,15.9,74.125,0,5
2024-12-27,A8,TARABERIA,0.0,26.6,14.8,71.125,0,6
2024-12-28,A8,TARABERIA,0.0,25.9,13.9,73.5,0,7
2024-12-29,A8,TARABERIA,0.0,26.7,15.2,72.125,0,8
2024-12-30,A8,TARABERIA,0.0,26.1,16.3,77.91666666666667,0,9
2024-12-31,A8,TARABERIA,0.0,23.9,15.1,74.20833333333333,0,10
2025-01-01,A8,TARABERIA,0.0,22.8,12.8,79.58333333333333,0,11
2025-01-02,A8,TARABERIA,0.0,22.2,12.1,79.875,0,12
2025-01-03,A8,TARABERIA,0.0,22.3,10.9,80.91666666666667,0,13
2025-01-04,A8,TARABERIA,0.0,23.7,12.7,82.54166666666667,0,14
2025-01-05,A8,TARABERIA,0.0,24.3,13.5,82.875,0,15
2025-01-06,A8,TARABERIA,0.0,24.4,12.4,79.91666666666667,0,16
2025-01-07,A8,TARABERIA,0.0,25.8,14.1,77.33333333333333,0,17
2025-01-08,A8,TARABERIA,0.0,22.4,13.2,80.08333333333333,0,18
2025-01-09,A8,TARABERIA,0.0,21.9,11.9,81.875,0,19
2025-01-10,A8,TARABERIA,0.0,22.6,12.0,75.08333333333333,0,20
2025-01-11,A8,TARABERIA,0.0,23.2,11.2,80.58333333333333,0,21
2025-01-12,A8,TARABERIA,0.0,24.7,12.5,78.95833333333333,0,22
2025-01-13,A8,TARABERIA,0.0,26.3,13.5,75.29166666666667,0,23
2025-01-14,A8,TARABERIA,0.0,25.1,15.1,77.625,0,24
2025-01-15,A8,TARABERIA,0.0,24.2,14.0,75.29166666666667,0,25
2025-01-16,A8,TARABERIA,0.0,24.3,12.6,78.33333333333333,0,26
2025-01-17,A8,TARABERIA,0.0,24.5,13.9,76.41666666666667,0,27
2025-01-18,A8,TARABERIA,0.0,24.5,13.7,76.29166666666667,0,28
2025-01-19,A8,TARABERIA,0.0,24.4,13.2,69.66666666666667,0,29
2025-01-20,A8,TARABERIA,0.0,23.8,12.2,71.0,0,30
2025-01-21,A8,TARABERIA,0.0,25.3,13.0,74.875,0,31
2025-01-22,A8,TARABERIA,0.0,26.2,13.7,79.70833333333333,0,32
2025-01-23,A8,TARABERIA,0.0,27.6,13.4,80.83333333333333,0,33
2025-01-24,A8,TARABERIA,0.0,27.8,14.5,82.45833333333333,0,34
2025-01-25,A8,TARABERIA,0.3,25.4,16.1,83.29166666666667,0,0
2025-01-26,A8,TARABERIA,0.0,24.3,13.3,70.58333333333333,0,1
2025-01-27,A8,TARABERIA,0.0,24.0,12.7,67.83333333333333,0,2
2025-01-28,A8,TARABERIA,0.0,25.6,12.6,72.0,0,3
2025-01-29,A8,TARABERIA,0.2,26.9,14.5,83.25,0,0
2025-01-30,A8,TARABERIA,0.1,29.1,17.5,79.45833333333333,0,0
2025-01-31,A8,TARABERIA,0.1,29.1,19.2,82.08333333333333,0,0
2025-02-01,A8,TARABERIA,0.5,28.8,20.0,87.75,1,0
2025-02-02,A8,TARABERIA,0.2,28.5,20.2,88.0,2,0
2025-02-03,A8,TARABERIA,0.0,28.5,18.7,78.70833333333333,0,1
2025-02-04,A8,TARABERIA,0.0,27.1,16.6,69.58333333333333,0,2
2025-02-05,A8,TARABERIA,0.0,29.0,15.9,70.625,0,3
2025-02-06,A8,TARABERIA,0.0,28.7,18.8,71.5,0,4
2025-02-07,A8,TARABERIA,0.0,25.6,14.4,59.458333333333336,0,5
2025-02-08,A8,TARABERIA,0.0,25.4,13.2,63.16666666666666,0,6
2025-02-09,A8,TARABERIA,0.0,26.0,13.4,62.375,0,7
2025-02-10,A8,TARABERIA,0.0,29.3,14.2,65.70833333333333,0,8
2025-02-11,A8,TARABERIA,0.0,29.9,18.8,76.70833333333333,0,9
2025-02-12,A8,TARABERIA,0.4,29.7,19.3,80.95833333333333,0,0
2025-02-13,A8,TARABERIA,0.1,30.2,20.6,73.16666666666667,0,0
2025-02-14,A8,TARABERIA,0.0,27.8,15.7,50.25,0,1
2025-02-15,A8,TARABERIA,0.0,28.8,15.4,57.375,0,2
2025-02-16,A8,TARABERIA,0.0,30.7,16.3,66.04166666666667,0,3
2025-02-17,A8,TARABERIA,0.1,31.1,18.6,76.20833333333333,0,0
2025-02-18,A8,TARABERIA,0.2,29.8,18.4,81.95833333333333,0,0
2025-02-19,A8,TARABERIA,1.4,28.3,18.7,84.75,0,0
2025-02-20,A8,TARABERIA,5.0,27.0,18.7,86.91666666666667,1,0
2025-02-21,A8,TARABERIA,0.0,28.8,17.4,80.54166666666667,0,1
2025-02-22,A8,TARABERIA,9.7,28.7,18.9,87.16666666666667,1,0
2025-02-23,A8,TARABERIA,7.8,28.0,17.9,83.16666666666667,0,0
2025-02-24,A8,TARABERIA,0.0,28.9,17.3,74.20833333333333,0,1
2025-02-25,A8,TARABERIA,0.0,29.1,18.1,71.04166666666667,0,2
2025-02-26,A8,TARABERIA,0.0,29.3,17.8,72.70833333333333,0,3
2025-02-27,A8,TARABERIA,0.0,29.6,17.6,71.08333333333333,0,4
2025-02-28,A8,TARABERIA,0.0,30.6,19.4,73.54166666666667,0,5
2025-03-01,A8,TARABERIA,0.0,33.1,20.0,72.58333333333333,0,6
2025-03-02,A8,TARABERIA,0.0,33.3,20.6,70.25,0,7
2025-03-03,A8,TARABERIA,0.0,31.7,20.3,66.91666666666667,0,8
2025-03-04,A8,TARABERIA,0.0,31.0,20.3,59.79166666666666,0,9
2025-03-05,A8,TARABERIA,0.0,30.9,19.6,56.29166666666666,0,10
2025-03-06,A8,TARABERIA,0.0,27.6,17.0,53.0,0,11
2025-03-07,A8,TARABERIA,0.0,29.5,15.3,53.5,0,12
2025-03-08,A8,TARABERIA,0.0,31.6,17.5,65.54166666666667,0,13
2025-03-09,A8,TARABERIA,0.0,31.5,19.0,74.16666666666667,0,14
2025-03-10,A8,TARABERIA,0.0,32.4,19.6,68.83333333333333,0,15
2025-03-11,A8,TARABERIA,0.0,33.0,20.7,55.66666666666666,0,16
2025-03-12,A8,TARABERIA,0.0,34.5,20.5,59.333333333333336,0,17
2025-03-13,A8,TARABERIA,0.0,35.6,22.1,62.833333333333336,0,18
2025-03-14,A8,TARABERIA,0.0,36.6,22.9,72.0,0,19
2025-03-15,A8,TARABERIA,0.1,35.4,23.6,78.08333333333333,0,0
2025-03-16,A8,TARABERIA,0.1,38.0,24.2,71.04166666666667,0,0
2025-03-17,A8,TARABERIA,7.3,34.8,23.3,75.5,0,0
2025-03-18,A8,TARABERIA,0.0,33.7,23.7,62.91666666666666,0,1
2025-03-19,A8,TARABERIA,0.0,35.5,22.2,64.875,0,2
2025-03-20,A8,TARABERIA,8.5,32.1,23.9,78.0,0,0
2025-03-21,A8,TARABERIA,5.7,31.1,21.2,69.125,0,0
2025-03-22,A8,TARABERIA,3.4,26.7,20.8,79.125,0,0
2025-03-23,A8,TARABERIA,1.2,28.7,18.7,79.45833333333333,0,0
2025-03-24,A8,TARABERIA,0.0,30.7,17.8,68.41666666666667,0,1
2025-03-25,A8,TARABERIA,0.0,32.0,19.1,67.91666666666667,0,2
2025-03-26,A8,TARABERIA,0.0,34.3,21.2,64.625,0,3
2025-03-27,A8,TARABERIA,0.0,35.6,23.0,63.54166666666666,0,4
2025-03-28,A8,TARABERIA,0.0,36.8,22.9,57.625,0,5
2025-03-29,A8,TARABERIA,0.0,35.9,23.3,62.25,0,6
2025-03-30,A8,TARABERIA,0.1,36.0,24.3,74.33333333333333,0,0
2025-03-31,A8,TARABERIA,0.0,36.1,25.2,71.375,0,1
2025-04-01,A8,TARABERIA,0.0,36.2,24.9,68.95833333333333,0,2
2025-04-02,A8,TARABERIA,0.2,36.7,24.8,67.625,0,0
2025-04-03,A8,TARABERIA,0.0,36.0,24.7,69.45833333333333,0,1
2025-04-04,A8,TARABERIA,0.0,34.0,25.2,70.33333333333333,0,2
2025-04-05,A8,TARABERIA,0.0,36.5,24.3,63.79166666666666,0,3
2025-04-06,A8,TARABERIA,0.2,35.5,24.4,70.875,0,0
2025-04-07,A8,TARABERIA,0.0,35.3,24.5,71.91666666666667,0,1
2025-04-08,A8,TARABERIA,1.9,34.0,24.1,75.875,0,0
2025-04-09,A8,TARABERIA,0.0,33.8,23.4,67.79166666666667,0,1
2025-04-10,A8,TARABERIA,14.8,34.5,22.4,73.04166666666667,0,0
2025-04-11,A8,TARABERIA,0.1,32.0,22.0,77.25,0,0
2025-04-12,A8,TARABERIA,2.9,34.9,23.5,79.0,0,0
2025-04-13,A8,TARABERIA,0.0,33.1,23.6,72.20833333333333,0,1
2025-04-14,A8,TARABERIA,1.0,32.0,23.8,77.66666666666667,0,0
2025-04-15,A8,TARABERIA,1.7,32.3,23.3,75.79166666666667,0,0
2025-04-16,A8,TARABERIA,3.6,33.0,23.3,76.45833333333333,0,0
2025-04-17,A8,TARABERIA,17.7,32.1,23.0,86.08333333333333,1,0
2025-04-18,A8,TARABERIA,7.2,30.4,22.6,84.83333333333333,0,0
2025-04-19,A8,TARABERIA,5.0,30.3,22.9,85.70833333333333,1,0
2025-04-20,A8,TARABERIA,1.8,35.2,24.9,82.125,0,0
2025-04-21,A8,TARABERIA,0.0,35.9,27.7,79.95833333333333,0,1
2025-04-22,A8,TARABERIA,0.1,36.2,27.4,78.83333333333333,0,0
2025-04-23,A8,TARABERIA,0.0,38.6,27.1,71.29166666666667,0,1
2025-04-24,A8,TARABERIA,0.0,36.8,27.2,76.70833333333333,0,2
2025-04-25,A8,TARABERIA,1.6,37.7,27.4,77.41666666666667,0,0
2025-04-26,A8,TARABERIA,3.4,36.1,27.0,75.91666666666667,0,0
2025-04-27,A8,TARABERIA,0.0,35.7,27.6,70.58333333333333,0,1
2025-04-28,A8,TARABERIA,4.1,29.7,24.6,84.16666666666667,0,0
2025-04-29,A8,TARABERIA,6.1,30.8,22.4,84.04166666666667,0,0
2025-04-30,A8,TARABERIA,3.3,30.5,21.5,83.58333333333333,0,0
2025-05-01,A8,TARABERIA,1.2,31.3,21.9,80.75,0,0
2025-05-02,A8,TARABERIA,0.0,30.6,21.5,78.5,0,1
2025-05-03,A8,TARABERIA,0.6,32.3,23.3,79.375,0,0
2025-05-04,A8,TARABERIA,3.9,30.9,23.6,83.70833333333333,0,0
2025-05-05,A8,TARABERIA,4.4,32.9,23.6,79.75,0,0
2025-05-06,A8,TARABERIA,20.6,32.6,24.4,86.04166666666667,1,0
2025-05-07,A8,TARABERIA,3.4,33.4,24.1,81.125,0,0
2025-05-08,A8,TARABERIA,0.0,36.2,26.7,72.125,0,1
2025-05-09,A8,TARABERIA,0.0,36.9,26.6,71.54166666666667,0,2
2025-05-10,A8,TARABERIA,0.0,36.9,26.9,69.04166666666667,0,3
2025-05-11,A8,TARABERIA,0.0,37.2,27.1,66.04166666666667,0,4
2025-05-12,A8,TARABERIA,0.2,37.5,28.7,65.91666666666667,0,0
2025-05-13,A8,TARABERIA,2.4,35.5,28.4,75.45833333333333,0,0
2025-05-14,A8,TARABERIA,0.1,36.4,28.2,74.58333333333333,0,0
2025-05-15,A8,TARABERIA,6.8,35.3,27.3,79.20833333333333,0,0
2025-05-16,A8,TARABERIA,4.9,34.9,27.9,77.45833333333333,0,0
2025-05-17,A8,TARABERIA,26.1,34.9,25.8,80.29166666666667,0,0
2025-05-18,A8,TARABERIA,6.4,30.6,26.4,86.45833333333333,1,0
2025-05-19,A8,TARABERIA,3.1,33.8,26.2,79.41666666666667,0,0
2025-05-20,A8,TARABERIA,14.3,34.4,25.4,81.5,0,0
2025-05-21,A8,TARABERIA,21.3,33.8,25.6,83.375,0,0
2025-05-22,A8,TARABERIA,4.2,32.2,26.2,79.91666666666667,0,0
2025-05-23,A8,TARABERIA,6.4,31.7,25.6,87.04166666666667,1,0
2025-05-24,A8,TARABERIA,10.3,32.1,25.4,87.25,2,0
2025-05-25,A8,TARABERIA,18.1,30.8,25.7,88.95833333333333,3,0
2025-05-26,A8,TARABERIA,17.9,30.7,25.2,90.95833333333331,4,0
2025-05-27,A8,TARABERIA,9.5,31.4,25.4,89.5,5,0
2025-05-28,A8,TARABERIA,14.9,31.6,26.0,87.83333333333333,6,0
2025-05-29,A8,TARABERIA,38.3,29.5,25.3,91.16666666666669,7,0
2025-05-30,A8,TARABERIA,18.4,33.2,24.8,80.41666666666667,0,0
2025-05-31,A8,TARABERIA,34.7,32.1,25.4,89.75,1,0
2025-06-01,A8,TARABERIA,10.8,31.3,26.7,91.625,2,0
2025-06-02,A8,TARABERIA,0.4,36.0,26.9,78.41666666666667,0,0
2025-06-03,A8,TARABERIA,0.9,34.9,26.9,73.08333333333333,0,0
2025-06-04,A8,TARABERIA,1.0,34.0,27.1,84.08333333333333,0,0
2025-06-05,A8,TARABERIA,4.7,32.2,26.4,85.95833333333333,1,0
2025-06-06,A8,TARABERIA,5.8,32.9,25.9,86.33333333333333,2,0
2025-06-07,A8,TARABERIA,0.0,33.9,25.3,78.41666666666667,0,1
2025-06-08,A8,TARABERIA,1.1,33.7,26.3,82.58333333333333,0,0
2025-06-09,A8,TARABERIA,0.8,33.6,26.3,79.54166666666667,0,0
2025-06-10,A8,TARABERIA,0.5,34.2,26.3,80.04166666666667,0,0
2025-06-11,A8,TARABERIA,0.8,33.1,26.9,81.70833333333333,0,0
2025-06-12,A8,TARABERIA,0.2,33.2,25.8,78.625,0,0
2025-06-13,A8,TARABERIA,0.9,33.3,26.6,79.58333333333333,0,0
2025-06-14,A8,TARABERIA,0.7,34.3,27.2,77.25,0,0
2025-06-15,A8,TARABERIA,21.5,30.6,26.6,88.625,1,0
2025-06-16,A8,TARABERIA,34.9,31.8,26.0,89.91666666666667,2,0
2025-06-17,A8,TARABERIA,35.4,28.9,25.3,95.125,3,0
2025-06-18,A8,TARABERIA,28.7,28.9,25.3,92.33333333333331,4,0
2025-06-19,A8,TARABERIA,46.4,30.7,24.1,85.95833333333333,5,0
2025-06-20,A8,TARABERIA,9.3,32.2,26.1,84.83333333333333,0,0
2025-06-21,A8,TARABERIA,1.4,33.3,26.3,83.95833333333333,0,0
2025-06-22,A8,TARABERIA,16.4,32.6,26.0,89.79166666666667,1,0
2025-06-23,A8,TARABERIA,12.8,31.7,26.5,87.54166666666667,2,0
2025-06-24,A8,TARABERIA,8.1,32.3,26.2,85.875,3,0
2025-06-25,A8,TARABERIA,8.1,31.5,26.1,86.95833333333333,4,0
2025-06-26,A8,TARABERIA,3.9,32.2,26.1,83.5,0,0
2025-06-27,A8,TARABERIA,16.3,31.3,25.2,88.95833333333333,1,0
2025-06-28,A8,TARABERIA,18.7,30.3,25.3,89.625,2,0
2025-06-29,A8,TARABERIA,42.3,31.0,25.4,91.0,3,0
2025-06-30,A8,TARABERIA,21.2,30.3,25.3,91.54166666666669,4,0
2025-07-01,A8,TARABERIA,7.1,30.5,26.0,89.20833333333333,5,0
2025-07-02,A8,TARABERIA,20.6,32.4,25.8,88.66666666666667,6,0
2025-07-03,A8,TARABERIA,33.6,31.0,25.7,91.58333333333331,7,0
2025-07-04,A8,TARABERIA,31.8,31.7,24.8,92.0,8,0
2025-07-05,A8,TARABERIA,9.6,30.8,25.7,91.25,9,0
2025-07-06,A8,TARABERIA,3.9,29.4,25.1,90.79166666666669,10,0
2025-07-07,A8,TARABERIA,14.8,28.9,25.3,94.04166666666669,11,0
2025-07-08,A8,TARABERIA,22.5,28.1,24.5,93.58333333333331,12,0
2025-07-09,A8,TARABERIA,13.7,30.0,24.8,90.45833333333331,13,0
2025-07-10,A8,TARABERIA,22.8,31.7,25.0,88.375,14,0
2025-07-11,A8,TARABERIA,9.9,30.6,25.5,88.16666666666667,15,0
2025-07-12,A8,TARABERIA,6.2,33.3,25.5,86.58333333333333,16,0
2025-07-13,A8,TARABERIA,10.6,31.7,26.1,88.70833333333333,17,0
2025-07-14,A8,TARABERIA,40.3,27.8,25.2,94.08333333333331,18,0
2025-07-15,A8,TARABERIA,16.6,30.3,24.9,90.58333333333331,19,0
2025-07-16,A8,TARABERIA,9.0,30.4,25.9,88.66666666666667,20,0
2025-07-17,A8,TARABERIA,0.1,33.1,26.3,82.45833333333333,0,0
2025-07-18,A8,TARABERIA,6.3,33.0,26.6,86.08333333333333,1,0
2025-07-19,A8,TARABERIA,1.0,33.4,26.6,83.0,0,0
2025-07-20,A8,TARABERIA,0.6,32.8,26.7,82.33333333333333,0,0
2025-07-21,A8,TARABERIA,0.6,32.8,26.5,84.08333333333333,0,0
2025-07-22,A8,TARABERIA,7.6,33.2,26.8,83.29166666666667,0,0
2025-07-23,A8,TARABERIA,0.5,33.8,27.0,78.66666666666667,0,0
2025-07-24,A8,TARABERIA,11.5,32.7,26.2,85.20833333333333,1,0
2025-07-25,A8,TARABERIA,52.5,31.1,25.9,90.375,2,0
2025-07-26,A8,TARABERIA,3.4,31.1,26.2,87.66666666666667,3,0
2025-07-27,A8,TARABERIA,5.8,32.6,26.1,86.66666666666667,4,0
2025-07-28,A8,TARABERIA,3.6,30.5,26.7,88.08333333333333,5,0
2025-07-29,A8,TARABERIA,53.3,29.5,25.4,91.54166666666669,6,0
2025-07-30,A8,TARABERIA,19.0,29.3,25.2,91.66666666666669,7,0
2025-07-31,A8,TARABERIA,36.6,29.3,24.8,92.95833333333331,8,0
2025-08-01,A8,TARABERIA,19.3,32.2,25.7,89.5,9,0
2025-08-02,A8,TARABERIA,6.5,32.2,25.8,87.16666666666667,10,0
2025-08-03,A8,TARABERIA,15.0,32.6,26.7,87.70833333333333,11,0
2025-08-04,A8,TARABERIA,28.0,31.7,25.8,88.83333333333333,12,0
2025-08-05,A8,TARABERIA,15.3,32.2,26.2,90.79166666666669,13,0
2025-08-06,A8,TARABERIA,10.6,30.3,25.3,89.83333333333333,14,0
2025-08-07,A8,TARABERIA,8.6,31.7,25.4,89.5,15,0
2025-08-08,A8,TARABERIA,2.2,31.0,24.4,87.20833333333333,16,0
2025-08-09,A8,TARABERIA,10.6,31.4,25.1,85.875,17,0
2025-08-10,A8,TARABERIA,0.6,32.8,26.7,79.5,0,0
2025-08-11,A8,TARABERIA,5.2,32.3,26.4,84.83333333333333,0,0
2025-08-12,A8,TARABERIA,4.7,33.5,26.5,83.125,0,0
2025-08-13,A8,TARABERIA,15.3,30.8,26.4,88.70833333333333,1,0
2025-08-14,A8,TARABERIA,7.4,29.8,25.7,89.29166666666667,2,0
2025-08-15,A8,TARABERIA,13.6,31.5,25.4,88.16666666666667,3,0
2025-08-16,A8,TARABERIA,6.9,32.1,25.7,86.08333333333333,4,0
2025-08-17,A8,TARABERIA,9.1,32.0,26.1,84.58333333333333,0,0
2025-08-18,A8,TARABERIA,8.0,31.7,26.4,84.04166666666667,0,0
2025-08-19,A8,TARABERIA,12.1,30.2,25.7,87.0,1,0
2025-08-20,A8,TARABERIA,2.2,30.0,25.4,87.0,2,0
2025-08-21,A8,TARABERIA,51.0,28.6,24.6,93.41666666666669,3,0
2025-08-22,A8,TARABERIA,31.5,30.3,24.5,91.95833333333331,4,0
2025-08-23,A8,TARABERIA,13.2,29.0,24.7,91.33333333333331,5,0
2025-08-24,A8,TARABERIA,11.1,30.3,24.7,88.875,6,0
2025-08-25,A8,TARABERIA,2.6,31.6,24.9,88.125,7,0
2025-08-26,A8,TARABERIA,1.6,31.9,25.2,85.33333333333333,8,0
2025-08-27,A8,TARABERIA,5.0,31.8,25.6,85.04166666666667,9,0
2025-08-28,A8,TARABERIA,14.5,30.7,25.7,87.08333333333333,10,0
2025-08-29,A8,TARABERIA,21.0,30.1,25.6,90.25,11,0
2025-08-30,A8,TARABERIA,15.7,30.3,25.6,91.20833333333331,12,0
2025-08-31,A8,TARABERIA,3.7,32.0,25.1,88.16666666666667,13,0
2025-09-01,A8,TARABERIA,21.5,33.5,26.1,83.875,0,0
2025-09-02,A8,TARABERIA,15.6,30.4,25.7,88.58333333333333,1,0
2025-09-03,A8,TARABERIA,18.8,29.3,25.0,88.16666666666667,2,0
2025-09-04,A8,TARABERIA,7.4,30.2,25.6,89.20833333333333,3,0
2025-09-05,A8,TARABERIA,10.0,31.9,25.4,89.0,4,0
2025-09-06,A8,TARABERIA,3.8,32.5,25.1,85.45833333333333,5,0
2025-09-07,A8,TARABERIA,0.4,33.1,25.4,81.33333333333333,0,0
2025-09-08,A8,TARABERIA,0.2,32.9,25.5,79.75,0,0
2025-09-09,A8,TARABERIA,0.2,33.1,25.7,79.29166666666667,0,0
2025-09-10,A8,TARABERIA,0.2,33.7,26.2,79.29166666666667,0,0
2025-09-11,A8,TARABERIA,4.1,32.8,26.2,86.29166666666667,1,0
2025-09-12,A8,TARABERIA,19.0,31.1,25.2,89.41666666666667,2,0
2025-09-13,A8,TARABERIA,6.9,30.4,25.6,88.875,3,0
2025-09-14,A8,TARABERIA,40.9,30.6,26.1,92.66666666666669,4,0
2025-09-15,A8,TARABERIA,25.8,29.3,24.4,91.91666666666669,5,0
2025-09-16,A8,TARABERIA,10.7,29.6,24.4,90.66666666666669,6,0
2025-09-17,A8,TARABERIA,8.4,30.5,24.9,89.45833333333333,7,0
2025-09-18,A8,TARABERIA,3.5,32.1,26.0,86.54166666666667,8,0
2025-09-19,A8,TARABERIA,12.4,30.7,25.4,92.16666666666669,9,0
2025-09-20,A8,TARABERIA,8.9,32.3,25.9,90.08333333333331,10,0
2025-09-21,A8,TARABERIA,1.1,32.6,25.3,86.79166666666667,11,0
2025-09-22,A8,TARABERIA,21.0,30.1,25.0,92.54166666666669,12,0
2025-09-23,A8,TARABERIA,10.8,31.0,24.4,88.45833333333333,13,0
2025-09-24,A8,TARABERIA,4.1,31.5,24.8,90.66666666666669,14,0
2025-09-25,A8,TARABERIA,10.8,32.8,25.5,88.45833333333333,15,0
2025-09-26,A8,TARABERIA,3.8,31.9,25.4,87.54166666666667,16,0
2025-09-27,A8,TARABERIA,8.0,30.1,25.6,88.29166666666667,17,0
2025-09-28,A8,TARABERIA,6.8,31.6,25.5,89.25,18,0
2025-09-29,A8,TARABERIA,2.6,32.1,25.7,85.625,19,0
2025-09-30,A8,TARABERIA,4.3,32.1,26.3,87.33333333333333,20,0
2025-10-01,A8,TARABERIA,15.3,31.4,24.5,89.04166666666667,21,0
2025-10-02,A8,TARABERIA,29.0,27.4,24.5,93.375,22,0
2025-10-03,A8,TARABERIA,14.7,29.5,25.3,90.08333333333331,23,0
2025-10-04,A8,TARABERIA,9.7,32.0,25.2,86.91666666666667,24,0
2025-10-05,A8,TARABERIA,31.3,30.5,24.2,90.16666666666669,25,0
2025-10-06,A8,TARABERIA,4.0,28.8,24.2,92.83333333333331,26,0
2025-10-07,A8,TARABERIA,7.2,31.1,24.1,89.41666666666667,27,0
2025-10-08,A8,TARABERIA,11.8,30.8,24.4,90.66666666666669,28,0
2025-10-09,A8,TARABERIA,3.3,31.2,24.6,89.0,29,0
2025-10-10,A8,TARABERIA,11.4,31.3,24.4,87.83333333333333,30,0
2025-10-11,A8,TARABERIA,2.9,30.5,24.1,87.625,31,0
2025-10-12,A8,TARABERIA,0.0,31.2,24.3,80.41666666666667,0,1
2025-10-13,A8,TARABERIA,0.0,30.6,23.7,77.625,0,2
2025-10-14,A8,TARABERIA,0.0,31.1,23.1,75.625,0,3
2025-10-15,A8,TARABERIA,0.0,31.0,22.9,74.83333333333333,0,4
2025-10-16,A8,TARABERIA,0.0,30.8,22.0,75.83333333333333,0,5
2025-10-17,A8,TARABERIA,0.0,31.5,22.4,78.33333333333333,0,6
2025-10-18,A8,TARABERIA,0.1,31.6,23.7,80.20833333333333,0,0
2025-10-19,A8,TARABERIA,0.1,32.7,24.3,77.66666666666667,0,0
2025-10-20,A8,TARABERIA,0.0,32.9,23.5,75.375,0,1
2025-10-21,A8,TARABERIA,0.0,32.9,23.3,73.5,0,2
2025-10-22,A8,TARABERIA,0.0,32.2,22.9,74.375,0,3
2025-10-23,A8,TARABERIA,0.0,32.2,22.9,69.95833333333333,0,4
2025-10-24,A8,TARABERIA,0.0,32.1,22.5,71.58333333333333,0,5
2025-10-25,A8,TARABERIA,0.0,32.0,23.3,76.91666666666667,0,6
2025-10-26,A8,TARABERIA,0.0,32.1,24.1,79.625,0,7
2025-10-27,A8,TARABERIA,0.1,32.2,23.7,79.70833333333333,0,0
2025-10-28,A8,TARABERIA,0.5,32.5,24.3,79.375,0,0
2025-10-29,A8,TARABERIA,17.2,28.4,24.5,91.83333333333331,1,0
2025-10-30,A8,TARABERIA,15.5,30.2,23.8,90.91666666666669,2,0
2025-10-31,A8,TARABERIA,0.7,31.6,24.3,83.70833333333333,0,0
2025-11-01,A8,TARABERIA,19.3,30.5,25.1,88.66666666666667,1,0
2025-11-02,A8,TARABERIA,0.0,28.5,23.3,82.45833333333333,0,1
2025-11-03,A8,TARABERIA,0.0,29.7,22.2,74.41666666666667,0,2
2025-11-04,A8,TARABERIA,0.0,29.6,19.7,72.375,0,3
2025-11-05,A8,TARABERIA,0.0,29.8,21.1,75.83333333333333,0,4
2025-11-06,A8,TARABERIA,0.5,30.1,21.2,79.375,0,0
2025-11-07,A8,TARABERIA,0.1,29.9,22.4,77.16666666666667,0,0
2025-11-08,A8,TARABERIA,0.0,29.2,19.8,65.66666666666667,0,1
2025-11-09,A8,TARABERIA,0.0,28.0,17.8,70.79166666666667,0,2
2025-11-10,A8,TARABERIA,0.0,28.4,18.0,73.08333333333333,0,3
2025-11-11,A8,TARABERIA,0.0,27.5,16.9,68.29166666666667,0,4
2025-11-12,A8,TARABERIA,0.0,26.7,16.3,71.0,0,5
2025-11-13,A8,TARABERIA,0.0,26.9,16.2,72.70833333333333,0,6
2025-11-14,A8,TARABERIA,0.0,26.7,16.2,72.54166666666667,0,7
2025-11-15,A8,TARABERIA,0.0,27.0,16.4,74.875,0,8
2025-11-16,A8,TARABERIA,0.0,27.1,16.4,72.25,0,9
2025-11-17,A8,TARABERIA,0.0,27.0,17.3,71.08333333333333,0,10
2025-11-18,A8,TARABERIA,0.0,27.9,16.9,69.875,0,11
2025-11-19,A8,TARABERIA,0.0,28.6,16.3,71.0,0,12
2025-11-20,A8,TARABERIA,0.0,28.1,17.4,71.25,0,13
2025-11-21,A8,TARABERIA,0.0,28.2,17.6,70.33333333333333,0,14
2025-11-22,A8,TARABERIA,0.0,27.8,17.1,72.79166666666667,0,15
2025-11-23,A8,TARABERIA,0.0,27.7,16.7,74.41666666666667,0,16
2025-11-24,A8,TARABERIA,0.0,26.7,16.4,73.0,0,17
2025-11-25,A8,TARABERIA,0.0,26.1,15.3,71.41666666666667,0,18
2025-11-26,A8,TARABERIA,0.0,25.8,14.7,68.95833333333333,0,19
2025-11-27,A8,TARABERIA,0.0,26.8,15.3,74.875,0,20
2025-11-28,A8,TARABERIA,0.0,27.1,16.5,75.58333333333333,0,21
2025-11-29,A8,TARABERIA,0.0,26.9,16.6,70.70833333333333,0,22
2025-11-30,A8,TARABERIA,0.0,26.9,16.5,70.70833333333333,0,23
2025-12-01,A8,TARABERIA,0.0,26.6,16.4,74.375,0,24
2025-12-02,A8,TARABERIA,0.0,26.7,17.2,75.29166666666667,0,25
2025-12-03,A8,TARABERIA,0.0,25.9,15.6,72.875,0,26
2025-12-04,A8,TARABERIA,0.0,25.3,14.3,73.375,0,27
2025-12-05,A8,TARABERIA,0.0,25.4,14.6,69.625,0,28
2025-12-06,A8,TARABERIA,0.0,24.5,12.6,68.66666666666667,0,29
2025-12-07,A8,TARABERIA,0.0,24.8,13.4,73.33333333333333,0,30
2025-12-08,A8,TARABERIA,0.0,24.9,13.7,70.41666666666667,0,31
2025-12-09,A8,TARABERIA,0.0,25.1,14.2,73.5,0,32
2025-12-10,A8,TARABERIA,0.0,25.2,14.1,75.875,0,33
2025-12-11,A8,TARABERIA,0.0,25.1,13.7,71.95833333333333,0,34
2025-12-12,A8,TARABERIA,0.0,25.0,13.9,70.0,0,35
2025-12-13,A8,TARABERIA,0.0,25.4,14.2,73.375,0,36
2025-12-14,A8,TARABERIA,0.0,26.5,14.4,74.83333333333333,0,37
2025-12-15,A8,TARABERIA,0.0,26.1,14.8,73.625,0,38
2025-12-16,A8,TARABERIA,0.0,25.1,14.4,72.66666666666667,0,39
2025-12-17,A8,TARABERIA,0.0,25.3,14.3,70.375,0,40
2025-12-18,A8,TARABERIA,0.0,26.4,14.6,73.79166666666667,0,41
2025-12-19,A8,TARABERIA,0.0,26.1,15.4,75.41666666666667,0,42
2025-12-20,A8,TARABERIA,0.0,24.0,15.2,79.91666666666667,0,43
2025-12-21,A8,TARABERIA,0.0,23.8,14.3,80.375,0,44
2025-12-22,A8,TARABERIA,0.0,24.5,14.4,79.0,0,45
2025-12-23,A8,TARABERIA,0.0,24.0,13.8,76.875,0,46
2025-12-24,A8,TARABERIA,0.0,23.7,13.2,76.70833333333333,0,47
2025-12-25,A8,TARABERIA,0.0,21.4,11.7,78.83333333333333,0,48
2025-12-26,A8,TARABERIA,0.0,21.8,10.9,76.875,0,49
2025-12-27,A8,TARABERIA,0.0,23.1,12.0,77.04166666666667,0,50
2025-12-28,A8,TARABERIA,0.0,22.0,12.7,79.45833333333333,0,51
2025-12-29,A8,TARABERIA,0.0,20.4,11.7,80.04166666666667,0,52
2025-12-30,A8,TARABERIA,0.0,19.6,10.4,81.375,0,53
2025-12-31,A8,TARABERIA,0.0,20.8,9.0,81.125,0,54
