date,panchayat_id,panchayat_name,rain_mm,tmax_c,tmin_c
2024-01-01,A1,ADHATA,0.0,24.7,14.4
2024-01-02,A1,ADHATA,0.0,22.9,13.1
2024-01-03,A1,ADHATA,0.0,24.3,12.2
2024-01-04,A1,ADHATA,0.0,25.0,12.0
2024-01-05,A1,ADHATA,0.0,25.5,13.0
2024-01-06,A1,ADHATA,0.0,26.2,12.9
2024-01-07,A1,ADHATA,0.0,25.8,14.9
2024-01-08,A1,ADHATA,0.0,25.5,15.4
2024-01-09,A1,ADHATA,0.0,24.9,13.3
2024-01-10,A1,ADHATA,0.0,25.5,12.7
2024-01-11,A1,ADHATA,0.0,24.6,13.0
2024-01-12,A1,ADHATA,0.0,22.4,10.8
2024-01-13,A1,ADHATA,0.0,22.4,10.2
2024-01-14,A1,ADHATA,0.0,21.9,10.4
2024-01-15,A1,ADHATA,0.0,21.6,10.4
2024-01-16,A1,ADHATA,0.0,21.8,10.3
2024-01-17,A1,ADHATA,0.1,23.1,9.9
2024-01-18,A1,ADHATA,7.1,22.3,14.9
2024-01-19,A1,ADHATA,0.0,22.9,14.7
2024-01-20,A1,ADHATA,0.0,22.3,12.3
2024-01-21,A1,ADHATA,0.0,22.6,12.9
2024-01-22,A1,ADHATA,0.0,20.8,10.6
2024-01-23,A1,ADHATA,0.0,22.1,9.2
2024-01-24,A1,ADHATA,3.2,21.5,15.1
2024-01-25,A1,ADHATA,0.0,22.7,13.0
2024-01-26,A1,ADHATA,0.0,22.6,12.5
2024-01-27,A1,ADHATA,0.0,22.6,11.0
2024-01-28,A1,ADHATA,0.0,23.1,10.0
2024-01-29,A1,ADHATA,0.0,24.4,10.4
2024-01-30,A1,ADHATA,0.9,26.0,12.8
2024-01-31,A1,ADHATA,14.2,24.9,17.4
2024-02-01,A1,ADHATA,4.0,24.4,16.1
2024-02-02,A1,ADHATA,0.5,26.3,16.5
2024-02-03,A1,ADHATA,0.0,25.5,14.9
2024-02-04,A1,ADHATA,0.0,25.9,12.5
2024-02-05,A1,ADHATA,0.0,26.7,14.6
2024-02-06,A1,ADHATA,1.3,26.7,17.6
2024-02-07,A1,ADHATA,0.0,25.2,17.2
2024-02-08,A1,ADHATA,0.0,24.3,13.9
2024-02-09,A1,ADHATA,0.0,22.8,12.8
2024-02-10,A1,ADHATA,0.0,24.5,11.2
2024-02-11,A1,ADHATA,0.0,26.3,12.0
2024-02-12,A1,ADHATA,0.0,27.1,13.8
2024-02-13,A1,ADHATA,0.0,28.7,16.8
2024-02-14,A1,ADHATA,0.0,28.1,15.8
2024-02-15,A1,ADHATA,0.6,27.5,17.1
2024-02-16,A1,ADHATA,0.0,28.5,17.4
2024-02-17,A1,ADHATA,0.0,27.5,15.2
2024-02-18,A1,ADHATA,0.2,28.4,15.7
2024-02-19,A1,ADHATA,0.2,29.2,18.0
2024-02-20,A1,ADHATA,0.8,31.0,20.8
2024-02-21,A1,ADHATA,0.0,32.5,20.6
2024-02-22,A1,ADHATA,0.5,28.8,20.6
2024-02-23,A1,ADHATA,1.0,28.4,19.1
2024-02-24,A1,ADHATA,0.2,28.3,16.8
2024-02-25,A1,ADHATA,0.0,25.2,18.2
2024-02-26,A1,ADHATA,0.0,27.9,17.0
2024-02-27,A1,ADHATA,0.0,28.4,17.2
2024-02-28,A1,ADHATA,0.0,28.9,17.9
2024-02-29,A1,ADHATA,0.0,29.4,17.8
2024-03-01,A1,ADHATA,0.0,29.9,16.4
2024-03-02,A1,ADHATA,0.0,30.0,16.1
2024-03-03,A1,ADHATA,0.1,31.0,18.3
2024-03-04,A1,ADHATA,0.7,30.9,19.8
2024-03-05,A1,ADHATA,0.0,30.3,20.1
2024-03-06,A1,ADHATA,0.0,29.0,17.9
2024-03-07,A1,ADHATA,0.0,28.4,18.5
2024-03-08,A1,ADHATA,0.0,29.9,18.3
2024-03-09,A1,ADHATA,0.0,29.2,15.2
2024-03-10,A1,ADHATA,0.0,29.1,14.7
2024-03-11,A1,ADHATA,0.0,30.1,14.9
2024-03-12,A1,ADHATA,0.0,32.3,19.5
2024-03-13,A1,ADHATA,0.4,33.3,23.0
2024-03-14,A1,ADHATA,12.7,31.5,21.7
2024-03-15,A1,ADHATA,0.9,33.3,22.0
2024-03-16,A1,ADHATA,0.8,30.8,22.5
2024-03-17,A1,ADHATA,0.0,31.4,21.2
2024-03-18,A1,ADHATA,1.6,29.7,21.8
2024-03-19,A1,ADHATA,9.7,30.2,22.2
2024-03-20,A1,ADHATA,13.7,23.2,18.8
2024-03-21,A1,ADHATA,6.8,26.9,18.6
2024-03-22,A1,ADHATA,0.2,27.5,17.3
2024-03-23,A1,ADHATA,5.5,31.7,19.0
2024-03-24,A1,ADHATA,0.0,33.5,23.7
2024-03-25,A1,ADHATA,13.8,33.0,22.6
2024-03-26,A1,ADHATA,0.6,32.2,23.8
2024-03-27,A1,ADHATA,0.8,34.1,22.6
2024-03-28,A1,ADHATA,1.2,32.6,22.4
2024-03-29,A1,ADHATA,0.0,33.6,24.5
2024-03-30,A1,ADHATA,0.0,35.4,24.7
2024-03-31,A1,ADHATA,6.4,35.0,25.0
2024-04-01,A1,ADHATA,0.0,35.9,24.9
2024-04-02,A1,ADHATA,0.0,35.6,23.4
2024-04-03,A1,ADHATA,0.0,35.6,25.0
2024-04-04,A1,ADHATA,15.1,36.7,25.9
2024-04-05,A1,ADHATA,0.0,37.1,26.3
2024-04-06,A1,ADHATA,0.0,37.4,26.3
2024-04-07,A1,ADHATA,3.6,36.0,25.9
2024-04-08,A1,ADHATA,0.1,30.5,22.5
2024-04-09,A1,ADHATA,0.6,34.3,21.9
2024-04-10,A1,ADHATA,0.0,35.1,22.2
2024-04-11,A1,ADHATA,5.6,33.1,23.5
2024-04-12,A1,ADHATA,0.0,34.5,22.7
2024-04-13,A1,ADHATA,0.0,35.5,23.5
2024-04-14,A1,ADHATA,0.0,36.5,23.1
2024-04-15,A1,ADHATA,0.0,37.7,23.8
2024-04-16,A1,ADHATA,0.0,38.0,26.1
2024-04-17,A1,ADHATA,0.0,37.8,27.2
2024-04-18,A1,ADHATA,0.0,37.7,25.4
2024-04-19,A1,ADHATA,0.0,39.7,24.7
2024-04-20,A1,ADHATA,0.0,40.8,25.8
2024-04-21,A1,ADHATA,0.0,40.1,27.0
2024-04-22,A1,ADHATA,0.0,39.2,25.2
2024-04-23,A1,ADHATA,0.0,37.9,26.2
2024-04-24,A1,ADHATA,0.0,39.6,26.8
2024-04-25,A1,ADHATA,0.0,40.0,24.6
2024-04-26,A1,ADHATA,0.0,40.9,26.9
2024-04-27,A1,ADHATA,0.0,41.1,27.8
2024-04-28,A1,ADHATA,0.7,39.6,28.1
2024-04-29,A1,ADHATA,0.0,41.4,28.4
2024-04-30,A1,ADHATA,0.0,43.3,29.0
2024-05-01,A1,ADHATA,0.0,41.1,28.3
2024-05-02,A1,ADHATA,0.2,41.0,29.3
2024-05-03,A1,ADHATA,0.0,39.5,25.3
2024-05-04,A1,ADHATA,0.0,39.4,27.1
2024-05-05,A1,ADHATA,0.2,38.0,28.4
2024-05-06,A1,ADHATA,112.5,37.5,24.7
2024-05-07,A1,ADHATA,1.5,33.2,24.4
2024-05-08,A1,ADHATA,2.6,30.5,23.7
2024-05-09,A1,ADHATA,8.6,31.3,23.8
2024-05-10,A1,ADHATA,9.7,31.3,23.7
2024-05-11,A1,ADHATA,15.9,31.4,24.7
2024-05-12,A1,ADHATA,3.3,32.7,24.9
2024-05-13,A1,ADHATA,0.0,33.4,24.0
2024-05-14,A1,ADHATA,3.3,34.0,25.3
2024-05-15,A1,ADHATA,0.0,35.1,25.9
2024-05-16,A1,ADHATA,0.0,35.4,26.1
2024-05-17,A1,ADHATA,0.0,37.3,27.3
2024-05-18,A1,ADHATA,0.1,36.1,28.7
2024-05-19,A1,ADHATA,1.7,33.9,28.8
2024-05-20,A1,ADHATA,14.6,33.0,26.9
2024-05-21,A1,ADHATA,11.3,33.1,25.8
2024-05-22,A1,ADHATA,2.9,33.9,26.7
2024-05-23,A1,ADHATA,0.0,34.9,25.9
2024-05-24,A1,ADHATA,0.0,35.5,26.4
2024-05-25,A1,ADHATA,0.0,36.4,27.5
2024-05-26,A1,ADHATA,39.9,30.9,26.8
2024-05-27,A1,ADHATA,80.5,27.5,26.1
2024-05-28,A1,ADHATA,0.4,35.3,26.3
2024-05-29,A1,ADHATA,0.0,35.9,29.2
2024-05-30,A1,ADHATA,0.2,35.3,29.5
2024-05-31,A1,ADHATA,0.0,35.2,28.5
2024-06-01,A1,ADHATA,0.8,34.7,28.3
2024-06-02,A1,ADHATA,5.0,34.4,29.1
2024-06-03,A1,ADHATA,0.2,34.5,28.3
2024-06-04,A1,ADHATA,0.1,35.7,28.6
2024-06-05,A1,ADHATA,0.0,35.7,28.0
2024-06-06,A1,ADHATA,0.2,36.4,26.7
2024-06-07,A1,ADHATA,0.0,36.0,26.1
2024-06-08,A1,ADHATA,0.0,35.7,28.1
2024-06-09,A1,ADHATA,0.0,36.6,28.2
2024-06-10,A1,ADHATA,0.0,36.5,28.5
2024-06-11,A1,ADHATA,0.0,36.6,28.9
2024-06-12,A1,ADHATA,0.0,35.3,28.3
2024-06-13,A1,ADHATA,0.0,36.0,28.5
2024-06-14,A1,ADHATA,0.0,37.1,29.1
2024-06-15,A1,ADHATA,0.0,37.3,29.4
2024-06-16,A1,ADHATA,0.0,36.8,29.4
2024-06-17,A1,ADHATA,0.2,37.0,29.2
2024-06-18,A1,ADHATA,10.7,32.5,28.8
2024-06-19,A1,ADHATA,8.0,34.8,28.6
2024-06-20,A1,ADHATA,24.2,33.6,27.8
2024-06-21,A1,ADHATA,2.6,31.8,27.1
2024-06-22,A1,ADHATA,2.0,33.3,26.5
2024-06-23,A1,ADHATA,1.1,34.0,26.7
2024-06-24,A1,ADHATA,1.3,34.1,27.1
2024-06-25,A1,ADHATA,0.8,34.2,28.0
2024-06-26,A1,ADHATA,0.4,34.5,27.4
2024-06-27,A1,ADHATA,9.6,32.1,27.5
2024-06-28,A1,ADHATA,4.8,33.0,27.1
2024-06-29,A1,ADHATA,17.3,31.3,26.9
2024-06-30,A1,ADHATA,30.2,32.1,26.3
2024-07-01,A1,ADHATA,17.7,31.2,26.0
2024-07-02,A1,ADHATA,28.1,31.0,25.9
2024-07-03,A1,ADHATA,7.9,30.9,25.9
2024-07-04,A1,ADHATA,18.3,31.5,25.5
2024-07-05,A1,ADHATA,27.3,32.4,25.6
2024-07-06,A1,ADHATA,2.4,32.2,26.2
2024-07-07,A1,ADHATA,5.4,32.5,26.4
2024-07-08,A1,ADHATA,1.0,32.4,26.2
2024-07-09,A1,ADHATA,3.9,32.2,27.0
2024-07-10,A1,ADHATA,1.4,32.9,27.5
2024-07-11,A1,ADHATA,26.5,32.7,27.6
2024-07-12,A1,ADHATA,9.2,32.3,26.1
2024-07-13,A1,ADHATA,2.4,32.6,25.6
2024-07-14,A1,ADHATA,3.3,32.8,26.4
2024-07-15,A1,ADHATA,2.3,32.4,26.9
2024-07-16,A1,ADHATA,2.6,32.4,26.6
2024-07-17,A1,ADHATA,6.6,33.4,26.6
2024-07-18,A1,ADHATA,2.0,33.2,26.6
2024-07-19,A1,ADHATA,3.5,32.5,27.3
2024-07-20,A1,ADHATA,2.4,32.8,27.1
2024-07-21,A1,ADHATA,13.1,32.4,27.0
2024-07-22,A1,ADHATA,14.5,31.7,26.7
2024-07-23,A1,ADHATA,13.4,32.7,25.8
2024-07-24,A1,ADHATA,18.3,32.3,26.6
2024-07-25,A1,ADHATA,13.8,32.3,26.4
2024-07-26,A1,ADHATA,18.9,31.2,26.3
2024-07-27,A1,ADHATA,5.7,32.0,27.0
2024-07-28,A1,ADHATA,20.2,32.0,26.4
2024-07-29,A1,ADHATA,11.3,32.1,26.4
2024-07-30,A1,ADHATA,4.4,33.0,26.2
2024-07-31,A1,ADHATA,22.9,31.6,25.9
2024-08-01,A1,ADHATA,88.3,29.2,24.9
2024-08-02,A1,ADHATA,31.6,29.7,25.5
2024-08-03,A1,ADHATA,18.1,31.0,24.9
2024-08-04,A1,ADHATA,22.3,31.0,24.8
2024-08-05,A1,ADHATA,33.2,32.5,24.8
2024-08-06,A1,ADHATA,12.0,31.2,26.2
2024-08-07,A1,ADHATA,5.3,30.6,25.7
2024-08-08,A1,ADHATA,14.5,31.0,25.9
2024-08-09,A1,ADHATA,20.8,31.1,25.4
2024-08-10,A1,ADHATA,32.1,32.2,24.9
2024-08-11,A1,ADHATA,14.4,32.2,25.1
2024-08-12,A1,ADHATA,12.2,32.4,25.5
2024-08-13,A1,ADHATA,9.9,32.5,25.4
2024-08-14,A1,ADHATA,8.8,32.4,25.3
2024-08-15,A1,ADHATA,8.0,32.6,25.7
2024-08-16,A1,ADHATA,3.9,31.3,25.5
2024-08-17,A1,ADHATA,23.2,32.9,25.4
2024-08-18,A1,ADHATA,17.1,29.1,25.4
2024-08-19,A1,ADHATA,13.0,30.3,25.6
2024-08-20,A1,ADHATA,12.6,30.9,24.9
2024-08-21,A1,ADHATA,27.8,31.7,25.0
2024-08-22,A1,ADHATA,27.4,31.4,25.7
2024-08-23,A1,ADHATA,27.2,30.7,24.6
2024-08-24,A1,ADHATA,4.1,29.2,25.0
2024-08-25,A1,ADHATA,42.3,29.3,24.2
2024-08-26,A1,ADHATA,47.2,29.3,24.4
2024-08-27,A1,ADHATA,22.6,30.1,24.7
2024-08-28,A1,ADHATA,5.3,31.9,24.9
2024-08-29,A1,ADHATA,4.4,32.4,25.5
2024-08-30,A1,ADHATA,0.5,32.7,25.3
2024-08-31,A1,ADHATA,3.3,32.3,26.2
2024-09-01,A1,ADHATA,8.7,30.7,26.2
2024-09-02,A1,ADHATA,3.7,32.3,25.5
2024-09-03,A1,ADHATA,7.3,31.8,25.4
2024-09-04,A1,ADHATA,6.3,31.4,25.9
2024-09-05,A1,ADHATA,1.8,32.4,25.4
2024-09-06,A1,ADHATA,0.4,33.1,26.0
2024-09-07,A1,ADHATA,18.8,33.7,25.6
2024-09-08,A1,ADHATA,6.7,32.3,26.3
2024-09-09,A1,ADHATA,5.3,32.1,26.5
2024-09-10,A1,ADHATA,6.2,31.7,25.9
2024-09-11,A1,ADHATA,8.5,32.3,26.0
2024-09-12,A1,ADHATA,16.9,31.9,26.3
2024-09-13,A1,ADHATA,30.8,32.2,25.7
2024-09-14,A1,ADHATA,58.3,27.5,25.3
2024-09-15,A1,ADHATA,19.1,28.3,24.9
2024-09-16,A1,ADHATA,18.1,27.8,25.2
2024-09-17,A1,ADHATA,0.3,32.2,25.6
2024-09-18,A1,ADHATA,0.0,33.0,24.4
2024-09-19,A1,ADHATA,3.7,32.8,25.9
2024-09-20,A1,ADHATA,0.0,33.9,26.5
2024-09-21,A1,ADHATA,6.4,33.4,26.3
2024-09-22,A1,ADHATA,0.0,34.1,27.0
2024-09-23,A1,ADHATA,6.3,34.1,26.3
2024-09-24,A1,ADHATA,10.1,30.8,26.4
2024-09-25,A1,ADHATA,24.6,28.9,24.4
2024-09-26,A1,ADHATA,30.9,28.3,24.3
2024-09-27,A1,ADHATA,11.6,30.5,24.7
2024-09-28,A1,ADHATA,6.3,31.3,24.8
2024-09-29,A1,ADHATA,3.9,32.4,26.3
2024-09-30,A1,ADHATA,0.8,33.2,25.8
2024-10-01,A1,ADHATA,11.8,33.7,26.6
2024-10-02,A1,ADHATA,6.2,31.9,24.7
2024-10-03,A1,ADHATA,32.5,30.9,25.9
2024-10-04,A1,ADHATA,23.2,30.0,24.9
2024-10-05,A1,ADHATA,21.8,30.2,24.7
2024-10-06,A1,ADHATA,3.7,30.3,24.5
2024-10-07,A1,ADHATA,11.7,31.0,24.0
2024-10-08,A1,ADHATA,10.4,30.2,25.1
2024-10-09,A1,ADHATA,9.7,30.3,24.6
2024-10-10,A1,ADHATA,8.2,30.6,24.5
2024-10-11,A1,ADHATA,5.2,31.9,25.1
2024-10-12,A1,ADHATA,4.3,31.7,24.4
2024-10-13,A1,ADHATA,1.6,31.9,24.5
2024-10-14,A1,ADHATA,0.0,32.1,23.8
2024-10-15,A1,ADHATA,9.0,31.4,24.4
2024-10-16,A1,ADHATA,0.0,31.3,23.9
2024-10-17,A1,ADHATA,8.7,31.1,23.8
2024-10-18,A1,ADHATA,5.2,29.5,23.4
2024-10-19,A1,ADHATA,7.2,30.2,23.4
2024-10-20,A1,ADHATA,0.0,30.5,23.7
2024-10-21,A1,ADHATA,0.0,30.5,24.0
2024-10-22,A1,ADHATA,0.0,30.9,22.7
2024-10-23,A1,ADHATA,17.8,29.7,24.0
2024-10-24,A1,ADHATA,13.7,27.0,24.1
2024-10-25,A1,ADHATA,28.2,26.1,23.5
2024-10-26,A1,ADHATA,2.7,31.5,24.4
2024-10-27,A1,ADHATA,0.2,31.2,23.5
2024-10-28,A1,ADHATA,0.3,31.3,23.4
2024-10-29,A1,ADHATA,0.0,31.2,23.6
2024-10-30,A1,ADHATA,0.4,30.9,23.6
2024-10-31,A1,ADHATA,0.3,31.1,23.8
2024-11-01,A1,ADHATA,0.0,32.2,23.1
2024-11-02,A1,ADHATA,0.0,31.3,20.9
2024-11-03,A1,ADHATA,0.0,30.6,21.0
2024-11-04,A1,ADHATA,0.0,30.4,21.1
2024-11-05,A1,ADHATA,0.5,30.4,21.9
2024-11-06,A1,ADHATA,0.6,29.5,22.0
2024-11-07,A1,ADHATA,0.2,29.9,21.1
2024-11-08,A1,ADHATA,0.0,30.2,21.0
2024-11-09,A1,ADHATA,0.0,29.7,20.9
2024-11-10,A1,ADHATA,0.0,30.1,20.3
2024-11-11,A1,ADHATA,0.0,30.2,20.1
2024-11-12,A1,ADHATA,0.0,30.1,19.8
2024-11-13,A1,ADHATA,0.0,31.4,20.2
2024-11-14,A1,ADHATA,0.0,31.3,20.1
2024-11-15,A1,ADHATA,0.0,31.4,19.0
2024-11-16,A1,ADHATA,0.0,30.2,18.2
2024-11-17,A1,ADHATA,0.0,29.5,17.9
2024-11-18,A1,ADHATA,0.0,29.2,17.7
2024-11-19,A1,ADHATA,0.0,28.8,17.8
2024-11-20,A1,ADHATA,0.0,29.6,17.7
2024-11-21,A1,ADHATA,0.0,29.3,18.5
2024-11-22,A1,ADHATA,0.0,29.5,18.0
2024-11-23,A1,ADHATA,0.0,29.3,17.9
2024-11-24,A1,ADHATA,0.0,29.0,16.6
2024-11-25,A1,ADHATA,0.0,28.2,16.3
2024-11-26,A1,ADHATA,0.0,28.2,16.3
2024-11-27,A1,ADHATA,0.0,28.7,16.5
2024-11-28,A1,ADHATA,0.0,28.9,17.1
2024-11-29,A1,ADHATA,0.0,28.1,19.7
2024-11-30,A1,ADHATA,23.4,23.5,19.0
2024-12-01,A1,ADHATA,0.0,28.8,18.8
2024-12-02,A1,ADHATA,2.4,23.0,19.2
2024-12-03,A1,ADHATA,0.0,29.0,18.8
2024-12-04,A1,ADHATA,0.0,28.7,16.6
2024-12-05,A1,ADHATA,0.0,29.5,15.9
2024-12-06,A1,ADHATA,0.0,27.4,16.0
2024-12-07,A1,ADHATA,0.0,26.5,14.5
2024-12-08,A1,ADHATA,0.0,26.2,13.5
2024-12-09,A1,ADHATA,0.0,26.3,14.7
2024-12-10,A1,ADHATA,0.0,26.4,16.7
2024-12-11,A1,ADHATA,0.0,24.5,14.4
2024-12-12,A1,ADHATA,0.0,24.0,12.3
2024-12-13,A1,ADHATA,0.0,23.6,11.6
2024-12-14,A1,ADHATA,0.0,23.3,12.3
2024-12-15,A1,ADHATA,0.0,24.0,11.0
2024-12-16,A1,ADHATA,0.0,24.8,12.8
2024-12-17,A1,ADHATA,0.0,25.9,13.1
2024-12-18,A1,ADHATA,0.0,26.8,14.3
2024-12-19,A1,ADHATA,0.0,26.1,14.4
2024-12-20,A1,ADHATA,0.0,25.9,14.0
2024-12-21,A1,ADHATA,1.6,20.3,15.5
2024-12-22,A1,ADHATA,0.0,25.4,15.0
2024-12-23,A1,ADHATA,0.0,26.3,15.1
2024-12-24,A1,ADHATA,0.8,26.0,14.9
2024-12-25,A1,ADHATA,0.0,26.0,16.8
2024-12-26,A1,ADHATA,0.0,27.0,16.2
2024-12-27,A1,ADHATA,0.0,26.7,15.0
2024-12-28,A1,ADHATA,0.0,26.0,14.0
2024-12-29,A1,ADHATA,0.0,26.8,15.4
2024-12-30,A1,ADHATA,0.0,26.1,16.6
2024-12-31,A1,ADHATA,0.0,23.8,15.2
2025-01-01,A1,ADHATA,0.0,22.8,12.8
2025-01-02,A1,ADHATA,0.0,22.1,12.1
2025-01-03,A1,ADHATA,0.0,22.2,11.1
2025-01-04,A1,ADHATA,0.0,23.7,13.0
2025-01-05,A1,ADHATA,0.0,24.2,13.8
2025-01-06,A1,ADHATA,0.0,24.4,12.7
2025-01-07,A1,ADHATA,0.0,25.7,14.2
2025-01-08,A1,ADHATA,0.0,22.2,13.5
2025-01-09,A1,ADHATA,0.0,21.9,12.0
2025-01-10,A1,ADHATA,0.0,22.6,12.0
2025-01-11,A1,ADHATA,0.0,23.3,11.4
2025-01-12,A1,ADHATA,0.0,24.5,12.7
2025-01-13,A1,ADHATA,0.0,26.2,13.6
2025-01-14,A1,ADHATA,0.0,25.0,15.2
2025-01-15,A1,ADHATA,0.0,24.1,14.0
2025-01-16,A1,ADHATA,0.0,24.3,13.2
2025-01-17,A1,ADHATA,0.0,24.4,14.0
2025-01-18,A1,ADHATA,0.0,24.3,13.9
2025-01-19,A1,ADHATA,0.0,24.1,13.3
2025-01-20,A1,ADHATA,0.0,23.5,12.3
2025-01-21,A1,ADHATA,0.0,25.0,12.8
2025-01-22,A1,ADHATA,0.0,26.0,13.9
2025-01-23,A1,ADHATA,0.0,27.6,13.5
2025-01-24,A1,ADHATA,0.0,27.6,14.6
2025-01-25,A1,ADHATA,0.1,25.2,16.1
2025-01-26,A1,ADHATA,0.0,24.0,13.1
2025-01-27,A1,ADHATA,0.0,23.8,12.8
2025-01-28,A1,ADHATA,0.0,25.4,12.7
2025-01-29,A1,ADHATA,0.4,26.9,14.3
2025-01-30,A1,ADHATA,0.2,28.9,18.0
2025-01-31,A1,ADHATA,0.0,28.9,19.1
2025-02-01,A1,ADHATA,0.5,28.6,20.0
2025-02-02,A1,ADHATA,0.0,28.5,20.3
2025-02-03,A1,ADHATA,0.0,28.4,19.0
2025-02-04,A1,ADHATA,0.0,26.8,16.7
2025-02-05,A1,ADHATA,0.0,28.7,16.0
2025-02-06,A1,ADHATA,0.0,28.4,18.6
2025-02-07,A1,ADHATA,0.0,25.2,14.5
2025-02-08,A1,ADHATA,0.0,25.1,13.3
2025-02-09,A1,ADHATA,0.0,25.6,13.3
2025-02-10,A1,ADHATA,0.0,28.8,14.5
2025-02-11,A1,ADHATA,0.0,29.5,18.6
2025-02-12,A1,ADHATA,0.0,29.7,19.3
2025-02-13,A1,ADHATA,0.0,29.7,20.1
2025-02-14,A1,ADHATA,0.0,27.4,15.6
2025-02-15,A1,ADHATA,0.0,28.5,15.8
2025-02-16,A1,ADHATA,0.0,30.5,16.4
2025-02-17,A1,ADHATA,0.1,31.1,18.3
2025-02-18,A1,ADHATA,2.5,29.7,18.5
2025-02-19,A1,ADHATA,12.6,28.2,18.7
2025-02-20,A1,ADHATA,7.7,27.1,18.8
2025-02-21,A1,ADHATA,0.0,28.8,17.5
2025-02-22,A1,ADHATA,11.8,28.8,19.2
2025-02-23,A1,ADHATA,5.7,28.1,18.0
2025-02-24,A1,ADHATA,0.0,28.8,17.6
2025-02-25,A1,ADHATA,0.0,29.0,18.3
2025-02-26,A1,ADHATA,0.0,29.1,17.9
2025-02-27,A1,ADHATA,0.0,29.7,17.8
2025-02-28,A1,ADHATA,0.0,30.4,19.5
2025-03-01,A1,ADHATA,0.0,32.9,20.0
2025-03-02,A1,ADHATA,0.0,33.0,20.9
2025-03-03,A1,ADHATA,0.0,31.7,20.6
2025-03-04,A1,ADHATA,0.0,30.6,20.4
2025-03-05,A1,ADHATA,0.0,30.7,19.8
2025-03-06,A1,ADHATA,0.0,27.1,17.0
2025-03-07,A1,ADHATA,0.0,29.1,15.8
2025-03-08,A1,ADHATA,0.0,31.4,17.7
2025-03-09,A1,ADHATA,0.0,31.3,18.8
2025-03-10,A1,ADHATA,0.0,32.2,19.7
2025-03-11,A1,ADHATA,0.0,32.9,20.6
2025-03-12,A1,ADHATA,0.0,34.0,20.4
2025-03-13,A1,ADHATA,0.0,35.4,22.4
2025-03-14,A1,ADHATA,0.0,35.9,22.8
2025-03-15,A1,ADHATA,0.1,34.9,23.5
2025-03-16,A1,ADHATA,6.1,38.0,24.2
2025-03-17,A1,ADHATA,2.9,34.9,23.1
2025-03-18,A1,ADHATA,0.0,33.5,23.9
2025-03-19,A1,ADHATA,0.0,34.8,22.2
2025-03-20,A1,ADHATA,3.9,31.2,24.1
2025-03-21,A1,ADHATA,5.7,30.7,21.1
2025-03-22,A1,ADHATA,4.8,26.6,20.9
2025-03-23,A1,ADHATA,0.2,28.6,18.6
2025-03-24,A1,ADHATA,0.0,30.7,18.0
2025-03-25,A1,ADHATA,0.0,32.0,19.4
2025-03-26,A1,ADHATA,0.0,34.2,21.1
2025-03-27,A1,ADHATA,0.0,35.4,23.3
2025-03-28,A1,ADHATA,0.0,36.7,23.2
2025-03-29,A1,ADHATA,0.0,35.5,23.3
2025-03-30,A1,ADHATA,0.1,35.4,24.1
2025-03-31,A1,ADHATA,0.0,35.9,25.2
2025-04-01,A1,ADHATA,0.0,36.1,25.0
2025-04-02,A1,ADHATA,0.2,36.5,24.9
2025-04-03,A1,ADHATA,0.0,36.0,24.8
2025-04-04,A1,ADHATA,0.0,34.0,25.4
2025-04-05,A1,ADHATA,0.0,36.4,24.4
2025-04-06,A1,ADHATA,0.5,35.7,24.3
2025-04-07,A1,ADHATA,0.7,34.9,24.5
2025-04-08,A1,ADHATA,0.5,34.2,24.2
2025-04-09,A1,ADHATA,2.4,33.5,23.5
2025-04-10,A1,ADHATA,22.5,34.5,21.9
2025-04-11,A1,ADHATA,0.3,31.9,21.9
2025-04-12,A1,ADHATA,1.6,34.9,23.7
2025-04-13,A1,ADHATA,0.0,33.3,23.4
2025-04-14,A1,ADHATA,3.3,32.4,23.9
2025-04-15,A1,ADHATA,1.2,32.6,23.4
2025-04-16,A1,ADHATA,3.7,33.4,23.1
2025-04-17,A1,ADHATA,28.3,32.3,22.9
2025-04-18,A1,ADHATA,7.6,29.6,22.6
2025-04-19,A1,ADHATA,2.0,29.9,23.0
2025-04-20,A1,ADHATA,0.9,34.7,24.8
2025-04-21,A1,ADHATA,0.1,36.1,27.6
2025-04-22,A1,ADHATA,0.0,36.4,27.5
2025-04-23,A1,ADHATA,0.0,38.3,27.1
2025-04-24,A1,ADHATA,0.0,37.1,27.2
2025-04-25,A1,ADHATA,1.5,38.0,27.4
2025-04-26,A1,ADHATA,1.3,36.3,27.0
2025-04-27,A1,ADHATA,0.0,35.2,27.6
2025-04-28,A1,ADHATA,1.5,29.8,24.9
2025-04-29,A1,ADHATA,11.3,30.7,22.5
2025-04-30,A1,ADHATA,1.6,30.6,21.8
2025-05-01,A1,ADHATA,2.7,31.4,22.0
2025-05-02,A1,ADHATA,0.0,30.5,21.7
2025-05-03,A1,ADHATA,1.4,32.2,23.3
2025-05-04,A1,ADHATA,3.6,31.2,23.8
2025-05-05,A1,ADHATA,1.5,32.7,23.6
2025-05-06,A1,ADHATA,14.0,32.2,24.5
2025-05-07,A1,ADHATA,1.1,33.5,24.0
2025-05-08,A1,ADHATA,0.0,35.8,26.9
2025-05-09,A1,ADHATA,0.0,36.5,26.8
2025-05-10,A1,ADHATA,0.6,36.4,26.7
2025-05-11,A1,ADHATA,0.0,36.7,27.2
2025-05-12,A1,ADHATA,1.0,37.1,28.6
2025-05-13,A1,ADHATA,1.5,35.8,28.4
2025-05-14,A1,ADHATA,0.7,36.5,28.2
2025-05-15,A1,ADHATA,7.6,35.2,27.1
2025-05-16,A1,ADHATA,8.7,35.0,27.8
2025-05-17,A1,ADHATA,17.3,35.0,25.5
2025-05-18,A1,ADHATA,10.6,30.6,25.4
2025-05-19,A1,ADHATA,5.4,33.3,26.0
2025-05-20,A1,ADHATA,16.2,34.6,25.2
2025-05-21,A1,ADHATA,28.3,33.6,25.8
2025-05-22,A1,ADHATA,3.8,32.2,26.1
2025-05-23,A1,ADHATA,4.8,31.2,25.7
2025-05-24,A1,ADHATA,5.1,32.1,25.4
2025-05-25,A1,ADHATA,13.7,31.0,25.6
2025-05-26,A1,ADHATA,14.2,30.6,25.2
2025-05-27,A1,ADHATA,9.1,31.7,25.5
2025-05-28,A1,ADHATA,10.0,31.6,25.9
2025-05-29,A1,ADHATA,31.8,29.3,25.4
2025-05-30,A1,ADHATA,19.0,32.8,24.7
2025-05-31,A1,ADHATA,33.5,32.2,25.3
2025-06-01,A1,ADHATA,21.4,31.3,26.7
2025-06-02,A1,ADHATA,0.0,36.0,26.8
2025-06-03,A1,ADHATA,0.3,34.8,27.1
2025-06-04,A1,ADHATA,1.2,34.0,26.1
2025-06-05,A1,ADHATA,1.4,32.3,26.5
2025-06-06,A1,ADHATA,6.0,32.7,25.9
2025-06-07,A1,ADHATA,0.0,33.7,25.4
2025-06-08,A1,ADHATA,0.7,33.7,26.4
2025-06-09,A1,ADHATA,0.2,33.6,26.3
2025-06-10,A1,ADHATA,0.3,34.2,26.3
2025-06-11,A1,ADHATA,0.3,33.1,26.8
2025-06-12,A1,ADHATA,0.4,33.1,25.8
2025-06-13,A1,ADHATA,0.2,33.3,26.6
2025-06-14,A1,ADHATA,0.6,34.1,27.3
2025-06-15,A1,ADHATA,17.4,30.5,26.7
2025-06-16,A1,ADHATA,32.4,31.7,26.0
2025-06-17,A1,ADHATA,52.8,28.8,25.2
2025-06-18,A1,ADHATA,26.0,28.6,25.3
2025-06-19,A1,ADHATA,64.9,30.5,24.1
2025-06-20,A1,ADHATA,9.9,32.1,26.1
2025-06-21,A1,ADHATA,1.1,33.2,26.4
2025-06-22,A1,ADHATA,25.8,32.4,26.3
2025-06-23,A1,ADHATA,9.4,31.8,26.2
2025-06-24,A1,ADHATA,4.0,32.4,26.2
2025-06-25,A1,ADHATA,14.5,31.7,26.2
2025-06-26,A1,ADHATA,2.6,32.1,26.5
2025-06-27,A1,ADHATA,15.9,31.3,25.3
2025-06-28,A1,ADHATA,15.6,30.5,25.4
2025-06-29,A1,ADHATA,43.2,31.2,25.4
2025-06-30,A1,ADHATA,21.1,30.0,25.3
2025-07-01,A1,ADHATA,19.4,30.4,26.0
2025-07-02,A1,ADHATA,13.2,32.6,25.8
2025-07-03,A1,ADHATA,33.5,31.0,25.6
2025-07-04,A1,ADHATA,29.4,31.4,24.9
2025-07-05,A1,ADHATA,15.5,30.5,25.6
2025-07-06,A1,ADHATA,3.7,29.0,25.5
2025-07-07,A1,ADHATA,14.4,29.2,25.3
2025-07-08,A1,ADHATA,30.2,28.2,24.6
2025-07-09,A1,ADHATA,18.1,29.9,24.8
2025-07-10,A1,ADHATA,29.6,31.1,24.9
2025-07-11,A1,ADHATA,10.1,30.5,25.4
2025-07-12,A1,ADHATA,5.9,33.2,25.5
2025-07-13,A1,ADHATA,12.6,31.8,26.1
2025-07-14,A1,ADHATA,33.4,27.5,25.2
2025-07-15,A1,ADHATA,16.9,30.0,24.9
2025-07-16,A1,ADHATA,11.7,30.6,26.0
2025-07-17,A1,ADHATA,0.3,33.0,26.3
2025-07-18,A1,ADHATA,5.4,32.9,26.5
2025-07-19,A1,ADHATA,1.5,33.5,26.7
2025-07-20,A1,ADHATA,1.5,32.9,26.8
2025-07-21,A1,ADHATA,0.4,32.7,26.6
2025-07-22,A1,ADHATA,7.0,33.3,26.9
2025-07-23,A1,ADHATA,0.6,33.9,27.0
2025-07-24,A1,ADHATA,14.1,32.7,26.4
2025-07-25,A1,ADHATA,45.3,30.5,26.0
2025-07-26,A1,ADHATA,6.1,31.1,26.3
2025-07-27,A1,ADHATA,6.1,32.5,26.1
2025-07-28,A1,ADHATA,7.1,30.6,26.7
2025-07-29,A1,ADHATA,48.6,29.6,25.8
2025-07-30,A1,ADHATA,21.0,29.2,25.2
2025-07-31,A1,ADHATA,33.1,29.2,24.8
2025-08-01,A1,ADHATA,15.6,32.1,25.7
2025-08-02,A1,ADHATA,3.5,32.0,25.9
2025-08-03,A1,ADHATA,18.3,32.8,26.7
2025-08-04,A1,ADHATA,25.5,31.5,25.8
2025-08-05,A1,ADHATA,14.7,32.2,26.2
2025-08-06,A1,ADHATA,12.5,30.5,25.4
2025-08-07,A1,ADHATA,6.2,31.2,25.4
2025-08-08,A1,ADHATA,1.7,31.1,24.6
2025-08-09,A1,ADHATA,19.0,31.4,25.1
2025-08-10,A1,ADHATA,0.8,32.9,26.7
2025-08-11,A1,ADHATA,6.1,32.3,26.5
2025-08-12,A1,ADHATA,10.6,33.5,26.6
2025-08-13,A1,ADHATA,22.6,30.9,26.5
2025-08-14,A1,ADHATA,6.8,30.0,25.5
2025-08-15,A1,ADHATA,11.8,31.6,25.4
2025-08-16,A1,ADHATA,4.0,32.3,25.7
2025-08-17,A1,ADHATA,6.4,32.2,26.1
2025-08-18,A1,ADHATA,6.6,31.8,26.3
2025-08-19,A1,ADHATA,10.1,30.3,25.7
2025-08-20,A1,ADHATA,3.1,29.9,25.4
2025-08-21,A1,ADHATA,61.0,28.3,24.8
2025-08-22,A1,ADHATA,26.0,30.2,24.3
2025-08-23,A1,ADHATA,10.4,28.7,24.8
2025-08-24,A1,ADHATA,9.8,30.2,24.6
2025-08-25,A1,ADHATA,3.1,31.7,24.9
2025-08-26,A1,ADHATA,1.7,31.9,25.1
2025-08-27,A1,ADHATA,6.7,31.8,25.7
2025-08-28,A1,ADHATA,10.0,30.6,25.7
2025-08-29,A1,ADHATA,23.5,30.1,25.6
2025-08-30,A1,ADHATA,16.3,30.4,25.6
2025-08-31,A1,ADHATA,2.7,32.0,25.1
2025-09-01,A1,ADHATA,22.5,33.5,26.1
2025-09-02,A1,ADHATA,12.4,31.0,25.6
2025-09-03,A1,ADHATA,14.9,29.4,25.0
2025-09-04,A1,ADHATA,12.5,30.1,25.6
2025-09-05,A1,ADHATA,10.1,31.9,25.4
2025-09-06,A1,ADHATA,2.0,32.5,25.2
2025-09-07,A1,ADHATA,0.3,33.1,25.6
2025-09-08,A1,ADHATA,0.2,32.9,25.7
2025-09-09,A1,ADHATA,0.2,33.1,25.7
2025-09-10,A1,ADHATA,0.2,33.6,26.4
2025-09-11,A1,ADHATA,3.3,32.9,26.3
2025-09-12,A1,ADHATA,14.7,31.7,25.3
2025-09-13,A1,ADHATA,8.4,30.7,25.7
2025-09-14,A1,ADHATA,46.5,30.5,26.2
2025-09-15,A1,ADHATA,30.5,29.6,24.2
2025-09-16,A1,ADHATA,11.4,29.5,24.4
2025-09-17,A1,ADHATA,7.5,30.5,24.9
2025-09-18,A1,ADHATA,3.3,31.9,26.1
2025-09-19,A1,ADHATA,14.5,30.7,25.6
2025-09-20,A1,ADHATA,12.8,32.4,25.9
2025-09-21,A1,ADHATA,1.1,32.6,25.4
2025-09-22,A1,ADHATA,15.4,30.3,25.1
2025-09-23,A1,ADHATA,12.8,31.0,24.6
2025-09-24,A1,ADHATA,7.1,31.4,24.9
2025-09-25,A1,ADHATA,22.6,32.7,25.6
2025-09-26,A1,ADHATA,7.0,31.9,25.5
2025-09-27,A1,ADHATA,9.4,30.1,25.6
2025-09-28,A1,ADHATA,6.2,31.8,25.5
2025-09-29,A1,ADHATA,1.3,32.3,25.9
2025-09-30,A1,ADHATA,2.3,32.2,26.3
2025-10-01,A1,ADHATA,18.5,31.5,24.7
2025-10-02,A1,ADHATA,28.7,28.0,24.5
2025-10-03,A1,ADHATA,11.9,29.4,25.2
2025-10-04,A1,ADHATA,9.9,32.0,25.1
2025-10-05,A1,ADHATA,30.1,30.4,24.1
2025-10-06,A1,ADHATA,3.7,29.1,24.6
2025-10-07,A1,ADHATA,5.8,31.2,24.3
2025-10-08,A1,ADHATA,4.4,30.7,24.5
2025-10-09,A1,ADHATA,7.7,31.2,24.6
2025-10-10,A1,ADHATA,10.4,31.3,24.4
2025-10-11,A1,ADHATA,2.9,30.5,24.1
2025-10-12,A1,ADHATA,0.0,31.2,24.3
2025-10-13,A1,ADHATA,0.0,30.6,23.7
2025-10-14,A1,ADHATA,0.0,31.2,23.3
2025-10-15,A1,ADHATA,0.0,31.1,22.9
2025-10-16,A1,ADHATA,0.0,31.0,22.0
2025-10-17,A1,ADHATA,0.0,31.6,22.5
2025-10-18,A1,ADHATA,0.0,31.9,23.9
2025-10-19,A1,ADHATA,0.0,32.9,24.3
2025-10-20,A1,ADHATA,0.0,33.1,23.5
2025-10-21,A1,ADHATA,0.0,33.1,23.5
2025-10-22,A1,ADHATA,0.0,32.4,22.9
2025-10-23,A1,ADHATA,0.0,32.4,23.1
2025-10-24,A1,ADHATA,0.0,32.5,22.7
2025-10-25,A1,ADHATA,0.0,32.3,23.3
2025-10-26,A1,ADHATA,0.0,32.4,24.2
2025-10-27,A1,ADHATA,0.1,32.3,23.9
2025-10-28,A1,ADHATA,0.3,32.6,24.4
2025-10-29,A1,ADHATA,16.2,28.5,24.5
2025-10-30,A1,ADHATA,15.4,30.5,23.8
2025-10-31,A1,ADHATA,0.6,31.6,24.3
2025-11-01,A1,ADHATA,15.8,30.4,25.1
2025-11-02,A1,ADHATA,0.0,28.4,23.2
2025-11-03,A1,ADHATA,0.0,29.7,22.2
2025-11-04,A1,ADHATA,0.0,29.6,19.8
2025-11-05,A1,ADHATA,0.0,29.9,21.3
2025-11-06,A1,ADHATA,0.3,30.2,21.4
2025-11-07,A1,ADHATA,0.0,30.0,22.7
2025-11-08,A1,ADHATA,0.0,29.3,20.0
2025-11-09,A1,ADHATA,0.0,28.2,18.0
2025-11-10,A1,ADHATA,0.0,28.5,18.2
2025-11-11,A1,ADHATA,0.0,27.7,17.2
2025-11-12,A1,ADHATA,0.0,26.8,16.4
2025-11-13,A1,ADHATA,0.0,26.9,16.4
2025-11-14,A1,ADHATA,0.0,26.8,16.3
2025-11-15,A1,ADHATA,0.0,27.2,16.4
2025-11-16,A1,ADHATA,0.0,27.2,16.5
2025-11-17,A1,ADHATA,0.0,27.1,17.5
2025-11-18,A1,ADHATA,0.0,27.9,17.2
2025-11-19,A1,ADHATA,0.0,28.6,16.7
2025-11-20,A1,ADHATA,0.0,28.1,17.4
2025-11-21,A1,ADHATA,0.0,28.3,17.8
2025-11-22,A1,ADHATA,0.0,27.9,17.2
2025-11-23,A1,ADHATA,0.0,27.7,16.7
2025-11-24,A1,ADHATA,0.0,26.7,16.4
2025-11-25,A1,ADHATA,0.0,26.1,15.4
2025-11-26,A1,ADHATA,0.0,25.8,14.7
2025-11-27,A1,ADHATA,0.0,26.7,15.4
2025-11-28,A1,ADHATA,0.0,27.0,16.8
2025-11-29,A1,ADHATA,0.0,26.9,16.8
2025-11-30,A1,ADHATA,0.0,26.9,16.8
2025-12-01,A1,ADHATA,0.0,26.5,16.3
2025-12-02,A1,ADHATA,0.0,26.7,17.2
2025-12-03,A1,ADHATA,0.0,25.9,15.7
2025-12-04,A1,ADHATA,0.0,25.2,14.2
2025-12-05,A1,ADHATA,0.0,25.4,14.7
2025-12-06,A1,ADHATA,0.0,24.4,12.6
2025-12-07,A1,ADHATA,0.0,24.7,13.6
2025-12-08,A1,ADHATA,0.0,24.8,13.8
2025-12-09,A1,ADHATA,0.0,25.0,14.3
2025-12-10,A1,ADHATA,0.0,25.0,14.1
2025-12-11,A1,ADHATA,0.0,24.9,13.7
2025-12-12,A1,ADHATA,0.0,24.9,14.0
2025-12-13,A1,ADHATA,0.0,25.2,14.3
2025-12-14,A1,ADHATA,0.0,26.3,14.5
2025-12-15,A1,ADHATA,0.0,25.9,14.9
2025-12-16,A1,ADHATA,0.0,24.9,14.4
2025-12-17,A1,ADHATA,0.0,25.0,14.1
2025-12-18,A1,ADHATA,0.0,26.2,14.8
2025-12-19,A1,ADHATA,0.0,25.8,15.5
2025-12-20,A1,ADHATA,0.0,23.8,15.5
2025-12-21,A1,ADHATA,0.0,23.4,14.4
2025-12-22,A1,ADHATA,0.0,24.3,14.5
2025-12-23,A1,ADHATA,0.0,23.9,14.0
2025-12-24,A1,ADHATA,0.0,23.5,13.4
2025-12-25,A1,ADHATA,0.0,21.2,11.7
2025-12-26,A1,ADHATA,0.0,21.6,11.0
2025-12-27,A1,ADHATA,0.0,22.8,12.1
2025-12-28,A1,ADHATA,0.0,21.8,12.7
2025-12-29,A1,ADHATA,0.0,20.0,11.8
2025-12-30,A1,ADHATA,0.0,19.2,10.6
2025-12-31,A1,ADHATA,0.0,20.5,9.2
2024-01-01,A2,AMDANGA,0.0,24.8,14.5
2024-01-02,A2,AMDANGA,0.0,23.2,13.1
2024-01-03,A2,AMDANGA,0.0,24.3,12.3
2024-01-04,A2,AMDANGA,0.0,25.1,11.9
2024-01-05,A2,AMDANGA,0.0,25.6,12.6
2024-01-06,A2,AMDANGA,0.0,26.3,13.0
2024-01-07,A2,AMDANGA,0.0,25.9,15.0
2024-01-08,A2,AMDANGA,0.0,25.6,15.2
2024-01-09,A2,AMDANGA,0.0,25.0,13.6
2024-01-10,A2,AMDANGA,0.0,25.6,12.5
2024-01-11,A2,AMDANGA,0.0,24.8,13.4
2024-01-12,A2,AMDANGA,0.0,22.6,11.3
2024-01-13,A2,AMDANGA,0.0,22.5,9.9
2024-01-14,A2,AMDANGA,0.0,22.1,10.2
2024-01-15,A2,AMDANGA,0.0,21.7,10.1
2024-01-16,A2,AMDANGA,0.0,22.0,10.4
2024-01-17,A2,AMDANGA,0.1,23.3,10.1
2024-01-18,A2,AMDANGA,4.2,21.8,14.8
2024-01-19,A2,AMDANGA,0.0,22.9,14.7
2024-01-20,A2,AMDANGA,0.0,22.3,12.4
2024-01-21,A2,AMDANGA,0.0,22.3,13.0
2024-01-22,A2,AMDANGA,0.0,20.9,10.6
2024-01-23,A2,AMDANGA,0.0,22.3,9.0
2024-01-24,A2,AMDANGA,3.2,21.5,15.0
2024-01-25,A2,AMDANGA,0.0,22.8,12.8
2024-01-26,A2,AMDANGA,0.0,22.7,11.9
2024-01-27,A2,AMDANGA,0.0,22.7,10.8
2024-01-28,A2,AMDANGA,0.0,23.3,10.1
2024-01-29,A2,AMDANGA,0.0,24.7,10.8
2024-01-30,A2,AMDANGA,0.7,26.2,12.9
2024-01-31,A2,AMDANGA,27.1,25.1,17.4
2024-02-01,A2,AMDANGA,6.3,24.5,16.2
2024-02-02,A2,AMDANGA,0.1,26.5,16.4
2024-02-03,A2,AMDANGA,0.0,25.8,15.2
2024-02-04,A2,AMDANGA,0.0,26.0,12.4
2024-02-05,A2,AMDANGA,0.0,26.8,14.5
2024-02-06,A2,AMDANGA,0.7,27.0,17.8
2024-02-07,A2,AMDANGA,0.0,25.2,17.9
2024-02-08,A2,AMDANGA,0.0,24.2,14.4
2024-02-09,A2,AMDANGA,0.0,22.9,12.2
2024-02-10,A2,AMDANGA,0.0,24.6,11.4
2024-02-11,A2,AMDANGA,0.0,26.4,11.9
2024-02-12,A2,AMDANGA,0.0,27.3,13.8
2024-02-13,A2,AMDANGA,0.0,28.9,16.7
2024-02-14,A2,AMDANGA,0.0,28.3,15.8
2024-02-15,A2,AMDANGA,0.6,27.8,17.0
2024-02-16,A2,AMDANGA,0.0,28.5,17.3
2024-02-17,A2,AMDANGA,0.0,27.7,15.0
2024-02-18,A2,AMDANGA,0.2,28.6,14.9
2024-02-19,A2,AMDANGA,0.4,29.6,17.8
2024-02-20,A2,AMDANGA,0.3,31.4,20.8
2024-02-21,A2,AMDANGA,0.0,32.7,20.2
2024-02-22,A2,AMDANGA,0.1,28.8,20.5
2024-02-23,A2,AMDANGA,0.0,28.4,19.3
2024-02-24,A2,AMDANGA,0.0,28.2,16.7
2024-02-25,A2,AMDANGA,0.5,25.0,17.9
2024-02-26,A2,AMDANGA,0.0,28.0,16.9
2024-02-27,A2,AMDANGA,0.0,28.5,17.2
2024-02-28,A2,AMDANGA,0.0,29.1,17.8
2024-02-29,A2,AMDANGA,0.0,29.6,17.8
2024-03-01,A2,AMDANGA,0.0,30.2,16.4
2024-03-02,A2,AMDANGA,0.0,30.6,15.9
2024-03-03,A2,AMDANGA,0.2,31.2,18.7
2024-03-04,A2,AMDANGA,1.1,31.2,19.2
2024-03-05,A2,AMDANGA,0.0,30.4,19.8
2024-03-06,A2,AMDANGA,0.0,28.9,17.8
2024-03-07,A2,AMDANGA,0.0,28.3,18.4
2024-03-08,A2,AMDANGA,0.0,29.9,18.4
2024-03-09,A2,AMDANGA,0.0,29.3,15.1
2024-03-10,A2,AMDANGA,0.0,29.2,14.7
2024-03-11,A2,AMDANGA,0.0,30.6,14.5
2024-03-12,A2,AMDANGA,0.0,32.7,19.6
2024-03-13,A2,AMDANGA,0.6,33.6,23.2
2024-03-14,A2,AMDANGA,12.3,31.8,21.5
2024-03-15,A2,AMDANGA,0.9,33.4,21.9
2024-03-16,A2,AMDANGA,1.4,31.7,22.5
2024-03-17,A2,AMDANGA,0.0,31.6,21.4
2024-03-18,A2,AMDANGA,2.0,29.6,21.7
2024-03-19,A2,AMDANGA,11.9,30.2,22.6
2024-03-20,A2,AMDANGA,12.9,23.5,18.4
2024-03-21,A2,AMDANGA,7.4,26.5,18.3
2024-03-22,A2,AMDANGA,0.3,27.5,16.7
2024-03-23,A2,AMDANGA,5.0,31.9,19.1
2024-03-24,A2,AMDANGA,0.0,33.7,23.7
2024-03-25,A2,AMDANGA,15.3,33.0,22.7
2024-03-26,A2,AMDANGA,0.0,32.4,23.8
2024-03-27,A2,AMDANGA,0.1,34.4,22.7
2024-03-28,A2,AMDANGA,0.3,32.8,22.3
2024-03-29,A2,AMDANGA,0.2,34.2,24.7
2024-03-30,A2,AMDANGA,0.3,35.7,24.8
2024-03-31,A2,AMDANGA,4.8,34.7,25.1
2024-04-01,A2,AMDANGA,0.0,36.4,25.1
2024-04-02,A2,AMDANGA,0.0,35.7,23.9
2024-04-03,A2,AMDANGA,0.0,36.0,25.1
2024-04-04,A2,AMDANGA,23.9,37.2,25.9
2024-04-05,A2,AMDANGA,0.0,37.4,26.3
2024-04-06,A2,AMDANGA,0.2,37.8,25.9
2024-04-07,A2,AMDANGA,1.0,36.2,25.8
2024-04-08,A2,AMDANGA,0.0,31.3,22.6
2024-04-09,A2,AMDANGA,0.0,34.7,22.1
2024-04-10,A2,AMDANGA,0.0,35.8,22.7
2024-04-11,A2,AMDANGA,6.0,33.2,23.9
2024-04-12,A2,AMDANGA,0.0,35.0,23.5
2024-04-13,A2,AMDANGA,0.0,36.1,23.7
2024-04-14,A2,AMDANGA,0.0,36.9,23.2
2024-04-15,A2,AMDANGA,0.0,38.2,23.9
2024-04-16,A2,AMDANGA,0.0,38.2,26.3
2024-04-17,A2,AMDANGA,0.0,37.9,27.2
2024-04-18,A2,AMDANGA,0.0,38.3,25.6
2024-04-19,A2,AMDANGA,0.0,40.3,24.9
2024-04-20,A2,AMDANGA,0.0,41.6,26.0
2024-04-21,A2,AMDANGA,0.0,40.8,27.1
2024-04-22,A2,AMDANGA,0.0,39.9,25.9
2024-04-23,A2,AMDANGA,0.0,38.4,26.5
2024-04-24,A2,AMDANGA,0.0,40.2,27.1
2024-04-25,A2,AMDANGA,0.0,40.3,24.8
2024-04-26,A2,AMDANGA,0.0,40.8,27.1
2024-04-27,A2,AMDANGA,0.0,41.4,27.8
2024-04-28,A2,AMDANGA,0.9,40.1,28.3
2024-04-29,A2,AMDANGA,0.0,41.7,28.5
2024-04-30,A2,AMDANGA,0.0,43.7,29.2
2024-05-01,A2,AMDANGA,0.0,41.5,28.7
2024-05-02,A2,AMDANGA,0.0,41.1,29.4
2024-05-03,A2,AMDANGA,0.0,40.2,26.1
2024-05-04,A2,AMDANGA,0.1,39.9,27.4
2024-05-05,A2,AMDANGA,0.5,37.9,28.5
2024-05-06,A2,AMDANGA,86.6,37.3,24.8
2024-05-07,A2,AMDANGA,2.1,33.4,24.3
2024-05-08,A2,AMDANGA,3.6,30.4,23.8
2024-05-09,A2,AMDANGA,9.0,31.3,24.0
2024-05-10,A2,AMDANGA,10.1,31.3,23.6
2024-05-11,A2,AMDANGA,16.1,31.5,25.0
2024-05-12,A2,AMDANGA,3.3,32.7,25.0
2024-05-13,A2,AMDANGA,0.0,33.6,24.0
2024-05-14,A2,AMDANGA,2.5,34.0,25.1
2024-05-15,A2,AMDANGA,0.0,35.2,26.0
2024-05-16,A2,AMDANGA,0.0,35.6,26.1
2024-05-17,A2,AMDANGA,0.0,37.4,27.3
2024-05-18,A2,AMDANGA,0.0,36.5,28.7
2024-05-19,A2,AMDANGA,0.1,33.8,28.8
2024-05-20,A2,AMDANGA,12.9,33.2,26.9
2024-05-21,A2,AMDANGA,7.0,33.3,26.4
2024-05-22,A2,AMDANGA,2.1,33.8,26.7
2024-05-23,A2,AMDANGA,0.0,35.0,26.0
2024-05-24,A2,AMDANGA,0.0,35.6,26.3
2024-05-25,A2,AMDANGA,0.1,36.5,27.4
2024-05-26,A2,AMDANGA,30.6,30.7,26.8
2024-05-27,A2,AMDANGA,70.7,27.6,26.1
2024-05-28,A2,AMDANGA,0.1,35.5,26.4
2024-05-29,A2,AMDANGA,0.0,35.9,29.3
2024-05-30,A2,AMDANGA,0.2,35.3,29.4
2024-05-31,A2,AMDANGA,0.0,34.9,28.5
2024-06-01,A2,AMDANGA,0.8,34.6,28.1
2024-06-02,A2,AMDANGA,2.7,34.2,29.0
2024-06-03,A2,AMDANGA,0.5,34.5,28.3
2024-06-04,A2,AMDANGA,0.0,35.7,28.6
2024-06-05,A2,AMDANGA,0.4,35.8,28.0
2024-06-06,A2,AMDANGA,2.4,36.5,26.7
2024-06-07,A2,AMDANGA,0.0,36.3,25.9
2024-06-08,A2,AMDANGA,0.0,35.6,28.0
2024-06-09,A2,AMDANGA,0.0,36.5,28.2
2024-06-10,A2,AMDANGA,0.0,36.4,28.5
2024-06-11,A2,AMDANGA,0.0,36.7,28.9
2024-06-12,A2,AMDANGA,0.0,35.3,28.3
2024-06-13,A2,AMDANGA,0.0,36.0,28.6
2024-06-14,A2,AMDANGA,0.0,37.2,29.1
2024-06-15,A2,AMDANGA,0.0,37.3,29.4
2024-06-16,A2,AMDANGA,0.0,36.9,29.4
2024-06-17,A2,AMDANGA,0.1,36.8,29.2
2024-06-18,A2,AMDANGA,10.9,32.5,28.4
2024-06-19,A2,AMDANGA,8.1,34.6,28.5
2024-06-20,A2,AMDANGA,31.5,33.8,27.9
2024-06-21,A2,AMDANGA,3.9,32.0,27.2
2024-06-22,A2,AMDANGA,1.9,33.3,26.4
2024-06-23,A2,AMDANGA,3.3,33.6,26.7
2024-06-24,A2,AMDANGA,0.8,34.0,27.2
2024-06-25,A2,AMDANGA,0.6,34.0,28.0
2024-06-26,A2,AMDANGA,0.7,34.3,27.3
2024-06-27,A2,AMDANGA,10.2,32.1,27.4
2024-06-28,A2,AMDANGA,7.8,33.0,27.2
2024-06-29,A2,AMDANGA,7.0,31.6,26.8
2024-06-30,A2,AMDANGA,34.0,32.0,26.4
2024-07-01,A2,AMDANGA,18.6,31.4,25.9
2024-07-02,A2,AMDANGA,25.4,30.5,25.9
2024-07-03,A2,AMDANGA,11.2,30.7,25.8
2024-07-04,A2,AMDANGA,21.9,30.7,25.4
2024-07-05,A2,AMDANGA,27.6,32.4,25.7
2024-07-06,A2,AMDANGA,2.7,32.1,26.1
2024-07-07,A2,AMDANGA,11.7,32.0,26.4
2024-07-08,A2,AMDANGA,1.3,32.3,26.2
2024-07-09,A2,AMDANGA,3.5,31.5,27.0
2024-07-10,A2,AMDANGA,1.8,32.8,27.5
2024-07-11,A2,AMDANGA,27.9,32.8,27.6
2024-07-12,A2,AMDANGA,8.8,32.0,26.0
2024-07-13,A2,AMDANGA,5.5,32.8,25.4
2024-07-14,A2,AMDANGA,3.8,32.6,26.3
2024-07-15,A2,AMDANGA,1.9,32.6,27.0
2024-07-16,A2,AMDANGA,4.2,32.3,26.6
2024-07-17,A2,AMDANGA,6.8,33.1,26.6
2024-07-18,A2,AMDANGA,1.5,33.4,26.7
2024-07-19,A2,AMDANGA,5.6,32.4,27.3
2024-07-20,A2,AMDANGA,2.7,32.4,27.1
2024-07-21,A2,AMDANGA,9.7,32.2,27.0
2024-07-22,A2,AMDANGA,12.6,31.3,26.7
2024-07-23,A2,AMDANGA,15.6,32.3,25.9
2024-07-24,A2,AMDANGA,13.3,32.6,26.6
2024-07-25,A2,AMDANGA,8.7,32.4,26.3
2024-07-26,A2,AMDANGA,21.8,31.4,26.2
2024-07-27,A2,AMDANGA,5.9,32.3,27.0
2024-07-28,A2,AMDANGA,21.8,31.1,26.3
2024-07-29,A2,AMDANGA,8.3,32.0,26.4
2024-07-30,A2,AMDANGA,5.2,33.0,26.2
2024-07-31,A2,AMDANGA,28.3,32.0,25.9
2024-08-01,A2,AMDANGA,67.5,28.9,25.3
2024-08-02,A2,AMDANGA,31.4,30.1,25.6
2024-08-03,A2,AMDANGA,28.2,31.0,24.9
2024-08-04,A2,AMDANGA,38.3,30.9,24.7
2024-08-05,A2,AMDANGA,18.6,32.4,24.8
2024-08-06,A2,AMDANGA,9.9,31.3,26.2
2024-08-07,A2,AMDANGA,3.0,30.5,25.8
2024-08-08,A2,AMDANGA,11.9,31.0,25.9
2024-08-09,A2,AMDANGA,11.5,30.9,25.3
2024-08-10,A2,AMDANGA,32.7,32.2,24.9
2024-08-11,A2,AMDANGA,10.0,32.3,25.1
2024-08-12,A2,AMDANGA,11.5,32.4,25.4
2024-08-13,A2,AMDANGA,13.0,32.3,25.4
2024-08-14,A2,AMDANGA,16.6,32.4,25.0
2024-08-15,A2,AMDANGA,9.2,32.9,25.7
2024-08-16,A2,AMDANGA,1.1,31.3,25.2
2024-08-17,A2,AMDANGA,16.8,32.8,25.3
2024-08-18,A2,AMDANGA,16.5,29.4,25.2
2024-08-19,A2,AMDANGA,17.0,30.6,25.7
2024-08-20,A2,AMDANGA,19.2,30.9,24.8
2024-08-21,A2,AMDANGA,29.5,31.8,24.9
2024-08-22,A2,AMDANGA,24.7,31.5,25.6
2024-08-23,A2,AMDANGA,33.6,30.5,24.6
2024-08-24,A2,AMDANGA,5.0,29.2,25.0
2024-08-25,A2,AMDANGA,42.7,29.4,24.2
2024-08-26,A2,AMDANGA,29.0,29.6,24.6
2024-08-27,A2,AMDANGA,23.8,30.5,24.6
2024-08-28,A2,AMDANGA,6.8,32.0,24.7
2024-08-29,A2,AMDANGA,5.5,32.3,25.5
2024-08-30,A2,AMDANGA,0.3,32.9,24.9
2024-08-31,A2,AMDANGA,3.6,32.3,26.2
2024-09-01,A2,AMDANGA,10.6,30.5,26.2
2024-09-02,A2,AMDANGA,3.0,32.2,25.5
2024-09-03,A2,AMDANGA,6.7,31.9,25.3
2024-09-04,A2,AMDANGA,9.4,31.4,25.6
2024-09-05,A2,AMDANGA,3.1,32.4,25.4
2024-09-06,A2,AMDANGA,2.3,33.2,25.9
2024-09-07,A2,AMDANGA,14.8,33.6,25.5
2024-09-08,A2,AMDANGA,7.7,32.1,26.2
2024-09-09,A2,AMDANGA,3.6,32.3,26.5
2024-09-10,A2,AMDANGA,5.7,31.6,25.9
2024-09-11,A2,AMDANGA,10.0,32.3,26.1
2024-09-12,A2,AMDANGA,15.9,32.0,26.2
2024-09-13,A2,AMDANGA,28.3,32.2,25.7
2024-09-14,A2,AMDANGA,48.7,27.6,25.1
2024-09-15,A2,AMDANGA,18.8,28.6,24.9
2024-09-16,A2,AMDANGA,16.9,27.9,25.2
2024-09-17,A2,AMDANGA,0.2,32.3,25.6
2024-09-18,A2,AMDANGA,0.0,32.8,24.4
2024-09-19,A2,AMDANGA,3.2,32.8,25.8
2024-09-20,A2,AMDANGA,0.6,33.9,26.4
2024-09-21,A2,AMDANGA,3.7,33.4,26.1
2024-09-22,A2,AMDANGA,0.0,34.1,26.8
2024-09-23,A2,AMDANGA,8.0,34.1,26.1
2024-09-24,A2,AMDANGA,10.5,30.7,26.3
2024-09-25,A2,AMDANGA,26.3,28.8,24.1
2024-09-26,A2,AMDANGA,26.5,28.4,24.4
2024-09-27,A2,AMDANGA,12.2,30.8,24.6
2024-09-28,A2,AMDANGA,4.1,31.6,25.0
2024-09-29,A2,AMDANGA,5.5,32.2,26.2
2024-09-30,A2,AMDANGA,0.4,33.2,26.0
2024-10-01,A2,AMDANGA,9.5,34.0,26.4
2024-10-02,A2,AMDANGA,8.4,32.1,24.6
2024-10-03,A2,AMDANGA,19.3,30.8,26.0
2024-10-04,A2,AMDANGA,31.9,30.4,24.8
2024-10-05,A2,AMDANGA,22.9,30.4,24.7
2024-10-06,A2,AMDANGA,7.9,30.4,24.5
2024-10-07,A2,AMDANGA,9.6,30.9,24.0
2024-10-08,A2,AMDANGA,8.3,30.7,25.3
2024-10-09,A2,AMDANGA,10.3,30.3,24.8
2024-10-10,A2,AMDANGA,12.4,30.7,24.7
2024-10-11,A2,AMDANGA,5.3,32.0,25.2
2024-10-12,A2,AMDANGA,6.9,31.9,24.6
2024-10-13,A2,AMDANGA,1.2,32.0,24.6
2024-10-14,A2,AMDANGA,0.0,32.1,23.9
2024-10-15,A2,AMDANGA,9.0,31.6,24.3
2024-10-16,A2,AMDANGA,0.1,31.3,23.9
2024-10-17,A2,AMDANGA,8.2,31.1,23.8
2024-10-18,A2,AMDANGA,5.4,29.5,23.4
2024-10-19,A2,AMDANGA,9.0,30.2,23.4
2024-10-20,A2,AMDANGA,0.0,30.6,23.5
2024-10-21,A2,AMDANGA,0.0,30.6,23.7
2024-10-22,A2,AMDANGA,0.0,31.0,22.6
2024-10-23,A2,AMDANGA,12.6,29.9,24.0
2024-10-24,A2,AMDANGA,14.5,27.1,24.1
2024-10-25,A2,AMDANGA,28.6,25.9,23.7
2024-10-26,A2,AMDANGA,2.8,31.5,24.5
2024-10-27,A2,AMDANGA,0.3,31.1,23.5
2024-10-28,A2,AMDANGA,0.3,31.4,23.1
2024-10-29,A2,AMDANGA,0.0,31.3,23.4
2024-10-30,A2,AMDANGA,0.6,31.1,23.6
2024-10-31,A2,AMDANGA,0.8,31.2,23.8
2024-11-01,A2,AMDANGA,0.0,32.3,23.0
2024-11-02,A2,AMDANGA,0.0,31.4,20.9
2024-11-03,A2,AMDANGA,0.0,30.7,20.6
2024-11-04,A2,AMDANGA,0.0,30.5,20.8
2024-11-05,A2,AMDANGA,0.4,29.8,21.9
2024-11-06,A2,AMDANGA,0.5,29.4,21.8
2024-11-07,A2,AMDANGA,0.3,30.0,20.6
2024-11-08,A2,AMDANGA,0.0,30.2,21.4
2024-11-09,A2,AMDANGA,0.0,29.7,20.9
2024-11-10,A2,AMDANGA,0.0,30.1,20.4
2024-11-11,A2,AMDANGA,0.0,30.2,20.2
2024-11-12,A2,AMDANGA,0.0,30.2,19.8
2024-11-13,A2,AMDANGA,0.0,31.2,20.3
2024-11-14,A2,AMDANGA,0.0,31.1,20.2
2024-11-15,A2,AMDANGA,0.0,30.9,19.0
2024-11-16,A2,AMDANGA,0.0,29.7,17.8
2024-11-17,A2,AMDANGA,0.0,29.1,17.8
2024-11-18,A2,AMDANGA,0.0,28.8,17.1
2024-11-19,A2,AMDANGA,0.0,28.3,17.6
2024-11-20,A2,AMDANGA,0.0,29.4,17.4
2024-11-21,A2,AMDANGA,0.0,29.2,18.4
2024-11-22,A2,AMDANGA,0.0,29.2,17.9
2024-11-23,A2,AMDANGA,0.0,29.0,17.7
2024-11-24,A2,AMDANGA,0.0,28.4,16.5
2024-11-25,A2,AMDANGA,0.0,27.8,16.2
2024-11-26,A2,AMDANGA,0.0,27.8,16.1
2024-11-27,A2,AMDANGA,0.0,28.3,16.4
2024-11-28,A2,AMDANGA,0.0,28.1,16.9
2024-11-29,A2,AMDANGA,0.3,27.1,19.6
2024-11-30,A2,AMDANGA,19.3,23.2,18.5
2024-12-01,A2,AMDANGA,0.0,28.1,18.3
2024-12-02,A2,AMDANGA,0.3,22.8,19.1
2024-12-03,A2,AMDANGA,0.0,28.3,18.2
2024-12-04,A2,AMDANGA,0.0,27.9,16.2
2024-12-05,A2,AMDANGA,0.0,28.8,15.6
2024-12-06,A2,AMDANGA,0.0,27.0,15.4
2024-12-07,A2,AMDANGA,0.0,25.9,14.0
2024-12-08,A2,AMDANGA,0.0,25.6,13.1
2024-12-09,A2,AMDANGA,0.0,26.0,14.4
2024-12-10,A2,AMDANGA,0.2,26.0,16.2
2024-12-11,A2,AMDANGA,0.0,24.3,14.2
2024-12-12,A2,AMDANGA,0.0,23.8,12.1
2024-12-13,A2,AMDANGA,0.0,23.4,11.4
2024-12-14,A2,AMDANGA,0.0,23.2,11.8
2024-12-15,A2,AMDANGA,0.0,23.8,10.8
2024-12-16,A2,AMDANGA,0.0,24.6,12.3
2024-12-17,A2,AMDANGA,0.0,25.5,13.0
2024-12-18,A2,AMDANGA,0.0,26.6,14.1
2024-12-19,A2,AMDANGA,0.0,25.9,14.3
2024-12-20,A2,AMDANGA,0.4,25.5,13.8
2024-12-21,A2,AMDANGA,2.2,20.4,15.4
2024-12-22,A2,AMDANGA,0.0,25.1,14.8
2024-12-23,A2,AMDANGA,0.0,26.2,15.1
2024-12-24,A2,AMDANGA,0.0,25.7,15.2
2024-12-25,A2,AMDANGA,0.0,25.5,17.0
2024-12-26,A2,AMDANGA,0.0,26.8,15.9
2024-12-27,A2,AMDANGA,0.0,26.6,14.8
2024-12-28,A2,AMDANGA,0.0,25.9,13.9
2024-12-29,A2,AMDANGA,0.0,26.7,15.2
2024-12-30,A2,AMDANGA,0.0,26.1,16.3
2024-12-31,A2,AMDANGA,0.0,23.9,15.1
2025-01-01,A2,AMDANGA,0.0,22.8,12.8
2025-01-02,A2,AMDANGA,0.0,22.2,12.1
2025-01-03,A2,AMDANGA,0.0,22.3,10.9
2025-01-04,A2,AMDANGA,0.0,23.7,12.7
2025-01-05,A2,AMDANGA,0.0,24.3,13.5
2025-01-06,A2,AMDANGA,0.0,24.4,12.4
2025-01-07,A2,AMDANGA,0.0,25.8,14.1
2025-01-08,A2,AMDANGA,0.0,22.4,13.2
2025-01-09,A2,AMDANGA,0.0,21.9,11.9
2025-01-10,A2,AMDANGA,0.0,22.6,12.0
2025-01-11,A2,AMDANGA,0.0,23.2,11.2
2025-01-12,A2,AMDANGA,0.0,24.7,12.5
2025-01-13,A2,AMDANGA,0.0,26.3,13.5
2025-01-14,A2,AMDANGA,0.0,25.1,15.1
2025-01-15,A2,AMDANGA,0.0,24.2,14.0
2025-01-16,A2,AMDANGA,0.0,24.3,12.6
2025-01-17,A2,AMDANGA,0.0,24.5,13.9
2025-01-18,A2,AMDANGA,0.0,24.5,13.7
2025-01-19,A2,AMDANGA,0.0,24.4,13.2
2025-01-20,A2,AMDANGA,0.0,23.8,12.2
2025-01-21,A2,AMDANGA,0.0,25.3,13.0
2025-01-22,A2,AMDANGA,0.0,26.2,13.7
2025-01-23,A2,AMDANGA,0.0,27.6,13.4
2025-01-24,A2,AMDANGA,0.0,27.8,14.5
2025-01-25,A2,AMDANGA,0.3,25.4,16.1
2025-01-26,A2,AMDANGA,0.0,24.3,13.3
2025-01-27,A2,AMDANGA,0.0,24.0,12.7
2025-01-28,A2,AMDANGA,0.0,25.6,12.6
2025-01-29,A2,AMDANGA,0.2,26.9,14.5
2025-01-30,A2,AMDANGA,0.1,29.1,17.5
2025-01-31,A2,AMDANGA,0.1,29.1,19.2
2025-02-01,A2,AMDANGA,0.5,28.8,20.0
2025-02-02,A2,AMDANGA,0.2,28.5,20.2
2025-02-03,A2,AMDANGA,0.0,28.5,18.7
2025-02-04,A2,AMDANGA,0.0,27.1,16.6
2025-02-05,A2,AMDANGA,0.0,29.0,15.9
2025-02-06,A2,AMDANGA,0.0,28.7,18.8
2025-02-07,A2,AMDANGA,0.0,25.6,14.4
2025-02-08,A2,AMDANGA,0.0,25.4,13.2
2025-02-09,A2,AMDANGA,0.0,26.0,13.4
2025-02-10,A2,AMDANGA,0.0,29.3,14.2
2025-02-11,A2,AMDANGA,0.0,29.9,18.8
2025-02-12,A2,AMDANGA,0.4,29.7,19.3
2025-02-13,A2,AMDANGA,0.1,30.2,20.6
2025-02-14,A2,AMDANGA,0.0,27.8,15.7
2025-02-15,A2,AMDANGA,0.0,28.8,15.4
2025-02-16,A2,AMDANGA,0.0,30.7,16.3
2025-02-17,A2,AMDANGA,0.1,31.1,18.6
2025-02-18,A2,AMDANGA,0.2,29.8,18.4
2025-02-19,A2,AMDANGA,1.4,28.3,18.7
2025-02-20,A2,AMDANGA,5.0,27.0,18.7
2025-02-21,A2,AMDANGA,0.0,28.8,17.4
2025-02-22,A2,AMDANGA,9.7,28.7,18.9
2025-02-23,A2,AMDANGA,7.8,28.0,17.9
2025-02-24,A2,AMDANGA,0.0,28.9,17.3
2025-02-25,A2,AMDANGA,0.0,29.1,18.1
2025-02-26,A2,AMDANGA,0.0,29.3,17.8
2025-02-27,A2,AMDANGA,0.0,29.6,17.6
2025-02-28,A2,AMDANGA,0.0,30.6,19.4
2025-03-01,A2,AMDANGA,0.0,33.1,20.0
2025-03-02,A2,AMDANGA,0.0,33.3,20.6
2025-03-03,A2,AMDANGA,0.0,31.7,20.3
2025-03-04,A2,AMDANGA,0.0,31.0,20.3
2025-03-05,A2,AMDANGA,0.0,30.9,19.6
2025-03-06,A2,AMDANGA,0.0,27.6,17.0
2025-03-07,A2,AMDANGA,0.0,29.5,15.3
2025-03-08,A2,AMDANGA,0.0,31.6,17.5
2025-03-09,A2,AMDANGA,0.0,31.5,19.0
2025-03-10,A2,AMDANGA,0.0,32.4,19.6
2025-03-11,A2,AMDANGA,0.0,33.0,20.7
2025-03-12,A2,AMDANGA,0.0,34.5,20.5
2025-03-13,A2,AMDANGA,0.0,35.6,22.1
2025-03-14,A2,AMDANGA,0.0,36.6,22.9
2025-03-15,A2,AMDANGA,0.1,35.4,23.6
2025-03-16,A2,AMDANGA,0.1,38.0,24.2
2025-03-17,A2,AMDANGA,7.3,34.8,23.3
2025-03-18,A2,AMDANGA,0.0,33.7,23.7
2025-03-19,A2,AMDANGA,0.0,35.5,22.2
2025-03-20,A2,AMDANGA,8.5,32.1,23.9
2025-03-21,A2,AMDANGA,5.7,31.1,21.2
2025-03-22,A2,AMDANGA,3.4,26.7,20.8
2025-03-23,A2,AMDANGA,1.2,28.7,18.7
2025-03-24,A2,AMDANGA,0.0,30.7,17.8
2025-03-25,A2,AMDANGA,0.0,32.0,19.1
2025-03-26,A2,AMDANGA,0.0,34.3,21.2
2025-03-27,A2,AMDANGA,0.0,35.6,23.0
2025-03-28,A2,AMDANGA,0.0,36.8,22.9
2025-03-29,A2,AMDANGA,0.0,35.9,23.3
2025-03-30,A2,AMDANGA,0.1,36.0,24.3
2025-03-31,A2,AMDANGA,0.0,36.1,25.2
2025-04-01,A2,AMDANGA,0.0,36.2,24.9
2025-04-02,A2,AMDANGA,0.2,36.7,24.8
2025-04-03,A2,AMDANGA,0.0,36.0,24.7
2025-04-04,A2,AMDANGA,0.0,34.0,25.2
2025-04-05,A2,AMDANGA,0.0,36.5,24.3
2025-04-06,A2,AMDANGA,0.2,35.5,24.4
2025-04-07,A2,AMDANGA,0.0,35.3,24.5
2025-04-08,A2,AMDANGA,1.9,34.0,24.1
2025-04-09,A2,AMDANGA,0.0,33.8,23.4
2025-04-10,A2,AMDANGA,14.8,34.5,22.4
2025-04-11,A2,AMDANGA,0.1,32.0,22.0
2025-04-12,A2,AMDANGA,2.9,34.9,23.5
2025-04-13,A2,AMDANGA,0.0,33.1,23.6
2025-04-14,A2,AMDANGA,1.0,32.0,23.8
2025-04-15,A2,AMDANGA,1.7,32.3,23.3
2025-04-16,A2,AMDANGA,3.6,33.0,23.3
2025-04-17,A2,AMDANGA,17.7,32.1,23.0
2025-04-18,A2,AMDANGA,7.2,30.4,22.6
2025-04-19,A2,AMDANGA,5.0,30.3,22.9
2025-04-20,A2,AMDANGA,1.8,35.2,24.9
2025-04-21,A2,AMDANGA,0.0,35.9,27.7
2025-04-22,A2,AMDANGA,0.1,36.2,27.4
2025-04-23,A2,AMDANGA,0.0,38.6,27.1
2025-04-24,A2,AMDANGA,0.0,36.8,27.2
2025-04-25,A2,AMDANGA,1.6,37.7,27.4
2025-04-26,A2,AMDANGA,3.4,36.1,27.0
2025-04-27,A2,AMDANGA,0.0,35.7,27.6
2025-04-28,A2,AMDANGA,4.1,29.7,24.6
2025-04-29,A2,AMDANGA,6.1,30.8,22.4
2025-04-30,A2,AMDANGA,3.3,30.5,21.5
2025-05-01,A2,AMDANGA,1.2,31.3,21.9
2025-05-02,A2,AMDANGA,0.0,30.6,21.5
2025-05-03,A2,AMDANGA,0.6,32.3,23.3
2025-05-04,A2,AMDANGA,3.9,30.9,23.6
2025-05-05,A2,AMDANGA,4.4,32.9,23.6
2025-05-06,A2,AMDANGA,20.6,32.6,24.4
2025-05-07,A2,AMDANGA,3.4,33.4,24.1
2025-05-08,A2,AMDANGA,0.0,36.2,26.7
2025-05-09,A2,AMDANGA,0.0,36.9,26.6
2025-05-10,A2,AMDANGA,0.0,36.9,26.9
2025-05-11,A2,AMDANGA,0.0,37.2,27.1
2025-05-12,A2,AMDANGA,0.2,37.5,28.7
2025-05-13,A2,AMDANGA,2.4,35.5,28.4
2025-05-14,A2,AMDANGA,0.1,36.4,28.2
2025-05-15,A2,AMDANGA,6.8,35.3,27.3
2025-05-16,A2,AMDANGA,4.9,34.9,27.9
2025-05-17,A2,AMDANGA,26.1,34.9,25.8
2025-05-18,A2,AMDANGA,6.4,30.6,26.4
2025-05-19,A2,AMDANGA,3.1,33.8,26.2
2025-05-20,A2,AMDANGA,14.3,34.4,25.4
2025-05-21,A2,AMDANGA,21.3,33.8,25.6
2025-05-22,A2,AMDANGA,4.2,32.2,26.2
2025-05-23,A2,AMDANGA,6.4,31.7,25.6
2025-05-24,A2,AMDANGA,10.3,32.1,25.4
2025-05-25,A2,AMDANGA,18.1,30.8,25.7
2025-05-26,A2,AMDANGA,17.9,30.7,25.2
2025-05-27,A2,AMDANGA,9.5,31.4,25.4
2025-05-28,A2,AMDANGA,14.9,31.6,26.0
2025-05-29,A2,AMDANGA,38.3,29.5,25.3
2025-05-30,A2,AMDANGA,18.4,33.2,24.8
2025-05-31,A2,AMDANGA,34.7,32.1,25.4
2025-06-01,A2,AMDANGA,10.8,31.3,26.7
2025-06-02,A2,AMDANGA,0.4,36.0,26.9
2025-06-03,A2,AMDANGA,0.9,34.9,26.9
2025-06-04,A2,AMDANGA,1.0,34.0,27.1
2025-06-05,A2,AMDANGA,4.7,32.2,26.4
2025-06-06,A2,AMDANGA,5.8,32.9,25.9
2025-06-07,A2,AMDANGA,0.0,33.9,25.3
2025-06-08,A2,AMDANGA,1.1,33.7,26.3
2025-06-09,A2,AMDANGA,0.8,33.6,26.3
2025-06-10,A2,AMDANGA,0.5,34.2,26.3
2025-06-11,A2,AMDANGA,0.8,33.1,26.9
2025-06-12,A2,AMDANGA,0.2,33.2,25.8
2025-06-13,A2,AMDANGA,0.9,33.3,26.6
2025-06-14,A2,AMDANGA,0.7,34.3,27.2
2025-06-15,A2,AMDANGA,21.5,30.6,26.6
2025-06-16,A2,AMDANGA,34.9,31.8,26.0
2025-06-17,A2,AMDANGA,35.4,28.9,25.3
2025-06-18,A2,AMDANGA,28.7,28.9,25.3
2025-06-19,A2,AMDANGA,46.4,30.7,24.1
2025-06-20,A2,AMDANGA,9.3,32.2,26.1
2025-06-21,A2,AMDANGA,1.4,33.3,26.3
2025-06-22,A2,AMDANGA,16.4,32.6,26.0
2025-06-23,A2,AMDANGA,12.8,31.7,26.5
2025-06-24,A2,AMDANGA,8.1,32.3,26.2
2025-06-25,A2,AMDANGA,8.1,31.5,26.1
2025-06-26,A2,AMDANGA,3.9,32.2,26.1
2025-06-27,A2,AMDANGA,16.3,31.3,25.2
2025-06-28,A2,AMDANGA,18.7,30.3,25.3
2025-06-29,A2,AMDANGA,42.3,31.0,25.4
2025-06-30,A2,AMDANGA,21.2,30.3,25.3
2025-07-01,A2,AMDANGA,7.1,30.5,26.0
2025-07-02,A2,AMDANGA,20.6,32.4,25.8
2025-07-03,A2,AMDANGA,33.6,31.0,25.7
2025-07-04,A2,AMDANGA,31.8,31.7,24.8
2025-07-05,A2,AMDANGA,9.6,30.8,25.7
2025-07-06,A2,AMDANGA,3.9,29.4,25.1
2025-07-07,A2,AMDANGA,14.8,28.9,25.3
2025-07-08,A2,AMDANGA,22.5,28.1,24.5
2025-07-09,A2,AMDANGA,13.7,30.0,24.8
2025-07-10,A2,AMDANGA,22.8,31.7,25.0
2025-07-11,A2,AMDANGA,9.9,30.6,25.5
2025-07-12,A2,AMDANGA,6.2,33.3,25.5
2025-07-13,A2,AMDANGA,10.6,31.7,26.1
2025-07-14,A2,AMDANGA,40.3,27.8,25.2
2025-07-15,A2,AMDANGA,16.6,30.3,24.9
2025-07-16,A2,AMDANGA,9.0,30.4,25.9
2025-07-17,A2,AMDANGA,0.1,33.1,26.3
2025-07-18,A2,AMDANGA,6.3,33.0,26.6
2025-07-19,A2,AMDANGA,1.0,33.4,26.6
2025-07-20,A2,AMDANGA,0.6,32.8,26.7
2025-07-21,A2,AMDANGA,0.6,32.8,26.5
2025-07-22,A2,AMDANGA,7.6,33.2,26.8
2025-07-23,A2,AMDANGA,0.5,33.8,27.0
2025-07-24,A2,AMDANGA,11.5,32.7,26.2
2025-07-25,A2,AMDANGA,52.5,31.1,25.9
2025-07-26,A2,AMDANGA,3.4,31.1,26.2
2025-07-27,A2,AMDANGA,5.8,32.6,26.1
2025-07-28,A2,AMDANGA,3.6,30.5,26.7
2025-07-29,A2,AMDANGA,53.3,29.5,25.4
2025-07-30,A2,AMDANGA,19.0,29.3,25.2
2025-07-31,A2,AMDANGA,36.6,29.3,24.8
2025-08-01,A2,AMDANGA,19.3,32.2,25.7
2025-08-02,A2,AMDANGA,6.5,32.2,25.8
2025-08-03,A2,AMDANGA,15.0,32.6,26.7
2025-08-04,A2,AMDANGA,28.0,31.7,25.8
2025-08-05,A2,AMDANGA,15.3,32.2,26.2
2025-08-06,A2,AMDANGA,10.6,30.3,25.3
2025-08-07,A2,AMDANGA,8.6,31.7,25.4
2025-08-08,A2,AMDANGA,2.2,31.0,24.4
2025-08-09,A2,AMDANGA,10.6,31.4,25.1
2025-08-10,A2,AMDANGA,0.6,32.8,26.7
2025-08-11,A2,AMDANGA,5.2,32.3,26.4
2025-08-12,A2,AMDANGA,4.7,33.5,26.5
2025-08-13,A2,AMDANGA,15.3,30.8,26.4
2025-08-14,A2,AMDANGA,7.4,29.8,25.7
2025-08-15,A2,AMDANGA,13.6,31.5,25.4
2025-08-16,A2,AMDANGA,6.9,32.1,25.7
2025-08-17,A2,AMDANGA,9.1,32.0,26.1
2025-08-18,A2,AMDANGA,8.0,31.7,26.4
2025-08-19,A2,AMDANGA,12.1,30.2,25.7
2025-08-20,A2,AMDANGA,2.2,30.0,25.4
2025-08-21,A2,AMDANGA,51.0,28.6,24.6
2025-08-22,A2,AMDANGA,31.5,30.3,24.5
2025-08-23,A2,AMDANGA,13.2,29.0,24.7
2025-08-24,A2,AMDANGA,11.1,30.3,24.7
2025-08-25,A2,AMDANGA,2.6,31.6,24.9
2025-08-26,A2,AMDANGA,1.6,31.9,25.2
2025-08-27,A2,AMDANGA,5.0,31.8,25.6
2025-08-28,A2,AMDANGA,14.5,30.7,25.7
2025-08-29,A2,AMDANGA,21.0,30.1,25.6
2025-08-30,A2,AMDANGA,15.7,30.3,25.6
2025-08-31,A2,AMDANGA,3.7,32.0,25.1
2025-09-01,A2,AMDANGA,21.5,33.5,26.1
2025-09-02,A2,AMDANGA,15.6,30.4,25.7
2025-09-03,A2,AMDANGA,18.8,29.3,25.0
2025-09-04,A2,AMDANGA,7.4,30.2,25.6
2025-09-05,A2,AMDANGA,10.0,31.9,25.4
2025-09-06,A2,AMDANGA,3.8,32.5,25.1
2025-09-07,A2,AMDANGA,0.4,33.1,25.4
2025-09-08,A2,AMDANGA,0.2,32.9,25.5
2025-09-09,A2,AMDANGA,0.2,33.1,25.7
2025-09-10,A2,AMDANGA,0.2,33.7,26.2
2025-09-11,A2,AMDANGA,4.1,32.8,26.2
2025-09-12,A2,AMDANGA,19.0,31.1,25.2
2025-09-13,A2,AMDANGA,6.9,30.4,25.6
2025-09-14,A2,AMDANGA,40.9,30.6,26.1
2025-09-15,A2,AMDANGA,25.8,29.3,24.4
2025-09-16,A2,AMDANGA,10.7,29.6,24.4
2025-09-17,A2,AMDANGA,8.4,30.5,24.9
2025-09-18,A2,AMDANGA,3.5,32.1,26.0
2025-09-19,A2,AMDANGA,12.4,30.7,25.4
2025-09-20,A2,AMDANGA,8.9,32.3,25.9
2025-09-21,A2,AMDANGA,1.1,32.6,25.3
2025-09-22,A2,AMDANGA,21.0,30.1,25.0
2025-09-23,A2,AMDANGA,10.8,31.0,24.4
2025-09-24,A2,AMDANGA,4.1,31.5,24.8
2025-09-25,A2,AMDANGA,10.8,32.8,25.5
2025-09-26,A2,AMDANGA,3.8,31.9,25.4
2025-09-27,A2,AMDANGA,8.0,30.1,25.6
2025-09-28,A2,AMDANGA,6.8,31.6,25.5
2025-09-29,A2,AMDANGA,2.6,32.1,25.7
2025-09-30,A2,AMDANGA,4.3,32.1,26.3
2025-10-01,A2,AMDANGA,15.3,31.4,24.5
2025-10-02,A2,AMDANGA,29.0,27.4,24.5
2025-10-03,A2,AMDANGA,14.7,29.5,25.3
2025-10-04,A2,AMDANGA,9.7,32.0,25.2
2025-10-05,A2,AMDANGA,31.3,30.5,24.2
2025-10-06,A2,AMDANGA,4.0,28.8,24.2
2025-10-07,A2,AMDANGA,7.2,31.1,24.1
2025-10-08,A2,AMDANGA,11.8,30.8,24.4
2025-10-09,A2,AMDANGA,3.3,31.2,24.6
2025-10-10,A2,AMDANGA,11.4,31.3,24.4
2025-10-11,A2,AMDANGA,2.9,30.5,24.1
2025-10-12,A2,AMDANGA,0.0,31.2,24.3
2025-10-13,A2,AMDANGA,0.0,30.6,23.7
2025-10-14,A2,AMDANGA,0.0,31.1,23.1
2025-10-15,A2,AMDANGA,0.0,31.0,22.9
2025-10-16,A2,AMDANGA,0.0,30.8,22.0
2025-10-17,A2,AMDANGA,0.0,31.5,22.4
2025-10-18,A2,AMDANGA,0.1,31.6,23.7
2025-10-19,A2,AMDANGA,0.1,32.7,24.3
2025-10-20,A2,AMDANGA,0.0,32.9,23.5
2025-10-21,A2,AMDANGA,0.0,32.9,23.3
2025-10-22,A2,AMDANGA,0.0,32.2,22.9
2025-10-23,A2,AMDANGA,0.0,32.2,22.9
2025-10-24,A2,AMDANGA,0.0,32.1,22.5
2025-10-25,A2,AMDANGA,0.0,32.0,23.3
2025-10-26,A2,AMDANGA,0.0,32.1,24.1
2025-10-27,A2,AMDANGA,0.1,32.2,23.7
2025-10-28,A2,AMDANGA,0.5,32.5,24.3
2025-10-29,A2,AMDANGA,17.2,28.4,24.5
2025-10-30,A2,AMDANGA,15.5,30.2,23.8
2025-10-31,A2,AMDANGA,0.7,31.6,24.3
2025-11-01,A2,AMDANGA,19.3,30.5,25.1
2025-11-02,A2,AMDANGA,0.0,28.5,23.3
2025-11-03,A2,AMDANGA,0.0,29.7,22.2
2025-11-04,A2,AMDANGA,0.0,29.6,19.7
2025-11-05,A2,AMDANGA,0.0,29.8,21.1
2025-11-06,A2,AMDANGA,0.5,30.1,21.2
2025-11-07,A2,AMDANGA,0.1,29.9,22.4
2025-11-08,A2,AMDANGA,0.0,29.2,19.8
2025-11-09,A2,AMDANGA,0.0,28.0,17.8
2025-11-10,A2,AMDANGA,0.0,28.4,18.0
2025-11-11,A2,AMDANGA,0.0,27.5,16.9
2025-11-12,A2,AMDANGA,0.0,26.7,16.3
2025-11-13,A2,AMDANGA,0.0,26.9,16.2
2025-11-14,A2,AMDANGA,0.0,26.7,16.2
2025-11-15,A2,AMDANGA,0.0,27.0,16.4
2025-11-16,A2,AMDANGA,0.0,27.1,16.4
2025-11-17,A2,AMDANGA,0.0,27.0,17.3
2025-11-18,A2,AMDANGA,0.0,27.9,16.9
2025-11-19,A2,AMDANGA,0.0,28.6,16.3
2025-11-20,A2,AMDANGA,0.0,28.1,17.4
2025-11-21,A2,AMDANGA,0.0,28.2,17.6
2025-11-22,A2,AMDANGA,0.0,27.8,17.1
2025-11-23,A2,AMDANGA,0.0,27.7,16.7
2025-11-24,A2,AMDANGA,0.0,26.7,16.4
2025-11-25,A2,AMDANGA,0.0,26.1,15.3
2025-11-26,A2,AMDANGA,0.0,25.8,14.7
2025-11-27,A2,AMDANGA,0.0,26.8,15.3
2025-11-28,A2,AMDANGA,0.0,27.1,16.5
2025-11-29,A2,AMDANGA,0.0,26.9,16.6
2025-11-30,A2,AMDANGA,0.0,26.9,16.5
2025-12-01,A2,AMDANGA,0.0,26.6,16.4
2025-12-02,A2,AMDANGA,0.0,26.7,17.2
2025-12-03,A2,AMDANGA,0.0,25.9,15.6
2025-12-04,A2,AMDANGA,0.0,25.3,14.3
2025-12-05,A2,AMDANGA,0.0,25.4,14.6
2025-12-06,A2,AMDANGA,0.0,24.5,12.6
2025-12-07,A2,AMDANGA,0.0,24.8,13.4
2025-12-08,A2,AMDANGA,0.0,24.9,13.7
2025-12-09,A2,AMDANGA,0.0,25.1,14.2
2025-12-10,A2,AMDANGA,0.0,25.2,14.1
2025-12-11,A2,AMDANGA,0.0,25.1,13.7
2025-12-12,A2,AMDANGA,0.0,25.0,13.9
2025-12-13,A2,AMDANGA,0.0,25.4,14.2
2025-12-14,A2,AMDANGA,0.0,26.5,14.4
2025-12-15,A2,AMDANGA,0.0,26.1,14.8
2025-12-16,A2,AMDANGA,0.0,25.1,14.4
2025-12-17,A2,AMDANGA,0.0,25.3,14.3
2025-12-18,A2,AMDANGA,0.0,26.4,14.6
2025-12-19,A2,AMDANGA,0.0,26.1,15.4
2025-12-20,A2,AMDANGA,0.0,24.0,15.2
2025-12-21,A2,AMDANGA,0.0,23.8,14.3
2025-12-22,A2,AMDANGA,0.0,24.5,14.4
2025-12-23,A2,AMDANGA,0.0,24.0,13.8
2025-12-24,A2,AMDANGA,0.0,23.7,13.2
2025-12-25,A2,AMDANGA,0.0,21.4,11.7
2025-12-26,A2,AMDANGA,0.0,21.8,10.9
2025-12-27,A2,AMDANGA,0.0,23.1,12.0
2025-12-28,A2,AMDANGA,0.0,22.0,12.7
2025-12-29,A2,AMDANGA,0.0,20.4,11.7
2025-12-30,A2,AMDANGA,0.0,19.6,10.4
2025-12-31,A2,AMDANGA,0.0,20.8,9.0
2024-01-01,A3,BERABERIA,0.0,25.0,14.7
2024-01-02,A3,BERABERIA,0.0,23.5,13.4
2024-01-03,A3,BERABERIA,0.0,24.5,12.4
2024-01-04,A3,BERABERIA,0.0,25.3,12.4
2024-01-05,A3,BERABERIA,0.0,25.9,13.0
2024-01-06,A3,BERABERIA,0.0,26.7,13.7
2024-01-07,A3,BERABERIA,0.0,26.2,15.3
2024-01-08,A3,BERABERIA,0.0,25.9,15.4
2024-01-09,A3,BERABERIA,0.0,25.3,14.2
2024-01-10,A3,BERABERIA,0.0,26.1,13.4
2024-01-11,A3,BERABERIA,0.0,25.2,14.0
2024-01-12,A3,BERABERIA,0.0,22.9,11.8
2024-01-13,A3,BERABERIA,0.0,22.6,10.4
2024-01-14,A3,BERABERIA,0.0,22.3,10.5
2024-01-15,A3,BERABERIA,0.0,22.0,10.5
2024-01-16,A3,BERABERIA,0.0,22.4,11.0
2024-01-17,A3,BERABERIA,0.0,23.8,10.9
2024-01-18,A3,BERABERIA,7.2,20.9,15.1
2024-01-19,A3,BERABERIA,0.0,23.2,14.7
2024-01-20,A3,BERABERIA,0.0,22.7,12.9
2024-01-21,A3,BERABERIA,0.0,22.5,13.6
2024-01-22,A3,BERABERIA,0.0,21.4,11.0
2024-01-23,A3,BERABERIA,0.0,22.7,9.9
2024-01-24,A3,BERABERIA,2.1,21.6,15.4
2024-01-25,A3,BERABERIA,0.0,23.1,13.1
2024-01-26,A3,BERABERIA,0.0,23.0,12.2
2024-01-27,A3,BERABERIA,0.0,23.0,11.2
2024-01-28,A3,BERABERIA,0.0,23.5,10.3
2024-01-29,A3,BERABERIA,0.0,24.8,11.4
2024-01-30,A3,BERABERIA,5.5,26.6,13.1
2024-01-31,A3,BERABERIA,29.0,25.4,17.4
2024-02-01,A3,BERABERIA,9.9,24.6,16.5
2024-02-02,A3,BERABERIA,0.3,26.8,16.4
2024-02-03,A3,BERABERIA,0.0,25.9,15.3
2024-02-04,A3,BERABERIA,0.0,26.3,13.2
2024-02-05,A3,BERABERIA,0.0,27.2,14.5
2024-02-06,A3,BERABERIA,0.5,27.5,18.3
2024-02-07,A3,BERABERIA,0.0,25.7,18.1
2024-02-08,A3,BERABERIA,0.0,24.6,14.9
2024-02-09,A3,BERABERIA,0.0,23.2,12.8
2024-02-10,A3,BERABERIA,0.0,24.8,11.9
2024-02-11,A3,BERABERIA,0.0,26.6,12.6
2024-02-12,A3,BERABERIA,0.0,27.6,14.5
2024-02-13,A3,BERABERIA,0.0,29.3,16.6
2024-02-14,A3,BERABERIA,0.0,28.7,16.2
2024-02-15,A3,BERABERIA,0.6,27.9,17.1
2024-02-16,A3,BERABERIA,0.0,28.5,17.7
2024-02-17,A3,BERABERIA,0.0,28.1,15.0
2024-02-18,A3,BERABERIA,0.2,28.9,15.2
2024-02-19,A3,BERABERIA,0.2,30.1,18.7
2024-02-20,A3,BERABERIA,3.6,31.6,21.2
2024-02-21,A3,BERABERIA,0.2,33.1,20.7
2024-02-22,A3,BERABERIA,0.4,29.5,20.8
2024-02-23,A3,BERABERIA,0.2,29.1,19.6
2024-02-24,A3,BERABERIA,0.0,28.6,17.2
2024-02-25,A3,BERABERIA,0.5,25.5,18.5
2024-02-26,A3,BERABERIA,0.0,28.4,17.2
2024-02-27,A3,BERABERIA,0.0,29.0,17.9
2024-02-28,A3,BERABERIA,0.0,29.8,18.2
2024-02-29,A3,BERABERIA,0.0,30.1,18.4
2024-03-01,A3,BERABERIA,0.0,30.7,17.1
2024-03-02,A3,BERABERIA,0.0,31.3,17.1
2024-03-03,A3,BERABERIA,0.1,31.7,20.6
2024-03-04,A3,BERABERIA,6.1,31.7,19.8
2024-03-05,A3,BERABERIA,0.0,31.2,20.6
2024-03-06,A3,BERABERIA,0.0,29.6,18.4
2024-03-07,A3,BERABERIA,0.0,28.7,18.8
2024-03-08,A3,BERABERIA,0.0,30.5,18.8
2024-03-09,A3,BERABERIA,0.0,29.9,15.8
2024-03-10,A3,BERABERIA,0.0,29.8,15.8
2024-03-11,A3,BERABERIA,0.0,31.4,15.2
2024-03-12,A3,BERABERIA,0.0,33.4,20.3
2024-03-13,A3,BERABERIA,1.3,34.1,23.5
2024-03-14,A3,BERABERIA,9.9,32.1,22.2
2024-03-15,A3,BERABERIA,0.7,33.5,22.4
2024-03-16,A3,BERABERIA,1.0,32.3,23.1
2024-03-17,A3,BERABERIA,0.0,31.7,21.9
2024-03-18,A3,BERABERIA,5.1,29.3,22.3
2024-03-19,A3,BERABERIA,12.3,30.0,22.6
2024-03-20,A3,BERABERIA,13.9,23.6,18.4
2024-03-21,A3,BERABERIA,4.3,26.2,18.2
2024-03-22,A3,BERABERIA,0.0,27.9,16.9
2024-03-23,A3,BERABERIA,4.2,32.1,19.4
2024-03-24,A3,BERABERIA,0.0,33.9,23.7
2024-03-25,A3,BERABERIA,9.0,33.2,22.9
2024-03-26,A3,BERABERIA,0.0,33.1,24.1
2024-03-27,A3,BERABERIA,1.4,34.8,22.9
2024-03-28,A3,BERABERIA,0.1,33.4,22.7
2024-03-29,A3,BERABERIA,0.2,34.9,24.6
2024-03-30,A3,BERABERIA,0.0,36.2,24.4
2024-03-31,A3,BERABERIA,1.2,35.0,25.4
2024-04-01,A3,BERABERIA,0.0,36.7,25.7
2024-04-02,A3,BERABERIA,0.0,36.0,24.4
2024-04-03,A3,BERABERIA,0.0,36.5,25.3
2024-04-04,A3,BERABERIA,21.0,37.0,26.2
2024-04-05,A3,BERABERIA,0.0,37.9,26.5
2024-04-06,A3,BERABERIA,0.0,37.7,25.8
2024-04-07,A3,BERABERIA,13.3,36.1,25.9
2024-04-08,A3,BERABERIA,0.0,31.8,23.2
2024-04-09,A3,BERABERIA,0.0,34.9,22.2
2024-04-10,A3,BERABERIA,0.0,35.8,22.9
2024-04-11,A3,BERABERIA,0.9,33.6,24.0
2024-04-12,A3,BERABERIA,0.0,35.2,22.5
2024-04-13,A3,BERABERIA,0.0,36.5,23.4
2024-04-14,A3,BERABERIA,0.0,36.7,23.8
2024-04-15,A3,BERABERIA,0.0,38.4,24.4
2024-04-16,A3,BERABERIA,0.0,38.8,26.7
2024-04-17,A3,BERABERIA,0.0,38.8,27.3
2024-04-18,A3,BERABERIA,0.0,38.9,26.1
2024-04-19,A3,BERABERIA,0.0,40.8,25.2
2024-04-20,A3,BERABERIA,0.0,42.1,26.3
2024-04-21,A3,BERABERIA,0.0,40.8,27.2
2024-04-22,A3,BERABERIA,0.0,40.2,25.9
2024-04-23,A3,BERABERIA,0.0,38.7,26.9
2024-04-24,A3,BERABERIA,0.0,40.4,27.4
2024-04-25,A3,BERABERIA,0.0,40.5,25.3
2024-04-26,A3,BERABERIA,0.0,40.8,27.4
2024-04-27,A3,BERABERIA,0.0,41.5,28.0
2024-04-28,A3,BERABERIA,0.4,40.8,28.4
2024-04-29,A3,BERABERIA,0.0,41.8,28.6
2024-04-30,A3,BERABERIA,0.0,44.1,29.4
2024-05-01,A3,BERABERIA,0.0,41.7,28.9
2024-05-02,A3,BERABERIA,0.0,41.6,29.6
2024-05-03,A3,BERABERIA,0.0,40.4,26.6
2024-05-04,A3,BERABERIA,0.0,39.6,27.6
2024-05-05,A3,BERABERIA,1.5,38.0,28.4
2024-05-06,A3,BERABERIA,45.3,37.0,24.9
2024-05-07,A3,BERABERIA,1.3,33.8,24.7
2024-05-08,A3,BERABERIA,3.2,30.5,24.0
2024-05-09,A3,BERABERIA,12.3,31.2,23.9
2024-05-10,A3,BERABERIA,10.5,30.8,23.6
2024-05-11,A3,BERABERIA,14.7,31.6,25.3
2024-05-12,A3,BERABERIA,0.9,32.9,24.8
2024-05-13,A3,BERABERIA,0.0,33.7,24.4
2024-05-14,A3,BERABERIA,3.8,34.1,25.3
2024-05-15,A3,BERABERIA,0.0,35.2,26.1
2024-05-16,A3,BERABERIA,0.0,35.5,26.3
2024-05-17,A3,BERABERIA,0.0,37.6,27.5
2024-05-18,A3,BERABERIA,0.0,36.7,29.0
2024-05-19,A3,BERABERIA,0.1,34.3,29.0
2024-05-20,A3,BERABERIA,15.1,33.4,27.1
2024-05-21,A3,BERABERIA,17.6,33.8,26.9
2024-05-22,A3,BERABERIA,0.7,34.0,26.9
2024-05-23,A3,BERABERIA,0.2,34.8,26.0
2024-05-24,A3,BERABERIA,0.0,35.7,26.9
2024-05-25,A3,BERABERIA,0.6,36.3,27.6
2024-05-26,A3,BERABERIA,27.0,30.7,26.8
2024-05-27,A3,BERABERIA,73.4,27.8,26.1
2024-05-28,A3,BERABERIA,0.4,35.8,26.4
2024-05-29,A3,BERABERIA,0.1,35.9,29.3
2024-05-30,A3,BERABERIA,0.0,35.1,29.7
2024-05-31,A3,BERABERIA,0.0,34.8,28.7
2024-06-01,A3,BERABERIA,0.3,34.5,28.0
2024-06-02,A3,BERABERIA,3.9,34.0,29.1
2024-06-03,A3,BERABERIA,0.5,34.7,28.5
2024-06-04,A3,BERABERIA,0.0,35.6,28.8
2024-06-05,A3,BERABERIA,3.6,35.9,27.5
2024-06-06,A3,BERABERIA,6.7,36.7,27.0
2024-06-07,A3,BERABERIA,0.0,36.3,25.6
2024-06-08,A3,BERABERIA,0.0,35.7,28.1
2024-06-09,A3,BERABERIA,0.0,36.6,28.3
2024-06-10,A3,BERABERIA,0.0,36.4,28.7
2024-06-11,A3,BERABERIA,0.0,36.5,29.1
2024-06-12,A3,BERABERIA,0.0,35.1,28.5
2024-06-13,A3,BERABERIA,0.0,35.8,28.7
2024-06-14,A3,BERABERIA,0.0,37.4,29.2
2024-06-15,A3,BERABERIA,0.4,37.3,29.5
2024-06-16,A3,BERABERIA,0.0,36.7,29.5
2024-06-17,A3,BERABERIA,0.3,37.0,29.4
2024-06-18,A3,BERABERIA,12.3,32.2,28.3
2024-06-19,A3,BERABERIA,1.8,34.6,28.5
2024-06-20,A3,BERABERIA,24.8,34.3,28.1
2024-06-21,A3,BERABERIA,2.6,31.8,27.5
2024-06-22,A3,BERABERIA,8.0,33.4,26.9
2024-06-23,A3,BERABERIA,5.9,33.3,26.9
2024-06-24,A3,BERABERIA,0.5,33.6,27.3
2024-06-25,A3,BERABERIA,0.8,33.8,28.2
2024-06-26,A3,BERABERIA,0.7,34.2,27.4
2024-06-27,A3,BERABERIA,12.2,32.4,27.6
2024-06-28,A3,BERABERIA,9.5,32.7,27.2
2024-06-29,A3,BERABERIA,8.3,31.5,26.8
2024-06-30,A3,BERABERIA,22.0,32.0,26.6
2024-07-01,A3,BERABERIA,19.8,31.7,26.0
2024-07-02,A3,BERABERIA,27.5,30.0,25.8
2024-07-03,A3,BERABERIA,14.9,30.0,25.7
2024-07-04,A3,BERABERIA,21.9,31.1,25.6
2024-07-05,A3,BERABERIA,25.5,32.6,25.7
2024-07-06,A3,BERABERIA,2.9,32.1,26.3
2024-07-07,A3,BERABERIA,13.8,31.8,26.4
2024-07-08,A3,BERABERIA,2.2,32.7,26.2
2024-07-09,A3,BERABERIA,3.6,31.8,27.0
2024-07-10,A3,BERABERIA,1.8,32.8,27.6
2024-07-11,A3,BERABERIA,12.9,33.0,27.5
2024-07-12,A3,BERABERIA,11.3,31.9,26.2
2024-07-13,A3,BERABERIA,6.4,32.4,25.3
2024-07-14,A3,BERABERIA,4.2,32.5,26.3
2024-07-15,A3,BERABERIA,2.6,32.5,27.0
2024-07-16,A3,BERABERIA,2.6,32.3,26.7
2024-07-17,A3,BERABERIA,4.0,33.5,26.7
2024-07-18,A3,BERABERIA,1.3,33.6,26.8
2024-07-19,A3,BERABERIA,3.4,32.3,27.3
2024-07-20,A3,BERABERIA,3.2,32.4,27.0
2024-07-21,A3,BERABERIA,8.9,31.9,27.1
2024-07-22,A3,BERABERIA,18.9,31.8,26.8
2024-07-23,A3,BERABERIA,13.5,31.8,25.9
2024-07-24,A3,BERABERIA,24.6,32.7,26.6
2024-07-25,A3,BERABERIA,9.0,31.7,26.4
2024-07-26,A3,BERABERIA,24.3,31.6,25.9
2024-07-27,A3,BERABERIA,7.5,31.6,27.2
2024-07-28,A3,BERABERIA,23.6,31.0,26.4
2024-07-29,A3,BERABERIA,10.0,31.5,26.4
2024-07-30,A3,BERABERIA,6.2,32.9,26.1
2024-07-31,A3,BERABERIA,37.4,31.9,26.0
2024-08-01,A3,BERABERIA,46.4,28.5,25.8
2024-08-02,A3,BERABERIA,32.4,29.8,25.7
2024-08-03,A3,BERABERIA,24.1,31.3,24.9
2024-08-04,A3,BERABERIA,37.9,30.9,24.8
2024-08-05,A3,BERABERIA,24.0,32.3,24.7
2024-08-06,A3,BERABERIA,6.1,31.5,26.3
2024-08-07,A3,BERABERIA,6.4,30.6,26.0
2024-08-08,A3,BERABERIA,11.5,31.1,25.8
2024-08-09,A3,BERABERIA,10.0,31.4,25.6
2024-08-10,A3,BERABERIA,27.9,32.2,25.1
2024-08-11,A3,BERABERIA,6.5,32.5,25.3
2024-08-12,A3,BERABERIA,12.2,32.5,25.4
2024-08-13,A3,BERABERIA,7.9,32.1,25.8
2024-08-14,A3,BERABERIA,43.5,32.3,25.0
2024-08-15,A3,BERABERIA,7.5,33.0,25.7
2024-08-16,A3,BERABERIA,1.4,31.6,24.9
2024-08-17,A3,BERABERIA,9.7,33.0,25.2
2024-08-18,A3,BERABERIA,25.4,30.2,25.4
2024-08-19,A3,BERABERIA,24.6,30.8,25.5
2024-08-20,A3,BERABERIA,27.0,30.8,24.9
2024-08-21,A3,BERABERIA,28.2,31.8,25.2
2024-08-22,A3,BERABERIA,39.2,31.4,25.7
2024-08-23,A3,BERABERIA,25.3,30.5,24.9
2024-08-24,A3,BERABERIA,6.1,28.7,25.0
2024-08-25,A3,BERABERIA,42.5,29.2,24.3
2024-08-26,A3,BERABERIA,30.2,29.6,24.7
2024-08-27,A3,BERABERIA,17.4,29.7,24.6
2024-08-28,A3,BERABERIA,7.3,32.2,24.8
2024-08-29,A3,BERABERIA,3.9,32.2,25.5
2024-08-30,A3,BERABERIA,0.0,33.1,25.1
2024-08-31,A3,BERABERIA,6.0,32.2,26.3
2024-09-01,A3,BERABERIA,10.4,30.8,26.3
2024-09-02,A3,BERABERIA,5.4,32.4,25.7
2024-09-03,A3,BERABERIA,10.3,31.9,25.7
2024-09-04,A3,BERABERIA,10.6,31.6,26.1
2024-09-05,A3,BERABERIA,1.8,32.3,25.6
2024-09-06,A3,BERABERIA,2.3,33.0,26.2
2024-09-07,A3,BERABERIA,13.7,33.6,25.7
2024-09-08,A3,BERABERIA,7.7,32.1,26.3
2024-09-09,A3,BERABERIA,5.1,32.5,26.4
2024-09-10,A3,BERABERIA,5.6,31.7,26.2
2024-09-11,A3,BERABERIA,8.4,32.4,26.3
2024-09-12,A3,BERABERIA,24.7,31.8,26.2
2024-09-13,A3,BERABERIA,30.0,31.9,25.8
2024-09-14,A3,BERABERIA,47.6,28.2,25.2
2024-09-15,A3,BERABERIA,22.7,28.4,24.8
2024-09-16,A3,BERABERIA,23.5,28.2,25.1
2024-09-17,A3,BERABERIA,0.5,32.4,25.3
2024-09-18,A3,BERABERIA,0.0,32.8,24.2
2024-09-19,A3,BERABERIA,0.2,32.7,25.8
2024-09-20,A3,BERABERIA,0.9,33.8,26.4
2024-09-21,A3,BERABERIA,4.3,33.4,26.0
2024-09-22,A3,BERABERIA,1.8,34.0,26.5
2024-09-23,A3,BERABERIA,10.9,34.2,26.1
2024-09-24,A3,BERABERIA,14.8,30.7,26.4
2024-09-25,A3,BERABERIA,39.5,29.6,24.5
2024-09-26,A3,BERABERIA,31.4,28.5,24.6
2024-09-27,A3,BERABERIA,11.9,30.4,24.5
2024-09-28,A3,BERABERIA,4.0,31.7,25.5
2024-09-29,A3,BERABERIA,1.5,32.2,26.3
2024-09-30,A3,BERABERIA,0.3,33.4,26.2
2024-10-01,A3,BERABERIA,10.9,34.1,26.5
2024-10-02,A3,BERABERIA,9.4,31.6,25.1
2024-10-03,A3,BERABERIA,2.8,31.6,26.2
2024-10-04,A3,BERABERIA,27.6,30.1,25.2
2024-10-05,A3,BERABERIA,15.7,30.3,24.9
2024-10-06,A3,BERABERIA,3.3,30.5,24.3
2024-10-07,A3,BERABERIA,10.3,30.9,24.4
2024-10-08,A3,BERABERIA,7.0,31.2,25.6
2024-10-09,A3,BERABERIA,11.2,30.1,24.8
2024-10-10,A3,BERABERIA,11.0,31.1,25.1
2024-10-11,A3,BERABERIA,7.4,31.9,25.3
2024-10-12,A3,BERABERIA,9.5,31.7,25.2
2024-10-13,A3,BERABERIA,2.6,32.0,25.0
2024-10-14,A3,BERABERIA,0.0,32.2,24.6
2024-10-15,A3,BERABERIA,4.9,31.4,24.4
2024-10-16,A3,BERABERIA,0.2,31.2,24.2
2024-10-17,A3,BERABERIA,2.8,30.9,24.2
2024-10-18,A3,BERABERIA,7.8,30.2,23.6
2024-10-19,A3,BERABERIA,9.2,30.3,23.5
2024-10-20,A3,BERABERIA,0.0,30.5,23.6
2024-10-21,A3,BERABERIA,0.0,30.5,23.7
2024-10-22,A3,BERABERIA,0.0,31.0,22.6
2024-10-23,A3,BERABERIA,3.1,30.0,24.1
2024-10-24,A3,BERABERIA,13.3,26.9,24.1
2024-10-25,A3,BERABERIA,40.0,26.0,23.7
2024-10-26,A3,BERABERIA,4.7,31.6,24.4
2024-10-27,A3,BERABERIA,0.5,30.7,23.6
2024-10-28,A3,BERABERIA,0.3,31.3,23.6
2024-10-29,A3,BERABERIA,0.0,31.4,23.3
2024-10-30,A3,BERABERIA,0.3,31.0,23.9
2024-10-31,A3,BERABERIA,0.2,31.1,23.9
2024-11-01,A3,BERABERIA,0.0,32.4,23.4
2024-11-02,A3,BERABERIA,0.0,31.4,23.3
2024-11-03,A3,BERABERIA,0.0,30.8,20.8
2024-11-04,A3,BERABERIA,0.0,30.3,21.6
2024-11-05,A3,BERABERIA,0.8,29.7,22.0
2024-11-06,A3,BERABERIA,0.3,29.6,22.1
2024-11-07,A3,BERABERIA,0.2,30.0,20.6
2024-11-08,A3,BERABERIA,0.0,30.2,21.5
2024-11-09,A3,BERABERIA,0.0,29.7,21.2
2024-11-10,A3,BERABERIA,0.0,30.0,20.8
2024-11-11,A3,BERABERIA,0.0,30.2,20.6
2024-11-12,A3,BERABERIA,0.0,30.3,20.1
2024-11-13,A3,BERABERIA,0.0,32.2,20.8
2024-11-14,A3,BERABERIA,0.0,31.7,21.4
2024-11-15,A3,BERABERIA,0.0,30.9,19.5
2024-11-16,A3,BERABERIA,0.0,30.0,18.7
2024-11-17,A3,BERABERIA,0.0,29.7,18.2
2024-11-18,A3,BERABERIA,0.0,29.6,18.1
2024-11-19,A3,BERABERIA,0.0,29.4,18.5
2024-11-20,A3,BERABERIA,0.0,30.0,17.7
2024-11-21,A3,BERABERIA,0.0,30.0,18.5
2024-11-22,A3,BERABERIA,0.0,29.6,18.5
2024-11-23,A3,BERABERIA,0.0,29.8,17.9
2024-11-24,A3,BERABERIA,0.0,28.9,17.2
2024-11-25,A3,BERABERIA,0.0,28.4,17.5
2024-11-26,A3,BERABERIA,0.0,27.9,17.2
2024-11-27,A3,BERABERIA,0.0,28.7,16.8
2024-11-28,A3,BERABERIA,0.0,28.5,17.9
2024-11-29,A3,BERABERIA,0.0,27.3,20.1
2024-11-30,A3,BERABERIA,2.8,23.4,18.8
2024-12-01,A3,BERABERIA,0.0,28.3,18.4
2024-12-02,A3,BERABERIA,0.0,22.8,19.6
2024-12-03,A3,BERABERIA,0.0,27.9,18.8
2024-12-04,A3,BERABERIA,0.0,28.1,16.7
2024-12-05,A3,BERABERIA,0.0,28.9,16.3
2024-12-06,A3,BERABERIA,0.0,27.1,15.7
2024-12-07,A3,BERABERIA,0.0,26.2,14.9
2024-12-08,A3,BERABERIA,0.0,26.0,13.9
2024-12-09,A3,BERABERIA,0.0,26.6,14.9
2024-12-10,A3,BERABERIA,1.7,26.2,16.8
2024-12-11,A3,BERABERIA,0.0,24.4,15.2
2024-12-12,A3,BERABERIA,0.0,24.0,12.3
2024-12-13,A3,BERABERIA,0.0,23.5,12.2
2024-12-14,A3,BERABERIA,0.0,23.4,12.7
2024-12-15,A3,BERABERIA,0.0,23.9,11.4
2024-12-16,A3,BERABERIA,0.0,24.8,12.5
2024-12-17,A3,BERABERIA,0.0,26.0,13.4
2024-12-18,A3,BERABERIA,0.0,26.9,14.4
2024-12-19,A3,BERABERIA,0.0,26.4,15.3
2024-12-20,A3,BERABERIA,0.0,25.9,14.5
2024-12-21,A3,BERABERIA,2.6,20.6,15.7
2024-12-22,A3,BERABERIA,0.0,25.4,15.3
2024-12-23,A3,BERABERIA,0.0,26.5,15.6
2024-12-24,A3,BERABERIA,0.8,26.0,16.3
2024-12-25,A3,BERABERIA,0.0,25.3,17.9
2024-12-26,A3,BERABERIA,0.0,27.1,16.6
2024-12-27,A3,BERABERIA,0.0,26.9,15.4
2024-12-28,A3,BERABERIA,0.0,26.1,14.4
2024-12-29,A3,BERABERIA,0.0,26.9,15.3
2024-12-30,A3,BERABERIA,0.0,26.5,17.0
2024-12-31,A3,BERABERIA,0.0,24.3,15.7
2025-01-01,A3,BERABERIA,0.0,23.1,13.0
2025-01-02,A3,BERABERIA,0.0,22.3,12.2
2025-01-03,A3,BERABERIA,0.0,22.5,11.3
2025-01-04,A3,BERABERIA,0.0,24.1,13.0
2025-01-05,A3,BERABERIA,0.0,25.2,13.5
2025-01-06,A3,BERABERIA,0.0,24.9,12.8
2025-01-07,A3,BERABERIA,0.0,26.3,14.7
2025-01-08,A3,BERABERIA,0.0,22.9,14.0
2025-01-09,A3,BERABERIA,0.0,22.7,12.6
2025-01-10,A3,BERABERIA,0.0,23.4,12.6
2025-01-11,A3,BERABERIA,0.0,24.0,11.5
2025-01-12,A3,BERABERIA,0.0,25.8,13.3
2025-01-13,A3,BERABERIA,0.0,27.2,13.5
2025-01-14,A3,BERABERIA,0.0,26.0,15.5
2025-01-15,A3,BERABERIA,0.0,25.1,14.5
2025-01-16,A3,BERABERIA,0.0,25.2,13.3
2025-01-17,A3,BERABERIA,0.0,25.5,14.2
2025-01-18,A3,BERABERIA,0.0,25.4,14.3
2025-01-19,A3,BERABERIA,0.0,25.2,14.1
2025-01-20,A3,BERABERIA,0.0,24.7,12.8
2025-01-21,A3,BERABERIA,0.0,26.1,13.1
2025-01-22,A3,BERABERIA,0.0,27.7,14.7
2025-01-23,A3,BERABERIA,0.0,28.7,14.6
2025-01-24,A3,BERABERIA,0.0,28.6,15.2
2025-01-25,A3,BERABERIA,1.7,26.6,17.2
2025-01-26,A3,BERABERIA,0.0,25.3,14.6
2025-01-27,A3,BERABERIA,0.0,24.8,12.7
2025-01-28,A3,BERABERIA,0.0,27.0,12.6
2025-01-29,A3,BERABERIA,0.1,28.2,15.7
2025-01-30,A3,BERABERIA,0.2,29.9,18.9
2025-01-31,A3,BERABERIA,0.5,30.0,20.0
2025-02-01,A3,BERABERIA,0.3,29.8,20.9
2025-02-02,A3,BERABERIA,0.4,29.3,20.6
2025-02-03,A3,BERABERIA,0.0,29.8,20.0
2025-02-04,A3,BERABERIA,0.0,28.4,17.2
2025-02-05,A3,BERABERIA,0.0,30.2,16.2
2025-02-06,A3,BERABERIA,0.0,29.9,19.9
2025-02-07,A3,BERABERIA,0.0,27.2,15.8
2025-02-08,A3,BERABERIA,0.0,27.0,14.3
2025-02-09,A3,BERABERIA,0.0,27.2,13.9
2025-02-10,A3,BERABERIA,0.0,30.7,14.9
2025-02-11,A3,BERABERIA,0.0,31.2,19.5
2025-02-12,A3,BERABERIA,0.0,31.6,19.8
2025-02-13,A3,BERABERIA,0.1,31.4,21.8
2025-02-14,A3,BERABERIA,0.0,29.0,17.3
2025-02-15,A3,BERABERIA,0.0,30.5,15.7
2025-02-16,A3,BERABERIA,0.0,31.9,16.9
2025-02-17,A3,BERABERIA,0.0,31.9,19.9
2025-02-18,A3,BERABERIA,0.8,31.7,19.9
2025-02-19,A3,BERABERIA,3.0,29.6,19.6
2025-02-20,A3,BERABERIA,4.6,27.3,19.8
2025-02-21,A3,BERABERIA,0.0,29.4,18.3
2025-02-22,A3,BERABERIA,10.1,29.4,19.2
2025-02-23,A3,BERABERIA,2.9,28.3,18.3
2025-02-24,A3,BERABERIA,0.0,29.6,17.9
2025-02-25,A3,BERABERIA,0.0,29.5,18.7
2025-02-26,A3,BERABERIA,0.0,30.3,18.6
2025-02-27,A3,BERABERIA,0.0,30.3,18.2
2025-02-28,A3,BERABERIA,0.0,31.4,19.6
2025-03-01,A3,BERABERIA,0.0,34.1,20.7
2025-03-02,A3,BERABERIA,0.0,34.4,21.9
2025-03-03,A3,BERABERIA,0.0,33.1,21.5
2025-03-04,A3,BERABERIA,0.0,32.5,21.4
2025-03-05,A3,BERABERIA,0.0,32.1,20.8
2025-03-06,A3,BERABERIA,0.0,29.2,19.4
2025-03-07,A3,BERABERIA,0.0,30.7,17.0
2025-03-08,A3,BERABERIA,0.0,32.9,18.4
2025-03-09,A3,BERABERIA,0.0,33.5,21.1
2025-03-10,A3,BERABERIA,0.0,35.0,21.0
2025-03-11,A3,BERABERIA,0.0,34.1,21.9
2025-03-12,A3,BERABERIA,0.0,35.9,21.2
2025-03-13,A3,BERABERIA,0.0,37.0,24.0
2025-03-14,A3,BERABERIA,0.0,38.2,24.4
2025-03-15,A3,BERABERIA,0.0,38.4,24.7
2025-03-16,A3,BERABERIA,5.7,39.7,25.0
2025-03-17,A3,BERABERIA,7.2,36.6,24.3
2025-03-18,A3,BERABERIA,0.0,35.1,24.4
2025-03-19,A3,BERABERIA,0.4,36.8,22.8
2025-03-20,A3,BERABERIA,0.4,33.5,25.1
2025-03-21,A3,BERABERIA,2.1,32.9,21.8
2025-03-22,A3,BERABERIA,9.2,26.8,21.0
2025-03-23,A3,BERABERIA,0.3,29.1,19.8
2025-03-24,A3,BERABERIA,0.0,31.6,19.1
2025-03-25,A3,BERABERIA,0.0,32.8,19.6
2025-03-26,A3,BERABERIA,0.0,35.2,21.6
2025-03-27,A3,BERABERIA,0.0,36.6,23.6
2025-03-28,A3,BERABERIA,0.0,37.9,24.5
2025-03-29,A3,BERABERIA,0.0,37.1,24.7
2025-03-30,A3,BERABERIA,0.0,38.0,25.3
2025-03-31,A3,BERABERIA,0.1,37.2,26.2
2025-04-01,A3,BERABERIA,0.0,36.9,25.8
2025-04-02,A3,BERABERIA,0.6,37.8,25.8
2025-04-03,A3,BERABERIA,0.0,37.4,25.4
2025-04-04,A3,BERABERIA,0.0,34.1,25.8
2025-04-05,A3,BERABERIA,0.0,37.7,25.3
2025-04-06,A3,BERABERIA,0.1,37.5,25.8
2025-04-07,A3,BERABERIA,0.5,36.6,25.3
2025-04-08,A3,BERABERIA,1.0,35.4,25.2
2025-04-09,A3,BERABERIA,0.2,35.6,24.5
2025-04-10,A3,BERABERIA,7.5,35.6,22.1
2025-04-11,A3,BERABERIA,0.0,33.3,22.5
2025-04-12,A3,BERABERIA,1.8,37.0,24.6
2025-04-13,A3,BERABERIA,0.0,34.1,24.8
2025-04-14,A3,BERABERIA,0.9,32.9,24.0
2025-04-15,A3,BERABERIA,0.7,34.0,23.4
2025-04-16,A3,BERABERIA,1.9,34.4,24.7
2025-04-17,A3,BERABERIA,25.4,34.0,23.1
2025-04-18,A3,BERABERIA,2.1,31.4,23.3
2025-04-19,A3,BERABERIA,2.7,30.9,23.5
2025-04-20,A3,BERABERIA,0.7,36.3,25.5
2025-04-21,A3,BERABERIA,0.0,36.6,28.2
2025-04-22,A3,BERABERIA,0.0,37.1,27.7
2025-04-23,A3,BERABERIA,0.0,40.2,27.6
2025-04-24,A3,BERABERIA,0.0,38.3,27.7
2025-04-25,A3,BERABERIA,0.2,39.2,28.0
2025-04-26,A3,BERABERIA,6.5,37.4,27.6
2025-04-27,A3,BERABERIA,0.0,36.8,28.3
2025-04-28,A3,BERABERIA,6.1,30.3,25.5
2025-04-29,A3,BERABERIA,7.1,31.3,22.8
2025-04-30,A3,BERABERIA,0.7,31.0,22.5
2025-05-01,A3,BERABERIA,2.5,31.7,22.6
2025-05-02,A3,BERABERIA,0.0,31.0,21.6
2025-05-03,A3,BERABERIA,0.7,32.6,24.0
2025-05-04,A3,BERABERIA,4.7,32.1,24.2
2025-05-05,A3,BERABERIA,2.9,34.1,24.0
2025-05-06,A3,BERABERIA,12.8,33.9,25.1
2025-05-07,A3,BERABERIA,2.0,35.0,24.6
2025-05-08,A3,BERABERIA,0.0,37.2,27.3
2025-05-09,A3,BERABERIA,0.0,38.1,27.3
2025-05-10,A3,BERABERIA,0.3,37.9,27.7
2025-05-11,A3,BERABERIA,0.0,38.3,28.3
2025-05-12,A3,BERABERIA,0.2,38.1,29.8
2025-05-13,A3,BERABERIA,2.6,36.7,29.2
2025-05-14,A3,BERABERIA,1.9,37.5,28.8
2025-05-15,A3,BERABERIA,7.4,36.8,28.7
2025-05-16,A3,BERABERIA,0.5,35.6,28.6
2025-05-17,A3,BERABERIA,7.3,35.7,25.9
2025-05-18,A3,BERABERIA,4.6,31.6,27.5
2025-05-19,A3,BERABERIA,2.0,35.0,26.1
2025-05-20,A3,BERABERIA,13.5,34.6,25.7
2025-05-21,A3,BERABERIA,20.5,35.0,25.6
2025-05-22,A3,BERABERIA,4.7,32.6,26.3
2025-05-23,A3,BERABERIA,4.7,32.1,26.0
2025-05-24,A3,BERABERIA,9.1,32.5,25.3
2025-05-25,A3,BERABERIA,18.7,31.0,25.7
2025-05-26,A3,BERABERIA,12.6,31.3,25.7
2025-05-27,A3,BERABERIA,4.9,31.1,25.6
2025-05-28,A3,BERABERIA,18.3,31.4,26.2
2025-05-29,A3,BERABERIA,39.0,29.2,25.1
2025-05-30,A3,BERABERIA,15.9,33.4,24.9
2025-05-31,A3,BERABERIA,43.0,32.2,25.7
2025-06-01,A3,BERABERIA,15.5,31.3,26.4
2025-06-02,A3,BERABERIA,0.2,36.0,27.2
2025-06-03,A3,BERABERIA,0.7,35.3,27.2
2025-06-04,A3,BERABERIA,0.7,34.1,27.1
2025-06-05,A3,BERABERIA,2.0,32.0,26.9
2025-06-06,A3,BERABERIA,2.9,33.1,25.7
2025-06-07,A3,BERABERIA,0.0,34.0,25.6
2025-06-08,A3,BERABERIA,1.2,34.3,26.9
2025-06-09,A3,BERABERIA,1.5,33.9,26.9
2025-06-10,A3,BERABERIA,0.3,35.2,26.7
2025-06-11,A3,BERABERIA,0.4,34.4,27.3
2025-06-12,A3,BERABERIA,0.5,34.6,26.3
2025-06-13,A3,BERABERIA,4.7,34.5,27.3
2025-06-14,A3,BERABERIA,0.9,35.3,27.8
2025-06-15,A3,BERABERIA,22.3,31.1,27.2
2025-06-16,A3,BERABERIA,24.8,32.4,26.3
2025-06-17,A3,BERABERIA,33.0,29.2,25.5
2025-06-18,A3,BERABERIA,34.0,29.3,25.5
2025-06-19,A3,BERABERIA,50.4,30.7,24.1
2025-06-20,A3,BERABERIA,2.6,32.5,26.2
2025-06-21,A3,BERABERIA,1.1,33.7,26.5
2025-06-22,A3,BERABERIA,23.7,32.4,25.9
2025-06-23,A3,BERABERIA,16.5,32.1,26.5
2025-06-24,A3,BERABERIA,3.6,32.5,26.3
2025-06-25,A3,BERABERIA,17.8,31.9,26.3
2025-06-26,A3,BERABERIA,5.7,32.3,25.9
2025-06-27,A3,BERABERIA,18.6,31.4,25.4
2025-06-28,A3,BERABERIA,17.8,30.4,25.1
2025-06-29,A3,BERABERIA,47.3,31.0,25.7
2025-06-30,A3,BERABERIA,17.3,30.6,25.5
2025-07-01,A3,BERABERIA,10.9,30.2,25.9
2025-07-02,A3,BERABERIA,27.7,32.2,25.9
2025-07-03,A3,BERABERIA,20.6,31.1,25.8
2025-07-04,A3,BERABERIA,22.9,31.4,25.2
2025-07-05,A3,BERABERIA,4.9,31.3,25.6
2025-07-06,A3,BERABERIA,7.4,29.8,24.8
2025-07-07,A3,BERABERIA,13.1,28.7,25.5
2025-07-08,A3,BERABERIA,28.4,28.4,24.4
2025-07-09,A3,BERABERIA,13.6,30.3,24.8
2025-07-10,A3,BERABERIA,32.9,32.1,24.9
2025-07-11,A3,BERABERIA,16.9,30.9,25.7
2025-07-12,A3,BERABERIA,11.5,33.4,25.6
2025-07-13,A3,BERABERIA,6.5,31.5,26.5
2025-07-14,A3,BERABERIA,37.5,27.7,25.2
2025-07-15,A3,BERABERIA,24.4,30.7,25.0
2025-07-16,A3,BERABERIA,11.3,31.2,26.1
2025-07-17,A3,BERABERIA,0.7,32.9,26.6
2025-07-18,A3,BERABERIA,8.8,32.7,27.0
2025-07-19,A3,BERABERIA,1.5,33.5,27.0
2025-07-20,A3,BERABERIA,1.1,33.0,27.0
2025-07-21,A3,BERABERIA,1.5,32.9,27.2
2025-07-22,A3,BERABERIA,2.2,33.4,26.9
2025-07-23,A3,BERABERIA,0.6,33.9,27.3
2025-07-24,A3,BERABERIA,8.3,32.6,26.9
2025-07-25,A3,BERABERIA,30.2,31.8,26.0
2025-07-26,A3,BERABERIA,6.6,30.9,26.3
2025-07-27,A3,BERABERIA,8.5,32.7,26.3
2025-07-28,A3,BERABERIA,7.8,31.0,26.9
2025-07-29,A3,BERABERIA,66.6,29.5,25.3
2025-07-30,A3,BERABERIA,31.8,29.0,25.2
2025-07-31,A3,BERABERIA,56.3,29.2,25.0
2025-08-01,A3,BERABERIA,24.5,32.0,25.7
2025-08-02,A3,BERABERIA,8.3,32.3,26.0
2025-08-03,A3,BERABERIA,13.0,32.5,26.8
2025-08-04,A3,BERABERIA,19.4,31.9,25.9
2025-08-05,A3,BERABERIA,17.9,32.7,26.2
2025-08-06,A3,BERABERIA,11.1,29.8,25.2
2025-08-07,A3,BERABERIA,6.5,31.6,25.5
2025-08-08,A3,BERABERIA,2.6,31.0,24.5
2025-08-09,A3,BERABERIA,4.5,31.6,25.1
2025-08-10,A3,BERABERIA,0.3,32.9,26.8
2025-08-11,A3,BERABERIA,5.7,32.1,26.8
2025-08-12,A3,BERABERIA,3.8,33.7,26.8
2025-08-13,A3,BERABERIA,16.1,31.0,26.5
2025-08-14,A3,BERABERIA,8.7,29.8,25.8
2025-08-15,A3,BERABERIA,14.7,31.4,25.4
2025-08-16,A3,BERABERIA,6.7,32.5,26.0
2025-08-17,A3,BERABERIA,13.4,32.2,26.2
2025-08-18,A3,BERABERIA,9.5,31.8,26.3
2025-08-19,A3,BERABERIA,17.6,30.3,25.7
2025-08-20,A3,BERABERIA,3.2,29.9,25.6
2025-08-21,A3,BERABERIA,50.4,29.1,24.6
2025-08-22,A3,BERABERIA,18.6,30.2,24.7
2025-08-23,A3,BERABERIA,6.4,28.6,24.7
2025-08-24,A3,BERABERIA,9.9,30.6,24.7
2025-08-25,A3,BERABERIA,6.0,31.9,24.8
2025-08-26,A3,BERABERIA,2.1,32.0,25.7
2025-08-27,A3,BERABERIA,6.8,31.9,25.7
2025-08-28,A3,BERABERIA,15.8,31.3,25.9
2025-08-29,A3,BERABERIA,19.4,30.1,25.7
2025-08-30,A3,BERABERIA,12.8,31.0,25.7
2025-08-31,A3,BERABERIA,2.3,32.4,25.4
2025-09-01,A3,BERABERIA,17.1,33.7,25.9
2025-09-02,A3,BERABERIA,17.7,30.5,25.7
2025-09-03,A3,BERABERIA,25.9,29.2,25.2
2025-09-04,A3,BERABERIA,10.1,30.5,25.6
2025-09-05,A3,BERABERIA,9.8,32.2,25.7
2025-09-06,A3,BERABERIA,1.3,32.6,25.5
2025-09-07,A3,BERABERIA,0.2,33.3,25.9
2025-09-08,A3,BERABERIA,0.6,33.0,25.9
2025-09-09,A3,BERABERIA,0.1,33.5,26.1
2025-09-10,A3,BERABERIA,0.0,34.2,26.6
2025-09-11,A3,BERABERIA,6.6,33.4,26.4
2025-09-12,A3,BERABERIA,15.7,31.6,25.3
2025-09-13,A3,BERABERIA,8.3,31.0,25.9
2025-09-14,A3,BERABERIA,13.5,31.2,26.3
2025-09-15,A3,BERABERIA,25.3,29.5,24.3
2025-09-16,A3,BERABERIA,7.9,30.0,24.5
2025-09-17,A3,BERABERIA,6.4,31.2,25.3
2025-09-18,A3,BERABERIA,3.2,32.2,26.5
2025-09-19,A3,BERABERIA,13.0,30.9,25.9
2025-09-20,A3,BERABERIA,6.5,32.4,26.2
2025-09-21,A3,BERABERIA,4.3,32.6,25.4
2025-09-22,A3,BERABERIA,16.2,30.0,25.5
2025-09-23,A3,BERABERIA,11.6,30.9,24.8
2025-09-24,A3,BERABERIA,10.5,31.5,25.1
2025-09-25,A3,BERABERIA,13.3,33.1,25.5
2025-09-26,A3,BERABERIA,9.3,31.7,25.6
2025-09-27,A3,BERABERIA,6.6,30.5,25.9
2025-09-28,A3,BERABERIA,7.7,31.8,25.5
2025-09-29,A3,BERABERIA,0.6,32.4,25.8
2025-09-30,A3,BERABERIA,7.4,32.4,26.2
2025-10-01,A3,BERABERIA,11.2,31.7,24.6
2025-10-02,A3,BERABERIA,41.7,27.4,24.5
2025-10-03,A3,BERABERIA,8.2,29.9,25.2
2025-10-04,A3,BERABERIA,12.2,32.0,25.3
2025-10-05,A3,BERABERIA,22.4,30.4,24.8
2025-10-06,A3,BERABERIA,6.4,29.3,24.7
2025-10-07,A3,BERABERIA,3.6,31.2,25.0
2025-10-08,A3,BERABERIA,8.9,30.7,24.8
2025-10-09,A3,BERABERIA,7.0,31.6,25.2
2025-10-10,A3,BERABERIA,7.3,31.5,24.5
2025-10-11,A3,BERABERIA,2.1,30.6,23.9
2025-10-12,A3,BERABERIA,0.0,31.3,24.8
2025-10-13,A3,BERABERIA,0.0,30.8,23.8
2025-10-14,A3,BERABERIA,0.0,31.2,23.6
2025-10-15,A3,BERABERIA,0.0,31.2,23.4
2025-10-16,A3,BERABERIA,0.0,31.0,22.2
2025-10-17,A3,BERABERIA,0.0,32.1,22.7
2025-10-18,A3,BERABERIA,1.2,32.0,24.1
2025-10-19,A3,BERABERIA,0.4,32.9,24.2
2025-10-20,A3,BERABERIA,0.0,33.2,24.4
2025-10-21,A3,BERABERIA,0.0,33.0,24.2
2025-10-22,A3,BERABERIA,0.0,32.5,23.5
2025-10-23,A3,BERABERIA,0.0,32.4,23.5
2025-10-24,A3,BERABERIA,0.0,32.3,23.4
2025-10-25,A3,BERABERIA,0.0,32.2,23.5
2025-10-26,A3,BERABERIA,0.0,32.2,24.4
2025-10-27,A3,BERABERIA,0.1,32.2,24.3
2025-10-28,A3,BERABERIA,0.8,32.7,24.8
2025-10-29,A3,BERABERIA,14.2,28.3,24.6
2025-10-30,A3,BERABERIA,9.9,29.9,23.9
2025-10-31,A3,BERABERIA,0.6,31.6,24.8
2025-11-01,A3,BERABERIA,17.0,30.4,25.2
2025-11-02,A3,BERABERIA,0.0,28.6,23.6
2025-11-03,A3,BERABERIA,0.0,29.7,22.3
2025-11-04,A3,BERABERIA,0.0,29.6,19.9
2025-11-05,A3,BERABERIA,0.0,29.8,21.4
2025-11-06,A3,BERABERIA,0.3,30.0,21.6
2025-11-07,A3,BERABERIA,0.0,30.0,22.8
2025-11-08,A3,BERABERIA,0.0,29.2,19.9
2025-11-09,A3,BERABERIA,0.0,28.0,17.8
2025-11-10,A3,BERABERIA,0.0,28.6,18.3
2025-11-11,A3,BERABERIA,0.0,27.6,17.1
2025-11-12,A3,BERABERIA,0.0,26.7,17.0
2025-11-13,A3,BERABERIA,0.0,26.9,16.2
2025-11-14,A3,BERABERIA,0.0,26.9,16.4
2025-11-15,A3,BERABERIA,0.0,27.1,16.9
2025-11-16,A3,BERABERIA,0.0,27.0,16.6
2025-11-17,A3,BERABERIA,0.0,27.2,18.0
2025-11-18,A3,BERABERIA,0.0,28.0,17.7
2025-11-19,A3,BERABERIA,0.0,28.9,16.9
2025-11-20,A3,BERABERIA,0.0,28.4,17.8
2025-11-21,A3,BERABERIA,0.0,28.4,18.1
2025-11-22,A3,BERABERIA,0.0,28.0,17.3
2025-11-23,A3,BERABERIA,0.0,28.0,17.5
2025-11-24,A3,BERABERIA,0.0,27.2,17.3
2025-11-25,A3,BERABERIA,0.0,26.5,16.4
2025-11-26,A3,BERABERIA,0.0,26.3,15.9
2025-11-27,A3,BERABERIA,0.0,27.4,16.1
2025-11-28,A3,BERABERIA,0.0,27.8,16.6
2025-11-29,A3,BERABERIA,0.0,27.6,16.8
2025-11-30,A3,BERABERIA,0.0,27.5,16.9
2025-12-01,A3,BERABERIA,0.0,27.2,17.5
2025-12-02,A3,BERABERIA,0.0,27.3,18.2
2025-12-03,A3,BERABERIA,0.0,26.6,16.5
2025-12-04,A3,BERABERIA,0.0,25.9,14.9
2025-12-05,A3,BERABERIA,0.0,26.2,15.8
2025-12-06,A3,BERABERIA,0.0,25.3,13.7
2025-12-07,A3,BERABERIA,0.0,25.5,14.0
2025-12-08,A3,BERABERIA,0.0,25.5,14.4
2025-12-09,A3,BERABERIA,0.0,25.8,14.5
2025-12-10,A3,BERABERIA,0.0,25.9,15.1
2025-12-11,A3,BERABERIA,0.0,25.7,14.5
2025-12-12,A3,BERABERIA,0.0,25.8,14.5
2025-12-13,A3,BERABERIA,0.0,26.0,15.0
2025-12-14,A3,BERABERIA,0.0,27.0,15.5
2025-12-15,A3,BERABERIA,0.0,26.8,15.6
2025-12-16,A3,BERABERIA,0.0,25.7,15.1
2025-12-17,A3,BERABERIA,0.0,25.6,15.0
2025-12-18,A3,BERABERIA,0.0,27.1,15.7
2025-12-19,A3,BERABERIA,0.0,26.6,16.0
2025-12-20,A3,BERABERIA,0.3,24.3,16.3
2025-12-21,A3,BERABERIA,0.0,24.2,14.8
2025-12-22,A3,BERABERIA,0.0,25.1,14.7
2025-12-23,A3,BERABERIA,0.0,24.4,14.4
2025-12-24,A3,BERABERIA,0.0,24.1,14.0
2025-12-25,A3,BERABERIA,0.0,22.1,13.0
2025-12-26,A3,BERABERIA,0.0,22.3,11.6
2025-12-27,A3,BERABERIA,0.0,23.3,12.5
2025-12-28,A3,BERABERIA,0.0,22.4,13.0
2025-12-29,A3,BERABERIA,0.0,21.0,12.2
2025-12-30,A3,BERABERIA,0.0,20.1,11.1
2025-12-31,A3,BERABERIA,0.0,21.4,9.9
2024-01-01,A4,BODAI,0.0,24.8,14.5
2024-01-02,A4,BODAI,0.0,23.2,13.1
2024-01-03,A4,BODAI,0.0,24.3,12.3
2024-01-04,A4,BODAI,0.0,25.1,11.9
2024-01-05,A4,BODAI,0.0,25.6,12.6
2024-01-06,A4,BODAI,0.0,26.3,13.0
2024-01-07,A4,BODAI,0.0,25.9,15.0
2024-01-08,A4,BODAI,0.0,25.6,15.2
2024-01-09,A4,BODAI,0.0,25.0,13.6
2024-01-10,A4,BODAI,0.0,25.6,12.5
2024-01-11,A4,BODAI,0.0,24.8,13.4
2024-01-12,A4,BODAI,0.0,22.6,11.3
2024-01-13,A4,BODAI,0.0,22.5,9.9
2024-01-14,A4,BODAI,0.0,22.1,10.2
2024-01-15,A4,BODAI,0.0,21.7,10.1
2024-01-16,A4,BODAI,0.0,22.0,10.4
2024-01-17,A4,BODAI,0.1,23.3,10.1
2024-01-18,A4,BODAI,4.2,21.8,14.8
2024-01-19,A4,BODAI,0.0,22.9,14.7
2024-01-20,A4,BODAI,0.0,22.3,12.4
2024-01-21,A4,BODAI,0.0,22.3,13.0
2024-01-22,A4,BODAI,0.0,20.9,10.6
2024-01-23,A4,BODAI,0.0,22.3,9.0
2024-01-24,A4,BODAI,3.2,21.5,15.0
2024-01-25,A4,BODAI,0.0,22.8,12.8
2024-01-26,A4,BODAI,0.0,22.7,11.9
2024-01-27,A4,BODAI,0.0,22.7,10.8
2024-01-28,A4,BODAI,0.0,23.3,10.1
2024-01-29,A4,BODAI,0.0,24.7,10.8
2024-01-30,A4,BODAI,0.7,26.2,12.9
2024-01-31,A4,BODAI,27.1,25.1,17.4
2024-02-01,A4,BODAI,6.3,24.5,16.2
2024-02-02,A4,BODAI,0.1,26.5,16.4
2024-02-03,A4,BODAI,0.0,25.8,15.2
2024-02-04,A4,BODAI,0.0,26.0,12.4
2024-02-05,A4,BODAI,0.0,26.8,14.5
2024-02-06,A4,BODAI,0.7,27.0,17.8
2024-02-07,A4,BODAI,0.0,25.2,17.9
2024-02-08,A4,BODAI,0.0,24.2,14.4
2024-02-09,A4,BODAI,0.0,22.9,12.2
2024-02-10,A4,BODAI,0.0,24.6,11.4
2024-02-11,A4,BODAI,0.0,26.4,11.9
2024-02-12,A4,BODAI,0.0,27.3,13.8
2024-02-13,A4,BODAI,0.0,28.9,16.7
2024-02-14,A4,BODAI,0.0,28.3,15.8
2024-02-15,A4,BODAI,0.6,27.8,17.0
2024-02-16,A4,BODAI,0.0,28.5,17.3
2024-02-17,A4,BODAI,0.0,27.7,15.0
2024-02-18,A4,BODAI,0.2,28.6,14.9
2024-02-19,A4,BODAI,0.4,29.6,17.8
2024-02-20,A4,BODAI,0.3,31.4,20.8
2024-02-21,A4,BODAI,0.0,32.7,20.2
2024-02-22,A4,BODAI,0.1,28.8,20.5
2024-02-23,A4,BODAI,0.0,28.4,19.3
2024-02-24,A4,BODAI,0.0,28.2,16.7
2024-02-25,A4,BODAI,0.5,25.0,17.9
2024-02-26,A4,BODAI,0.0,28.0,16.9
2024-02-27,A4,BODAI,0.0,28.5,17.2
2024-02-28,A4,BODAI,0.0,29.1,17.8
2024-02-29,A4,BODAI,0.0,29.6,17.8
2024-03-01,A4,BODAI,0.0,30.2,16.4
2024-03-02,A4,BODAI,0.0,30.6,15.9
2024-03-03,A4,BODAI,0.2,31.2,18.7
2024-03-04,A4,BODAI,1.1,31.2,19.2
2024-03-05,A4,BODAI,0.0,30.4,19.8
2024-03-06,A4,BODAI,0.0,28.9,17.8
2024-03-07,A4,BODAI,0.0,28.3,18.4
2024-03-08,A4,BODAI,0.0,29.9,18.4
2024-03-09,A4,BODAI,0.0,29.3,15.1
2024-03-10,A4,BODAI,0.0,29.2,14.7
2024-03-11,A4,BODAI,0.0,30.6,14.5
2024-03-12,A4,BODAI,0.0,32.7,19.6
2024-03-13,A4,BODAI,0.6,33.6,23.2
2024-03-14,A4,BODAI,12.3,31.8,21.5
2024-03-15,A4,BODAI,0.9,33.4,21.9
2024-03-16,A4,BODAI,1.4,31.7,22.5
2024-03-17,A4,BODAI,0.0,31.6,21.4
2024-03-18,A4,BODAI,2.0,29.6,21.7
2024-03-19,A4,BODAI,11.9,30.2,22.6
2024-03-20,A4,BODAI,12.9,23.5,18.4
2024-03-21,A4,BODAI,7.4,26.5,18.3
2024-03-22,A4,BODAI,0.3,27.5,16.7
2024-03-23,A4,BODAI,5.0,31.9,19.1
2024-03-24,A4,BODAI,0.0,33.7,23.7
2024-03-25,A4,BODAI,15.3,33.0,22.7
2024-03-26,A4,BODAI,0.0,32.4,23.8
2024-03-27,A4,BODAI,0.1,34.4,22.7
2024-03-28,A4,BODAI,0.3,32.8,22.3
2024-03-29,A4,BODAI,0.2,34.2,24.7
2024-03-30,A4,BODAI,0.3,35.7,24.8
2024-03-31,A4,BODAI,4.8,34.7,25.1
2024-04-01,A4,BODAI,0.0,36.4,25.1
2024-04-02,A4,BODAI,0.0,35.7,23.9
2024-04-03,A4,BODAI,0.0,36.0,25.1
2024-04-04,A4,BODAI,23.9,37.2,25.9
2024-04-05,A4,BODAI,0.0,37.4,26.3
2024-04-06,A4,BODAI,0.2,37.8,25.9
2024-04-07,A4,BODAI,1.0,36.2,25.8
2024-04-08,A4,BODAI,0.0,31.3,22.6
2024-04-09,A4,BODAI,0.0,34.7,22.1
2024-04-10,A4,BODAI,0.0,35.8,22.7
2024-04-11,A4,BODAI,6.0,33.2,23.9
2024-04-12,A4,BODAI,0.0,35.0,23.5
2024-04-13,A4,BODAI,0.0,36.1,23.7
2024-04-14,A4,BODAI,0.0,36.9,23.2
2024-04-15,A4,BODAI,0.0,38.2,23.9
2024-04-16,A4,BODAI,0.0,38.2,26.3
2024-04-17,A4,BODAI,0.0,37.9,27.2
2024-04-18,A4,BODAI,0.0,38.3,25.6
2024-04-19,A4,BODAI,0.0,40.3,24.9
2024-04-20,A4,BODAI,0.0,41.6,26.0
2024-04-21,A4,BODAI,0.0,40.8,27.1
2024-04-22,A4,BODAI,0.0,39.9,25.9
2024-04-23,A4,BODAI,0.0,38.4,26.5
2024-04-24,A4,BODAI,0.0,40.2,27.1
2024-04-25,A4,BODAI,0.0,40.3,24.8
2024-04-26,A4,BODAI,0.0,40.8,27.1
2024-04-27,A4,BODAI,0.0,41.4,27.8
2024-04-28,A4,BODAI,0.9,40.1,28.3
2024-04-29,A4,BODAI,0.0,41.7,28.5
2024-04-30,A4,BODAI,0.0,43.7,29.2
2024-05-01,A4,BODAI,0.0,41.5,28.7
2024-05-02,A4,BODAI,0.0,41.1,29.4
2024-05-03,A4,BODAI,0.0,40.2,26.1
2024-05-04,A4,BODAI,0.1,39.9,27.4
2024-05-05,A4,BODAI,0.5,37.9,28.5
2024-05-06,A4,BODAI,86.6,37.3,24.8
2024-05-07,A4,BODAI,2.1,33.4,24.3
2024-05-08,A4,BODAI,3.6,30.4,23.8
2024-05-09,A4,BODAI,9.0,31.3,24.0
2024-05-10,A4,BODAI,10.1,31.3,23.6
2024-05-11,A4,BODAI,16.1,31.5,25.0
2024-05-12,A4,BODAI,3.3,32.7,25.0
2024-05-13,A4,BODAI,0.0,33.6,24.0
2024-05-14,A4,BODAI,2.5,34.0,25.1
2024-05-15,A4,BODAI,0.0,35.2,26.0
2024-05-16,A4,BODAI,0.0,35.6,26.1
2024-05-17,A4,BODAI,0.0,37.4,27.3
2024-05-18,A4,BODAI,0.0,36.5,28.7
2024-05-19,A4,BODAI,0.1,33.8,28.8
2024-05-20,A4,BODAI,12.9,33.2,26.9
2024-05-21,A4,BODAI,7.0,33.3,26.4
2024-05-22,A4,BODAI,2.1,33.8,26.7
2024-05-23,A4,BODAI,0.0,35.0,26.0
2024-05-24,A4,BODAI,0.0,35.6,26.3
2024-05-25,A4,BODAI,0.1,36.5,27.4
2024-05-26,A4,BODAI,30.6,30.7,26.8
2024-05-27,A4,BODAI,70.7,27.6,26.1
2024-05-28,A4,BODAI,0.1,35.5,26.4
2024-05-29,A4,BODAI,0.0,35.9,29.3
2024-05-30,A4,BODAI,0.2,35.3,29.4
2024-05-31,A4,BODAI,0.0,34.9,28.5
2024-06-01,A4,BODAI,0.8,34.6,28.1
2024-06-02,A4,BODAI,2.7,34.2,29.0
2024-06-03,A4,BODAI,0.5,34.5,28.3
2024-06-04,A4,BODAI,0.0,35.7,28.6
2024-06-05,A4,BODAI,0.4,35.8,28.0
2024-06-06,A4,BODAI,2.4,36.5,26.7
2024-06-07,A4,BODAI,0.0,36.3,25.9
2024-06-08,A4,BODAI,0.0,35.6,28.0
2024-06-09,A4,BODAI,0.0,36.5,28.2
2024-06-10,A4,BODAI,0.0,36.4,28.5
2024-06-11,A4,BODAI,0.0,36.7,28.9
2024-06-12,A4,BODAI,0.0,35.3,28.3
2024-06-13,A4,BODAI,0.0,36.0,28.6
2024-06-14,A4,BODAI,0.0,37.2,29.1
2024-06-15,A4,BODAI,0.0,37.3,29.4
2024-06-16,A4,BODAI,0.0,36.9,29.4
2024-06-17,A4,BODAI,0.1,36.8,29.2
2024-06-18,A4,BODAI,10.9,32.5,28.4
2024-06-19,A4,BODAI,8.1,34.6,28.5
2024-06-20,A4,BODAI,31.5,33.8,27.9
2024-06-21,A4,BODAI,3.9,32.0,27.2
2024-06-22,A4,BODAI,1.9,33.3,26.4
2024-06-23,A4,BODAI,3.3,33.6,26.7
2024-06-24,A4,BODAI,0.8,34.0,27.2
2024-06-25,A4,BODAI,0.6,34.0,28.0
2024-06-26,A4,BODAI,0.7,34.3,27.3
2024-06-27,A4,BODAI,10.2,32.1,27.4
2024-06-28,A4,BODAI,7.8,33.0,27.2
2024-06-29,A4,BODAI,7.0,31.6,26.8
2024-06-30,A4,BODAI,34.0,32.0,26.4
2024-07-01,A4,BODAI,18.6,31.4,25.9
2024-07-02,A4,BODAI,25.4,30.5,25.9
2024-07-03,A4,BODAI,11.2,30.7,25.8
2024-07-04,A4,BODAI,21.9,30.7,25.4
2024-07-05,A4,BODAI,27.6,32.4,25.7
2024-07-06,A4,BODAI,2.7,32.1,26.1
2024-07-07,A4,BODAI,11.7,32.0,26.4
2024-07-08,A4,BODAI,1.3,32.3,26.2
2024-07-09,A4,BODAI,3.5,31.5,27.0
2024-07-10,A4,BODAI,1.8,32.8,27.5
2024-07-11,A4,BODAI,27.9,32.8,27.6
2024-07-12,A4,BODAI,8.8,32.0,26.0
2024-07-13,A4,BODAI,5.5,32.8,25.4
2024-07-14,A4,BODAI,3.8,32.6,26.3
2024-07-15,A4,BODAI,1.9,32.6,27.0
2024-07-16,A4,BODAI,4.2,32.3,26.6
2024-07-17,A4,BODAI,6.8,33.1,26.6
2024-07-18,A4,BODAI,1.5,33.4,26.7
2024-07-19,A4,BODAI,5.6,32.4,27.3
2024-07-20,A4,BODAI,2.7,32.4,27.1
2024-07-21,A4,BODAI,9.7,32.2,27.0
2024-07-22,A4,BODAI,12.6,31.3,26.7
2024-07-23,A4,BODAI,15.6,32.3,25.9
2024-07-24,A4,BODAI,13.3,32.6,26.6
2024-07-25,A4,BODAI,8.7,32.4,26.3
2024-07-26,A4,BODAI,21.8,31.4,26.2
2024-07-27,A4,BODAI,5.9,32.3,27.0
2024-07-28,A4,BODAI,21.8,31.1,26.3
2024-07-29,A4,BODAI,8.3,32.0,26.4
2024-07-30,A4,BODAI,5.2,33.0,26.2
2024-07-31,A4,BODAI,28.3,32.0,25.9
2024-08-01,A4,BODAI,67.5,28.9,25.3
2024-08-02,A4,BODAI,31.4,30.1,25.6
2024-08-03,A4,BODAI,28.2,31.0,24.9
2024-08-04,A4,BODAI,38.3,30.9,24.7
2024-08-05,A4,BODAI,18.6,32.4,24.8
2024-08-06,A4,BODAI,9.9,31.3,26.2
2024-08-07,A4,BODAI,3.0,30.5,25.8
2024-08-08,A4,BODAI,11.9,31.0,25.9
2024-08-09,A4,BODAI,11.5,30.9,25.3
2024-08-10,A4,BODAI,32.7,32.2,24.9
2024-08-11,A4,BODAI,10.0,32.3,25.1
2024-08-12,A4,BODAI,11.5,32.4,25.4
2024-08-13,A4,BODAI,13.0,32.3,25.4
2024-08-14,A4,BODAI,16.6,32.4,25.0
2024-08-15,A4,BODAI,9.2,32.9,25.7
2024-08-16,A4,BODAI,1.1,31.3,25.2
2024-08-17,A4,BODAI,16.8,32.8,25.3
2024-08-18,A4,BODAI,16.5,29.4,25.2
2024-08-19,A4,BODAI,17.0,30.6,25.7
2024-08-20,A4,BODAI,19.2,30.9,24.8
2024-08-21,A4,BODAI,29.5,31.8,24.9
2024-08-22,A4,BODAI,24.7,31.5,25.6
2024-08-23,A4,BODAI,33.6,30.5,24.6
2024-08-24,A4,BODAI,5.0,29.2,25.0
2024-08-25,A4,BODAI,42.7,29.4,24.2
2024-08-26,A4,BODAI,29.0,29.6,24.6
2024-08-27,A4,BODAI,23.8,30.5,24.6
2024-08-28,A4,BODAI,6.8,32.0,24.7
2024-08-29,A4,BODAI,5.5,32.3,25.5
2024-08-30,A4,BODAI,0.3,32.9,24.9
2024-08-31,A4,BODAI,3.6,32.3,26.2
2024-09-01,A4,BODAI,10.6,30.5,26.2
2024-09-02,A4,BODAI,3.0,32.2,25.5
2024-09-03,A4,BODAI,6.7,31.9,25.3
2024-09-04,A4,BODAI,9.4,31.4,25.6
2024-09-05,A4,BODAI,3.1,32.4,25.4
2024-09-06,A4,BODAI,2.3,33.2,25.9
2024-09-07,A4,BODAI,14.8,33.6,25.5
2024-09-08,A4,BODAI,7.7,32.1,26.2
2024-09-09,A4,BODAI,3.6,32.3,26.5
2024-09-10,A4,BODAI,5.7,31.6,25.9
2024-09-11,A4,BODAI,10.0,32.3,26.1
2024-09-12,A4,BODAI,15.9,32.0,26.2
2024-09-13,A4,BODAI,28.3,32.2,25.7
2024-09-14,A4,BODAI,48.7,27.6,25.1
2024-09-15,A4,BODAI,18.8,28.6,24.9
2024-09-16,A4,BODAI,16.9,27.9,25.2
2024-09-17,A4,BODAI,0.2,32.3,25.6
2024-09-18,A4,BODAI,0.0,32.8,24.4
2024-09-19,A4,BODAI,3.2,32.8,25.8
2024-09-20,A4,BODAI,0.6,33.9,26.4
2024-09-21,A4,BODAI,3.7,33.4,26.1
2024-09-22,A4,BODAI,0.0,34.1,26.8
2024-09-23,A4,BODAI,8.0,34.1,26.1
2024-09-24,A4,BODAI,10.5,30.7,26.3
2024-09-25,A4,BODAI,26.3,28.8,24.1
2024-09-26,A4,BODAI,26.5,28.4,24.4
2024-09-27,A4,BODAI,12.2,30.8,24.6
2024-09-28,A4,BODAI,4.1,31.6,25.0
2024-09-29,A4,BODAI,5.5,32.2,26.2
2024-09-30,A4,BODAI,0.4,33.2,26.0
2024-10-01,A4,BODAI,9.5,34.0,26.4
2024-10-02,A4,BODAI,8.4,32.1,24.6
2024-10-03,A4,BODAI,19.3,30.8,26.0
2024-10-04,A4,BODAI,31.9,30.4,24.8
2024-10-05,A4,BODAI,22.9,30.4,24.7
2024-10-06,A4,BODAI,7.9,30.4,24.5
2024-10-07,A4,BODAI,9.6,30.9,24.0
2024-10-08,A4,BODAI,8.3,30.7,25.3
2024-10-09,A4,BODAI,10.3,30.3,24.8
2024-10-10,A4,BODAI,12.4,30.7,24.7
2024-10-11,A4,BODAI,5.3,32.0,25.2
2024-10-12,A4,BODAI,6.9,31.9,24.6
2024-10-13,A4,BODAI,1.2,32.0,24.6
2024-10-14,A4,BODAI,0.0,32.1,23.9
2024-10-15,A4,BODAI,9.0,31.6,24.3
2024-10-16,A4,BODAI,0.1,31.3,23.9
2024-10-17,A4,BODAI,8.2,31.1,23.8
2024-10-18,A4,BODAI,5.4,29.5,23.4
2024-10-19,A4,BODAI,9.0,30.2,23.4
2024-10-20,A4,BODAI,0.0,30.6,23.5
2024-10-21,A4,BODAI,0.0,30.6,23.7
2024-10-22,A4,BODAI,0.0,31.0,22.6
2024-10-23,A4,BODAI,12.6,29.9,24.0
2024-10-24,A4,BODAI,14.5,27.1,24.1
2024-10-25,A4,BODAI,28.6,25.9,23.7
2024-10-26,A4,BODAI,2.8,31.5,24.5
2024-10-27,A4,BODAI,0.3,31.1,23.5
2024-10-28,A4,BODAI,0.3,31.4,23.1
2024-10-29,A4,BODAI,0.0,31.3,23.4
2024-10-30,A4,BODAI,0.6,31.1,23.6
2024-10-31,A4,BODAI,0.8,31.2,23.8
2024-11-01,A4,BODAI,0.0,32.3,23.0
2024-11-02,A4,BODAI,0.0,31.4,20.9
2024-11-03,A4,BODAI,0.0,30.7,20.6
2024-11-04,A4,BODAI,0.0,30.5,20.8
2024-11-05,A4,BODAI,0.4,29.8,21.9
2024-11-06,A4,BODAI,0.5,29.4,21.8
2024-11-07,A4,BODAI,0.3,30.0,20.6
2024-11-08,A4,BODAI,0.0,30.2,21.4
2024-11-09,A4,BODAI,0.0,29.7,20.9
2024-11-10,A4,BODAI,0.0,30.1,20.4
2024-11-11,A4,BODAI,0.0,30.2,20.2
2024-11-12,A4,BODAI,0.0,30.2,19.8
2024-11-13,A4,BODAI,0.0,31.2,20.3
2024-11-14,A4,BODAI,0.0,31.1,20.2
2024-11-15,A4,BODAI,0.0,30.9,19.0
2024-11-16,A4,BODAI,0.0,29.7,17.8
2024-11-17,A4,BODAI,0.0,29.1,17.8
2024-11-18,A4,BODAI,0.0,28.8,17.1
2024-11-19,A4,BODAI,0.0,28.3,17.6
2024-11-20,A4,BODAI,0.0,29.4,17.4
2024-11-21,A4,BODAI,0.0,29.2,18.4
2024-11-22,A4,BODAI,0.0,29.2,17.9
2024-11-23,A4,BODAI,0.0,29.0,17.7
2024-11-24,A4,BODAI,0.0,28.4,16.5
2024-11-25,A4,BODAI,0.0,27.8,16.2
2024-11-26,A4,BODAI,0.0,27.8,16.1
2024-11-27,A4,BODAI,0.0,28.3,16.4
2024-11-28,A4,BODAI,0.0,28.1,16.9
2024-11-29,A4,BODAI,0.3,27.1,19.6
2024-11-30,A4,BODAI,19.3,23.2,18.5
2024-12-01,A4,BODAI,0.0,28.1,18.3
2024-12-02,A4,BODAI,0.3,22.8,19.1
2024-12-03,A4,BODAI,0.0,28.3,18.2
2024-12-04,A4,BODAI,0.0,27.9,16.2
2024-12-05,A4,BODAI,0.0,28.8,15.6
2024-12-06,A4,BODAI,0.0,27.0,15.4
2024-12-07,A4,BODAI,0.0,25.9,14.0
2024-12-08,A4,BODAI,0.0,25.6,13.1
2024-12-09,A4,BODAI,0.0,26.0,14.4
2024-12-10,A4,BODAI,0.2,26.0,16.2
2024-12-11,A4,BODAI,0.0,24.3,14.2
2024-12-12,A4,BODAI,0.0,23.8,12.1
2024-12-13,A4,BODAI,0.0,23.4,11.4
2024-12-14,A4,BODAI,0.0,23.2,11.8
2024-12-15,A4,BODAI,0.0,23.8,10.8
2024-12-16,A4,BODAI,0.0,24.6,12.3
2024-12-17,A4,BODAI,0.0,25.5,13.0
2024-12-18,A4,BODAI,0.0,26.6,14.1
2024-12-19,A4,BODAI,0.0,25.9,14.3
2024-12-20,A4,BODAI,0.4,25.5,13.8
2024-12-21,A4,BODAI,2.2,20.4,15.4
2024-12-22,A4,BODAI,0.0,25.1,14.8
2024-12-23,A4,BODAI,0.0,26.2,15.1
2024-12-24,A4,BODAI,0.0,25.7,15.2
2024-12-25,A4,BODAI,0.0,25.5,17.0
2024-12-26,A4,BODAI,0.0,26.8,15.9
2024-12-27,A4,BODAI,0.0,26.6,14.8
2024-12-28,A4,BODAI,0.0,25.9,13.9
2024-12-29,A4,BODAI,0.0,26.7,15.2
2024-12-30,A4,BODAI,0.0,26.1,16.3
2024-12-31,A4,BODAI,0.0,23.9,15.1
2025-01-01,A4,BODAI,0.0,22.8,12.8
2025-01-02,A4,BODAI,0.0,22.2,12.1
2025-01-03,A4,BODAI,0.0,22.3,10.9
2025-01-04,A4,BODAI,0.0,23.7,12.7
2025-01-05,A4,BODAI,0.0,24.3,13.5
2025-01-06,A4,BODAI,0.0,24.4,12.4
2025-01-07,A4,BODAI,0.0,25.8,14.1
2025-01-08,A4,BODAI,0.0,22.4,13.2
2025-01-09,A4,BODAI,0.0,21.9,11.9
2025-01-10,A4,BODAI,0.0,22.6,12.0
2025-01-11,A4,BODAI,0.0,23.2,11.2
2025-01-12,A4,BODAI,0.0,24.7,12.5
2025-01-13,A4,BODAI,0.0,26.3,13.5
2025-01-14,A4,BODAI,0.0,25.1,15.1
2025-01-15,A4,BODAI,0.0,24.2,14.0
2025-01-16,A4,BODAI,0.0,24.3,12.6
2025-01-17,A4,BODAI,0.0,24.5,13.9
2025-01-18,A4,BODAI,0.0,24.5,13.7
2025-01-19,A4,BODAI,0.0,24.4,13.2
2025-01-20,A4,BODAI,0.0,23.8,12.2
2025-01-21,A4,BODAI,0.0,25.3,13.0
2025-01-22,A4,BODAI,0.0,26.2,13.7
2025-01-23,A4,BODAI,0.0,27.6,13.4
2025-01-24,A4,BODAI,0.0,27.8,14.5
2025-01-25,A4,BODAI,0.3,25.4,16.1
2025-01-26,A4,BODAI,0.0,24.3,13.3
2025-01-27,A4,BODAI,0.0,24.0,12.7
2025-01-28,A4,BODAI,0.0,25.6,12.6
2025-01-29,A4,BODAI,0.2,26.9,14.5
2025-01-30,A4,BODAI,0.1,29.1,17.5
2025-01-31,A4,BODAI,0.1,29.1,19.2
2025-02-01,A4,BODAI,0.5,28.8,20.0
2025-02-02,A4,BODAI,0.2,28.5,20.2
2025-02-03,A4,BODAI,0.0,28.5,18.7
2025-02-04,A4,BODAI,0.0,27.1,16.6
2025-02-05,A4,BODAI,0.0,29.0,15.9
2025-02-06,A4,BODAI,0.0,28.7,18.8
2025-02-07,A4,BODAI,0.0,25.6,14.4
2025-02-08,A4,BODAI,0.0,25.4,13.2
2025-02-09,A4,BODAI,0.0,26.0,13.4
2025-02-10,A4,BODAI,0.0,29.3,14.2
2025-02-11,A4,BODAI,0.0,29.9,18.8
2025-02-12,A4,BODAI,0.4,29.7,19.3
2025-02-13,A4,BODAI,0.1,30.2,20.6
2025-02-14,A4,BODAI,0.0,27.8,15.7
2025-02-15,A4,BODAI,0.0,28.8,15.4
2025-02-16,A4,BODAI,0.0,30.7,16.3
2025-02-17,A4,BODAI,0.1,31.1,18.6
2025-02-18,A4,BODAI,0.2,29.8,18.4
2025-02-19,A4,BODAI,1.4,28.3,18.7
2025-02-20,A4,BODAI,5.0,27.0,18.7
2025-02-21,A4,BODAI,0.0,28.8,17.4
2025-02-22,A4,BODAI,9.7,28.7,18.9
2025-02-23,A4,BODAI,7.8,28.0,17.9
2025-02-24,A4,BODAI,0.0,28.9,17.3
2025-02-25,A4,BODAI,0.0,29.1,18.1
2025-02-26,A4,BODAI,0.0,29.3,17.8
2025-02-27,A4,BODAI,0.0,29.6,17.6
2025-02-28,A4,BODAI,0.0,30.6,19.4
2025-03-01,A4,BODAI,0.0,33.1,20.0
2025-03-02,A4,BODAI,0.0,33.3,20.6
2025-03-03,A4,BODAI,0.0,31.7,20.3
2025-03-04,A4,BODAI,0.0,31.0,20.3
2025-03-05,A4,BODAI,0.0,30.9,19.6
2025-03-06,A4,BODAI,0.0,27.6,17.0
2025-03-07,A4,BODAI,0.0,29.5,15.3
2025-03-08,A4,BODAI,0.0,31.6,17.5
2025-03-09,A4,BODAI,0.0,31.5,19.0
2025-03-10,A4,BODAI,0.0,32.4,19.6
2025-03-11,A4,BODAI,0.0,33.0,20.7
2025-03-12,A4,BODAI,0.0,34.5,20.5
2025-03-13,A4,BODAI,0.0,35.6,22.1
2025-03-14,A4,BODAI,0.0,36.6,22.9
2025-03-15,A4,BODAI,0.1,35.4,23.6
2025-03-16,A4,BODAI,0.1,38.0,24.2
2025-03-17,A4,BODAI,7.3,34.8,23.3
2025-03-18,A4,BODAI,0.0,33.7,23.7
2025-03-19,A4,BODAI,0.0,35.5,22.2
2025-03-20,A4,BODAI,8.5,32.1,23.9
2025-03-21,A4,BODAI,5.7,31.1,21.2
2025-03-22,A4,BODAI,3.4,26.7,20.8
2025-03-23,A4,BODAI,1.2,28.7,18.7
2025-03-24,A4,BODAI,0.0,30.7,17.8
2025-03-25,A4,BODAI,0.0,32.0,19.1
2025-03-26,A4,BODAI,0.0,34.3,21.2
2025-03-27,A4,BODAI,0.0,35.6,23.0
2025-03-28,A4,BODAI,0.0,36.8,22.9
2025-03-29,A4,BODAI,0.0,35.9,23.3
2025-03-30,A4,BODAI,0.1,36.0,24.3
2025-03-31,A4,BODAI,0.0,36.1,25.2
2025-04-01,A4,BODAI,0.0,36.2,24.9
2025-04-02,A4,BODAI,0.2,36.7,24.8
2025-04-03,A4,BODAI,0.0,36.0,24.7
2025-04-04,A4,BODAI,0.0,34.0,25.2
2025-04-05,A4,BODAI,0.0,36.5,24.3
2025-04-06,A4,BODAI,0.2,35.5,24.4
2025-04-07,A4,BODAI,0.0,35.3,24.5
2025-04-08,A4,BODAI,1.9,34.0,24.1
2025-04-09,A4,BODAI,0.0,33.8,23.4
2025-04-10,A4,BODAI,14.8,34.5,22.4
2025-04-11,A4,BODAI,0.1,32.0,22.0
2025-04-12,A4,BODAI,2.9,34.9,23.5
2025-04-13,A4,BODAI,0.0,33.1,23.6
2025-04-14,A4,BODAI,1.0,32.0,23.8
2025-04-15,A4,BODAI,1.7,32.3,23.3
2025-04-16,A4,BODAI,3.6,33.0,23.3
2025-04-17,A4,BODAI,17.7,32.1,23.0
2025-04-18,A4,BODAI,7.2,30.4,22.6
2025-04-19,A4,BODAI,5.0,30.3,22.9
2025-04-20,A4,BODAI,1.8,35.2,24.9
2025-04-21,A4,BODAI,0.0,35.9,27.7
2025-04-22,A4,BODAI,0.1,36.2,27.4
2025-04-23,A4,BODAI,0.0,38.6,27.1
2025-04-24,A4,BODAI,0.0,36.8,27.2
2025-04-25,A4,BODAI,1.6,37.7,27.4
2025-04-26,A4,BODAI,3.4,36.1,27.0
2025-04-27,A4,BODAI,0.0,35.7,27.6
2025-04-28,A4,BODAI,4.1,29.7,24.6
2025-04-29,A4,BODAI,6.1,30.8,22.4
2025-04-30,A4,BODAI,3.3,30.5,21.5
2025-05-01,A4,BODAI,1.2,31.3,21.9
2025-05-02,A4,BODAI,0.0,30.6,21.5
2025-05-03,A4,BODAI,0.6,32.3,23.3
2025-05-04,A4,BODAI,3.9,30.9,23.6
2025-05-05,A4,BODAI,4.4,32.9,23.6
2025-05-06,A4,BODAI,20.6,32.6,24.4
2025-05-07,A4,BODAI,3.4,33.4,24.1
2025-05-08,A4,BODAI,0.0,36.2,26.7
2025-05-09,A4,BODAI,0.0,36.9,26.6
2025-05-10,A4,BODAI,0.0,36.9,26.9
2025-05-11,A4,BODAI,0.0,37.2,27.1
2025-05-12,A4,BODAI,0.2,37.5,28.7
2025-05-13,A4,BODAI,2.4,35.5,28.4
2025-05-14,A4,BODAI,0.1,36.4,28.2
2025-05-15,A4,BODAI,6.8,35.3,27.3
2025-05-16,A4,BODAI,4.9,34.9,27.9
2025-05-17,A4,BODAI,26.1,34.9,25.8
2025-05-18,A4,BODAI,6.4,30.6,26.4
2025-05-19,A4,BODAI,3.1,33.8,26.2
2025-05-20,A4,BODAI,14.3,34.4,25.4
2025-05-21,A4,BODAI,21.3,33.8,25.6
2025-05-22,A4,BODAI,4.2,32.2,26.2
2025-05-23,A4,BODAI,6.4,31.7,25.6
2025-05-24,A4,BODAI,10.3,32.1,25.4
2025-05-25,A4,BODAI,18.1,30.8,25.7
2025-05-26,A4,BODAI,17.9,30.7,25.2
2025-05-27,A4,BODAI,9.5,31.4,25.4
2025-05-28,A4,BODAI,14.9,31.6,26.0
2025-05-29,A4,BODAI,38.3,29.5,25.3
2025-05-30,A4,BODAI,18.4,33.2,24.8
2025-05-31,A4,BODAI,34.7,32.1,25.4
2025-06-01,A4,BODAI,10.8,31.3,26.7
2025-06-02,A4,BODAI,0.4,36.0,26.9
2025-06-03,A4,BODAI,0.9,34.9,26.9
2025-06-04,A4,BODAI,1.0,34.0,27.1
2025-06-05,A4,BODAI,4.7,32.2,26.4
2025-06-06,A4,BODAI,5.8,32.9,25.9
2025-06-07,A4,BODAI,0.0,33.9,25.3
2025-06-08,A4,BODAI,1.1,33.7,26.3
2025-06-09,A4,BODAI,0.8,33.6,26.3
2025-06-10,A4,BODAI,0.5,34.2,26.3
2025-06-11,A4,BODAI,0.8,33.1,26.9
2025-06-12,A4,BODAI,0.2,33.2,25.8
2025-06-13,A4,BODAI,0.9,33.3,26.6
2025-06-14,A4,BODAI,0.7,34.3,27.2
2025-06-15,A4,BODAI,21.5,30.6,26.6
2025-06-16,A4,BODAI,34.9,31.8,26.0
2025-06-17,A4,BODAI,35.4,28.9,25.3
2025-06-18,A4,BODAI,28.7,28.9,25.3
2025-06-19,A4,BODAI,46.4,30.7,24.1
2025-06-20,A4,BODAI,9.3,32.2,26.1
2025-06-21,A4,BODAI,1.4,33.3,26.3
2025-06-22,A4,BODAI,16.4,32.6,26.0
2025-06-23,A4,BODAI,12.8,31.7,26.5
2025-06-24,A4,BODAI,8.1,32.3,26.2
2025-06-25,A4,BODAI,8.1,31.5,26.1
2025-06-26,A4,BODAI,3.9,32.2,26.1
2025-06-27,A4,BODAI,16.3,31.3,25.2
2025-06-28,A4,BODAI,18.7,30.3,25.3
2025-06-29,A4,BODAI,42.3,31.0,25.4
2025-06-30,A4,BODAI,21.2,30.3,25.3
2025-07-01,A4,BODAI,7.1,30.5,26.0
2025-07-02,A4,BODAI,20.6,32.4,25.8
2025-07-03,A4,BODAI,33.6,31.0,25.7
2025-07-04,A4,BODAI,31.8,31.7,24.8
2025-07-05,A4,BODAI,9.6,30.8,25.7
2025-07-06,A4,BODAI,3.9,29.4,25.1
2025-07-07,A4,BODAI,14.8,28.9,25.3
2025-07-08,A4,BODAI,22.5,28.1,24.5
2025-07-09,A4,BODAI,13.7,30.0,24.8
2025-07-10,A4,BODAI,22.8,31.7,25.0
2025-07-11,A4,BODAI,9.9,30.6,25.5
2025-07-12,A4,BODAI,6.2,33.3,25.5
2025-07-13,A4,BODAI,10.6,31.7,26.1
2025-07-14,A4,BODAI,40.3,27.8,25.2
2025-07-15,A4,BODAI,16.6,30.3,24.9
2025-07-16,A4,BODAI,9.0,30.4,25.9
2025-07-17,A4,BODAI,0.1,33.1,26.3
2025-07-18,A4,BODAI,6.3,33.0,26.6
2025-07-19,A4,BODAI,1.0,33.4,26.6
2025-07-20,A4,BODAI,0.6,32.8,26.7
2025-07-21,A4,BODAI,0.6,32.8,26.5
2025-07-22,A4,BODAI,7.6,33.2,26.8
2025-07-23,A4,BODAI,0.5,33.8,27.0
2025-07-24,A4,BODAI,11.5,32.7,26.2
2025-07-25,A4,BODAI,52.5,31.1,25.9
2025-07-26,A4,BODAI,3.4,31.1,26.2
2025-07-27,A4,BODAI,5.8,32.6,26.1
2025-07-28,A4,BODAI,3.6,30.5,26.7
2025-07-29,A4,BODAI,53.3,29.5,25.4
2025-07-30,A4,BODAI,19.0,29.3,25.2
2025-07-31,A4,BODAI,36.6,29.3,24.8
2025-08-01,A4,BODAI,19.3,32.2,25.7
2025-08-02,A4,BODAI,6.5,32.2,25.8
2025-08-03,A4,BODAI,15.0,32.6,26.7
2025-08-04,A4,BODAI,28.0,31.7,25.8
2025-08-05,A4,BODAI,15.3,32.2,26.2
2025-08-06,A4,BODAI,10.6,30.3,25.3
2025-08-07,A4,BODAI,8.6,31.7,25.4
2025-08-08,A4,BODAI,2.2,31.0,24.4
2025-08-09,A4,BODAI,10.6,31.4,25.1
2025-08-10,A4,BODAI,0.6,32.8,26.7
2025-08-11,A4,BODAI,5.2,32.3,26.4
2025-08-12,A4,BODAI,4.7,33.5,26.5
2025-08-13,A4,BODAI,15.3,30.8,26.4
2025-08-14,A4,BODAI,7.4,29.8,25.7
2025-08-15,A4,BODAI,13.6,31.5,25.4
2025-08-16,A4,BODAI,6.9,32.1,25.7
2025-08-17,A4,BODAI,9.1,32.0,26.1
2025-08-18,A4,BODAI,8.0,31.7,26.4
2025-08-19,A4,BODAI,12.1,30.2,25.7
2025-08-20,A4,BODAI,2.2,30.0,25.4
2025-08-21,A4,BODAI,51.0,28.6,24.6
2025-08-22,A4,BODAI,31.5,30.3,24.5
2025-08-23,A4,BODAI,13.2,29.0,24.7
2025-08-24,A4,BODAI,11.1,30.3,24.7
2025-08-25,A4,BODAI,2.6,31.6,24.9
2025-08-26,A4,BODAI,1.6,31.9,25.2
2025-08-27,A4,BODAI,5.0,31.8,25.6
2025-08-28,A4,BODAI,14.5,30.7,25.7
2025-08-29,A4,BODAI,21.0,30.1,25.6
2025-08-30,A4,BODAI,15.7,30.3,25.6
2025-08-31,A4,BODAI,3.7,32.0,25.1
2025-09-01,A4,BODAI,21.5,33.5,26.1
2025-09-02,A4,BODAI,15.6,30.4,25.7
2025-09-03,A4,BODAI,18.8,29.3,25.0
2025-09-04,A4,BODAI,7.4,30.2,25.6
2025-09-05,A4,BODAI,10.0,31.9,25.4
2025-09-06,A4,BODAI,3.8,32.5,25.1
2025-09-07,A4,BODAI,0.4,33.1,25.4
2025-09-08,A4,BODAI,0.2,32.9,25.5
2025-09-09,A4,BODAI,0.2,33.1,25.7
2025-09-10,A4,BODAI,0.2,33.7,26.2
2025-09-11,A4,BODAI,4.1,32.8,26.2
2025-09-12,A4,BODAI,19.0,31.1,25.2
2025-09-13,A4,BODAI,6.9,30.4,25.6
2025-09-14,A4,BODAI,40.9,30.6,26.1
2025-09-15,A4,BODAI,25.8,29.3,24.4
2025-09-16,A4,BODAI,10.7,29.6,24.4
2025-09-17,A4,BODAI,8.4,30.5,24.9
2025-09-18,A4,BODAI,3.5,32.1,26.0
2025-09-19,A4,BODAI,12.4,30.7,25.4
2025-09-20,A4,BODAI,8.9,32.3,25.9
2025-09-21,A4,BODAI,1.1,32.6,25.3
2025-09-22,A4,BODAI,21.0,30.1,25.0
2025-09-23,A4,BODAI,10.8,31.0,24.4
2025-09-24,A4,BODAI,4.1,31.5,24.8
2025-09-25,A4,BODAI,10.8,32.8,25.5
2025-09-26,A4,BODAI,3.8,31.9,25.4
2025-09-27,A4,BODAI,8.0,30.1,25.6
2025-09-28,A4,BODAI,6.8,31.6,25.5
2025-09-29,A4,BODAI,2.6,32.1,25.7
2025-09-30,A4,BODAI,4.3,32.1,26.3
2025-10-01,A4,BODAI,15.3,31.4,24.5
2025-10-02,A4,BODAI,29.0,27.4,24.5
2025-10-03,A4,BODAI,14.7,29.5,25.3
2025-10-04,A4,BODAI,9.7,32.0,25.2
2025-10-05,A4,BODAI,31.3,30.5,24.2
2025-10-06,A4,BODAI,4.0,28.8,24.2
2025-10-07,A4,BODAI,7.2,31.1,24.1
2025-10-08,A4,BODAI,11.8,30.8,24.4
2025-10-09,A4,BODAI,3.3,31.2,24.6
2025-10-10,A4,BODAI,11.4,31.3,24.4
2025-10-11,A4,BODAI,2.9,30.5,24.1
2025-10-12,A4,BODAI,0.0,31.2,24.3
2025-10-13,A4,BODAI,0.0,30.6,23.7
2025-10-14,A4,BODAI,0.0,31.1,23.1
2025-10-15,A4,BODAI,0.0,31.0,22.9
2025-10-16,A4,BODAI,0.0,30.8,22.0
2025-10-17,A4,BODAI,0.0,31.5,22.4
2025-10-18,A4,BODAI,0.1,31.6,23.7
2025-10-19,A4,BODAI,0.1,32.7,24.3
2025-10-20,A4,BODAI,0.0,32.9,23.5
2025-10-21,A4,BODAI,0.0,32.9,23.3
2025-10-22,A4,BODAI,0.0,32.2,22.9
2025-10-23,A4,BODAI,0.0,32.2,22.9
2025-10-24,A4,BODAI,0.0,32.1,22.5
2025-10-25,A4,BODAI,0.0,32.0,23.3
2025-10-26,A4,BODAI,0.0,32.1,24.1
2025-10-27,A4,BODAI,0.1,32.2,23.7
2025-10-28,A4,BODAI,0.5,32.5,24.3
2025-10-29,A4,BODAI,17.2,28.4,24.5
2025-10-30,A4,BODAI,15.5,30.2,23.8
2025-10-31,A4,BODAI,0.7,31.6,24.3
2025-11-01,A4,BODAI,19.3,30.5,25.1
2025-11-02,A4,BODAI,0.0,28.5,23.3
2025-11-03,A4,BODAI,0.0,29.7,22.2
2025-11-04,A4,BODAI,0.0,29.6,19.7
2025-11-05,A4,BODAI,0.0,29.8,21.1
2025-11-06,A4,BODAI,0.5,30.1,21.2
2025-11-07,A4,BODAI,0.1,29.9,22.4
2025-11-08,A4,BODAI,0.0,29.2,19.8
2025-11-09,A4,BODAI,0.0,28.0,17.8
2025-11-10,A4,BODAI,0.0,28.4,18.0
2025-11-11,A4,BODAI,0.0,27.5,16.9
2025-11-12,A4,BODAI,0.0,26.7,16.3
2025-11-13,A4,BODAI,0.0,26.9,16.2
2025-11-14,A4,BODAI,0.0,26.7,16.2
2025-11-15,A4,BODAI,0.0,27.0,16.4
2025-11-16,A4,BODAI,0.0,27.1,16.4
2025-11-17,A4,BODAI,0.0,27.0,17.3
2025-11-18,A4,BODAI,0.0,27.9,16.9
2025-11-19,A4,BODAI,0.0,28.6,16.3
2025-11-20,A4,BODAI,0.0,28.1,17.4
2025-11-21,A4,BODAI,0.0,28.2,17.6
2025-11-22,A4,BODAI,0.0,27.8,17.1
2025-11-23,A4,BODAI,0.0,27.7,16.7
2025-11-24,A4,BODAI,0.0,26.7,16.4
2025-11-25,A4,BODAI,0.0,26.1,15.3
2025-11-26,A4,BODAI,0.0,25.8,14.7
2025-11-27,A4,BODAI,0.0,26.8,15.3
2025-11-28,A4,BODAI,0.0,27.1,16.5
2025-11-29,A4,BODAI,0.0,26.9,16.6
2025-11-30,A4,BODAI,0.0,26.9,16.5
2025-12-01,A4,BODAI,0.0,26.6,16.4
2025-12-02,A4,BODAI,0.0,26.7,17.2
2025-12-03,A4,BODAI,0.0,25.9,15.6
2025-12-04,A4,BODAI,0.0,25.3,14.3
2025-12-05,A4,BODAI,0.0,25.4,14.6
2025-12-06,A4,BODAI,0.0,24.5,12.6
2025-12-07,A4,BODAI,0.0,24.8,13.4
2025-12-08,A4,BODAI,0.0,24.9,13.7
2025-12-09,A4,BODAI,0.0,25.1,14.2
2025-12-10,A4,BODAI,0.0,25.2,14.1
2025-12-11,A4,BODAI,0.0,25.1,13.7
2025-12-12,A4,BODAI,0.0,25.0,13.9
2025-12-13,A4,BODAI,0.0,25.4,14.2
2025-12-14,A4,BODAI,0.0,26.5,14.4
2025-12-15,A4,BODAI,0.0,26.1,14.8
2025-12-16,A4,BODAI,0.0,25.1,14.4
2025-12-17,A4,BODAI,0.0,25.3,14.3
2025-12-18,A4,BODAI,0.0,26.4,14.6
2025-12-19,A4,BODAI,0.0,26.1,15.4
2025-12-20,A4,BODAI,0.0,24.0,15.2
2025-12-21,A4,BODAI,0.0,23.8,14.3
2025-12-22,A4,BODAI,0.0,24.5,14.4
2025-12-23,A4,BODAI,0.0,24.0,13.8
2025-12-24,A4,BODAI,0.0,23.7,13.2
2025-12-25,A4,BODAI,0.0,21.4,11.7
2025-12-26,A4,BODAI,0.0,21.8,10.9
2025-12-27,A4,BODAI,0.0,23.1,12.0
2025-12-28,A4,BODAI,0.0,22.0,12.7
2025-12-29,A4,BODAI,0.0,20.4,11.7
2025-12-30,A4,BODAI,0.0,19.6,10.4
2025-12-31,A4,BODAI,0.0,20.8,9.0
2024-01-01,A5,CHANDIGARH,0.0,24.7,14.4
2024-01-02,A5,CHANDIGARH,0.0,22.9,13.1
2024-01-03,A5,CHANDIGARH,0.0,24.3,12.2
2024-01-04,A5,CHANDIGARH,0.0,25.0,12.0
2024-01-05,A5,CHANDIGARH,0.0,25.5,13.0
2024-01-06,A5,CHANDIGARH,0.0,26.2,12.9
2024-01-07,A5,CHANDIGARH,0.0,25.8,14.9
2024-01-08,A5,CHANDIGARH,0.0,25.5,15.4
2024-01-09,A5,CHANDIGARH,0.0,24.9,13.3
2024-01-10,A5,CHANDIGARH,0.0,25.5,12.7
2024-01-11,A5,CHANDIGARH,0.0,24.6,13.0
2024-01-12,A5,CHANDIGARH,0.0,22.4,10.8
2024-01-13,A5,CHANDIGARH,0.0,22.4,10.2
2024-01-14,A5,CHANDIGARH,0.0,21.9,10.4
2024-01-15,A5,CHANDIGARH,0.0,21.6,10.4
2024-01-16,A5,CHANDIGARH,0.0,21.8,10.3
2024-01-17,A5,CHANDIGARH,0.1,23.1,9.9
2024-01-18,A5,CHANDIGARH,7.1,22.3,14.9
2024-01-19,A5,CHANDIGARH,0.0,22.9,14.7
2024-01-20,A5,CHANDIGARH,0.0,22.3,12.3
2024-01-21,A5,CHANDIGARH,0.0,22.6,12.9
2024-01-22,A5,CHANDIGARH,0.0,20.8,10.6
2024-01-23,A5,CHANDIGARH,0.0,22.1,9.2
2024-01-24,A5,CHANDIGARH,3.2,21.5,15.1
2024-01-25,A5,CHANDIGARH,0.0,22.7,13.0
2024-01-26,A5,CHANDIGARH,0.0,22.6,12.5
2024-01-27,A5,CHANDIGARH,0.0,22.6,11.0
2024-01-28,A5,CHANDIGARH,0.0,23.1,10.0
2024-01-29,A5,CHANDIGARH,0.0,24.4,10.4
2024-01-30,A5,CHANDIGARH,0.9,26.0,12.8
2024-01-31,A5,CHANDIGARH,14.2,24.9,17.4
2024-02-01,A5,CHANDIGARH,4.0,24.4,16.1
2024-02-02,A5,CHANDIGARH,0.5,26.3,16.5
2024-02-03,A5,CHANDIGARH,0.0,25.5,14.9
2024-02-04,A5,CHANDIGARH,0.0,25.9,12.5
2024-02-05,A5,CHANDIGARH,0.0,26.7,14.6
2024-02-06,A5,CHANDIGARH,1.3,26.7,17.6
2024-02-07,A5,CHANDIGARH,0.0,25.2,17.2
2024-02-08,A5,CHANDIGARH,0.0,24.3,13.9
2024-02-09,A5,CHANDIGARH,0.0,22.8,12.8
2024-02-10,A5,CHANDIGARH,0.0,24.5,11.2
2024-02-11,A5,CHANDIGARH,0.0,26.3,12.0
2024-02-12,A5,CHANDIGARH,0.0,27.1,13.8
2024-02-13,A5,CHANDIGARH,0.0,28.7,16.8
2024-02-14,A5,CHANDIGARH,0.0,28.1,15.8
2024-02-15,A5,CHANDIGARH,0.6,27.5,17.1
2024-02-16,A5,CHANDIGARH,0.0,28.5,17.4
2024-02-17,A5,CHANDIGARH,0.0,27.5,15.2
2024-02-18,A5,CHANDIGARH,0.2,28.4,15.7
2024-02-19,A5,CHANDIGARH,0.2,29.2,18.0
2024-02-20,A5,CHANDIGARH,0.8,31.0,20.8
2024-02-21,A5,CHANDIGARH,0.0,32.5,20.6
2024-02-22,A5,CHANDIGARH,0.5,28.8,20.6
2024-02-23,A5,CHANDIGARH,1.0,28.4,19.1
2024-02-24,A5,CHANDIGARH,0.2,28.3,16.8
2024-02-25,A5,CHANDIGARH,0.0,25.2,18.2
2024-02-26,A5,CHANDIGARH,0.0,27.9,17.0
2024-02-27,A5,CHANDIGARH,0.0,28.4,17.2
2024-02-28,A5,CHANDIGARH,0.0,28.9,17.9
2024-02-29,A5,CHANDIGARH,0.0,29.4,17.8
2024-03-01,A5,CHANDIGARH,0.0,29.9,16.4
2024-03-02,A5,CHANDIGARH,0.0,30.0,16.1
2024-03-03,A5,CHANDIGARH,0.1,31.0,18.3
2024-03-04,A5,CHANDIGARH,0.7,30.9,19.8
2024-03-05,A5,CHANDIGARH,0.0,30.3,20.1
2024-03-06,A5,CHANDIGARH,0.0,29.0,17.9
2024-03-07,A5,CHANDIGARH,0.0,28.4,18.5
2024-03-08,A5,CHANDIGARH,0.0,29.9,18.3
2024-03-09,A5,CHANDIGARH,0.0,29.2,15.2
2024-03-10,A5,CHANDIGARH,0.0,29.1,14.7
2024-03-11,A5,CHANDIGARH,0.0,30.1,14.9
2024-03-12,A5,CHANDIGARH,0.0,32.3,19.5
2024-03-13,A5,CHANDIGARH,0.4,33.3,23.0
2024-03-14,A5,CHANDIGARH,12.7,31.5,21.7
2024-03-15,A5,CHANDIGARH,0.9,33.3,22.0
2024-03-16,A5,CHANDIGARH,0.8,30.8,22.5
2024-03-17,A5,CHANDIGARH,0.0,31.4,21.2
2024-03-18,A5,CHANDIGARH,1.6,29.7,21.8
2024-03-19,A5,CHANDIGARH,9.7,30.2,22.2
2024-03-20,A5,CHANDIGARH,13.7,23.2,18.8
2024-03-21,A5,CHANDIGARH,6.8,26.9,18.6
2024-03-22,A5,CHANDIGARH,0.2,27.5,17.3
2024-03-23,A5,CHANDIGARH,5.5,31.7,19.0
2024-03-24,A5,CHANDIGARH,0.0,33.5,23.7
2024-03-25,A5,CHANDIGARH,13.8,33.0,22.6
2024-03-26,A5,CHANDIGARH,0.6,32.2,23.8
2024-03-27,A5,CHANDIGARH,0.8,34.1,22.6
2024-03-28,A5,CHANDIGARH,1.2,32.6,22.4
2024-03-29,A5,CHANDIGARH,0.0,33.6,24.5
2024-03-30,A5,CHANDIGARH,0.0,35.4,24.7
2024-03-31,A5,CHANDIGARH,6.4,35.0,25.0
2024-04-01,A5,CHANDIGARH,0.0,35.9,24.9
2024-04-02,A5,CHANDIGARH,0.0,35.6,23.4
2024-04-03,A5,CHANDIGARH,0.0,35.6,25.0
2024-04-04,A5,CHANDIGARH,15.1,36.7,25.9
2024-04-05,A5,CHANDIGARH,0.0,37.1,26.3
2024-04-06,A5,CHANDIGARH,0.0,37.4,26.3
2024-04-07,A5,CHANDIGARH,3.6,36.0,25.9
2024-04-08,A5,CHANDIGARH,0.1,30.5,22.5
2024-04-09,A5,CHANDIGARH,0.6,34.3,21.9
2024-04-10,A5,CHANDIGARH,0.0,35.1,22.2
2024-04-11,A5,CHANDIGARH,5.6,33.1,23.5
2024-04-12,A5,CHANDIGARH,0.0,34.5,22.7
2024-04-13,A5,CHANDIGARH,0.0,35.5,23.5
2024-04-14,A5,CHANDIGARH,0.0,36.5,23.1
2024-04-15,A5,CHANDIGARH,0.0,37.7,23.8
2024-04-16,A5,CHANDIGARH,0.0,38.0,26.1
2024-04-17,A5,CHANDIGARH,0.0,37.8,27.2
2024-04-18,A5,CHANDIGARH,0.0,37.7,25.4
2024-04-19,A5,CHANDIGARH,0.0,39.7,24.7
2024-04-20,A5,CHANDIGARH,0.0,40.8,25.8
2024-04-21,A5,CHANDIGARH,0.0,40.1,27.0
2024-04-22,A5,CHANDIGARH,0.0,39.2,25.2
2024-04-23,A5,CHANDIGARH,0.0,37.9,26.2
2024-04-24,A5,CHANDIGARH,0.0,39.6,26.8
2024-04-25,A5,CHANDIGARH,0.0,40.0,24.6
2024-04-26,A5,CHANDIGARH,0.0,40.9,26.9
2024-04-27,A5,CHANDIGARH,0.0,41.1,27.8
2024-04-28,A5,CHANDIGARH,0.7,39.6,28.1
2024-04-29,A5,CHANDIGARH,0.0,41.4,28.4
2024-04-30,A5,CHANDIGARH,0.0,43.3,29.0
2024-05-01,A5,CHANDIGARH,0.0,41.1,28.3
2024-05-02,A5,CHANDIGARH,0.2,41.0,29.3
2024-05-03,A5,CHANDIGARH,0.0,39.5,25.3
2024-05-04,A5,CHANDIGARH,0.0,39.4,27.1
2024-05-05,A5,CHANDIGARH,0.2,38.0,28.4
2024-05-06,A5,CHANDIGARH,112.5,37.5,24.7
2024-05-07,A5,CHANDIGARH,1.5,33.2,24.4
2024-05-08,A5,CHANDIGARH,2.6,30.5,23.7
2024-05-09,A5,CHANDIGARH,8.6,31.3,23.8
2024-05-10,A5,CHANDIGARH,9.7,31.3,23.7
2024-05-11,A5,CHANDIGARH,15.9,31.4,24.7
2024-05-12,A5,CHANDIGARH,3.3,32.7,24.9
2024-05-13,A5,CHANDIGARH,0.0,33.4,24.0
2024-05-14,A5,CHANDIGARH,3.3,34.0,25.3
2024-05-15,A5,CHANDIGARH,0.0,35.1,25.9
2024-05-16,A5,CHANDIGARH,0.0,35.4,26.1
2024-05-17,A5,CHANDIGARH,0.0,37.3,27.3
2024-05-18,A5,CHANDIGARH,0.1,36.1,28.7
2024-05-19,A5,CHANDIGARH,1.7,33.9,28.8
2024-05-20,A5,CHANDIGARH,14.6,33.0,26.9
2024-05-21,A5,CHANDIGARH,11.3,33.1,25.8
2024-05-22,A5,CHANDIGARH,2.9,33.9,26.7
2024-05-23,A5,CHANDIGARH,0.0,34.9,25.9
2024-05-24,A5,CHANDIGARH,0.0,35.5,26.4
2024-05-25,A5,CHANDIGARH,0.0,36.4,27.5
2024-05-26,A5,CHANDIGARH,39.9,30.9,26.8
2024-05-27,A5,CHANDIGARH,80.5,27.5,26.1
2024-05-28,A5,CHANDIGARH,0.4,35.3,26.3
2024-05-29,A5,CHANDIGARH,0.0,35.9,29.2
2024-05-30,A5,CHANDIGARH,0.2,35.3,29.5
2024-05-31,A5,CHANDIGARH,0.0,35.2,28.5
2024-06-01,A5,CHANDIGARH,0.8,34.7,28.3
2024-06-02,A5,CHANDIGARH,5.0,34.4,29.1
2024-06-03,A5,CHANDIGARH,0.2,34.5,28.3
2024-06-04,A5,CHANDIGARH,0.1,35.7,28.6
2024-06-05,A5,CHANDIGARH,0.0,35.7,28.0
2024-06-06,A5,CHANDIGARH,0.2,36.4,26.7
2024-06-07,A5,CHANDIGARH,0.0,36.0,26.1
2024-06-08,A5,CHANDIGARH,0.0,35.7,28.1
2024-06-09,A5,CHANDIGARH,0.0,36.6,28.2
2024-06-10,A5,CHANDIGARH,0.0,36.5,28.5
2024-06-11,A5,CHANDIGARH,0.0,36.6,28.9
2024-06-12,A5,CHANDIGARH,0.0,35.3,28.3
2024-06-13,A5,CHANDIGARH,0.0,36.0,28.5
2024-06-14,A5,CHANDIGARH,0.0,37.1,29.1
2024-06-15,A5,CHANDIGARH,0.0,37.3,29.4
2024-06-16,A5,CHANDIGARH,0.0,36.8,29.4
2024-06-17,A5,CHANDIGARH,0.2,37.0,29.2
2024-06-18,A5,CHANDIGARH,10.7,32.5,28.8
2024-06-19,A5,CHANDIGARH,8.0,34.8,28.6
2024-06-20,A5,CHANDIGARH,24.2,33.6,27.8
2024-06-21,A5,CHANDIGARH,2.6,31.8,27.1
2024-06-22,A5,CHANDIGARH,2.0,33.3,26.5
2024-06-23,A5,CHANDIGARH,1.1,34.0,26.7
2024-06-24,A5,CHANDIGARH,1.3,34.1,27.1
2024-06-25,A5,CHANDIGARH,0.8,34.2,28.0
2024-06-26,A5,CHANDIGARH,0.4,34.5,27.4
2024-06-27,A5,CHANDIGARH,9.6,32.1,27.5
2024-06-28,A5,CHANDIGARH,4.8,33.0,27.1
2024-06-29,A5,CHANDIGARH,17.3,31.3,26.9
2024-06-30,A5,CHANDIGARH,30.2,32.1,26.3
2024-07-01,A5,CHANDIGARH,17.7,31.2,26.0
2024-07-02,A5,CHANDIGARH,28.1,31.0,25.9
2024-07-03,A5,CHANDIGARH,7.9,30.9,25.9
2024-07-04,A5,CHANDIGARH,18.3,31.5,25.5
2024-07-05,A5,CHANDIGARH,27.3,32.4,25.6
2024-07-06,A5,CHANDIGARH,2.4,32.2,26.2
2024-07-07,A5,CHANDIGARH,5.4,32.5,26.4
2024-07-08,A5,CHANDIGARH,1.0,32.4,26.2
2024-07-09,A5,CHANDIGARH,3.9,32.2,27.0
2024-07-10,A5,CHANDIGARH,1.4,32.9,27.5
2024-07-11,A5,CHANDIGARH,26.5,32.7,27.6
2024-07-12,A5,CHANDIGARH,9.2,32.3,26.1
2024-07-13,A5,CHANDIGARH,2.4,32.6,25.6
2024-07-14,A5,CHANDIGARH,3.3,32.8,26.4
2024-07-15,A5,CHANDIGARH,2.3,32.4,26.9
2024-07-16,A5,CHANDIGARH,2.6,32.4,26.6
2024-07-17,A5,CHANDIGARH,6.6,33.4,26.6
2024-07-18,A5,CHANDIGARH,2.0,33.2,26.6
2024-07-19,A5,CHANDIGARH,3.5,32.5,27.3
2024-07-20,A5,CHANDIGARH,2.4,32.8,27.1
2024-07-21,A5,CHANDIGARH,13.1,32.4,27.0
2024-07-22,A5,CHANDIGARH,14.5,31.7,26.7
2024-07-23,A5,CHANDIGARH,13.4,32.7,25.8
2024-07-24,A5,CHANDIGARH,18.3,32.3,26.6
2024-07-25,A5,CHANDIGARH,13.8,32.3,26.4
2024-07-26,A5,CHANDIGARH,18.9,31.2,26.3
2024-07-27,A5,CHANDIGARH,5.7,32.0,27.0
2024-07-28,A5,CHANDIGARH,20.2,32.0,26.4
2024-07-29,A5,CHANDIGARH,11.3,32.1,26.4
2024-07-30,A5,CHANDIGARH,4.4,33.0,26.2
2024-07-31,A5,CHANDIGARH,22.9,31.6,25.9
2024-08-01,A5,CHANDIGARH,88.3,29.2,24.9
2024-08-02,A5,CHANDIGARH,31.6,29.7,25.5
2024-08-03,A5,CHANDIGARH,18.1,31.0,24.9
2024-08-04,A5,CHANDIGARH,22.3,31.0,24.8
2024-08-05,A5,CHANDIGARH,33.2,32.5,24.8
2024-08-06,A5,CHANDIGARH,12.0,31.2,26.2
2024-08-07,A5,CHANDIGARH,5.3,30.6,25.7
2024-08-08,A5,CHANDIGARH,14.5,31.0,25.9
2024-08-09,A5,CHANDIGARH,20.8,31.1,25.4
2024-08-10,A5,CHANDIGARH,32.1,32.2,24.9
2024-08-11,A5,CHANDIGARH,14.4,32.2,25.1
2024-08-12,A5,CHANDIGARH,12.2,32.4,25.5
2024-08-13,A5,CHANDIGARH,9.9,32.5,25.4
2024-08-14,A5,CHANDIGARH,8.8,32.4,25.3
2024-08-15,A5,CHANDIGARH,8.0,32.6,25.7
2024-08-16,A5,CHANDIGARH,3.9,31.3,25.5
2024-08-17,A5,CHANDIGARH,23.2,32.9,25.4
2024-08-18,A5,CHANDIGARH,17.1,29.1,25.4
2024-08-19,A5,CHANDIGARH,13.0,30.3,25.6
2024-08-20,A5,CHANDIGARH,12.6,30.9,24.9
2024-08-21,A5,CHANDIGARH,27.8,31.7,25.0
2024-08-22,A5,CHANDIGARH,27.4,31.4,25.7
2024-08-23,A5,CHANDIGARH,27.2,30.7,24.6
2024-08-24,A5,CHANDIGARH,4.1,29.2,25.0
2024-08-25,A5,CHANDIGARH,42.3,29.3,24.2
2024-08-26,A5,CHANDIGARH,47.2,29.3,24.4
2024-08-27,A5,CHANDIGARH,22.6,30.1,24.7
2024-08-28,A5,CHANDIGARH,5.3,31.9,24.9
2024-08-29,A5,CHANDIGARH,4.4,32.4,25.5
2024-08-30,A5,CHANDIGARH,0.5,32.7,25.3
2024-08-31,A5,CHANDIGARH,3.3,32.3,26.2
2024-09-01,A5,CHANDIGARH,8.7,30.7,26.2
2024-09-02,A5,CHANDIGARH,3.7,32.3,25.5
2024-09-03,A5,CHANDIGARH,7.3,31.8,25.4
2024-09-04,A5,CHANDIGARH,6.3,31.4,25.9
2024-09-05,A5,CHANDIGARH,1.8,32.4,25.4
2024-09-06,A5,CHANDIGARH,0.4,33.1,26.0
2024-09-07,A5,CHANDIGARH,18.8,33.7,25.6
2024-09-08,A5,CHANDIGARH,6.7,32.3,26.3
2024-09-09,A5,CHANDIGARH,5.3,32.1,26.5
2024-09-10,A5,CHANDIGARH,6.2,31.7,25.9
2024-09-11,A5,CHANDIGARH,8.5,32.3,26.0
2024-09-12,A5,CHANDIGARH,16.9,31.9,26.3
2024-09-13,A5,CHANDIGARH,30.8,32.2,25.7
2024-09-14,A5,CHANDIGARH,58.3,27.5,25.3
2024-09-15,A5,CHANDIGARH,19.1,28.3,24.9
2024-09-16,A5,CHANDIGARH,18.1,27.8,25.2
2024-09-17,A5,CHANDIGARH,0.3,32.2,25.6
2024-09-18,A5,CHANDIGARH,0.0,33.0,24.4
2024-09-19,A5,CHANDIGARH,3.7,32.8,25.9
2024-09-20,A5,CHANDIGARH,0.0,33.9,26.5
2024-09-21,A5,CHANDIGARH,6.4,33.4,26.3
2024-09-22,A5,CHANDIGARH,0.0,34.1,27.0
2024-09-23,A5,CHANDIGARH,6.3,34.1,26.3
2024-09-24,A5,CHANDIGARH,10.1,30.8,26.4
2024-09-25,A5,CHANDIGARH,24.6,28.9,24.4
2024-09-26,A5,CHANDIGARH,30.9,28.3,24.3
2024-09-27,A5,CHANDIGARH,11.6,30.5,24.7
2024-09-28,A5,CHANDIGARH,6.3,31.3,24.8
2024-09-29,A5,CHANDIGARH,3.9,32.4,26.3
2024-09-30,A5,CHANDIGARH,0.8,33.2,25.8
2024-10-01,A5,CHANDIGARH,11.8,33.7,26.6
2024-10-02,A5,CHANDIGARH,6.2,31.9,24.7
2024-10-03,A5,CHANDIGARH,32.5,30.9,25.9
2024-10-04,A5,CHANDIGARH,23.2,30.0,24.9
2024-10-05,A5,CHANDIGARH,21.8,30.2,24.7
2024-10-06,A5,CHANDIGARH,3.7,30.3,24.5
2024-10-07,A5,CHANDIGARH,11.7,31.0,24.0
2024-10-08,A5,CHANDIGARH,10.4,30.2,25.1
2024-10-09,A5,CHANDIGARH,9.7,30.3,24.6
2024-10-10,A5,CHANDIGARH,8.2,30.6,24.5
2024-10-11,A5,CHANDIGARH,5.2,31.9,25.1
2024-10-12,A5,CHANDIGARH,4.3,31.7,24.4
2024-10-13,A5,CHANDIGARH,1.6,31.9,24.5
2024-10-14,A5,CHANDIGARH,0.0,32.1,23.8
2024-10-15,A5,CHANDIGARH,9.0,31.4,24.4
2024-10-16,A5,CHANDIGARH,0.0,31.3,23.9
2024-10-17,A5,CHANDIGARH,8.7,31.1,23.8
2024-10-18,A5,CHANDIGARH,5.2,29.5,23.4
2024-10-19,A5,CHANDIGARH,7.2,30.2,23.4
2024-10-20,A5,CHANDIGARH,0.0,30.5,23.7
2024-10-21,A5,CHANDIGARH,0.0,30.5,24.0
2024-10-22,A5,CHANDIGARH,0.0,30.9,22.7
2024-10-23,A5,CHANDIGARH,17.8,29.7,24.0
2024-10-24,A5,CHANDIGARH,13.7,27.0,24.1
2024-10-25,A5,CHANDIGARH,28.2,26.1,23.5
2024-10-26,A5,CHANDIGARH,2.7,31.5,24.4
2024-10-27,A5,CHANDIGARH,0.2,31.2,23.5
2024-10-28,A5,CHANDIGARH,0.3,31.3,23.4
2024-10-29,A5,CHANDIGARH,0.0,31.2,23.6
2024-10-30,A5,CHANDIGARH,0.4,30.9,23.6
2024-10-31,A5,CHANDIGARH,0.3,31.1,23.8
2024-11-01,A5,CHANDIGARH,0.0,32.2,23.1
2024-11-02,A5,CHANDIGARH,0.0,31.3,20.9
2024-11-03,A5,CHANDIGARH,0.0,30.6,21.0
2024-11-04,A5,CHANDIGARH,0.0,30.4,21.1
2024-11-05,A5,CHANDIGARH,0.5,30.4,21.9
2024-11-06,A5,CHANDIGARH,0.6,29.5,22.0
2024-11-07,A5,CHANDIGARH,0.2,29.9,21.1
2024-11-08,A5,CHANDIGARH,0.0,30.2,21.0
2024-11-09,A5,CHANDIGARH,0.0,29.7,20.9
2024-11-10,A5,CHANDIGARH,0.0,30.1,20.3
2024-11-11,A5,CHANDIGARH,0.0,30.2,20.1
2024-11-12,A5,CHANDIGARH,0.0,30.1,19.8
2024-11-13,A5,CHANDIGARH,0.0,31.4,20.2
2024-11-14,A5,CHANDIGARH,0.0,31.3,20.1
2024-11-15,A5,CHANDIGARH,0.0,31.4,19.0
2024-11-16,A5,CHANDIGARH,0.0,30.2,18.2
2024-11-17,A5,CHANDIGARH,0.0,29.5,17.9
2024-11-18,A5,CHANDIGARH,0.0,29.2,17.7
2024-11-19,A5,CHANDIGARH,0.0,28.8,17.8
2024-11-20,A5,CHANDIGARH,0.0,29.6,17.7
2024-11-21,A5,CHANDIGARH,0.0,29.3,18.5
2024-11-22,A5,CHANDIGARH,0.0,29.5,18.0
2024-11-23,A5,CHANDIGARH,0.0,29.3,17.9
2024-11-24,A5,CHANDIGARH,0.0,29.0,16.6
2024-11-25,A5,CHANDIGARH,0.0,28.2,16.3
2024-11-26,A5,CHANDIGARH,0.0,28.2,16.3
2024-11-27,A5,CHANDIGARH,0.0,28.7,16.5
2024-11-28,A5,CHANDIGARH,0.0,28.9,17.1
2024-11-29,A5,CHANDIGARH,0.0,28.1,19.7
2024-11-30,A5,CHANDIGARH,23.4,23.5,19.0
2024-12-01,A5,CHANDIGARH,0.0,28.8,18.8
2024-12-02,A5,CHANDIGARH,2.4,23.0,19.2
2024-12-03,A5,CHANDIGARH,0.0,29.0,18.8
2024-12-04,A5,CHANDIGARH,0.0,28.7,16.6
2024-12-05,A5,CHANDIGARH,0.0,29.5,15.9
2024-12-06,A5,CHANDIGARH,0.0,27.4,16.0
2024-12-07,A5,CHANDIGARH,0.0,26.5,14.5
2024-12-08,A5,CHANDIGARH,0.0,26.2,13.5
2024-12-09,A5,CHANDIGARH,0.0,26.3,14.7
2024-12-10,A5,CHANDIGARH,0.0,26.4,16.7
2024-12-11,A5,CHANDIGARH,0.0,24.5,14.4
2024-12-12,A5,CHANDIGARH,0.0,24.0,12.3
2024-12-13,A5,CHANDIGARH,0.0,23.6,11.6
2024-12-14,A5,CHANDIGARH,0.0,23.3,12.3
2024-12-15,A5,CHANDIGARH,0.0,24.0,11.0
2024-12-16,A5,CHANDIGARH,0.0,24.8,12.8
2024-12-17,A5,CHANDIGARH,0.0,25.9,13.1
2024-12-18,A5,CHANDIGARH,0.0,26.8,14.3
2024-12-19,A5,CHANDIGARH,0.0,26.1,14.4
2024-12-20,A5,CHANDIGARH,0.0,25.9,14.0
2024-12-21,A5,CHANDIGARH,1.6,20.3,15.5
2024-12-22,A5,CHANDIGARH,0.0,25.4,15.0
2024-12-23,A5,CHANDIGARH,0.0,26.3,15.1
2024-12-24,A5,CHANDIGARH,0.8,26.0,14.9
2024-12-25,A5,CHANDIGARH,0.0,26.0,16.8
2024-12-26,A5,CHANDIGARH,0.0,27.0,16.2
2024-12-27,A5,CHANDIGARH,0.0,26.7,15.0
2024-12-28,A5,CHANDIGARH,0.0,26.0,14.0
2024-12-29,A5,CHANDIGARH,0.0,26.8,15.4
2024-12-30,A5,CHANDIGARH,0.0,26.1,16.6
2024-12-31,A5,CHANDIGARH,0.0,23.8,15.2
2025-01-01,A5,CHANDIGARH,0.0,22.8,12.8
2025-01-02,A5,CHANDIGARH,0.0,22.1,12.1
2025-01-03,A5,CHANDIGARH,0.0,22.2,11.1
2025-01-04,A5,CHANDIGARH,0.0,23.7,13.0
2025-01-05,A5,CHANDIGARH,0.0,24.2,13.8
2025-01-06,A5,CHANDIGARH,0.0,24.4,12.7
2025-01-07,A5,CHANDIGARH,0.0,25.7,14.2
2025-01-08,A5,CHANDIGARH,0.0,22.2,13.5
2025-01-09,A5,CHANDIGARH,0.0,21.9,12.0
2025-01-10,A5,CHANDIGARH,0.0,22.6,12.0
2025-01-11,A5,CHANDIGARH,0.0,23.3,11.4
2025-01-12,A5,CHANDIGARH,0.0,24.5,12.7
2025-01-13,A5,CHANDIGARH,0.0,26.2,13.6
2025-01-14,A5,CHANDIGARH,0.0,25.0,15.2
2025-01-15,A5,CHANDIGARH,0.0,24.1,14.0
2025-01-16,A5,CHANDIGARH,0.0,24.3,13.2
2025-01-17,A5,CHANDIGARH,0.0,24.4,14.0
2025-01-18,A5,CHANDIGARH,0.0,24.3,13.9
2025-01-19,A5,CHANDIGARH,0.0,24.1,13.3
2025-01-20,A5,CHANDIGARH,0.0,23.5,12.3
2025-01-21,A5,CHANDIGARH,0.0,25.0,12.8
2025-01-22,A5,CHANDIGARH,0.0,26.0,13.9
2025-01-23,A5,CHANDIGARH,0.0,27.6,13.5
2025-01-24,A5,CHANDIGARH,0.0,27.6,14.6
2025-01-25,A5,CHANDIGARH,0.1,25.2,16.1
2025-01-26,A5,CHANDIGARH,0.0,24.0,13.1
2025-01-27,A5,CHANDIGARH,0.0,23.8,12.8
2025-01-28,A5,CHANDIGARH,0.0,25.4,12.7
2025-01-29,A5,CHANDIGARH,0.4,26.9,14.3
2025-01-30,A5,CHANDIGARH,0.2,28.9,18.0
2025-01-31,A5,CHANDIGARH,0.0,28.9,19.1
2025-02-01,A5,CHANDIGARH,0.5,28.6,20.0
2025-02-02,A5,CHANDIGARH,0.0,28.5,20.3
2025-02-03,A5,CHANDIGARH,0.0,28.4,19.0
2025-02-04,A5,CHANDIGARH,0.0,26.8,16.7
2025-02-05,A5,CHANDIGARH,0.0,28.7,16.0
2025-02-06,A5,CHANDIGARH,0.0,28.4,18.6
2025-02-07,A5,CHANDIGARH,0.0,25.2,14.5
2025-02-08,A5,CHANDIGARH,0.0,25.1,13.3
2025-02-09,A5,CHANDIGARH,0.0,25.6,13.3
2025-02-10,A5,CHANDIGARH,0.0,28.8,14.5
2025-02-11,A5,CHANDIGARH,0.0,29.5,18.6
2025-02-12,A5,CHANDIGARH,0.0,29.7,19.3
2025-02-13,A5,CHANDIGARH,0.0,29.7,20.1
2025-02-14,A5,CHANDIGARH,0.0,27.4,15.6
2025-02-15,A5,CHANDIGARH,0.0,28.5,15.8
2025-02-16,A5,CHANDIGARH,0.0,30.5,16.4
2025-02-17,A5,CHANDIGARH,0.1,31.1,18.3
2025-02-18,A5,CHANDIGARH,2.5,29.7,18.5
2025-02-19,A5,CHANDIGARH,12.6,28.2,18.7
2025-02-20,A5,CHANDIGARH,7.7,27.1,18.8
2025-02-21,A5,CHANDIGARH,0.0,28.8,17.5
2025-02-22,A5,CHANDIGARH,11.8,28.8,19.2
2025-02-23,A5,CHANDIGARH,5.7,28.1,18.0
2025-02-24,A5,CHANDIGARH,0.0,28.8,17.6
2025-02-25,A5,CHANDIGARH,0.0,29.0,18.3
2025-02-26,A5,CHANDIGARH,0.0,29.1,17.9
2025-02-27,A5,CHANDIGARH,0.0,29.7,17.8
2025-02-28,A5,CHANDIGARH,0.0,30.4,19.5
2025-03-01,A5,CHANDIGARH,0.0,32.9,20.0
2025-03-02,A5,CHANDIGARH,0.0,33.0,20.9
2025-03-03,A5,CHANDIGARH,0.0,31.7,20.6
2025-03-04,A5,CHANDIGARH,0.0,30.6,20.4
2025-03-05,A5,CHANDIGARH,0.0,30.7,19.8
2025-03-06,A5,CHANDIGARH,0.0,27.1,17.0
2025-03-07,A5,CHANDIGARH,0.0,29.1,15.8
2025-03-08,A5,CHANDIGARH,0.0,31.4,17.7
2025-03-09,A5,CHANDIGARH,0.0,31.3,18.8
2025-03-10,A5,CHANDIGARH,0.0,32.2,19.7
2025-03-11,A5,CHANDIGARH,0.0,32.9,20.6
2025-03-12,A5,CHANDIGARH,0.0,34.0,20.4
2025-03-13,A5,CHANDIGARH,0.0,35.4,22.4
2025-03-14,A5,CHANDIGARH,0.0,35.9,22.8
2025-03-15,A5,CHANDIGARH,0.1,34.9,23.5
2025-03-16,A5,CHANDIGARH,6.1,38.0,24.2
2025-03-17,A5,CHANDIGARH,2.9,34.9,23.1
2025-03-18,A5,CHANDIGARH,0.0,33.5,23.9
2025-03-19,A5,CHANDIGARH,0.0,34.8,22.2
2025-03-20,A5,CHANDIGARH,3.9,31.2,24.1
2025-03-21,A5,CHANDIGARH,5.7,30.7,21.1
2025-03-22,A5,CHANDIGARH,4.8,26.6,20.9
2025-03-23,A5,CHANDIGARH,0.2,28.6,18.6
2025-03-24,A5,CHANDIGARH,0.0,30.7,18.0
2025-03-25,A5,CHANDIGARH,0.0,32.0,19.4
2025-03-26,A5,CHANDIGARH,0.0,34.2,21.1
2025-03-27,A5,CHANDIGARH,0.0,35.4,23.3
2025-03-28,A5,CHANDIGARH,0.0,36.7,23.2
2025-03-29,A5,CHANDIGARH,0.0,35.5,23.3
2025-03-30,A5,CHANDIGARH,0.1,35.4,24.1
2025-03-31,A5,CHANDIGARH,0.0,35.9,25.2
2025-04-01,A5,CHANDIGARH,0.0,36.1,25.0
2025-04-02,A5,CHANDIGARH,0.2,36.5,24.9
2025-04-03,A5,CHANDIGARH,0.0,36.0,24.8
2025-04-04,A5,CHANDIGARH,0.0,34.0,25.4
2025-04-05,A5,CHANDIGARH,0.0,36.4,24.4
2025-04-06,A5,CHANDIGARH,0.5,35.7,24.3
2025-04-07,A5,CHANDIGARH,0.7,34.9,24.5
2025-04-08,A5,CHANDIGARH,0.5,34.2,24.2
2025-04-09,A5,CHANDIGARH,2.4,33.5,23.5
2025-04-10,A5,CHANDIGARH,22.5,34.5,21.9
2025-04-11,A5,CHANDIGARH,0.3,31.9,21.9
2025-04-12,A5,CHANDIGARH,1.6,34.9,23.7
2025-04-13,A5,CHANDIGARH,0.0,33.3,23.4
2025-04-14,A5,CHANDIGARH,3.3,32.4,23.9
2025-04-15,A5,CHANDIGARH,1.2,32.6,23.4
2025-04-16,A5,CHANDIGARH,3.7,33.4,23.1
2025-04-17,A5,CHANDIGARH,28.3,32.3,22.9
2025-04-18,A5,CHANDIGARH,7.6,29.6,22.6
2025-04-19,A5,CHANDIGARH,2.0,29.9,23.0
2025-04-20,A5,CHANDIGARH,0.9,34.7,24.8
2025-04-21,A5,CHANDIGARH,0.1,36.1,27.6
2025-04-22,A5,CHANDIGARH,0.0,36.4,27.5
2025-04-23,A5,CHANDIGARH,0.0,38.3,27.1
2025-04-24,A5,CHANDIGARH,0.0,37.1,27.2
2025-04-25,A5,CHANDIGARH,1.5,38.0,27.4
2025-04-26,A5,CHANDIGARH,1.3,36.3,27.0
2025-04-27,A5,CHANDIGARH,0.0,35.2,27.6
2025-04-28,A5,CHANDIGARH,1.5,29.8,24.9
2025-04-29,A5,CHANDIGARH,11.3,30.7,22.5
2025-04-30,A5,CHANDIGARH,1.6,30.6,21.8
2025-05-01,A5,CHANDIGARH,2.7,31.4,22.0
2025-05-02,A5,CHANDIGARH,0.0,30.5,21.7
2025-05-03,A5,CHANDIGARH,1.4,32.2,23.3
2025-05-04,A5,CHANDIGARH,3.6,31.2,23.8
2025-05-05,A5,CHANDIGARH,1.5,32.7,23.6
2025-05-06,A5,CHANDIGARH,14.0,32.2,24.5
2025-05-07,A5,CHANDIGARH,1.1,33.5,24.0
2025-05-08,A5,CHANDIGARH,0.0,35.8,26.9
2025-05-09,A5,CHANDIGARH,0.0,36.5,26.8
2025-05-10,A5,CHANDIGARH,0.6,36.4,26.7
2025-05-11,A5,CHANDIGARH,0.0,36.7,27.2
2025-05-12,A5,CHANDIGARH,1.0,37.1,28.6
2025-05-13,A5,CHANDIGARH,1.5,35.8,28.4
2025-05-14,A5,CHANDIGARH,0.7,36.5,28.2
2025-05-15,A5,CHANDIGARH,7.6,35.2,27.1
2025-05-16,A5,CHANDIGARH,8.7,35.0,27.8
2025-05-17,A5,CHANDIGARH,17.3,35.0,25.5
2025-05-18,A5,CHANDIGARH,10.6,30.6,25.4
2025-05-19,A5,CHANDIGARH,5.4,33.3,26.0
2025-05-20,A5,CHANDIGARH,16.2,34.6,25.2
2025-05-21,A5,CHANDIGARH,28.3,33.6,25.8
2025-05-22,A5,CHANDIGARH,3.8,32.2,26.1
2025-05-23,A5,CHANDIGARH,4.8,31.2,25.7
2025-05-24,A5,CHANDIGARH,5.1,32.1,25.4
2025-05-25,A5,CHANDIGARH,13.7,31.0,25.6
2025-05-26,A5,CHANDIGARH,14.2,30.6,25.2
2025-05-27,A5,CHANDIGARH,9.1,31.7,25.5
2025-05-28,A5,CHANDIGARH,10.0,31.6,25.9
2025-05-29,A5,CHANDIGARH,31.8,29.3,25.4
2025-05-30,A5,CHANDIGARH,19.0,32.8,24.7
2025-05-31,A5,CHANDIGARH,33.5,32.2,25.3
2025-06-01,A5,CHANDIGARH,21.4,31.3,26.7
2025-06-02,A5,CHANDIGARH,0.0,36.0,26.8
2025-06-03,A5,CHANDIGARH,0.3,34.8,27.1
2025-06-04,A5,CHANDIGARH,1.2,34.0,26.1
2025-06-05,A5,CHANDIGARH,1.4,32.3,26.5
2025-06-06,A5,CHANDIGARH,6.0,32.7,25.9
2025-06-07,A5,CHANDIGARH,0.0,33.7,25.4
2025-06-08,A5,CHANDIGARH,0.7,33.7,26.4
2025-06-09,A5,CHANDIGARH,0.2,33.6,26.3
2025-06-10,A5,CHANDIGARH,0.3,34.2,26.3
2025-06-11,A5,CHANDIGARH,0.3,33.1,26.8
2025-06-12,A5,CHANDIGARH,0.4,33.1,25.8
2025-06-13,A5,CHANDIGARH,0.2,33.3,26.6
2025-06-14,A5,CHANDIGARH,0.6,34.1,27.3
2025-06-15,A5,CHANDIGARH,17.4,30.5,26.7
2025-06-16,A5,CHANDIGARH,32.4,31.7,26.0
2025-06-17,A5,CHANDIGARH,52.8,28.8,25.2
2025-06-18,A5,CHANDIGARH,26.0,28.6,25.3
2025-06-19,A5,CHANDIGARH,64.9,30.5,24.1
2025-06-20,A5,CHANDIGARH,9.9,32.1,26.1
2025-06-21,A5,CHANDIGARH,1.1,33.2,26.4
2025-06-22,A5,CHANDIGARH,25.8,32.4,26.3
2025-06-23,A5,CHANDIGARH,9.4,31.8,26.2
2025-06-24,A5,CHANDIGARH,4.0,32.4,26.2
2025-06-25,A5,CHANDIGARH,14.5,31.7,26.2
2025-06-26,A5,CHANDIGARH,2.6,32.1,26.5
2025-06-27,A5,CHANDIGARH,15.9,31.3,25.3
2025-06-28,A5,CHANDIGARH,15.6,30.5,25.4
2025-06-29,A5,CHANDIGARH,43.2,31.2,25.4
2025-06-30,A5,CHANDIGARH,21.1,30.0,25.3
2025-07-01,A5,CHANDIGARH,19.4,30.4,26.0
2025-07-02,A5,CHANDIGARH,13.2,32.6,25.8
2025-07-03,A5,CHANDIGARH,33.5,31.0,25.6
2025-07-04,A5,CHANDIGARH,29.4,31.4,24.9
2025-07-05,A5,CHANDIGARH,15.5,30.5,25.6
2025-07-06,A5,CHANDIGARH,3.7,29.0,25.5
2025-07-07,A5,CHANDIGARH,14.4,29.2,25.3
2025-07-08,A5,CHANDIGARH,30.2,28.2,24.6
2025-07-09,A5,CHANDIGARH,18.1,29.9,24.8
2025-07-10,A5,CHANDIGARH,29.6,31.1,24.9
2025-07-11,A5,CHANDIGARH,10.1,30.5,25.4
2025-07-12,A5,CHANDIGARH,5.9,33.2,25.5
2025-07-13,A5,CHANDIGARH,12.6,31.8,26.1
2025-07-14,A5,CHANDIGARH,33.4,27.5,25.2
2025-07-15,A5,CHANDIGARH,16.9,30.0,24.9
2025-07-16,A5,CHANDIGARH,11.7,30.6,26.0
2025-07-17,A5,CHANDIGARH,0.3,33.0,26.3
2025-07-18,A5,CHANDIGARH,5.4,32.9,26.5
2025-07-19,A5,CHANDIGARH,1.5,33.5,26.7
2025-07-20,A5,CHANDIGARH,1.5,32.9,26.8
2025-07-21,A5,CHANDIGARH,0.4,32.7,26.6
2025-07-22,A5,CHANDIGARH,7.0,33.3,26.9
2025-07-23,A5,CHANDIGARH,0.6,33.9,27.0
2025-07-24,A5,CHANDIGARH,14.1,32.7,26.4
2025-07-25,A5,CHANDIGARH,45.3,30.5,26.0
2025-07-26,A5,CHANDIGARH,6.1,31.1,26.3
2025-07-27,A5,CHANDIGARH,6.1,32.5,26.1
2025-07-28,A5,CHANDIGARH,7.1,30.6,26.7
2025-07-29,A5,CHANDIGARH,48.6,29.6,25.8
2025-07-30,A5,CHANDIGARH,21.0,29.2,25.2
2025-07-31,A5,CHANDIGARH,33.1,29.2,24.8
2025-08-01,A5,CHANDIGARH,15.6,32.1,25.7
2025-08-02,A5,CHANDIGARH,3.5,32.0,25.9
2025-08-03,A5,CHANDIGARH,18.3,32.8,26.7
2025-08-04,A5,CHANDIGARH,25.5,31.5,25.8
2025-08-05,A5,CHANDIGARH,14.7,32.2,26.2
2025-08-06,A5,CHANDIGARH,12.5,30.5,25.4
2025-08-07,A5,CHANDIGARH,6.2,31.2,25.4
2025-08-08,A5,CHANDIGARH,1.7,31.1,24.6
2025-08-09,A5,CHANDIGARH,19.0,31.4,25.1
2025-08-10,A5,CHANDIGARH,0.8,32.9,26.7
2025-08-11,A5,CHANDIGARH,6.1,32.3,26.5
2025-08-12,A5,CHANDIGARH,10.6,33.5,26.6
2025-08-13,A5,CHANDIGARH,22.6,30.9,26.5
2025-08-14,A5,CHANDIGARH,6.8,30.0,25.5
2025-08-15,A5,CHANDIGARH,11.8,31.6,25.4
2025-08-16,A5,CHANDIGARH,4.0,32.3,25.7
2025-08-17,A5,CHANDIGARH,6.4,32.2,26.1
2025-08-18,A5,CHANDIGARH,6.6,31.8,26.3
2025-08-19,A5,CHANDIGARH,10.1,30.3,25.7
2025-08-20,A5,CHANDIGARH,3.1,29.9,25.4
2025-08-21,A5,CHANDIGARH,61.0,28.3,24.8
2025-08-22,A5,CHANDIGARH,26.0,30.2,24.3
2025-08-23,A5,CHANDIGARH,10.4,28.7,24.8
2025-08-24,A5,CHANDIGARH,9.8,30.2,24.6
2025-08-25,A5,CHANDIGARH,3.1,31.7,24.9
2025-08-26,A5,CHANDIGARH,1.7,31.9,25.1
2025-08-27,A5,CHANDIGARH,6.7,31.8,25.7
2025-08-28,A5,CHANDIGARH,10.0,30.6,25.7
2025-08-29,A5,CHANDIGARH,23.5,30.1,25.6
2025-08-30,A5,CHANDIGARH,16.3,30.4,25.6
2025-08-31,A5,CHANDIGARH,2.7,32.0,25.1
2025-09-01,A5,CHANDIGARH,22.5,33.5,26.1
2025-09-02,A5,CHANDIGARH,12.4,31.0,25.6
2025-09-03,A5,CHANDIGARH,14.9,29.4,25.0
2025-09-04,A5,CHANDIGARH,12.5,30.1,25.6
2025-09-05,A5,CHANDIGARH,10.1,31.9,25.4
2025-09-06,A5,CHANDIGARH,2.0,32.5,25.2
2025-09-07,A5,CHANDIGARH,0.3,33.1,25.6
2025-09-08,A5,CHANDIGARH,0.2,32.9,25.7
2025-09-09,A5,CHANDIGARH,0.2,33.1,25.7
2025-09-10,A5,CHANDIGARH,0.2,33.6,26.4
2025-09-11,A5,CHANDIGARH,3.3,32.9,26.3
2025-09-12,A5,CHANDIGARH,14.7,31.7,25.3
2025-09-13,A5,CHANDIGARH,8.4,30.7,25.7
2025-09-14,A5,CHANDIGARH,46.5,30.5,26.2
2025-09-15,A5,CHANDIGARH,30.5,29.6,24.2
2025-09-16,A5,CHANDIGARH,11.4,29.5,24.4
2025-09-17,A5,CHANDIGARH,7.5,30.5,24.9
2025-09-18,A5,CHANDIGARH,3.3,31.9,26.1
2025-09-19,A5,CHANDIGARH,14.5,30.7,25.6
2025-09-20,A5,CHANDIGARH,12.8,32.4,25.9
2025-09-21,A5,CHANDIGARH,1.1,32.6,25.4
2025-09-22,A5,CHANDIGARH,15.4,30.3,25.1
2025-09-23,A5,CHANDIGARH,12.8,31.0,24.6
2025-09-24,A5,CHANDIGARH,7.1,31.4,24.9
2025-09-25,A5,CHANDIGARH,22.6,32.7,25.6
2025-09-26,A5,CHANDIGARH,7.0,31.9,25.5
2025-09-27,A5,CHANDIGARH,9.4,30.1,25.6
2025-09-28,A5,CHANDIGARH,6.2,31.8,25.5
2025-09-29,A5,CHANDIGARH,1.3,32.3,25.9
2025-09-30,A5,CHANDIGARH,2.3,32.2,26.3
2025-10-01,A5,CHANDIGARH,18.5,31.5,24.7
2025-10-02,A5,CHANDIGARH,28.7,28.0,24.5
2025-10-03,A5,CHANDIGARH,11.9,29.4,25.2
2025-10-04,A5,CHANDIGARH,9.9,32.0,25.1
2025-10-05,A5,CHANDIGARH,30.1,30.4,24.1
2025-10-06,A5,CHANDIGARH,3.7,29.1,24.6
2025-10-07,A5,CHANDIGARH,5.8,31.2,24.3
2025-10-08,A5,CHANDIGARH,4.4,30.7,24.5
2025-10-09,A5,CHANDIGARH,7.7,31.2,24.6
2025-10-10,A5,CHANDIGARH,10.4,31.3,24.4
2025-10-11,A5,CHANDIGARH,2.9,30.5,24.1
2025-10-12,A5,CHANDIGARH,0.0,31.2,24.3
2025-10-13,A5,CHANDIGARH,0.0,30.6,23.7
2025-10-14,A5,CHANDIGARH,0.0,31.2,23.3
2025-10-15,A5,CHANDIGARH,0.0,31.1,22.9
2025-10-16,A5,CHANDIGARH,0.0,31.0,22.0
2025-10-17,A5,CHANDIGARH,0.0,31.6,22.5
2025-10-18,A5,CHANDIGARH,0.0,31.9,23.9
2025-10-19,A5,CHANDIGARH,0.0,32.9,24.3
2025-10-20,A5,CHANDIGARH,0.0,33.1,23.5
2025-10-21,A5,CHANDIGARH,0.0,33.1,23.5
2025-10-22,A5,CHANDIGARH,0.0,32.4,22.9
2025-10-23,A5,CHANDIGARH,0.0,32.4,23.1
2025-10-24,A5,CHANDIGARH,0.0,32.5,22.7
2025-10-25,A5,CHANDIGARH,0.0,32.3,23.3
2025-10-26,A5,CHANDIGARH,0.0,32.4,24.2
2025-10-27,A5,CHANDIGARH,0.1,32.3,23.9
2025-10-28,A5,CHANDIGARH,0.3,32.6,24.4
2025-10-29,A5,CHANDIGARH,16.2,28.5,24.5
2025-10-30,A5,CHANDIGARH,15.4,30.5,23.8
2025-10-31,A5,CHANDIGARH,0.6,31.6,24.3
2025-11-01,A5,CHANDIGARH,15.8,30.4,25.1
2025-11-02,A5,CHANDIGARH,0.0,28.4,23.2
2025-11-03,A5,CHANDIGARH,0.0,29.7,22.2
2025-11-04,A5,CHANDIGARH,0.0,29.6,19.8
2025-11-05,A5,CHANDIGARH,0.0,29.9,21.3
2025-11-06,A5,CHANDIGARH,0.3,30.2,21.4
2025-11-07,A5,CHANDIGARH,0.0,30.0,22.7
2025-11-08,A5,CHANDIGARH,0.0,29.3,20.0
2025-11-09,A5,CHANDIGARH,0.0,28.2,18.0
2025-11-10,A5,CHANDIGARH,0.0,28.5,18.2
2025-11-11,A5,CHANDIGARH,0.0,27.7,17.2
2025-11-12,A5,CHANDIGARH,0.0,26.8,16.4
2025-11-13,A5,CHANDIGARH,0.0,26.9,16.4
2025-11-14,A5,CHANDIGARH,0.0,26.8,16.3
2025-11-15,A5,CHANDIGARH,0.0,27.2,16.4
2025-11-16,A5,CHANDIGARH,0.0,27.2,16.5
2025-11-17,A5,CHANDIGARH,0.0,27.1,17.5
2025-11-18,A5,CHANDIGARH,0.0,27.9,17.2
2025-11-19,A5,CHANDIGARH,0.0,28.6,16.7
2025-11-20,A5,CHANDIGARH,0.0,28.1,17.4
2025-11-21,A5,CHANDIGARH,0.0,28.3,17.8
2025-11-22,A5,CHANDIGARH,0.0,27.9,17.2
2025-11-23,A5,CHANDIGARH,0.0,27.7,16.7
2025-11-24,A5,CHANDIGARH,0.0,26.7,16.4
2025-11-25,A5,CHANDIGARH,0.0,26.1,15.4
2025-11-26,A5,CHANDIGARH,0.0,25.8,14.7
2025-11-27,A5,CHANDIGARH,0.0,26.7,15.4
2025-11-28,A5,CHANDIGARH,0.0,27.0,16.8
2025-11-29,A5,CHANDIGARH,0.0,26.9,16.8
2025-11-30,A5,CHANDIGARH,0.0,26.9,16.8
2025-12-01,A5,CHANDIGARH,0.0,26.5,16.3
2025-12-02,A5,CHANDIGARH,0.0,26.7,17.2
2025-12-03,A5,CHANDIGARH,0.0,25.9,15.7
2025-12-04,A5,CHANDIGARH,0.0,25.2,14.2
2025-12-05,A5,CHANDIGARH,0.0,25.4,14.7
2025-12-06,A5,CHANDIGARH,0.0,24.4,12.6
2025-12-07,A5,CHANDIGARH,0.0,24.7,13.6
2025-12-08,A5,CHANDIGARH,0.0,24.8,13.8
2025-12-09,A5,CHANDIGARH,0.0,25.0,14.3
2025-12-10,A5,CHANDIGARH,0.0,25.0,14.1
2025-12-11,A5,CHANDIGARH,0.0,24.9,13.7
2025-12-12,A5,CHANDIGARH,0.0,24.9,14.0
2025-12-13,A5,CHANDIGARH,0.0,25.2,14.3
2025-12-14,A5,CHANDIGARH,0.0,26.3,14.5
2025-12-15,A5,CHANDIGARH,0.0,25.9,14.9
2025-12-16,A5,CHANDIGARH,0.0,24.9,14.4
2025-12-17,A5,CHANDIGARH,0.0,25.0,14.1
2025-12-18,A5,CHANDIGARH,0.0,26.2,14.8
2025-12-19,A5,CHANDIGARH,0.0,25.8,15.5
2025-12-20,A5,CHANDIGARH,0.0,23.8,15.5
2025-12-21,A5,CHANDIGARH,0.0,23.4,14.4
2025-12-22,A5,CHANDIGARH,0.0,24.3,14.5
2025-12-23,A5,CHANDIGARH,0.0,23.9,14.0
2025-12-24,A5,CHANDIGARH,0.0,23.5,13.4
2025-12-25,A5,CHANDIGARH,0.0,21.2,11.7
2025-12-26,A5,CHANDIGARH,0.0,21.6,11.0
2025-12-27,A5,CHANDIGARH,0.0,22.8,12.1
2025-12-28,A5,CHANDIGARH,0.0,21.8,12.7
2025-12-29,A5,CHANDIGARH,0.0,20.0,11.8
2025-12-30,A5,CHANDIGARH,0.0,19.2,10.6
2025-12-31,A5,CHANDIGARH,0.0,20.5,9.2
2024-01-01,A6,MARICHA,0.0,24.7,14.4
2024-01-02,A6,MARICHA,0.0,22.9,13.1
2024-01-03,A6,MARICHA,0.0,24.3,12.2
2024-01-04,A6,MARICHA,0.0,25.0,12.0
2024-01-05,A6,MARICHA,0.0,25.5,13.0
2024-01-06,A6,MARICHA,0.0,26.2,12.9
2024-01-07,A6,MARICHA,0.0,25.8,14.9
2024-01-08,A6,MARICHA,0.0,25.5,15.4
2024-01-09,A6,MARICHA,0.0,24.9,13.3
2024-01-10,A6,MARICHA,0.0,25.5,12.7
2024-01-11,A6,MARICHA,0.0,24.6,13.0
2024-01-12,A6,MARICHA,0.0,22.4,10.8
2024-01-13,A6,MARICHA,0.0,22.4,10.2
2024-01-14,A6,MARICHA,0.0,21.9,10.4
2024-01-15,A6,MARICHA,0.0,21.6,10.4
2024-01-16,A6,MARICHA,0.0,21.8,10.3
2024-01-17,A6,MARICHA,0.1,23.1,9.9
2024-01-18,A6,MARICHA,7.1,22.3,14.9
2024-01-19,A6,MARICHA,0.0,22.9,14.7
2024-01-20,A6,MARICHA,0.0,22.3,12.3
2024-01-21,A6,MARICHA,0.0,22.6,12.9
2024-01-22,A6,MARICHA,0.0,20.8,10.6
2024-01-23,A6,MARICHA,0.0,22.1,9.2
2024-01-24,A6,MARICHA,3.2,21.5,15.1
2024-01-25,A6,MARICHA,0.0,22.7,13.0
2024-01-26,A6,MARICHA,0.0,22.6,12.5
2024-01-27,A6,MARICHA,0.0,22.6,11.0
2024-01-28,A6,MARICHA,0.0,23.1,10.0
2024-01-29,A6,MARICHA,0.0,24.4,10.4
2024-01-30,A6,MARICHA,0.9,26.0,12.8
2024-01-31,A6,MARICHA,14.2,24.9,17.4
2024-02-01,A6,MARICHA,4.0,24.4,16.1
2024-02-02,A6,MARICHA,0.5,26.3,16.5
2024-02-03,A6,MARICHA,0.0,25.5,14.9
2024-02-04,A6,MARICHA,0.0,25.9,12.5
2024-02-05,A6,MARICHA,0.0,26.7,14.6
2024-02-06,A6,MARICHA,1.3,26.7,17.6
2024-02-07,A6,MARICHA,0.0,25.2,17.2
2024-02-08,A6,MARICHA,0.0,24.3,13.9
2024-02-09,A6,MARICHA,0.0,22.8,12.8
2024-02-10,A6,MARICHA,0.0,24.5,11.2
2024-02-11,A6,MARICHA,0.0,26.3,12.0
2024-02-12,A6,MARICHA,0.0,27.1,13.8
2024-02-13,A6,MARICHA,0.0,28.7,16.8
2024-02-14,A6,MARICHA,0.0,28.1,15.8
2024-02-15,A6,MARICHA,0.6,27.5,17.1
2024-02-16,A6,MARICHA,0.0,28.5,17.4
2024-02-17,A6,MARICHA,0.0,27.5,15.2
2024-02-18,A6,MARICHA,0.2,28.4,15.7
2024-02-19,A6,MARICHA,0.2,29.2,18.0
2024-02-20,A6,MARICHA,0.8,31.0,20.8
2024-02-21,A6,MARICHA,0.0,32.5,20.6
2024-02-22,A6,MARICHA,0.5,28.8,20.6
2024-02-23,A6,MARICHA,1.0,28.4,19.1
2024-02-24,A6,MARICHA,0.2,28.3,16.8
2024-02-25,A6,MARICHA,0.0,25.2,18.2
2024-02-26,A6,MARICHA,0.0,27.9,17.0
2024-02-27,A6,MARICHA,0.0,28.4,17.2
2024-02-28,A6,MARICHA,0.0,28.9,17.9
2024-02-29,A6,MARICHA,0.0,29.4,17.8
2024-03-01,A6,MARICHA,0.0,29.9,16.4
2024-03-02,A6,MARICHA,0.0,30.0,16.1
2024-03-03,A6,MARICHA,0.1,31.0,18.3
2024-03-04,A6,MARICHA,0.7,30.9,19.8
2024-03-05,A6,MARICHA,0.0,30.3,20.1
2024-03-06,A6,MARICHA,0.0,29.0,17.9
2024-03-07,A6,MARICHA,0.0,28.4,18.5
2024-03-08,A6,MARICHA,0.0,29.9,18.3
2024-03-09,A6,MARICHA,0.0,29.2,15.2
2024-03-10,A6,MARICHA,0.0,29.1,14.7
2024-03-11,A6,MARICHA,0.0,30.1,14.9
2024-03-12,A6,MARICHA,0.0,32.3,19.5
2024-03-13,A6,MARICHA,0.4,33.3,23.0
2024-03-14,A6,MARICHA,12.7,31.5,21.7
2024-03-15,A6,MARICHA,0.9,33.3,22.0
2024-03-16,A6,MARICHA,0.8,30.8,22.5
2024-03-17,A6,MARICHA,0.0,31.4,21.2
2024-03-18,A6,MARICHA,1.6,29.7,21.8
2024-03-19,A6,MARICHA,9.7,30.2,22.2
2024-03-20,A6,MARICHA,13.7,23.2,18.8
2024-03-21,A6,MARICHA,6.8,26.9,18.6
2024-03-22,A6,MARICHA,0.2,27.5,17.3
2024-03-23,A6,MARICHA,5.5,31.7,19.0
2024-03-24,A6,MARICHA,0.0,33.5,23.7
2024-03-25,A6,MARICHA,13.8,33.0,22.6
2024-03-26,A6,MARICHA,0.6,32.2,23.8
2024-03-27,A6,MARICHA,0.8,34.1,22.6
2024-03-28,A6,MARICHA,1.2,32.6,22.4
2024-03-29,A6,MARICHA,0.0,33.6,24.5
2024-03-30,A6,MARICHA,0.0,35.4,24.7
2024-03-31,A6,MARICHA,6.4,35.0,25.0
2024-04-01,A6,MARICHA,0.0,35.9,24.9
2024-04-02,A6,MARICHA,0.0,35.6,23.4
2024-04-03,A6,MARICHA,0.0,35.6,25.0
2024-04-04,A6,MARICHA,15.1,36.7,25.9
2024-04-05,A6,MARICHA,0.0,37.1,26.3
2024-04-06,A6,MARICHA,0.0,37.4,26.3
2024-04-07,A6,MARICHA,3.6,36.0,25.9
2024-04-08,A6,MARICHA,0.1,30.5,22.5
2024-04-09,A6,MARICHA,0.6,34.3,21.9
2024-04-10,A6,MARICHA,0.0,35.1,22.2
2024-04-11,A6,MARICHA,5.6,33.1,23.5
2024-04-12,A6,MARICHA,0.0,34.5,22.7
2024-04-13,A6,MARICHA,0.0,35.5,23.5
2024-04-14,A6,MARICHA,0.0,36.5,23.1
2024-04-15,A6,MARICHA,0.0,37.7,23.8
2024-04-16,A6,MARICHA,0.0,38.0,26.1
2024-04-17,A6,MARICHA,0.0,37.8,27.2
2024-04-18,A6,MARICHA,0.0,37.7,25.4
2024-04-19,A6,MARICHA,0.0,39.7,24.7
2024-04-20,A6,MARICHA,0.0,40.8,25.8
2024-04-21,A6,MARICHA,0.0,40.1,27.0
2024-04-22,A6,MARICHA,0.0,39.2,25.2
2024-04-23,A6,MARICHA,0.0,37.9,26.2
2024-04-24,A6,MARICHA,0.0,39.6,26.8
2024-04-25,A6,MARICHA,0.0,40.0,24.6
2024-04-26,A6,MARICHA,0.0,40.9,26.9
2024-04-27,A6,MARICHA,0.0,41.1,27.8
2024-04-28,A6,MARICHA,0.7,39.6,28.1
2024-04-29,A6,MARICHA,0.0,41.4,28.4
2024-04-30,A6,MARICHA,0.0,43.3,29.0
2024-05-01,A6,MARICHA,0.0,41.1,28.3
2024-05-02,A6,MARICHA,0.2,41.0,29.3
2024-05-03,A6,MARICHA,0.0,39.5,25.3
2024-05-04,A6,MARICHA,0.0,39.4,27.1
2024-05-05,A6,MARICHA,0.2,38.0,28.4
2024-05-06,A6,MARICHA,112.5,37.5,24.7
2024-05-07,A6,MARICHA,1.5,33.2,24.4
2024-05-08,A6,MARICHA,2.6,30.5,23.7
2024-05-09,A6,MARICHA,8.6,31.3,23.8
2024-05-10,A6,MARICHA,9.7,31.3,23.7
2024-05-11,A6,MARICHA,15.9,31.4,24.7
2024-05-12,A6,MARICHA,3.3,32.7,24.9
2024-05-13,A6,MARICHA,0.0,33.4,24.0
2024-05-14,A6,MARICHA,3.3,34.0,25.3
2024-05-15,A6,MARICHA,0.0,35.1,25.9
2024-05-16,A6,MARICHA,0.0,35.4,26.1
2024-05-17,A6,MARICHA,0.0,37.3,27.3
2024-05-18,A6,MARICHA,0.1,36.1,28.7
2024-05-19,A6,MARICHA,1.7,33.9,28.8
2024-05-20,A6,MARICHA,14.6,33.0,26.9
2024-05-21,A6,MARICHA,11.3,33.1,25.8
2024-05-22,A6,MARICHA,2.9,33.9,26.7
2024-05-23,A6,MARICHA,0.0,34.9,25.9
2024-05-24,A6,MARICHA,0.0,35.5,26.4
2024-05-25,A6,MARICHA,0.0,36.4,27.5
2024-05-26,A6,MARICHA,39.9,30.9,26.8
2024-05-27,A6,MARICHA,80.5,27.5,26.1
2024-05-28,A6,MARICHA,0.4,35.3,26.3
2024-05-29,A6,MARICHA,0.0,35.9,29.2
2024-05-30,A6,MARICHA,0.2,35.3,29.5
2024-05-31,A6,MARICHA,0.0,35.2,28.5
2024-06-01,A6,MARICHA,0.8,34.7,28.3
2024-06-02,A6,MARICHA,5.0,34.4,29.1
2024-06-03,A6,MARICHA,0.2,34.5,28.3
2024-06-04,A6,MARICHA,0.1,35.7,28.6
2024-06-05,A6,MARICHA,0.0,35.7,28.0
2024-06-06,A6,MARICHA,0.2,36.4,26.7
2024-06-07,A6,MARICHA,0.0,36.0,26.1
2024-06-08,A6,MARICHA,0.0,35.7,28.1
2024-06-09,A6,MARICHA,0.0,36.6,28.2
2024-06-10,A6,MARICHA,0.0,36.5,28.5
2024-06-11,A6,MARICHA,0.0,36.6,28.9
2024-06-12,A6,MARICHA,0.0,35.3,28.3
2024-06-13,A6,MARICHA,0.0,36.0,28.5
2024-06-14,A6,MARICHA,0.0,37.1,29.1
2024-06-15,A6,MARICHA,0.0,37.3,29.4
2024-06-16,A6,MARICHA,0.0,36.8,29.4
2024-06-17,A6,MARICHA,0.2,37.0,29.2
2024-06-18,A6,MARICHA,10.7,32.5,28.8
2024-06-19,A6,MARICHA,8.0,34.8,28.6
2024-06-20,A6,MARICHA,24.2,33.6,27.8
2024-06-21,A6,MARICHA,2.6,31.8,27.1
2024-06-22,A6,MARICHA,2.0,33.3,26.5
2024-06-23,A6,MARICHA,1.1,34.0,26.7
2024-06-24,A6,MARICHA,1.3,34.1,27.1
2024-06-25,A6,MARICHA,0.8,34.2,28.0
2024-06-26,A6,MARICHA,0.4,34.5,27.4
2024-06-27,A6,MARICHA,9.6,32.1,27.5
2024-06-28,A6,MARICHA,4.8,33.0,27.1
2024-06-29,A6,MARICHA,17.3,31.3,26.9
2024-06-30,A6,MARICHA,30.2,32.1,26.3
2024-07-01,A6,MARICHA,17.7,31.2,26.0
2024-07-02,A6,MARICHA,28.1,31.0,25.9
2024-07-03,A6,MARICHA,7.9,30.9,25.9
2024-07-04,A6,MARICHA,18.3,31.5,25.5
2024-07-05,A6,MARICHA,27.3,32.4,25.6
2024-07-06,A6,MARICHA,2.4,32.2,26.2
2024-07-07,A6,MARICHA,5.4,32.5,26.4
2024-07-08,A6,MARICHA,1.0,32.4,26.2
2024-07-09,A6,MARICHA,3.9,32.2,27.0
2024-07-10,A6,MARICHA,1.4,32.9,27.5
2024-07-11,A6,MARICHA,26.5,32.7,27.6
2024-07-12,A6,MARICHA,9.2,32.3,26.1
2024-07-13,A6,MARICHA,2.4,32.6,25.6
2024-07-14,A6,MARICHA,3.3,32.8,26.4
2024-07-15,A6,MARICHA,2.3,32.4,26.9
2024-07-16,A6,MARICHA,2.6,32.4,26.6
2024-07-17,A6,MARICHA,6.6,33.4,26.6
2024-07-18,A6,MARICHA,2.0,33.2,26.6
2024-07-19,A6,MARICHA,3.5,32.5,27.3
2024-07-20,A6,MARICHA,2.4,32.8,27.1
2024-07-21,A6,MARICHA,13.1,32.4,27.0
2024-07-22,A6,MARICHA,14.5,31.7,26.7
2024-07-23,A6,MARICHA,13.4,32.7,25.8
2024-07-24,A6,MARICHA,18.3,32.3,26.6
2024-07-25,A6,MARICHA,13.8,32.3,26.4
2024-07-26,A6,MARICHA,18.9,31.2,26.3
2024-07-27,A6,MARICHA,5.7,32.0,27.0
2024-07-28,A6,MARICHA,20.2,32.0,26.4
2024-07-29,A6,MARICHA,11.3,32.1,26.4
2024-07-30,A6,MARICHA,4.4,33.0,26.2
2024-07-31,A6,MARICHA,22.9,31.6,25.9
2024-08-01,A6,MARICHA,88.3,29.2,24.9
2024-08-02,A6,MARICHA,31.6,29.7,25.5
2024-08-03,A6,MARICHA,18.1,31.0,24.9
2024-08-04,A6,MARICHA,22.3,31.0,24.8
2024-08-05,A6,MARICHA,33.2,32.5,24.8
2024-08-06,A6,MARICHA,12.0,31.2,26.2
2024-08-07,A6,MARICHA,5.3,30.6,25.7
2024-08-08,A6,MARICHA,14.5,31.0,25.9
2024-08-09,A6,MARICHA,20.8,31.1,25.4
2024-08-10,A6,MARICHA,32.1,32.2,24.9
2024-08-11,A6,MARICHA,14.4,32.2,25.1
2024-08-12,A6,MARICHA,12.2,32.4,25.5
2024-08-13,A6,MARICHA,9.9,32.5,25.4
2024-08-14,A6,MARICHA,8.8,32.4,25.3
2024-08-15,A6,MARICHA,8.0,32.6,25.7
2024-08-16,A6,MARICHA,3.9,31.3,25.5
2024-08-17,A6,MARICHA,23.2,32.9,25.4
2024-08-18,A6,MARICHA,17.1,29.1,25.4
2024-08-19,A6,MARICHA,13.0,30.3,25.6
2024-08-20,A6,MARICHA,12.6,30.9,24.9
2024-08-21,A6,MARICHA,27.8,31.7,25.0
2024-08-22,A6,MARICHA,27.4,31.4,25.7
2024-08-23,A6,MARICHA,27.2,30.7,24.6
2024-08-24,A6,MARICHA,4.1,29.2,25.0
2024-08-25,A6,MARICHA,42.3,29.3,24.2
2024-08-26,A6,MARICHA,47.2,29.3,24.4
2024-08-27,A6,MARICHA,22.6,30.1,24.7
2024-08-28,A6,MARICHA,5.3,31.9,24.9
2024-08-29,A6,MARICHA,4.4,32.4,25.5
2024-08-30,A6,MARICHA,0.5,32.7,25.3
2024-08-31,A6,MARICHA,3.3,32.3,26.2
2024-09-01,A6,MARICHA,8.7,30.7,26.2
2024-09-02,A6,MARICHA,3.7,32.3,25.5
2024-09-03,A6,MARICHA,7.3,31.8,25.4
2024-09-04,A6,MARICHA,6.3,31.4,25.9
2024-09-05,A6,MARICHA,1.8,32.4,25.4
2024-09-06,A6,MARICHA,0.4,33.1,26.0
2024-09-07,A6,MARICHA,18.8,33.7,25.6
2024-09-08,A6,MARICHA,6.7,32.3,26.3
2024-09-09,A6,MARICHA,5.3,32.1,26.5
2024-09-10,A6,MARICHA,6.2,31.7,25.9
2024-09-11,A6,MARICHA,8.5,32.3,26.0
2024-09-12,A6,MARICHA,16.9,31.9,26.3
2024-09-13,A6,MARICHA,30.8,32.2,25.7
2024-09-14,A6,MARICHA,58.3,27.5,25.3
2024-09-15,A6,MARICHA,19.1,28.3,24.9
2024-09-16,A6,MARICHA,18.1,27.8,25.2
2024-09-17,A6,MARICHA,0.3,32.2,25.6
2024-09-18,A6,MARICHA,0.0,33.0,24.4
2024-09-19,A6,MARICHA,3.7,32.8,25.9
2024-09-20,A6,MARICHA,0.0,33.9,26.5
2024-09-21,A6,MARICHA,6.4,33.4,26.3
2024-09-22,A6,MARICHA,0.0,34.1,27.0
2024-09-23,A6,MARICHA,6.3,34.1,26.3
2024-09-24,A6,MARICHA,10.1,30.8,26.4
2024-09-25,A6,MARICHA,24.6,28.9,24.4
2024-09-26,A6,MARICHA,30.9,28.3,24.3
2024-09-27,A6,MARICHA,11.6,30.5,24.7
2024-09-28,A6,MARICHA,6.3,31.3,24.8
2024-09-29,A6,MARICHA,3.9,32.4,26.3
2024-09-30,A6,MARICHA,0.8,33.2,25.8
2024-10-01,A6,MARICHA,11.8,33.7,26.6
2024-10-02,A6,MARICHA,6.2,31.9,24.7
2024-10-03,A6,MARICHA,32.5,30.9,25.9
2024-10-04,A6,MARICHA,23.2,30.0,24.9
2024-10-05,A6,MARICHA,21.8,30.2,24.7
2024-10-06,A6,MARICHA,3.7,30.3,24.5
2024-10-07,A6,MARICHA,11.7,31.0,24.0
2024-10-08,A6,MARICHA,10.4,30.2,25.1
2024-10-09,A6,MARICHA,9.7,30.3,24.6
2024-10-10,A6,MARICHA,8.2,30.6,24.5
2024-10-11,A6,MARICHA,5.2,31.9,25.1
2024-10-12,A6,MARICHA,4.3,31.7,24.4
2024-10-13,A6,MARICHA,1.6,31.9,24.5
2024-10-14,A6,MARICHA,0.0,32.1,23.8
2024-10-15,A6,MARICHA,9.0,31.4,24.4
2024-10-16,A6,MARICHA,0.0,31.3,23.9
2024-10-17,A6,MARICHA,8.7,31.1,23.8
2024-10-18,A6,MARICHA,5.2,29.5,23.4
2024-10-19,A6,MARICHA,7.2,30.2,23.4
2024-10-20,A6,MARICHA,0.0,30.5,23.7
2024-10-21,A6,MARICHA,0.0,30.5,24.0
2024-10-22,A6,MARICHA,0.0,30.9,22.7
2024-10-23,A6,MARICHA,17.8,29.7,24.0
2024-10-24,A6,MARICHA,13.7,27.0,24.1
2024-10-25,A6,MARICHA,28.2,26.1,23.5
2024-10-26,A6,MARICHA,2.7,31.5,24.4
2024-10-27,A6,MARICHA,0.2,31.2,23.5
2024-10-28,A6,MARICHA,0.3,31.3,23.4
2024-10-29,A6,MARICHA,0.0,31.2,23.6
2024-10-30,A6,MARICHA,0.4,30.9,23.6
2024-10-31,A6,MARICHA,0.3,31.1,23.8
2024-11-01,A6,MARICHA,0.0,32.2,23.1
2024-11-02,A6,MARICHA,0.0,31.3,20.9
2024-11-03,A6,MARICHA,0.0,30.6,21.0
2024-11-04,A6,MARICHA,0.0,30.4,21.1
2024-11-05,A6,MARICHA,0.5,30.4,21.9
2024-11-06,A6,MARICHA,0.6,29.5,22.0
2024-11-07,A6,MARICHA,0.2,29.9,21.1
2024-11-08,A6,MARICHA,0.0,30.2,21.0
2024-11-09,A6,MARICHA,0.0,29.7,20.9
2024-11-10,A6,MARICHA,0.0,30.1,20.3
2024-11-11,A6,MARICHA,0.0,30.2,20.1
2024-11-12,A6,MARICHA,0.0,30.1,19.8
2024-11-13,A6,MARICHA,0.0,31.4,20.2
2024-11-14,A6,MARICHA,0.0,31.3,20.1
2024-11-15,A6,MARICHA,0.0,31.4,19.0
2024-11-16,A6,MARICHA,0.0,30.2,18.2
2024-11-17,A6,MARICHA,0.0,29.5,17.9
2024-11-18,A6,MARICHA,0.0,29.2,17.7
2024-11-19,A6,MARICHA,0.0,28.8,17.8
2024-11-20,A6,MARICHA,0.0,29.6,17.7
2024-11-21,A6,MARICHA,0.0,29.3,18.5
2024-11-22,A6,MARICHA,0.0,29.5,18.0
2024-11-23,A6,MARICHA,0.0,29.3,17.9
2024-11-24,A6,MARICHA,0.0,29.0,16.6
2024-11-25,A6,MARICHA,0.0,28.2,16.3
2024-11-26,A6,MARICHA,0.0,28.2,16.3
2024-11-27,A6,MARICHA,0.0,28.7,16.5
2024-11-28,A6,MARICHA,0.0,28.9,17.1
2024-11-29,A6,MARICHA,0.0,28.1,19.7
2024-11-30,A6,MARICHA,23.4,23.5,19.0
2024-12-01,A6,MARICHA,0.0,28.8,18.8
2024-12-02,A6,MARICHA,2.4,23.0,19.2
2024-12-03,A6,MARICHA,0.0,29.0,18.8
2024-12-04,A6,MARICHA,0.0,28.7,16.6
2024-12-05,A6,MARICHA,0.0,29.5,15.9
2024-12-06,A6,MARICHA,0.0,27.4,16.0
2024-12-07,A6,MARICHA,0.0,26.5,14.5
2024-12-08,A6,MARICHA,0.0,26.2,13.5
2024-12-09,A6,MARICHA,0.0,26.3,14.7
2024-12-10,A6,MARICHA,0.0,26.4,16.7
2024-12-11,A6,MARICHA,0.0,24.5,14.4
2024-12-12,A6,MARICHA,0.0,24.0,12.3
2024-12-13,A6,MARICHA,0.0,23.6,11.6
2024-12-14,A6,MARICHA,0.0,23.3,12.3
2024-12-15,A6,MARICHA,0.0,24.0,11.0
2024-12-16,A6,MARICHA,0.0,24.8,12.8
2024-12-17,A6,MARICHA,0.0,25.9,13.1
2024-12-18,A6,MARICHA,0.0,26.8,14.3
2024-12-19,A6,MARICHA,0.0,26.1,14.4
2024-12-20,A6,MARICHA,0.0,25.9,14.0
2024-12-21,A6,MARICHA,1.6,20.3,15.5
2024-12-22,A6,MARICHA,0.0,25.4,15.0
2024-12-23,A6,MARICHA,0.0,26.3,15.1
2024-12-24,A6,MARICHA,0.8,26.0,14.9
2024-12-25,A6,MARICHA,0.0,26.0,16.8
2024-12-26,A6,MARICHA,0.0,27.0,16.2
2024-12-27,A6,MARICHA,0.0,26.7,15.0
2024-12-28,A6,MARICHA,0.0,26.0,14.0
2024-12-29,A6,MARICHA,0.0,26.8,15.4
2024-12-30,A6,MARICHA,0.0,26.1,16.6
2024-12-31,A6,MARICHA,0.0,23.8,15.2
2025-01-01,A6,MARICHA,0.0,22.8,12.8
2025-01-02,A6,MARICHA,0.0,22.1,12.1
2025-01-03,A6,MARICHA,0.0,22.2,11.1
2025-01-04,A6,MARICHA,0.0,23.7,13.0
2025-01-05,A6,MARICHA,0.0,24.2,13.8
2025-01-06,A6,MARICHA,0.0,24.4,12.7
2025-01-07,A6,MARICHA,0.0,25.7,14.2
2025-01-08,A6,MARICHA,0.0,22.2,13.5
2025-01-09,A6,MARICHA,0.0,21.9,12.0
2025-01-10,A6,MARICHA,0.0,22.6,12.0
2025-01-11,A6,MARICHA,0.0,23.3,11.4
2025-01-12,A6,MARICHA,0.0,24.5,12.7
2025-01-13,A6,MARICHA,0.0,26.2,13.6
2025-01-14,A6,MARICHA,0.0,25.0,15.2
2025-01-15,A6,MARICHA,0.0,24.1,14.0
2025-01-16,A6,MARICHA,0.0,24.3,13.2
2025-01-17,A6,MARICHA,0.0,24.4,14.0
2025-01-18,A6,MARICHA,0.0,24.3,13.9
2025-01-19,A6,MARICHA,0.0,24.1,13.3
2025-01-20,A6,MARICHA,0.0,23.5,12.3
2025-01-21,A6,MARICHA,0.0,25.0,12.8
2025-01-22,A6,MARICHA,0.0,26.0,13.9
2025-01-23,A6,MARICHA,0.0,27.6,13.5
2025-01-24,A6,MARICHA,0.0,27.6,14.6
2025-01-25,A6,MARICHA,0.1,25.2,16.1
2025-01-26,A6,MARICHA,0.0,24.0,13.1
2025-01-27,A6,MARICHA,0.0,23.8,12.8
2025-01-28,A6,MARICHA,0.0,25.4,12.7
2025-01-29,A6,MARICHA,0.4,26.9,14.3
2025-01-30,A6,MARICHA,0.2,28.9,18.0
2025-01-31,A6,MARICHA,0.0,28.9,19.1
2025-02-01,A6,MARICHA,0.5,28.6,20.0
2025-02-02,A6,MARICHA,0.0,28.5,20.3
2025-02-03,A6,MARICHA,0.0,28.4,19.0
2025-02-04,A6,MARICHA,0.0,26.8,16.7
2025-02-05,A6,MARICHA,0.0,28.7,16.0
2025-02-06,A6,MARICHA,0.0,28.4,18.6
2025-02-07,A6,MARICHA,0.0,25.2,14.5
2025-02-08,A6,MARICHA,0.0,25.1,13.3
2025-02-09,A6,MARICHA,0.0,25.6,13.3
2025-02-10,A6,MARICHA,0.0,28.8,14.5
2025-02-11,A6,MARICHA,0.0,29.5,18.6
2025-02-12,A6,MARICHA,0.0,29.7,19.3
2025-02-13,A6,MARICHA,0.0,29.7,20.1
2025-02-14,A6,MARICHA,0.0,27.4,15.6
2025-02-15,A6,MARICHA,0.0,28.5,15.8
2025-02-16,A6,MARICHA,0.0,30.5,16.4
2025-02-17,A6,MARICHA,0.1,31.1,18.3
2025-02-18,A6,MARICHA,2.5,29.7,18.5
2025-02-19,A6,MARICHA,12.6,28.2,18.7
2025-02-20,A6,MARICHA,7.7,27.1,18.8
2025-02-21,A6,MARICHA,0.0,28.8,17.5
2025-02-22,A6,MARICHA,11.8,28.8,19.2
2025-02-23,A6,MARICHA,5.7,28.1,18.0
2025-02-24,A6,MARICHA,0.0,28.8,17.6
2025-02-25,A6,MARICHA,0.0,29.0,18.3
2025-02-26,A6,MARICHA,0.0,29.1,17.9
2025-02-27,A6,MARICHA,0.0,29.7,17.8
2025-02-28,A6,MARICHA,0.0,30.4,19.5
2025-03-01,A6,MARICHA,0.0,32.9,20.0
2025-03-02,A6,MARICHA,0.0,33.0,20.9
2025-03-03,A6,MARICHA,0.0,31.7,20.6
2025-03-04,A6,MARICHA,0.0,30.6,20.4
2025-03-05,A6,MARICHA,0.0,30.7,19.8
2025-03-06,A6,MARICHA,0.0,27.1,17.0
2025-03-07,A6,MARICHA,0.0,29.1,15.8
2025-03-08,A6,MARICHA,0.0,31.4,17.7
2025-03-09,A6,MARICHA,0.0,31.3,18.8
2025-03-10,A6,MARICHA,0.0,32.2,19.7
2025-03-11,A6,MARICHA,0.0,32.9,20.6
2025-03-12,A6,MARICHA,0.0,34.0,20.4
2025-03-13,A6,MARICHA,0.0,35.4,22.4
2025-03-14,A6,MARICHA,0.0,35.9,22.8
2025-03-15,A6,MARICHA,0.1,34.9,23.5
2025-03-16,A6,MARICHA,6.1,38.0,24.2
2025-03-17,A6,MARICHA,2.9,34.9,23.1
2025-03-18,A6,MARICHA,0.0,33.5,23.9
2025-03-19,A6,MARICHA,0.0,34.8,22.2
2025-03-20,A6,MARICHA,3.9,31.2,24.1
2025-03-21,A6,MARICHA,5.7,30.7,21.1
2025-03-22,A6,MARICHA,4.8,26.6,20.9
2025-03-23,A6,MARICHA,0.2,28.6,18.6
2025-03-24,A6,MARICHA,0.0,30.7,18.0
2025-03-25,A6,MARICHA,0.0,32.0,19.4
2025-03-26,A6,MARICHA,0.0,34.2,21.1
2025-03-27,A6,MARICHA,0.0,35.4,23.3
2025-03-28,A6,MARICHA,0.0,36.7,23.2
2025-03-29,A6,MARICHA,0.0,35.5,23.3
2025-03-30,A6,MARICHA,0.1,35.4,24.1
2025-03-31,A6,MARICHA,0.0,35.9,25.2
2025-04-01,A6,MARICHA,0.0,36.1,25.0
2025-04-02,A6,MARICHA,0.2,36.5,24.9
2025-04-03,A6,MARICHA,0.0,36.0,24.8
2025-04-04,A6,MARICHA,0.0,34.0,25.4
2025-04-05,A6,MARICHA,0.0,36.4,24.4
2025-04-06,A6,MARICHA,0.5,35.7,24.3
2025-04-07,A6,MARICHA,0.7,34.9,24.5
2025-04-08,A6,MARICHA,0.5,34.2,24.2
2025-04-09,A6,MARICHA,2.4,33.5,23.5
2025-04-10,A6,MARICHA,22.5,34.5,21.9
2025-04-11,A6,MARICHA,0.3,31.9,21.9
2025-04-12,A6,MARICHA,1.6,34.9,23.7
2025-04-13,A6,MARICHA,0.0,33.3,23.4
2025-04-14,A6,MARICHA,3.3,32.4,23.9
2025-04-15,A6,MARICHA,1.2,32.6,23.4
2025-04-16,A6,MARICHA,3.7,33.4,23.1
2025-04-17,A6,MARICHA,28.3,32.3,22.9
2025-04-18,A6,MARICHA,7.6,29.6,22.6
2025-04-19,A6,MARICHA,2.0,29.9,23.0
2025-04-20,A6,MARICHA,0.9,34.7,24.8
2025-04-21,A6,MARICHA,0.1,36.1,27.6
2025-04-22,A6,MARICHA,0.0,36.4,27.5
2025-04-23,A6,MARICHA,0.0,38.3,27.1
2025-04-24,A6,MARICHA,0.0,37.1,27.2
2025-04-25,A6,MARICHA,1.5,38.0,27.4
2025-04-26,A6,MARICHA,1.3,36.3,27.0
2025-04-27,A6,MARICHA,0.0,35.2,27.6
2025-04-28,A6,MARICHA,1.5,29.8,24.9
2025-04-29,A6,MARICHA,11.3,30.7,22.5
2025-04-30,A6,MARICHA,1.6,30.6,21.8
2025-05-01,A6,MARICHA,2.7,31.4,22.0
2025-05-02,A6,MARICHA,0.0,30.5,21.7
2025-05-03,A6,MARICHA,1.4,32.2,23.3
2025-05-04,A6,MARICHA,3.6,31.2,23.8
2025-05-05,A6,MARICHA,1.5,32.7,23.6
2025-05-06,A6,MARICHA,14.0,32.2,24.5
2025-05-07,A6,MARICHA,1.1,33.5,24.0
2025-05-08,A6,MARICHA,0.0,35.8,26.9
2025-05-09,A6,MARICHA,0.0,36.5,26.8
2025-05-10,A6,MARICHA,0.6,36.4,26.7
2025-05-11,A6,MARICHA,0.0,36.7,27.2
2025-05-12,A6,MARICHA,1.0,37.1,28.6
2025-05-13,A6,MARICHA,1.5,35.8,28.4
2025-05-14,A6,MARICHA,0.7,36.5,28.2
2025-05-15,A6,MARICHA,7.6,35.2,27.1
2025-05-16,A6,MARICHA,8.7,35.0,27.8
2025-05-17,A6,MARICHA,17.3,35.0,25.5
2025-05-18,A6,MARICHA,10.6,30.6,25.4
2025-05-19,A6,MARICHA,5.4,33.3,26.0
2025-05-20,A6,MARICHA,16.2,34.6,25.2
2025-05-21,A6,MARICHA,28.3,33.6,25.8
2025-05-22,A6,MARICHA,3.8,32.2,26.1
2025-05-23,A6,MARICHA,4.8,31.2,25.7
2025-05-24,A6,MARICHA,5.1,32.1,25.4
2025-05-25,A6,MARICHA,13.7,31.0,25.6
2025-05-26,A6,MARICHA,14.2,30.6,25.2
2025-05-27,A6,MARICHA,9.1,31.7,25.5
2025-05-28,A6,MARICHA,10.0,31.6,25.9
2025-05-29,A6,MARICHA,31.8,29.3,25.4
2025-05-30,A6,MARICHA,19.0,32.8,24.7
2025-05-31,A6,MARICHA,33.5,32.2,25.3
2025-06-01,A6,MARICHA,21.4,31.3,26.7
2025-06-02,A6,MARICHA,0.0,36.0,26.8
2025-06-03,A6,MARICHA,0.3,34.8,27.1
2025-06-04,A6,MARICHA,1.2,34.0,26.1
2025-06-05,A6,MARICHA,1.4,32.3,26.5
2025-06-06,A6,MARICHA,6.0,32.7,25.9
2025-06-07,A6,MARICHA,0.0,33.7,25.4
2025-06-08,A6,MARICHA,0.7,33.7,26.4
2025-06-09,A6,MARICHA,0.2,33.6,26.3
2025-06-10,A6,MARICHA,0.3,34.2,26.3
2025-06-11,A6,MARICHA,0.3,33.1,26.8
2025-06-12,A6,MARICHA,0.4,33.1,25.8
2025-06-13,A6,MARICHA,0.2,33.3,26.6
2025-06-14,A6,MARICHA,0.6,34.1,27.3
2025-06-15,A6,MARICHA,17.4,30.5,26.7
2025-06-16,A6,MARICHA,32.4,31.7,26.0
2025-06-17,A6,MARICHA,52.8,28.8,25.2
2025-06-18,A6,MARICHA,26.0,28.6,25.3
2025-06-19,A6,MARICHA,64.9,30.5,24.1
2025-06-20,A6,MARICHA,9.9,32.1,26.1
2025-06-21,A6,MARICHA,1.1,33.2,26.4
2025-06-22,A6,MARICHA,25.8,32.4,26.3
2025-06-23,A6,MARICHA,9.4,31.8,26.2
2025-06-24,A6,MARICHA,4.0,32.4,26.2
2025-06-25,A6,MARICHA,14.5,31.7,26.2
2025-06-26,A6,MARICHA,2.6,32.1,26.5
2025-06-27,A6,MARICHA,15.9,31.3,25.3
2025-06-28,A6,MARICHA,15.6,30.5,25.4
2025-06-29,A6,MARICHA,43.2,31.2,25.4
2025-06-30,A6,MARICHA,21.1,30.0,25.3
2025-07-01,A6,MARICHA,19.4,30.4,26.0
2025-07-02,A6,MARICHA,13.2,32.6,25.8
2025-07-03,A6,MARICHA,33.5,31.0,25.6
2025-07-04,A6,MARICHA,29.4,31.4,24.9
2025-07-05,A6,MARICHA,15.5,30.5,25.6
2025-07-06,A6,MARICHA,3.7,29.0,25.5
2025-07-07,A6,MARICHA,14.4,29.2,25.3
2025-07-08,A6,MARICHA,30.2,28.2,24.6
2025-07-09,A6,MARICHA,18.1,29.9,24.8
2025-07-10,A6,MARICHA,29.6,31.1,24.9
2025-07-11,A6,MARICHA,10.1,30.5,25.4
2025-07-12,A6,MARICHA,5.9,33.2,25.5
2025-07-13,A6,MARICHA,12.6,31.8,26.1
2025-07-14,A6,MARICHA,33.4,27.5,25.2
2025-07-15,A6,MARICHA,16.9,30.0,24.9
2025-07-16,A6,MARICHA,11.7,30.6,26.0
2025-07-17,A6,MARICHA,0.3,33.0,26.3
2025-07-18,A6,MARICHA,5.4,32.9,26.5
2025-07-19,A6,MARICHA,1.5,33.5,26.7
2025-07-20,A6,MARICHA,1.5,32.9,26.8
2025-07-21,A6,MARICHA,0.4,32.7,26.6
2025-07-22,A6,MARICHA,7.0,33.3,26.9
2025-07-23,A6,MARICHA,0.6,33.9,27.0
2025-07-24,A6,MARICHA,14.1,32.7,26.4
2025-07-25,A6,MARICHA,45.3,30.5,26.0
2025-07-26,A6,MARICHA,6.1,31.1,26.3
2025-07-27,A6,MARICHA,6.1,32.5,26.1
2025-07-28,A6,MARICHA,7.1,30.6,26.7
2025-07-29,A6,MARICHA,48.6,29.6,25.8
2025-07-30,A6,MARICHA,21.0,29.2,25.2
2025-07-31,A6,MARICHA,33.1,29.2,24.8
2025-08-01,A6,MARICHA,15.6,32.1,25.7
2025-08-02,A6,MARICHA,3.5,32.0,25.9
2025-08-03,A6,MARICHA,18.3,32.8,26.7
2025-08-04,A6,MARICHA,25.5,31.5,25.8
2025-08-05,A6,MARICHA,14.7,32.2,26.2
2025-08-06,A6,MARICHA,12.5,30.5,25.4
2025-08-07,A6,MARICHA,6.2,31.2,25.4
2025-08-08,A6,MARICHA,1.7,31.1,24.6
2025-08-09,A6,MARICHA,19.0,31.4,25.1
2025-08-10,A6,MARICHA,0.8,32.9,26.7
2025-08-11,A6,MARICHA,6.1,32.3,26.5
2025-08-12,A6,MARICHA,10.6,33.5,26.6
2025-08-13,A6,MARICHA,22.6,30.9,26.5
2025-08-14,A6,MARICHA,6.8,30.0,25.5
2025-08-15,A6,MARICHA,11.8,31.6,25.4
2025-08-16,A6,MARICHA,4.0,32.3,25.7
2025-08-17,A6,MARICHA,6.4,32.2,26.1
2025-08-18,A6,MARICHA,6.6,31.8,26.3
2025-08-19,A6,MARICHA,10.1,30.3,25.7
2025-08-20,A6,MARICHA,3.1,29.9,25.4
2025-08-21,A6,MARICHA,61.0,28.3,24.8
2025-08-22,A6,MARICHA,26.0,30.2,24.3
2025-08-23,A6,MARICHA,10.4,28.7,24.8
2025-08-24,A6,MARICHA,9.8,30.2,24.6
2025-08-25,A6,MARICHA,3.1,31.7,24.9
2025-08-26,A6,MARICHA,1.7,31.9,25.1
2025-08-27,A6,MARICHA,6.7,31.8,25.7
2025-08-28,A6,MARICHA,10.0,30.6,25.7
2025-08-29,A6,MARICHA,23.5,30.1,25.6
2025-08-30,A6,MARICHA,16.3,30.4,25.6
2025-08-31,A6,MARICHA,2.7,32.0,25.1
2025-09-01,A6,MARICHA,22.5,33.5,26.1
2025-09-02,A6,MARICHA,12.4,31.0,25.6
2025-09-03,A6,MARICHA,14.9,29.4,25.0
2025-09-04,A6,MARICHA,12.5,30.1,25.6
2025-09-05,A6,MARICHA,10.1,31.9,25.4
2025-09-06,A6,MARICHA,2.0,32.5,25.2
2025-09-07,A6,MARICHA,0.3,33.1,25.6
2025-09-08,A6,MARICHA,0.2,32.9,25.7
2025-09-09,A6,MARICHA,0.2,33.1,25.7
2025-09-10,A6,MARICHA,0.2,33.6,26.4
2025-09-11,A6,MARICHA,3.3,32.9,26.3
2025-09-12,A6,MARICHA,14.7,31.7,25.3
2025-09-13,A6,MARICHA,8.4,30.7,25.7
2025-09-14,A6,MARICHA,46.5,30.5,26.2
2025-09-15,A6,MARICHA,30.5,29.6,24.2
2025-09-16,A6,MARICHA,11.4,29.5,24.4
2025-09-17,A6,MARICHA,7.5,30.5,24.9
2025-09-18,A6,MARICHA,3.3,31.9,26.1
2025-09-19,A6,MARICHA,14.5,30.7,25.6
2025-09-20,A6,MARICHA,12.8,32.4,25.9
2025-09-21,A6,MARICHA,1.1,32.6,25.4
2025-09-22,A6,MARICHA,15.4,30.3,25.1
2025-09-23,A6,MARICHA,12.8,31.0,24.6
2025-09-24,A6,MARICHA,7.1,31.4,24.9
2025-09-25,A6,MARICHA,22.6,32.7,25.6
2025-09-26,A6,MARICHA,7.0,31.9,25.5
2025-09-27,A6,MARICHA,9.4,30.1,25.6
2025-09-28,A6,MARICHA,6.2,31.8,25.5
2025-09-29,A6,MARICHA,1.3,32.3,25.9
2025-09-30,A6,MARICHA,2.3,32.2,26.3
2025-10-01,A6,MARICHA,18.5,31.5,24.7
2025-10-02,A6,MARICHA,28.7,28.0,24.5
2025-10-03,A6,MARICHA,11.9,29.4,25.2
2025-10-04,A6,MARICHA,9.9,32.0,25.1
2025-10-05,A6,MARICHA,30.1,30.4,24.1
2025-10-06,A6,MARICHA,3.7,29.1,24.6
2025-10-07,A6,MARICHA,5.8,31.2,24.3
2025-10-08,A6,MARICHA,4.4,30.7,24.5
2025-10-09,A6,MARICHA,7.7,31.2,24.6
2025-10-10,A6,MARICHA,10.4,31.3,24.4
2025-10-11,A6,MARICHA,2.9,30.5,24.1
2025-10-12,A6,MARICHA,0.0,31.2,24.3
2025-10-13,A6,MARICHA,0.0,30.6,23.7
2025-10-14,A6,MARICHA,0.0,31.2,23.3
2025-10-15,A6,MARICHA,0.0,31.1,22.9
2025-10-16,A6,MARICHA,0.0,31.0,22.0
2025-10-17,A6,MARICHA,0.0,31.6,22.5
2025-10-18,A6,MARICHA,0.0,31.9,23.9
2025-10-19,A6,MARICHA,0.0,32.9,24.3
2025-10-20,A6,MARICHA,0.0,33.1,23.5
2025-10-21,A6,MARICHA,0.0,33.1,23.5
2025-10-22,A6,MARICHA,0.0,32.4,22.9
2025-10-23,A6,MARICHA,0.0,32.4,23.1
2025-10-24,A6,MARICHA,0.0,32.5,22.7
2025-10-25,A6,MARICHA,0.0,32.3,23.3
2025-10-26,A6,MARICHA,0.0,32.4,24.2
2025-10-27,A6,MARICHA,0.1,32.3,23.9
2025-10-28,A6,MARICHA,0.3,32.6,24.4
2025-10-29,A6,MARICHA,16.2,28.5,24.5
2025-10-30,A6,MARICHA,15.4,30.5,23.8
2025-10-31,A6,MARICHA,0.6,31.6,24.3
2025-11-01,A6,MARICHA,15.8,30.4,25.1
2025-11-02,A6,MARICHA,0.0,28.4,23.2
2025-11-03,A6,MARICHA,0.0,29.7,22.2
2025-11-04,A6,MARICHA,0.0,29.6,19.8
2025-11-05,A6,MARICHA,0.0,29.9,21.3
2025-11-06,A6,MARICHA,0.3,30.2,21.4
2025-11-07,A6,MARICHA,0.0,30.0,22.7
2025-11-08,A6,MARICHA,0.0,29.3,20.0
2025-11-09,A6,MARICHA,0.0,28.2,18.0
2025-11-10,A6,MARICHA,0.0,28.5,18.2
2025-11-11,A6,MARICHA,0.0,27.7,17.2
2025-11-12,A6,MARICHA,0.0,26.8,16.4
2025-11-13,A6,MARICHA,0.0,26.9,16.4
2025-11-14,A6,MARICHA,0.0,26.8,16.3
2025-11-15,A6,MARICHA,0.0,27.2,16.4
2025-11-16,A6,MARICHA,0.0,27.2,16.5
2025-11-17,A6,MARICHA,0.0,27.1,17.5
2025-11-18,A6,MARICHA,0.0,27.9,17.2
2025-11-19,A6,MARICHA,0.0,28.6,16.7
2025-11-20,A6,MARICHA,0.0,28.1,17.4
2025-11-21,A6,MARICHA,0.0,28.3,17.8
2025-11-22,A6,MARICHA,0.0,27.9,17.2
2025-11-23,A6,MARICHA,0.0,27.7,16.7
2025-11-24,A6,MARICHA,0.0,26.7,16.4
2025-11-25,A6,MARICHA,0.0,26.1,15.4
2025-11-26,A6,MARICHA,0.0,25.8,14.7
2025-11-27,A6,MARICHA,0.0,26.7,15.4
2025-11-28,A6,MARICHA,0.0,27.0,16.8
2025-11-29,A6,MARICHA,0.0,26.9,16.8
2025-11-30,A6,MARICHA,0.0,26.9,16.8
2025-12-01,A6,MARICHA,0.0,26.5,16.3
2025-12-02,A6,MARICHA,0.0,26.7,17.2
2025-12-03,A6,MARICHA,0.0,25.9,15.7
2025-12-04,A6,MARICHA,0.0,25.2,14.2
2025-12-05,A6,MARICHA,0.0,25.4,14.7
2025-12-06,A6,MARICHA,0.0,24.4,12.6
2025-12-07,A6,MARICHA,0.0,24.7,13.6
2025-12-08,A6,MARICHA,0.0,24.8,13.8
2025-12-09,A6,MARICHA,0.0,25.0,14.3
2025-12-10,A6,MARICHA,0.0,25.0,14.1
2025-12-11,A6,MARICHA,0.0,24.9,13.7
2025-12-12,A6,MARICHA,0.0,24.9,14.0
2025-12-13,A6,MARICHA,0.0,25.2,14.3
2025-12-14,A6,MARICHA,0.0,26.3,14.5
2025-12-15,A6,MARICHA,0.0,25.9,14.9
2025-12-16,A6,MARICHA,0.0,24.9,14.4
2025-12-17,A6,MARICHA,0.0,25.0,14.1
2025-12-18,A6,MARICHA,0.0,26.2,14.8
2025-12-19,A6,MARICHA,0.0,25.8,15.5
2025-12-20,A6,MARICHA,0.0,23.8,15.5
2025-12-21,A6,MARICHA,0.0,23.4,14.4
2025-12-22,A6,MARICHA,0.0,24.3,14.5
2025-12-23,A6,MARICHA,0.0,23.9,14.0
2025-12-24,A6,MARICHA,0.0,23.5,13.4
2025-12-25,A6,MARICHA,0.0,21.2,11.7
2025-12-26,A6,MARICHA,0.0,21.6,11.0
2025-12-27,A6,MARICHA,0.0,22.8,12.1
2025-12-28,A6,MARICHA,0.0,21.8,12.7
2025-12-29,A6,MARICHA,0.0,20.0,11.8
2025-12-30,A6,MARICHA,0.0,19.2,10.6
2025-12-31,A6,MARICHA,0.0,20.5,9.2
2024-01-01,A7,SADHANPUR,0.0,24.8,14.5
2024-01-02,A7,SADHANPUR,0.0,23.2,13.1
2024-01-03,A7,SADHANPUR,0.0,24.3,12.3
2024-01-04,A7,SADHANPUR,0.0,25.1,11.9
2024-01-05,A7,SADHANPUR,0.0,25.6,12.6
2024-01-06,A7,SADHANPUR,0.0,26.3,13.0
2024-01-07,A7,SADHANPUR,0.0,25.9,15.0
2024-01-08,A7,SADHANPUR,0.0,25.6,15.2
2024-01-09,A7,SADHANPUR,0.0,25.0,13.6
2024-01-10,A7,SADHANPUR,0.0,25.6,12.5
2024-01-11,A7,SADHANPUR,0.0,24.8,13.4
2024-01-12,A7,SADHANPUR,0.0,22.6,11.3
2024-01-13,A7,SADHANPUR,0.0,22.5,9.9
2024-01-14,A7,SADHANPUR,0.0,22.1,10.2
2024-01-15,A7,SADHANPUR,0.0,21.7,10.1
2024-01-16,A7,SADHANPUR,0.0,22.0,10.4
2024-01-17,A7,SADHANPUR,0.1,23.3,10.1
2024-01-18,A7,SADHANPUR,4.2,21.8,14.8
2024-01-19,A7,SADHANPUR,0.0,22.9,14.7
2024-01-20,A7,SADHANPUR,0.0,22.3,12.4
2024-01-21,A7,SADHANPUR,0.0,22.3,13.0
2024-01-22,A7,SADHANPUR,0.0,20.9,10.6
2024-01-23,A7,SADHANPUR,0.0,22.3,9.0
2024-01-24,A7,SADHANPUR,3.2,21.5,15.0
2024-01-25,A7,SADHANPUR,0.0,22.8,12.8
2024-01-26,A7,SADHANPUR,0.0,22.7,11.9
2024-01-27,A7,SADHANPUR,0.0,22.7,10.8
2024-01-28,A7,SADHANPUR,0.0,23.3,10.1
2024-01-29,A7,SADHANPUR,0.0,24.7,10.8
2024-01-30,A7,SADHANPUR,0.7,26.2,12.9
2024-01-31,A7,SADHANPUR,27.1,25.1,17.4
2024-02-01,A7,SADHANPUR,6.3,24.5,16.2
2024-02-02,A7,SADHANPUR,0.1,26.5,16.4
2024-02-03,A7,SADHANPUR,0.0,25.8,15.2
2024-02-04,A7,SADHANPUR,0.0,26.0,12.4
2024-02-05,A7,SADHANPUR,0.0,26.8,14.5
2024-02-06,A7,SADHANPUR,0.7,27.0,17.8
2024-02-07,A7,SADHANPUR,0.0,25.2,17.9
2024-02-08,A7,SADHANPUR,0.0,24.2,14.4
2024-02-09,A7,SADHANPUR,0.0,22.9,12.2
2024-02-10,A7,SADHANPUR,0.0,24.6,11.4
2024-02-11,A7,SADHANPUR,0.0,26.4,11.9
2024-02-12,A7,SADHANPUR,0.0,27.3,13.8
2024-02-13,A7,SADHANPUR,0.0,28.9,16.7
2024-02-14,A7,SADHANPUR,0.0,28.3,15.8
2024-02-15,A7,SADHANPUR,0.6,27.8,17.0
2024-02-16,A7,SADHANPUR,0.0,28.5,17.3
2024-02-17,A7,SADHANPUR,0.0,27.7,15.0
2024-02-18,A7,SADHANPUR,0.2,28.6,14.9
2024-02-19,A7,SADHANPUR,0.4,29.6,17.8
2024-02-20,A7,SADHANPUR,0.3,31.4,20.8
2024-02-21,A7,SADHANPUR,0.0,32.7,20.2
2024-02-22,A7,SADHANPUR,0.1,28.8,20.5
2024-02-23,A7,SADHANPUR,0.0,28.4,19.3
2024-02-24,A7,SADHANPUR,0.0,28.2,16.7
2024-02-25,A7,SADHANPUR,0.5,25.0,17.9
2024-02-26,A7,SADHANPUR,0.0,28.0,16.9
2024-02-27,A7,SADHANPUR,0.0,28.5,17.2
2024-02-28,A7,SADHANPUR,0.0,29.1,17.8
2024-02-29,A7,SADHANPUR,0.0,29.6,17.8
2024-03-01,A7,SADHANPUR,0.0,30.2,16.4
2024-03-02,A7,SADHANPUR,0.0,30.6,15.9
2024-03-03,A7,SADHANPUR,0.2,31.2,18.7
2024-03-04,A7,SADHANPUR,1.1,31.2,19.2
2024-03-05,A7,SADHANPUR,0.0,30.4,19.8
2024-03-06,A7,SADHANPUR,0.0,28.9,17.8
2024-03-07,A7,SADHANPUR,0.0,28.3,18.4
2024-03-08,A7,SADHANPUR,0.0,29.9,18.4
2024-03-09,A7,SADHANPUR,0.0,29.3,15.1
2024-03-10,A7,SADHANPUR,0.0,29.2,14.7
2024-03-11,A7,SADHANPUR,0.0,30.6,14.5
2024-03-12,A7,SADHANPUR,0.0,32.7,19.6
2024-03-13,A7,SADHANPUR,0.6,33.6,23.2
2024-03-14,A7,SADHANPUR,12.3,31.8,21.5
2024-03-15,A7,SADHANPUR,0.9,33.4,21.9
2024-03-16,A7,SADHANPUR,1.4,31.7,22.5
2024-03-17,A7,SADHANPUR,0.0,31.6,21.4
2024-03-18,A7,SADHANPUR,2.0,29.6,21.7
2024-03-19,A7,SADHANPUR,11.9,30.2,22.6
2024-03-20,A7,SADHANPUR,12.9,23.5,18.4
2024-03-21,A7,SADHANPUR,7.4,26.5,18.3
2024-03-22,A7,SADHANPUR,0.3,27.5,16.7
2024-03-23,A7,SADHANPUR,5.0,31.9,19.1
2024-03-24,A7,SADHANPUR,0.0,33.7,23.7
2024-03-25,A7,SADHANPUR,15.3,33.0,22.7
2024-03-26,A7,SADHANPUR,0.0,32.4,23.8
2024-03-27,A7,SADHANPUR,0.1,34.4,22.7
2024-03-28,A7,SADHANPUR,0.3,32.8,22.3
2024-03-29,A7,SADHANPUR,0.2,34.2,24.7
2024-03-30,A7,SADHANPUR,0.3,35.7,24.8
2024-03-31,A7,SADHANPUR,4.8,34.7,25.1
2024-04-01,A7,SADHANPUR,0.0,36.4,25.1
2024-04-02,A7,SADHANPUR,0.0,35.7,23.9
2024-04-03,A7,SADHANPUR,0.0,36.0,25.1
2024-04-04,A7,SADHANPUR,23.9,37.2,25.9
2024-04-05,A7,SADHANPUR,0.0,37.4,26.3
2024-04-06,A7,SADHANPUR,0.2,37.8,25.9
2024-04-07,A7,SADHANPUR,1.0,36.2,25.8
2024-04-08,A7,SADHANPUR,0.0,31.3,22.6
2024-04-09,A7,SADHANPUR,0.0,34.7,22.1
2024-04-10,A7,SADHANPUR,0.0,35.8,22.7
2024-04-11,A7,SADHANPUR,6.0,33.2,23.9
2024-04-12,A7,SADHANPUR,0.0,35.0,23.5
2024-04-13,A7,SADHANPUR,0.0,36.1,23.7
2024-04-14,A7,SADHANPUR,0.0,36.9,23.2
2024-04-15,A7,SADHANPUR,0.0,38.2,23.9
2024-04-16,A7,SADHANPUR,0.0,38.2,26.3
2024-04-17,A7,SADHANPUR,0.0,37.9,27.2
2024-04-18,A7,SADHANPUR,0.0,38.3,25.6
2024-04-19,A7,SADHANPUR,0.0,40.3,24.9
2024-04-20,A7,SADHANPUR,0.0,41.6,26.0
2024-04-21,A7,SADHANPUR,0.0,40.8,27.1
2024-04-22,A7,SADHANPUR,0.0,39.9,25.9
2024-04-23,A7,SADHANPUR,0.0,38.4,26.5
2024-04-24,A7,SADHANPUR,0.0,40.2,27.1
2024-04-25,A7,SADHANPUR,0.0,40.3,24.8
2024-04-26,A7,SADHANPUR,0.0,40.8,27.1
2024-04-27,A7,SADHANPUR,0.0,41.4,27.8
2024-04-28,A7,SADHANPUR,0.9,40.1,28.3
2024-04-29,A7,SADHANPUR,0.0,41.7,28.5
2024-04-30,A7,SADHANPUR,0.0,43.7,29.2
2024-05-01,A7,SADHANPUR,0.0,41.5,28.7
2024-05-02,A7,SADHANPUR,0.0,41.1,29.4
2024-05-03,A7,SADHANPUR,0.0,40.2,26.1
2024-05-04,A7,SADHANPUR,0.1,39.9,27.4
2024-05-05,A7,SADHANPUR,0.5,37.9,28.5
2024-05-06,A7,SADHANPUR,86.6,37.3,24.8
2024-05-07,A7,SADHANPUR,2.1,33.4,24.3
2024-05-08,A7,SADHANPUR,3.6,30.4,23.8
2024-05-09,A7,SADHANPUR,9.0,31.3,24.0
2024-05-10,A7,SADHANPUR,10.1,31.3,23.6
2024-05-11,A7,SADHANPUR,16.1,31.5,25.0
2024-05-12,A7,SADHANPUR,3.3,32.7,25.0
2024-05-13,A7,SADHANPUR,0.0,33.6,24.0
2024-05-14,A7,SADHANPUR,2.5,34.0,25.1
2024-05-15,A7,SADHANPUR,0.0,35.2,26.0
2024-05-16,A7,SADHANPUR,0.0,35.6,26.1
2024-05-17,A7,SADHANPUR,0.0,37.4,27.3
2024-05-18,A7,SADHANPUR,0.0,36.5,28.7
2024-05-19,A7,SADHANPUR,0.1,33.8,28.8
2024-05-20,A7,SADHANPUR,12.9,33.2,26.9
2024-05-21,A7,SADHANPUR,7.0,33.3,26.4
2024-05-22,A7,SADHANPUR,2.1,33.8,26.7
2024-05-23,A7,SADHANPUR,0.0,35.0,26.0
2024-05-24,A7,SADHANPUR,0.0,35.6,26.3
2024-05-25,A7,SADHANPUR,0.1,36.5,27.4
2024-05-26,A7,SADHANPUR,30.6,30.7,26.8
2024-05-27,A7,SADHANPUR,70.7,27.6,26.1
2024-05-28,A7,SADHANPUR,0.1,35.5,26.4
2024-05-29,A7,SADHANPUR,0.0,35.9,29.3
2024-05-30,A7,SADHANPUR,0.2,35.3,29.4
2024-05-31,A7,SADHANPUR,0.0,34.9,28.5
2024-06-01,A7,SADHANPUR,0.8,34.6,28.1
2024-06-02,A7,SADHANPUR,2.7,34.2,29.0
2024-06-03,A7,SADHANPUR,0.5,34.5,28.3
2024-06-04,A7,SADHANPUR,0.0,35.7,28.6
2024-06-05,A7,SADHANPUR,0.4,35.8,28.0
2024-06-06,A7,SADHANPUR,2.4,36.5,26.7
2024-06-07,A7,SADHANPUR,0.0,36.3,25.9
2024-06-08,A7,SADHANPUR,0.0,35.6,28.0
2024-06-09,A7,SADHANPUR,0.0,36.5,28.2
2024-06-10,A7,SADHANPUR,0.0,36.4,28.5
2024-06-11,A7,SADHANPUR,0.0,36.7,28.9
2024-06-12,A7,SADHANPUR,0.0,35.3,28.3
2024-06-13,A7,SADHANPUR,0.0,36.0,28.6
2024-06-14,A7,SADHANPUR,0.0,37.2,29.1
2024-06-15,A7,SADHANPUR,0.0,37.3,29.4
2024-06-16,A7,SADHANPUR,0.0,36.9,29.4
2024-06-17,A7,SADHANPUR,0.1,36.8,29.2
2024-06-18,A7,SADHANPUR,10.9,32.5,28.4
2024-06-19,A7,SADHANPUR,8.1,34.6,28.5
2024-06-20,A7,SADHANPUR,31.5,33.8,27.9
2024-06-21,A7,SADHANPUR,3.9,32.0,27.2
2024-06-22,A7,SADHANPUR,1.9,33.3,26.4
2024-06-23,A7,SADHANPUR,3.3,33.6,26.7
2024-06-24,A7,SADHANPUR,0.8,34.0,27.2
2024-06-25,A7,SADHANPUR,0.6,34.0,28.0
2024-06-26,A7,SADHANPUR,0.7,34.3,27.3
2024-06-27,A7,SADHANPUR,10.2,32.1,27.4
2024-06-28,A7,SADHANPUR,7.8,33.0,27.2
2024-06-29,A7,SADHANPUR,7.0,31.6,26.8
2024-06-30,A7,SADHANPUR,34.0,32.0,26.4
2024-07-01,A7,SADHANPUR,18.6,31.4,25.9
2024-07-02,A7,SADHANPUR,25.4,30.5,25.9
2024-07-03,A7,SADHANPUR,11.2,30.7,25.8
2024-07-04,A7,SADHANPUR,21.9,30.7,25.4
2024-07-05,A7,SADHANPUR,27.6,32.4,25.7
2024-07-06,A7,SADHANPUR,2.7,32.1,26.1
2024-07-07,A7,SADHANPUR,11.7,32.0,26.4
2024-07-08,A7,SADHANPUR,1.3,32.3,26.2
2024-07-09,A7,SADHANPUR,3.5,31.5,27.0
2024-07-10,A7,SADHANPUR,1.8,32.8,27.5
2024-07-11,A7,SADHANPUR,27.9,32.8,27.6
2024-07-12,A7,SADHANPUR,8.8,32.0,26.0
2024-07-13,A7,SADHANPUR,5.5,32.8,25.4
2024-07-14,A7,SADHANPUR,3.8,32.6,26.3
2024-07-15,A7,SADHANPUR,1.9,32.6,27.0
2024-07-16,A7,SADHANPUR,4.2,32.3,26.6
2024-07-17,A7,SADHANPUR,6.8,33.1,26.6
2024-07-18,A7,SADHANPUR,1.5,33.4,26.7
2024-07-19,A7,SADHANPUR,5.6,32.4,27.3
2024-07-20,A7,SADHANPUR,2.7,32.4,27.1
2024-07-21,A7,SADHANPUR,9.7,32.2,27.0
2024-07-22,A7,SADHANPUR,12.6,31.3,26.7
2024-07-23,A7,SADHANPUR,15.6,32.3,25.9
2024-07-24,A7,SADHANPUR,13.3,32.6,26.6
2024-07-25,A7,SADHANPUR,8.7,32.4,26.3
2024-07-26,A7,SADHANPUR,21.8,31.4,26.2
2024-07-27,A7,SADHANPUR,5.9,32.3,27.0
2024-07-28,A7,SADHANPUR,21.8,31.1,26.3
2024-07-29,A7,SADHANPUR,8.3,32.0,26.4
2024-07-30,A7,SADHANPUR,5.2,33.0,26.2
2024-07-31,A7,SADHANPUR,28.3,32.0,25.9
2024-08-01,A7,SADHANPUR,67.5,28.9,25.3
2024-08-02,A7,SADHANPUR,31.4,30.1,25.6
2024-08-03,A7,SADHANPUR,28.2,31.0,24.9
2024-08-04,A7,SADHANPUR,38.3,30.9,24.7
2024-08-05,A7,SADHANPUR,18.6,32.4,24.8
2024-08-06,A7,SADHANPUR,9.9,31.3,26.2
2024-08-07,A7,SADHANPUR,3.0,30.5,25.8
2024-08-08,A7,SADHANPUR,11.9,31.0,25.9
2024-08-09,A7,SADHANPUR,11.5,30.9,25.3
2024-08-10,A7,SADHANPUR,32.7,32.2,24.9
2024-08-11,A7,SADHANPUR,10.0,32.3,25.1
2024-08-12,A7,SADHANPUR,11.5,32.4,25.4
2024-08-13,A7,SADHANPUR,13.0,32.3,25.4
2024-08-14,A7,SADHANPUR,16.6,32.4,25.0
2024-08-15,A7,SADHANPUR,9.2,32.9,25.7
2024-08-16,A7,SADHANPUR,1.1,31.3,25.2
2024-08-17,A7,SADHANPUR,16.8,32.8,25.3
2024-08-18,A7,SADHANPUR,16.5,29.4,25.2
2024-08-19,A7,SADHANPUR,17.0,30.6,25.7
2024-08-20,A7,SADHANPUR,19.2,30.9,24.8
2024-08-21,A7,SADHANPUR,29.5,31.8,24.9
2024-08-22,A7,SADHANPUR,24.7,31.5,25.6
2024-08-23,A7,SADHANPUR,33.6,30.5,24.6
2024-08-24,A7,SADHANPUR,5.0,29.2,25.0
2024-08-25,A7,SADHANPUR,42.7,29.4,24.2
2024-08-26,A7,SADHANPUR,29.0,29.6,24.6
2024-08-27,A7,SADHANPUR,23.8,30.5,24.6
2024-08-28,A7,SADHANPUR,6.8,32.0,24.7
2024-08-29,A7,SADHANPUR,5.5,32.3,25.5
2024-08-30,A7,SADHANPUR,0.3,32.9,24.9
2024-08-31,A7,SADHANPUR,3.6,32.3,26.2
2024-09-01,A7,SADHANPUR,10.6,30.5,26.2
2024-09-02,A7,SADHANPUR,3.0,32.2,25.5
2024-09-03,A7,SADHANPUR,6.7,31.9,25.3
2024-09-04,A7,SADHANPUR,9.4,31.4,25.6
2024-09-05,A7,SADHANPUR,3.1,32.4,25.4
2024-09-06,A7,SADHANPUR,2.3,33.2,25.9
2024-09-07,A7,SADHANPUR,14.8,33.6,25.5
2024-09-08,A7,SADHANPUR,7.7,32.1,26.2
2024-09-09,A7,SADHANPUR,3.6,32.3,26.5
2024-09-10,A7,SADHANPUR,5.7,31.6,25.9
2024-09-11,A7,SADHANPUR,10.0,32.3,26.1
2024-09-12,A7,SADHANPUR,15.9,32.0,26.2
2024-09-13,A7,SADHANPUR,28.3,32.2,25.7
2024-09-14,A7,SADHANPUR,48.7,27.6,25.1
2024-09-15,A7,SADHANPUR,18.8,28.6,24.9
2024-09-16,A7,SADHANPUR,16.9,27.9,25.2
2024-09-17,A7,SADHANPUR,0.2,32.3,25.6
2024-09-18,A7,SADHANPUR,0.0,32.8,24.4
2024-09-19,A7,SADHANPUR,3.2,32.8,25.8
2024-09-20,A7,SADHANPUR,0.6,33.9,26.4
2024-09-21,A7,SADHANPUR,3.7,33.4,26.1
2024-09-22,A7,SADHANPUR,0.0,34.1,26.8
2024-09-23,A7,SADHANPUR,8.0,34.1,26.1
2024-09-24,A7,SADHANPUR,10.5,30.7,26.3
2024-09-25,A7,SADHANPUR,26.3,28.8,24.1
2024-09-26,A7,SADHANPUR,26.5,28.4,24.4
2024-09-27,A7,SADHANPUR,12.2,30.8,24.6
2024-09-28,A7,SADHANPUR,4.1,31.6,25.0
2024-09-29,A7,SADHANPUR,5.5,32.2,26.2
2024-09-30,A7,SADHANPUR,0.4,33.2,26.0
2024-10-01,A7,SADHANPUR,9.5,34.0,26.4
2024-10-02,A7,SADHANPUR,8.4,32.1,24.6
2024-10-03,A7,SADHANPUR,19.3,30.8,26.0
2024-10-04,A7,SADHANPUR,31.9,30.4,24.8
2024-10-05,A7,SADHANPUR,22.9,30.4,24.7
2024-10-06,A7,SADHANPUR,7.9,30.4,24.5
2024-10-07,A7,SADHANPUR,9.6,30.9,24.0
2024-10-08,A7,SADHANPUR,8.3,30.7,25.3
2024-10-09,A7,SADHANPUR,10.3,30.3,24.8
2024-10-10,A7,SADHANPUR,12.4,30.7,24.7
2024-10-11,A7,SADHANPUR,5.3,32.0,25.2
2024-10-12,A7,SADHANPUR,6.9,31.9,24.6
2024-10-13,A7,SADHANPUR,1.2,32.0,24.6
2024-10-14,A7,SADHANPUR,0.0,32.1,23.9
2024-10-15,A7,SADHANPUR,9.0,31.6,24.3
2024-10-16,A7,SADHANPUR,0.1,31.3,23.9
2024-10-17,A7,SADHANPUR,8.2,31.1,23.8
2024-10-18,A7,SADHANPUR,5.4,29.5,23.4
2024-10-19,A7,SADHANPUR,9.0,30.2,23.4
2024-10-20,A7,SADHANPUR,0.0,30.6,23.5
2024-10-21,A7,SADHANPUR,0.0,30.6,23.7
2024-10-22,A7,SADHANPUR,0.0,31.0,22.6
2024-10-23,A7,SADHANPUR,12.6,29.9,24.0
2024-10-24,A7,SADHANPUR,14.5,27.1,24.1
2024-10-25,A7,SADHANPUR,28.6,25.9,23.7
2024-10-26,A7,SADHANPUR,2.8,31.5,24.5
2024-10-27,A7,SADHANPUR,0.3,31.1,23.5
2024-10-28,A7,SADHANPUR,0.3,31.4,23.1
2024-10-29,A7,SADHANPUR,0.0,31.3,23.4
2024-10-30,A7,SADHANPUR,0.6,31.1,23.6
2024-10-31,A7,SADHANPUR,0.8,31.2,23.8
2024-11-01,A7,SADHANPUR,0.0,32.3,23.0
2024-11-02,A7,SADHANPUR,0.0,31.4,20.9
2024-11-03,A7,SADHANPUR,0.0,30.7,20.6
2024-11-04,A7,SADHANPUR,0.0,30.5,20.8
2024-11-05,A7,SADHANPUR,0.4,29.8,21.9
2024-11-06,A7,SADHANPUR,0.5,29.4,21.8
2024-11-07,A7,SADHANPUR,0.3,30.0,20.6
2024-11-08,A7,SADHANPUR,0.0,30.2,21.4
2024-11-09,A7,SADHANPUR,0.0,29.7,20.9
2024-11-10,A7,SADHANPUR,0.0,30.1,20.4
2024-11-11,A7,SADHANPUR,0.0,30.2,20.2
2024-11-12,A7,SADHANPUR,0.0,30.2,19.8
2024-11-13,A7,SADHANPUR,0.0,31.2,20.3
2024-11-14,A7,SADHANPUR,0.0,31.1,20.2
2024-11-15,A7,SADHANPUR,0.0,30.9,19.0
2024-11-16,A7,SADHANPUR,0.0,29.7,17.8
2024-11-17,A7,SADHANPUR,0.0,29.1,17.8
2024-11-18,A7,SADHANPUR,0.0,28.8,17.1
2024-11-19,A7,SADHANPUR,0.0,28.3,17.6
2024-11-20,A7,SADHANPUR,0.0,29.4,17.4
2024-11-21,A7,SADHANPUR,0.0,29.2,18.4
2024-11-22,A7,SADHANPUR,0.0,29.2,17.9
2024-11-23,A7,SADHANPUR,0.0,29.0,17.7
2024-11-24,A7,SADHANPUR,0.0,28.4,16.5
2024-11-25,A7,SADHANPUR,0.0,27.8,16.2
2024-11-26,A7,SADHANPUR,0.0,27.8,16.1
2024-11-27,A7,SADHANPUR,0.0,28.3,16.4
2024-11-28,A7,SADHANPUR,0.0,28.1,16.9
2024-11-29,A7,SADHANPUR,0.3,27.1,19.6
2024-11-30,A7,SADHANPUR,19.3,23.2,18.5
2024-12-01,A7,SADHANPUR,0.0,28.1,18.3
2024-12-02,A7,SADHANPUR,0.3,22.8,19.1
2024-12-03,A7,SADHANPUR,0.0,28.3,18.2
2024-12-04,A7,SADHANPUR,0.0,27.9,16.2
2024-12-05,A7,SADHANPUR,0.0,28.8,15.6
2024-12-06,A7,SADHANPUR,0.0,27.0,15.4
2024-12-07,A7,SADHANPUR,0.0,25.9,14.0
2024-12-08,A7,SADHANPUR,0.0,25.6,13.1
2024-12-09,A7,SADHANPUR,0.0,26.0,14.4
2024-12-10,A7,SADHANPUR,0.2,26.0,16.2
2024-12-11,A7,SADHANPUR,0.0,24.3,14.2
2024-12-12,A7,SADHANPUR,0.0,23.8,12.1
2024-12-13,A7,SADHANPUR,0.0,23.4,11.4
2024-12-14,A7,SADHANPUR,0.0,23.2,11.8
2024-12-15,A7,SADHANPUR,0.0,23.8,10.8
2024-12-16,A7,SADHANPUR,0.0,24.6,12.3
2024-12-17,A7,SADHANPUR,0.0,25.5,13.0
2024-12-18,A7,SADHANPUR,0.0,26.6,14.1
2024-12-19,A7,SADHANPUR,0.0,25.9,14.3
2024-12-20,A7,SADHANPUR,0.4,25.5,13.8
2024-12-21,A7,SADHANPUR,2.2,20.4,15.4
2024-12-22,A7,SADHANPUR,0.0,25.1,14.8
2024-12-23,A7,SADHANPUR,0.0,26.2,15.1
2024-12-24,A7,SADHANPUR,0.0,25.7,15.2
2024-12-25,A7,SADHANPUR,0.0,25.5,17.0
2024-12-26,A7,SADHANPUR,0.0,26.8,15.9
2024-12-27,A7,SADHANPUR,0.0,26.6,14.8
2024-12-28,A7,SADHANPUR,0.0,25.9,13.9
2024-12-29,A7,SADHANPUR,0.0,26.7,15.2
2024-12-30,A7,SADHANPUR,0.0,26.1,16.3
2024-12-31,A7,SADHANPUR,0.0,23.9,15.1
2025-01-01,A7,SADHANPUR,0.0,22.8,12.8
2025-01-02,A7,SADHANPUR,0.0,22.2,12.1
2025-01-03,A7,SADHANPUR,0.0,22.3,10.9
2025-01-04,A7,SADHANPUR,0.0,23.7,12.7
2025-01-05,A7,SADHANPUR,0.0,24.3,13.5
2025-01-06,A7,SADHANPUR,0.0,24.4,12.4
2025-01-07,A7,SADHANPUR,0.0,25.8,14.1
2025-01-08,A7,SADHANPUR,0.0,22.4,13.2
2025-01-09,A7,SADHANPUR,0.0,21.9,11.9
2025-01-10,A7,SADHANPUR,0.0,22.6,12.0
2025-01-11,A7,SADHANPUR,0.0,23.2,11.2
2025-01-12,A7,SADHANPUR,0.0,24.7,12.5
2025-01-13,A7,SADHANPUR,0.0,26.3,13.5
2025-01-14,A7,SADHANPUR,0.0,25.1,15.1
2025-01-15,A7,SADHANPUR,0.0,24.2,14.0
2025-01-16,A7,SADHANPUR,0.0,24.3,12.6
2025-01-17,A7,SADHANPUR,0.0,24.5,13.9
2025-01-18,A7,SADHANPUR,0.0,24.5,13.7
2025-01-19,A7,SADHANPUR,0.0,24.4,13.2
2025-01-20,A7,SADHANPUR,0.0,23.8,12.2
2025-01-21,A7,SADHANPUR,0.0,25.3,13.0
2025-01-22,A7,SADHANPUR,0.0,26.2,13.7
2025-01-23,A7,SADHANPUR,0.0,27.6,13.4
2025-01-24,A7,SADHANPUR,0.0,27.8,14.5
2025-01-25,A7,SADHANPUR,0.3,25.4,16.1
2025-01-26,A7,SADHANPUR,0.0,24.3,13.3
2025-01-27,A7,SADHANPUR,0.0,24.0,12.7
2025-01-28,A7,SADHANPUR,0.0,25.6,12.6
2025-01-29,A7,SADHANPUR,0.2,26.9,14.5
2025-01-30,A7,SADHANPUR,0.1,29.1,17.5
2025-01-31,A7,SADHANPUR,0.1,29.1,19.2
2025-02-01,A7,SADHANPUR,0.5,28.8,20.0
2025-02-02,A7,SADHANPUR,0.2,28.5,20.2
2025-02-03,A7,SADHANPUR,0.0,28.5,18.7
2025-02-04,A7,SADHANPUR,0.0,27.1,16.6
2025-02-05,A7,SADHANPUR,0.0,29.0,15.9
2025-02-06,A7,SADHANPUR,0.0,28.7,18.8
2025-02-07,A7,SADHANPUR,0.0,25.6,14.4
2025-02-08,A7,SADHANPUR,0.0,25.4,13.2
2025-02-09,A7,SADHANPUR,0.0,26.0,13.4
2025-02-10,A7,SADHANPUR,0.0,29.3,14.2
2025-02-11,A7,SADHANPUR,0.0,29.9,18.8
2025-02-12,A7,SADHANPUR,0.4,29.7,19.3
2025-02-13,A7,SADHANPUR,0.1,30.2,20.6
2025-02-14,A7,SADHANPUR,0.0,27.8,15.7
2025-02-15,A7,SADHANPUR,0.0,28.8,15.4
2025-02-16,A7,SADHANPUR,0.0,30.7,16.3
2025-02-17,A7,SADHANPUR,0.1,31.1,18.6
2025-02-18,A7,SADHANPUR,0.2,29.8,18.4
2025-02-19,A7,SADHANPUR,1.4,28.3,18.7
2025-02-20,A7,SADHANPUR,5.0,27.0,18.7
2025-02-21,A7,SADHANPUR,0.0,28.8,17.4
2025-02-22,A7,SADHANPUR,9.7,28.7,18.9
2025-02-23,A7,SADHANPUR,7.8,28.0,17.9
2025-02-24,A7,SADHANPUR,0.0,28.9,17.3
2025-02-25,A7,SADHANPUR,0.0,29.1,18.1
2025-02-26,A7,SADHANPUR,0.0,29.3,17.8
2025-02-27,A7,SADHANPUR,0.0,29.6,17.6
2025-02-28,A7,SADHANPUR,0.0,30.6,19.4
2025-03-01,A7,SADHANPUR,0.0,33.1,20.0
2025-03-02,A7,SADHANPUR,0.0,33.3,20.6
2025-03-03,A7,SADHANPUR,0.0,31.7,20.3
2025-03-04,A7,SADHANPUR,0.0,31.0,20.3
2025-03-05,A7,SADHANPUR,0.0,30.9,19.6
2025-03-06,A7,SADHANPUR,0.0,27.6,17.0
2025-03-07,A7,SADHANPUR,0.0,29.5,15.3
2025-03-08,A7,SADHANPUR,0.0,31.6,17.5
2025-03-09,A7,SADHANPUR,0.0,31.5,19.0
2025-03-10,A7,SADHANPUR,0.0,32.4,19.6
2025-03-11,A7,SADHANPUR,0.0,33.0,20.7
2025-03-12,A7,SADHANPUR,0.0,34.5,20.5
2025-03-13,A7,SADHANPUR,0.0,35.6,22.1
2025-03-14,A7,SADHANPUR,0.0,36.6,22.9
2025-03-15,A7,SADHANPUR,0.1,35.4,23.6
2025-03-16,A7,SADHANPUR,0.1,38.0,24.2
2025-03-17,A7,SADHANPUR,7.3,34.8,23.3
2025-03-18,A7,SADHANPUR,0.0,33.7,23.7
2025-03-19,A7,SADHANPUR,0.0,35.5,22.2
2025-03-20,A7,SADHANPUR,8.5,32.1,23.9
2025-03-21,A7,SADHANPUR,5.7,31.1,21.2
2025-03-22,A7,SADHANPUR,3.4,26.7,20.8
2025-03-23,A7,SADHANPUR,1.2,28.7,18.7
2025-03-24,A7,SADHANPUR,0.0,30.7,17.8
2025-03-25,A7,SADHANPUR,0.0,32.0,19.1
2025-03-26,A7,SADHANPUR,0.0,34.3,21.2
2025-03-27,A7,SADHANPUR,0.0,35.6,23.0
2025-03-28,A7,SADHANPUR,0.0,36.8,22.9
2025-03-29,A7,SADHANPUR,0.0,35.9,23.3
2025-03-30,A7,SADHANPUR,0.1,36.0,24.3
2025-03-31,A7,SADHANPUR,0.0,36.1,25.2
2025-04-01,A7,SADHANPUR,0.0,36.2,24.9
2025-04-02,A7,SADHANPUR,0.2,36.7,24.8
2025-04-03,A7,SADHANPUR,0.0,36.0,24.7
2025-04-04,A7,SADHANPUR,0.0,34.0,25.2
2025-04-05,A7,SADHANPUR,0.0,36.5,24.3
2025-04-06,A7,SADHANPUR,0.2,35.5,24.4
2025-04-07,A7,SADHANPUR,0.0,35.3,24.5
2025-04-08,A7,SADHANPUR,1.9,34.0,24.1
2025-04-09,A7,SADHANPUR,0.0,33.8,23.4
2025-04-10,A7,SADHANPUR,14.8,34.5,22.4
2025-04-11,A7,SADHANPUR,0.1,32.0,22.0
2025-04-12,A7,SADHANPUR,2.9,34.9,23.5
2025-04-13,A7,SADHANPUR,0.0,33.1,23.6
2025-04-14,A7,SADHANPUR,1.0,32.0,23.8
2025-04-15,A7,SADHANPUR,1.7,32.3,23.3
2025-04-16,A7,SADHANPUR,3.6,33.0,23.3
2025-04-17,A7,SADHANPUR,17.7,32.1,23.0
2025-04-18,A7,SADHANPUR,7.2,30.4,22.6
2025-04-19,A7,SADHANPUR,5.0,30.3,22.9
2025-04-20,A7,SADHANPUR,1.8,35.2,24.9
2025-04-21,A7,SADHANPUR,0.0,35.9,27.7
2025-04-22,A7,SADHANPUR,0.1,36.2,27.4
2025-04-23,A7,SADHANPUR,0.0,38.6,27.1
2025-04-24,A7,SADHANPUR,0.0,36.8,27.2
2025-04-25,A7,SADHANPUR,1.6,37.7,27.4
2025-04-26,A7,SADHANPUR,3.4,36.1,27.0
2025-04-27,A7,SADHANPUR,0.0,35.7,27.6
2025-04-28,A7,SADHANPUR,4.1,29.7,24.6
2025-04-29,A7,SADHANPUR,6.1,30.8,22.4
2025-04-30,A7,SADHANPUR,3.3,30.5,21.5
2025-05-01,A7,SADHANPUR,1.2,31.3,21.9
2025-05-02,A7,SADHANPUR,0.0,30.6,21.5
2025-05-03,A7,SADHANPUR,0.6,32.3,23.3
2025-05-04,A7,SADHANPUR,3.9,30.9,23.6
2025-05-05,A7,SADHANPUR,4.4,32.9,23.6
2025-05-06,A7,SADHANPUR,20.6,32.6,24.4
2025-05-07,A7,SADHANPUR,3.4,33.4,24.1
2025-05-08,A7,SADHANPUR,0.0,36.2,26.7
2025-05-09,A7,SADHANPUR,0.0,36.9,26.6
2025-05-10,A7,SADHANPUR,0.0,36.9,26.9
2025-05-11,A7,SADHANPUR,0.0,37.2,27.1
2025-05-12,A7,SADHANPUR,0.2,37.5,28.7
2025-05-13,A7,SADHANPUR,2.4,35.5,28.4
2025-05-14,A7,SADHANPUR,0.1,36.4,28.2
2025-05-15,A7,SADHANPUR,6.8,35.3,27.3
2025-05-16,A7,SADHANPUR,4.9,34.9,27.9
2025-05-17,A7,SADHANPUR,26.1,34.9,25.8
2025-05-18,A7,SADHANPUR,6.4,30.6,26.4
2025-05-19,A7,SADHANPUR,3.1,33.8,26.2
2025-05-20,A7,SADHANPUR,14.3,34.4,25.4
2025-05-21,A7,SADHANPUR,21.3,33.8,25.6
2025-05-22,A7,SADHANPUR,4.2,32.2,26.2
2025-05-23,A7,SADHANPUR,6.4,31.7,25.6
2025-05-24,A7,SADHANPUR,10.3,32.1,25.4
2025-05-25,A7,SADHANPUR,18.1,30.8,25.7
2025-05-26,A7,SADHANPUR,17.9,30.7,25.2
2025-05-27,A7,SADHANPUR,9.5,31.4,25.4
2025-05-28,A7,SADHANPUR,14.9,31.6,26.0
2025-05-29,A7,SADHANPUR,38.3,29.5,25.3
2025-05-30,A7,SADHANPUR,18.4,33.2,24.8
2025-05-31,A7,SADHANPUR,34.7,32.1,25.4
2025-06-01,A7,SADHANPUR,10.8,31.3,26.7
2025-06-02,A7,SADHANPUR,0.4,36.0,26.9
2025-06-03,A7,SADHANPUR,0.9,34.9,26.9
2025-06-04,A7,SADHANPUR,1.0,34.0,27.1
2025-06-05,A7,SADHANPUR,4.7,32.2,26.4
2025-06-06,A7,SADHANPUR,5.8,32.9,25.9
2025-06-07,A7,SADHANPUR,0.0,33.9,25.3
2025-06-08,A7,SADHANPUR,1.1,33.7,26.3
2025-06-09,A7,SADHANPUR,0.8,33.6,26.3
2025-06-10,A7,SADHANPUR,0.5,34.2,26.3
2025-06-11,A7,SADHANPUR,0.8,33.1,26.9
2025-06-12,A7,SADHANPUR,0.2,33.2,25.8
2025-06-13,A7,SADHANPUR,0.9,33.3,26.6
2025-06-14,A7,SADHANPUR,0.7,34.3,27.2
2025-06-15,A7,SADHANPUR,21.5,30.6,26.6
2025-06-16,A7,SADHANPUR,34.9,31.8,26.0
2025-06-17,A7,SADHANPUR,35.4,28.9,25.3
2025-06-18,A7,SADHANPUR,28.7,28.9,25.3
2025-06-19,A7,SADHANPUR,46.4,30.7,24.1
2025-06-20,A7,SADHANPUR,9.3,32.2,26.1
2025-06-21,A7,SADHANPUR,1.4,33.3,26.3
2025-06-22,A7,SADHANPUR,16.4,32.6,26.0
2025-06-23,A7,SADHANPUR,12.8,31.7,26.5
2025-06-24,A7,SADHANPUR,8.1,32.3,26.2
2025-06-25,A7,SADHANPUR,8.1,31.5,26.1
2025-06-26,A7,SADHANPUR,3.9,32.2,26.1
2025-06-27,A7,SADHANPUR,16.3,31.3,25.2
2025-06-28,A7,SADHANPUR,18.7,30.3,25.3
2025-06-29,A7,SADHANPUR,42.3,31.0,25.4
2025-06-30,A7,SADHANPUR,21.2,30.3,25.3
2025-07-01,A7,SADHANPUR,7.1,30.5,26.0
2025-07-02,A7,SADHANPUR,20.6,32.4,25.8
2025-07-03,A7,SADHANPUR,33.6,31.0,25.7
2025-07-04,A7,SADHANPUR,31.8,31.7,24.8
2025-07-05,A7,SADHANPUR,9.6,30.8,25.7
2025-07-06,A7,SADHANPUR,3.9,29.4,25.1
2025-07-07,A7,SADHANPUR,14.8,28.9,25.3
2025-07-08,A7,SADHANPUR,22.5,28.1,24.5
2025-07-09,A7,SADHANPUR,13.7,30.0,24.8
2025-07-10,A7,SADHANPUR,22.8,31.7,25.0
2025-07-11,A7,SADHANPUR,9.9,30.6,25.5
2025-07-12,A7,SADHANPUR,6.2,33.3,25.5
2025-07-13,A7,SADHANPUR,10.6,31.7,26.1
2025-07-14,A7,SADHANPUR,40.3,27.8,25.2
2025-07-15,A7,SADHANPUR,16.6,30.3,24.9
2025-07-16,A7,SADHANPUR,9.0,30.4,25.9
2025-07-17,A7,SADHANPUR,0.1,33.1,26.3
2025-07-18,A7,SADHANPUR,6.3,33.0,26.6
2025-07-19,A7,SADHANPUR,1.0,33.4,26.6
2025-07-20,A7,SADHANPUR,0.6,32.8,26.7
2025-07-21,A7,SADHANPUR,0.6,32.8,26.5
2025-07-22,A7,SADHANPUR,7.6,33.2,26.8
2025-07-23,A7,SADHANPUR,0.5,33.8,27.0
2025-07-24,A7,SADHANPUR,11.5,32.7,26.2
2025-07-25,A7,SADHANPUR,52.5,31.1,25.9
2025-07-26,A7,SADHANPUR,3.4,31.1,26.2
2025-07-27,A7,SADHANPUR,5.8,32.6,26.1
2025-07-28,A7,SADHANPUR,3.6,30.5,26.7
2025-07-29,A7,SADHANPUR,53.3,29.5,25.4
2025-07-30,A7,SADHANPUR,19.0,29.3,25.2
2025-07-31,A7,SADHANPUR,36.6,29.3,24.8
2025-08-01,A7,SADHANPUR,19.3,32.2,25.7
2025-08-02,A7,SADHANPUR,6.5,32.2,25.8
2025-08-03,A7,SADHANPUR,15.0,32.6,26.7
2025-08-04,A7,SADHANPUR,28.0,31.7,25.8
2025-08-05,A7,SADHANPUR,15.3,32.2,26.2
2025-08-06,A7,SADHANPUR,10.6,30.3,25.3
2025-08-07,A7,SADHANPUR,8.6,31.7,25.4
2025-08-08,A7,SADHANPUR,2.2,31.0,24.4
2025-08-09,A7,SADHANPUR,10.6,31.4,25.1
2025-08-10,A7,SADHANPUR,0.6,32.8,26.7
2025-08-11,A7,SADHANPUR,5.2,32.3,26.4
2025-08-12,A7,SADHANPUR,4.7,33.5,26.5
2025-08-13,A7,SADHANPUR,15.3,30.8,26.4
2025-08-14,A7,SADHANPUR,7.4,29.8,25.7
2025-08-15,A7,SADHANPUR,13.6,31.5,25.4
2025-08-16,A7,SADHANPUR,6.9,32.1,25.7
2025-08-17,A7,SADHANPUR,9.1,32.0,26.1
2025-08-18,A7,SADHANPUR,8.0,31.7,26.4
2025-08-19,A7,SADHANPUR,12.1,30.2,25.7
2025-08-20,A7,SADHANPUR,2.2,30.0,25.4
2025-08-21,A7,SADHANPUR,51.0,28.6,24.6
2025-08-22,A7,SADHANPUR,31.5,30.3,24.5
2025-08-23,A7,SADHANPUR,13.2,29.0,24.7
2025-08-24,A7,SADHANPUR,11.1,30.3,24.7
2025-08-25,A7,SADHANPUR,2.6,31.6,24.9
2025-08-26,A7,SADHANPUR,1.6,31.9,25.2
2025-08-27,A7,SADHANPUR,5.0,31.8,25.6
2025-08-28,A7,SADHANPUR,14.5,30.7,25.7
2025-08-29,A7,SADHANPUR,21.0,30.1,25.6
2025-08-30,A7,SADHANPUR,15.7,30.3,25.6
2025-08-31,A7,SADHANPUR,3.7,32.0,25.1
2025-09-01,A7,SADHANPUR,21.5,33.5,26.1
2025-09-02,A7,SADHANPUR,15.6,30.4,25.7
2025-09-03,A7,SADHANPUR,18.8,29.3,25.0
2025-09-04,A7,SADHANPUR,7.4,30.2,25.6
2025-09-05,A7,SADHANPUR,10.0,31.9,25.4
2025-09-06,A7,SADHANPUR,3.8,32.5,25.1
2025-09-07,A7,SADHANPUR,0.4,33.1,25.4
2025-09-08,A7,SADHANPUR,0.2,32.9,25.5
2025-09-09,A7,SADHANPUR,0.2,33.1,25.7
2025-09-10,A7,SADHANPUR,0.2,33.7,26.2
2025-09-11,A7,SADHANPUR,4.1,32.8,26.2
2025-09-12,A7,SADHANPUR,19.0,31.1,25.2
2025-09-13,A7,SADHANPUR,6.9,30.4,25.6
2025-09-14,A7,SADHANPUR,40.9,30.6,26.1
2025-09-15,A7,SADHANPUR,25.8,29.3,24.4
2025-09-16,A7,SADHANPUR,10.7,29.6,24.4
2025-09-17,A7,SADHANPUR,8.4,30.5,24.9
2025-09-18,A7,SADHANPUR,3.5,32.1,26.0
2025-09-19,A7,SADHANPUR,12.4,30.7,25.4
2025-09-20,A7,SADHANPUR,8.9,32.3,25.9
2025-09-21,A7,SADHANPUR,1.1,32.6,25.3
2025-09-22,A7,SADHANPUR,21.0,30.1,25.0
2025-09-23,A7,SADHANPUR,10.8,31.0,24.4
2025-09-24,A7,SADHANPUR,4.1,31.5,24.8
2025-09-25,A7,SADHANPUR,10.8,32.8,25.5
2025-09-26,A7,SADHANPUR,3.8,31.9,25.4
2025-09-27,A7,SADHANPUR,8.0,30.1,25.6
2025-09-28,A7,SADHANPUR,6.8,31.6,25.5
2025-09-29,A7,SADHANPUR,2.6,32.1,25.7
2025-09-30,A7,SADHANPUR,4.3,32.1,26.3
2025-10-01,A7,SADHANPUR,15.3,31.4,24.5
2025-10-02,A7,SADHANPUR,29.0,27.4,24.5
2025-10-03,A7,SADHANPUR,14.7,29.5,25.3
2025-10-04,A7,SADHANPUR,9.7,32.0,25.2
2025-10-05,A7,SADHANPUR,31.3,30.5,24.2
2025-10-06,A7,SADHANPUR,4.0,28.8,24.2
2025-10-07,A7,SADHANPUR,7.2,31.1,24.1
2025-10-08,A7,SADHANPUR,11.8,30.8,24.4
2025-10-09,A7,SADHANPUR,3.3,31.2,24.6
2025-10-10,A7,SADHANPUR,11.4,31.3,24.4
2025-10-11,A7,SADHANPUR,2.9,30.5,24.1
2025-10-12,A7,SADHANPUR,0.0,31.2,24.3
2025-10-13,A7,SADHANPUR,0.0,30.6,23.7
2025-10-14,A7,SADHANPUR,0.0,31.1,23.1
2025-10-15,A7,SADHANPUR,0.0,31.0,22.9
2025-10-16,A7,SADHANPUR,0.0,30.8,22.0
2025-10-17,A7,SADHANPUR,0.0,31.5,22.4
2025-10-18,A7,SADHANPUR,0.1,31.6,23.7
2025-10-19,A7,SADHANPUR,0.1,32.7,24.3
2025-10-20,A7,SADHANPUR,0.0,32.9,23.5
2025-10-21,A7,SADHANPUR,0.0,32.9,23.3
2025-10-22,A7,SADHANPUR,0.0,32.2,22.9
2025-10-23,A7,SADHANPUR,0.0,32.2,22.9
2025-10-24,A7,SADHANPUR,0.0,32.1,22.5
2025-10-25,A7,SADHANPUR,0.0,32.0,23.3
2025-10-26,A7,SADHANPUR,0.0,32.1,24.1
2025-10-27,A7,SADHANPUR,0.1,32.2,23.7
2025-10-28,A7,SADHANPUR,0.5,32.5,24.3
2025-10-29,A7,SADHANPUR,17.2,28.4,24.5
2025-10-30,A7,SADHANPUR,15.5,30.2,23.8
2025-10-31,A7,SADHANPUR,0.7,31.6,24.3
2025-11-01,A7,SADHANPUR,19.3,30.5,25.1
2025-11-02,A7,SADHANPUR,0.0,28.5,23.3
2025-11-03,A7,SADHANPUR,0.0,29.7,22.2
2025-11-04,A7,SADHANPUR,0.0,29.6,19.7
2025-11-05,A7,SADHANPUR,0.0,29.8,21.1
2025-11-06,A7,SADHANPUR,0.5,30.1,21.2
2025-11-07,A7,SADHANPUR,0.1,29.9,22.4
2025-11-08,A7,SADHANPUR,0.0,29.2,19.8
2025-11-09,A7,SADHANPUR,0.0,28.0,17.8
2025-11-10,A7,SADHANPUR,0.0,28.4,18.0
2025-11-11,A7,SADHANPUR,0.0,27.5,16.9
2025-11-12,A7,SADHANPUR,0.0,26.7,16.3
2025-11-13,A7,SADHANPUR,0.0,26.9,16.2
2025-11-14,A7,SADHANPUR,0.0,26.7,16.2
2025-11-15,A7,SADHANPUR,0.0,27.0,16.4
2025-11-16,A7,SADHANPUR,0.0,27.1,16.4
2025-11-17,A7,SADHANPUR,0.0,27.0,17.3
2025-11-18,A7,SADHANPUR,0.0,27.9,16.9
2025-11-19,A7,SADHANPUR,0.0,28.6,16.3
2025-11-20,A7,SADHANPUR,0.0,28.1,17.4
2025-11-21,A7,SADHANPUR,0.0,28.2,17.6
2025-11-22,A7,SADHANPUR,0.0,27.8,17.1
2025-11-23,A7,SADHANPUR,0.0,27.7,16.7
2025-11-24,A7,SADHANPUR,0.0,26.7,16.4
2025-11-25,A7,SADHANPUR,0.0,26.1,15.3
2025-11-26,A7,SADHANPUR,0.0,25.8,14.7
2025-11-27,A7,SADHANPUR,0.0,26.8,15.3
2025-11-28,A7,SADHANPUR,0.0,27.1,16.5
2025-11-29,A7,SADHANPUR,0.0,26.9,16.6
2025-11-30,A7,SADHANPUR,0.0,26.9,16.5
2025-12-01,A7,SADHANPUR,0.0,26.6,16.4
2025-12-02,A7,SADHANPUR,0.0,26.7,17.2
2025-12-03,A7,SADHANPUR,0.0,25.9,15.6
2025-12-04,A7,SADHANPUR,0.0,25.3,14.3
2025-12-05,A7,SADHANPUR,0.0,25.4,14.6
2025-12-06,A7,SADHANPUR,0.0,24.5,12.6
2025-12-07,A7,SADHANPUR,0.0,24.8,13.4
2025-12-08,A7,SADHANPUR,0.0,24.9,13.7
2025-12-09,A7,SADHANPUR,0.0,25.1,14.2
2025-12-10,A7,SADHANPUR,0.0,25.2,14.1
2025-12-11,A7,SADHANPUR,0.0,25.1,13.7
2025-12-12,A7,SADHANPUR,0.0,25.0,13.9
2025-12-13,A7,SADHANPUR,0.0,25.4,14.2
2025-12-14,A7,SADHANPUR,0.0,26.5,14.4
2025-12-15,A7,SADHANPUR,0.0,26.1,14.8
2025-12-16,A7,SADHANPUR,0.0,25.1,14.4
2025-12-17,A7,SADHANPUR,0.0,25.3,14.3
2025-12-18,A7,SADHANPUR,0.0,26.4,14.6
2025-12-19,A7,SADHANPUR,0.0,26.1,15.4
2025-12-20,A7,SADHANPUR,0.0,24.0,15.2
2025-12-21,A7,SADHANPUR,0.0,23.8,14.3
2025-12-22,A7,SADHANPUR,0.0,24.5,14.4
2025-12-23,A7,SADHANPUR,0.0,24.0,13.8
2025-12-24,A7,SADHANPUR,0.0,23.7,13.2
2025-12-25,A7,SADHANPUR,0.0,21.4,11.7
2025-12-26,A7,SADHANPUR,0.0,21.8,10.9
2025-12-27,A7,SADHANPUR,0.0,23.1,12.0
2025-12-28,A7,SADHANPUR,0.0,22.0,12.7
2025-12-29,A7,SADHANPUR,0.0,20.4,11.7
2025-12-30,A7,SADHANPUR,0.0,19.6,10.4
2025-12-31,A7,SADHANPUR,0.0,20.8,9.0
2024-01-01,A8,TARABERIA,0.0,24.8,14.5
2024-01-02,A8,TARABERIA,0.0,23.2,13.1
2024-01-03,A8,TARABERIA,0.0,24.3,12.3
2024-01-04,A8,TARABERIA,0.0,25.1,11.9
2024-01-05,A8,TARABERIA,0.0,25.6,12.6
2024-01-06,A8,TARABERIA,0.0,26.3,13.0
2024-01-07,A8,TARABERIA,0.0,25.9,15.0
2024-01-08,A8,TARABERIA,0.0,25.6,15.2
2024-01-09,A8,TARABERIA,0.0,25.0,13.6
2024-01-10,A8,TARABERIA,0.0,25.6,12.5
2024-01-11,A8,TARABERIA,0.0,24.8,13.4
2024-01-12,A8,TARABERIA,0.0,22.6,11.3
2024-01-13,A8,TARABERIA,0.0,22.5,9.9
2024-01-14,A8,TARABERIA,0.0,22.1,10.2
2024-01-15,A8,TARABERIA,0.0,21.7,10.1
2024-01-16,A8,TARABERIA,0.0,22.0,10.4
2024-01-17,A8,TARABERIA,0.1,23.3,10.1
2024-01-18,A8,TARABERIA,4.2,21.8,14.8
2024-01-19,A8,TARABERIA,0.0,22.9,14.7
2024-01-20,A8,TARABERIA,0.0,22.3,12.4
2024-01-21,A8,TARABERIA,0.0,22.3,13.0
2024-01-22,A8,TARABERIA,0.0,20.9,10.6
2024-01-23,A8,TARABERIA,0.0,22.3,9.0
2024-01-24,A8,TARABERIA,3.2,21.5,15.0
2024-01-25,A8,TARABERIA,0.0,22.8,12.8
2024-01-26,A8,TARABERIA,0.0,22.7,11.9
2024-01-27,A8,TARABERIA,0.0,22.7,10.8
2024-01-28,A8,TARABERIA,0.0,23.3,10.1
2024-01-29,A8,TARABERIA,0.0,24.7,10.8
2024-01-30,A8,TARABERIA,0.7,26.2,12.9
2024-01-31,A8,TARABERIA,27.1,25.1,17.4
2024-02-01,A8,TARABERIA,6.3,24.5,16.2
2024-02-02,A8,TARABERIA,0.1,26.5,16.4
2024-02-03,A8,TARABERIA,0.0,25.8,15.2
2024-02-04,A8,TARABERIA,0.0,26.0,12.4
2024-02-05,A8,TARABERIA,0.0,26.8,14.5
2024-02-06,A8,TARABERIA,0.7,27.0,17.8
2024-02-07,A8,TARABERIA,0.0,25.2,17.9
2024-02-08,A8,TARABERIA,0.0,24.2,14.4
2024-02-09,A8,TARABERIA,0.0,22.9,12.2
2024-02-10,A8,TARABERIA,0.0,24.6,11.4
2024-02-11,A8,TARABERIA,0.0,26.4,11.9
2024-02-12,A8,TARABERIA,0.0,27.3,13.8
2024-02-13,A8,TARABERIA,0.0,28.9,16.7
2024-02-14,A8,TARABERIA,0.0,28.3,15.8
2024-02-15,A8,TARABERIA,0.6,27.8,17.0
2024-02-16,A8,TARABERIA,0.0,28.5,17.3
2024-02-17,A8,TARABERIA,0.0,27.7,15.0
2024-02-18,A8,TARABERIA,0.2,28.6,14.9
2024-02-19,A8,TARABERIA,0.4,29.6,17.8
2024-02-20,A8,TARABERIA,0.3,31.4,20.8
2024-02-21,A8,TARABERIA,0.0,32.7,20.2
2024-02-22,A8,TARABERIA,0.1,28.8,20.5
2024-02-23,A8,TARABERIA,0.0,28.4,19.3
2024-02-24,A8,TARABERIA,0.0,28.2,16.7
2024-02-25,A8,TARABERIA,0.5,25.0,17.9
2024-02-26,A8,TARABERIA,0.0,28.0,16.9
2024-02-27,A8,TARABERIA,0.0,28.5,17.2
2024-02-28,A8,TARABERIA,0.0,29.1,17.8
2024-02-29,A8,TARABERIA,0.0,29.6,17.8
2024-03-01,A8,TARABERIA,0.0,30.2,16.4
2024-03-02,A8,TARABERIA,0.0,30.6,15.9
2024-03-03,A8,TARABERIA,0.2,31.2,18.7
2024-03-04,A8,TARABERIA,1.1,31.2,19.2
2024-03-05,A8,TARABERIA,0.0,30.4,19.8
2024-03-06,A8,TARABERIA,0.0,28.9,17.8
2024-03-07,A8,TARABERIA,0.0,28.3,18.4
2024-03-08,A8,TARABERIA,0.0,29.9,18.4
2024-03-09,A8,TARABERIA,0.0,29.3,15.1
2024-03-10,A8,TARABERIA,0.0,29.2,14.7
2024-03-11,A8,TARABERIA,0.0,30.6,14.5
2024-03-12,A8,TARABERIA,0.0,32.7,19.6
2024-03-13,A8,TARABERIA,0.6,33.6,23.2
2024-03-14,A8,TARABERIA,12.3,31.8,21.5
2024-03-15,A8,TARABERIA,0.9,33.4,21.9
2024-03-16,A8,TARABERIA,1.4,31.7,22.5
2024-03-17,A8,TARABERIA,0.0,31.6,21.4
2024-03-18,A8,TARABERIA,2.0,29.6,21.7
2024-03-19,A8,TARABERIA,11.9,30.2,22.6
2024-03-20,A8,TARABERIA,12.9,23.5,18.4
2024-03-21,A8,TARABERIA,7.4,26.5,18.3
2024-03-22,A8,TARABERIA,0.3,27.5,16.7
2024-03-23,A8,TARABERIA,5.0,31.9,19.1
2024-03-24,A8,TARABERIA,0.0,33.7,23.7
2024-03-25,A8,TARABERIA,15.3,33.0,22.7
2024-03-26,A8,TARABERIA,0.0,32.4,23.8
2024-03-27,A8,TARABERIA,0.1,34.4,22.7
2024-03-28,A8,TARABERIA,0.3,32.8,22.3
2024-03-29,A8,TARABERIA,0.2,34.2,24.7
2024-03-30,A8,TARABERIA,0.3,35.7,24.8
2024-03-31,A8,TARABERIA,4.8,34.7,25.1
2024-04-01,A8,TARABERIA,0.0,36.4,25.1
2024-04-02,A8,TARABERIA,0.0,35.7,23.9
2024-04-03,A8,TARABERIA,0.0,36.0,25.1
2024-04-04,A8,TARABERIA,23.9,37.2,25.9
2024-04-05,A8,TARABERIA,0.0,37.4,26.3
2024-04-06,A8,TARABERIA,0.2,37.8,25.9
2024-04-07,A8,TARABERIA,1.0,36.2,25.8
2024-04-08,A8,TARABERIA,0.0,31.3,22.6
2024-04-09,A8,TARABERIA,0.0,34.7,22.1
2024-04-10,A8,TARABERIA,0.0,35.8,22.7
2024-04-11,A8,TARABERIA,6.0,33.2,23.9
2024-04-12,A8,TARABERIA,0.0,35.0,23.5
2024-04-13,A8,TARABERIA,0.0,36.1,23.7
2024-04-14,A8,TARABERIA,0.0,36.9,23.2
2024-04-15,A8,TARABERIA,0.0,38.2,23.9
2024-04-16,A8,TARABERIA,0.0,38.2,26.3
2024-04-17,A8,TARABERIA,0.0,37.9,27.2
2024-04-18,A8,TARABERIA,0.0,38.3,25.6
2024-04-19,A8,TARABERIA,0.0,40.3,24.9
2024-04-20,A8,TARABERIA,0.0,41.6,26.0
2024-04-21,A8,TARABERIA,0.0,40.8,27.1
2024-04-22,A8,TARABERIA,0.0,39.9,25.9
2024-04-23,A8,TARABERIA,0.0,38.4,26.5
2024-04-24,A8,TARABERIA,0.0,40.2,27.1
2024-04-25,A8,TARABERIA,0.0,40.3,24.8
2024-04-26,A8,TARABERIA,0.0,40.8,27.1
2024-04-27,A8,TARABERIA,0.0,41.4,27.8
2024-04-28,A8,TARABERIA,0.9,40.1,28.3
2024-04-29,A8,TARABERIA,0.0,41.7,28.5
2024-04-30,A8,TARABERIA,0.0,43.7,29.2
2024-05-01,A8,TARABERIA,0.0,41.5,28.7
2024-05-02,A8,TARABERIA,0.0,41.1,29.4
2024-05-03,A8,TARABERIA,0.0,40.2,26.1
2024-05-04,A8,TARABERIA,0.1,39.9,27.4
2024-05-05,A8,TARABERIA,0.5,37.9,28.5
2024-05-06,A8,TARABERIA,86.6,37.3,24.8
2024-05-07,A8,TARABERIA,2.1,33.4,24.3
2024-05-08,A8,TARABERIA,3.6,30.4,23.8
2024-05-09,A8,TARABERIA,9.0,31.3,24.0
2024-05-10,A8,TARABERIA,10.1,31.3,23.6
2024-05-11,A8,TARABERIA,16.1,31.5,25.0
2024-05-12,A8,TARABERIA,3.3,32.7,25.0
2024-05-13,A8,TARABERIA,0.0,33.6,24.0
2024-05-14,A8,TARABERIA,2.5,34.0,25.1
2024-05-15,A8,TARABERIA,0.0,35.2,26.0
2024-05-16,A8,TARABERIA,0.0,35.6,26.1
2024-05-17,A8,TARABERIA,0.0,37.4,27.3
2024-05-18,A8,TARABERIA,0.0,36.5,28.7
2024-05-19,A8,TARABERIA,0.1,33.8,28.8
2024-05-20,A8,TARABERIA,12.9,33.2,26.9
2024-05-21,A8,TARABERIA,7.0,33.3,26.4
2024-05-22,A8,TARABERIA,2.1,33.8,26.7
2024-05-23,A8,TARABERIA,0.0,35.0,26.0
2024-05-24,A8,TARABERIA,0.0,35.6,26.3
2024-05-25,A8,TARABERIA,0.1,36.5,27.4
2024-05-26,A8,TARABERIA,30.6,30.7,26.8
2024-05-27,A8,TARABERIA,70.7,27.6,26.1
2024-05-28,A8,TARABERIA,0.1,35.5,26.4
2024-05-29,A8,TARABERIA,0.0,35.9,29.3
2024-05-30,A8,TARABERIA,0.2,35.3,29.4
2024-05-31,A8,TARABERIA,0.0,34.9,28.5
2024-06-01,A8,TARABERIA,0.8,34.6,28.1
2024-06-02,A8,TARABERIA,2.7,34.2,29.0
2024-06-03,A8,TARABERIA,0.5,34.5,28.3
2024-06-04,A8,TARABERIA,0.0,35.7,28.6
2024-06-05,A8,TARABERIA,0.4,35.8,28.0
2024-06-06,A8,TARABERIA,2.4,36.5,26.7
2024-06-07,A8,TARABERIA,0.0,36.3,25.9
2024-06-08,A8,TARABERIA,0.0,35.6,28.0
2024-06-09,A8,TARABERIA,0.0,36.5,28.2
2024-06-10,A8,TARABERIA,0.0,36.4,28.5
2024-06-11,A8,TARABERIA,0.0,36.7,28.9
2024-06-12,A8,TARABERIA,0.0,35.3,28.3
2024-06-13,A8,TARABERIA,0.0,36.0,28.6
2024-06-14,A8,TARABERIA,0.0,37.2,29.1
2024-06-15,A8,TARABERIA,0.0,37.3,29.4
2024-06-16,A8,TARABERIA,0.0,36.9,29.4
2024-06-17,A8,TARABERIA,0.1,36.8,29.2
2024-06-18,A8,TARABERIA,10.9,32.5,28.4
2024-06-19,A8,TARABERIA,8.1,34.6,28.5
2024-06-20,A8,TARABERIA,31.5,33.8,27.9
2024-06-21,A8,TARABERIA,3.9,32.0,27.2
2024-06-22,A8,TARABERIA,1.9,33.3,26.4
2024-06-23,A8,TARABERIA,3.3,33.6,26.7
2024-06-24,A8,TARABERIA,0.8,34.0,27.2
2024-06-25,A8,TARABERIA,0.6,34.0,28.0
2024-06-26,A8,TARABERIA,0.7,34.3,27.3
2024-06-27,A8,TARABERIA,10.2,32.1,27.4
2024-06-28,A8,TARABERIA,7.8,33.0,27.2
2024-06-29,A8,TARABERIA,7.0,31.6,26.8
2024-06-30,A8,TARABERIA,34.0,32.0,26.4
2024-07-01,A8,TARABERIA,18.6,31.4,25.9
2024-07-02,A8,TARABERIA,25.4,30.5,25.9
2024-07-03,A8,TARABERIA,11.2,30.7,25.8
2024-07-04,A8,TARABERIA,21.9,30.7,25.4
2024-07-05,A8,TARABERIA,27.6,32.4,25.7
2024-07-06,A8,TARABERIA,2.7,32.1,26.1
2024-07-07,A8,TARABERIA,11.7,32.0,26.4
2024-07-08,A8,TARABERIA,1.3,32.3,26.2
2024-07-09,A8,TARABERIA,3.5,31.5,27.0
2024-07-10,A8,TARABERIA,1.8,32.8,27.5
2024-07-11,A8,TARABERIA,27.9,32.8,27.6
2024-07-12,A8,TARABERIA,8.8,32.0,26.0
2024-07-13,A8,TARABERIA,5.5,32.8,25.4
2024-07-14,A8,TARABERIA,3.8,32.6,26.3
2024-07-15,A8,TARABERIA,1.9,32.6,27.0
2024-07-16,A8,TARABERIA,4.2,32.3,26.6
2024-07-17,A8,TARABERIA,6.8,33.1,26.6
2024-07-18,A8,TARABERIA,1.5,33.4,26.7
2024-07-19,A8,TARABERIA,5.6,32.4,27.3
2024-07-20,A8,TARABERIA,2.7,32.4,27.1
2024-07-21,A8,TARABERIA,9.7,32.2,27.0
2024-07-22,A8,TARABERIA,12.6,31.3,26.7
2024-07-23,A8,TARABERIA,15.6,32.3,25.9
2024-07-24,A8,TARABERIA,13.3,32.6,26.6
2024-07-25,A8,TARABERIA,8.7,32.4,26.3
2024-07-26,A8,TARABERIA,21.8,31.4,26.2
2024-07-27,A8,TARABERIA,5.9,32.3,27.0
2024-07-28,A8,TARABERIA,21.8,31.1,26.3
2024-07-29,A8,TARABERIA,8.3,32.0,26.4
2024-07-30,A8,TARABERIA,5.2,33.0,26.2
2024-07-31,A8,TARABERIA,28.3,32.0,25.9
2024-08-01,A8,TARABERIA,67.5,28.9,25.3
2024-08-02,A8,TARABERIA,31.4,30.1,25.6
2024-08-03,A8,TARABERIA,28.2,31.0,24.9
2024-08-04,A8,TARABERIA,38.3,30.9,24.7
2024-08-05,A8,TARABERIA,18.6,32.4,24.8
2024-08-06,A8,TARABERIA,9.9,31.3,26.2
2024-08-07,A8,TARABERIA,3.0,30.5,25.8
2024-08-08,A8,TARABERIA,11.9,31.0,25.9
2024-08-09,A8,TARABERIA,11.5,30.9,25.3
2024-08-10,A8,TARABERIA,32.7,32.2,24.9
2024-08-11,A8,TARABERIA,10.0,32.3,25.1
2024-08-12,A8,TARABERIA,11.5,32.4,25.4
2024-08-13,A8,TARABERIA,13.0,32.3,25.4
2024-08-14,A8,TARABERIA,16.6,32.4,25.0
2024-08-15,A8,TARABERIA,9.2,32.9,25.7
2024-08-16,A8,TARABERIA,1.1,31.3,25.2
2024-08-17,A8,TARABERIA,16.8,32.8,25.3
2024-08-18,A8,TARABERIA,16.5,29.4,25.2
2024-08-19,A8,TARABERIA,17.0,30.6,25.7
2024-08-20,A8,TARABERIA,19.2,30.9,24.8
2024-08-21,A8,TARABERIA,29.5,31.8,24.9
2024-08-22,A8,TARABERIA,24.7,31.5,25.6
2024-08-23,A8,TARABERIA,33.6,30.5,24.6
2024-08-24,A8,TARABERIA,5.0,29.2,25.0
2024-08-25,A8,TARABERIA,42.7,29.4,24.2
2024-08-26,A8,TARABERIA,29.0,29.6,24.6
2024-08-27,A8,TARABERIA,23.8,30.5,24.6
2024-08-28,A8,TARABERIA,6.8,32.0,24.7
2024-08-29,A8,TARABERIA,5.5,32.3,25.5
2024-08-30,A8,TARABERIA,0.3,32.9,24.9
2024-08-31,A8,TARABERIA,3.6,32.3,26.2
2024-09-01,A8,TARABERIA,10.6,30.5,26.2
2024-09-02,A8,TARABERIA,3.0,32.2,25.5
2024-09-03,A8,TARABERIA,6.7,31.9,25.3
2024-09-04,A8,TARABERIA,9.4,31.4,25.6
2024-09-05,A8,TARABERIA,3.1,32.4,25.4
2024-09-06,A8,TARABERIA,2.3,33.2,25.9
2024-09-07,A8,TARABERIA,14.8,33.6,25.5
2024-09-08,A8,TARABERIA,7.7,32.1,26.2
2024-09-09,A8,TARABERIA,3.6,32.3,26.5
2024-09-10,A8,TARABERIA,5.7,31.6,25.9
2024-09-11,A8,TARABERIA,10.0,32.3,26.1
2024-09-12,A8,TARABERIA,15.9,32.0,26.2
2024-09-13,A8,TARABERIA,28.3,32.2,25.7
2024-09-14,A8,TARABERIA,48.7,27.6,25.1
2024-09-15,A8,TARABERIA,18.8,28.6,24.9
2024-09-16,A8,TARABERIA,16.9,27.9,25.2
2024-09-17,A8,TARABERIA,0.2,32.3,25.6
2024-09-18,A8,TARABERIA,0.0,32.8,24.4
2024-09-19,A8,TARABERIA,3.2,32.8,25.8
2024-09-20,A8,TARABERIA,0.6,33.9,26.4
2024-09-21,A8,TARABERIA,3.7,33.4,26.1
2024-09-22,A8,TARABERIA,0.0,34.1,26.8
2024-09-23,A8,TARABERIA,8.0,34.1,26.1
2024-09-24,A8,TARABERIA,10.5,30.7,26.3
2024-09-25,A8,TARABERIA,26.3,28.8,24.1
2024-09-26,A8,TARABERIA,26.5,28.4,24.4
2024-09-27,A8,TARABERIA,12.2,30.8,24.6
2024-09-28,A8,TARABERIA,4.1,31.6,25.0
2024-09-29,A8,TARABERIA,5.5,32.2,26.2
2024-09-30,A8,TARABERIA,0.4,33.2,26.0
2024-10-01,A8,TARABERIA,9.5,34.0,26.4
2024-10-02,A8,TARABERIA,8.4,32.1,24.6
2024-10-03,A8,TARABERIA,19.3,30.8,26.0
2024-10-04,A8,TARABERIA,31.9,30.4,24.8
2024-10-05,A8,TARABERIA,22.9,30.4,24.7
2024-10-06,A8,TARABERIA,7.9,30.4,24.5
2024-10-07,A8,TARABERIA,9.6,30.9,24.0
2024-10-08,A8,TARABERIA,8.3,30.7,25.3
2024-10-09,A8,TARABERIA,10.3,30.3,24.8
2024-10-10,A8,TARABERIA,12.4,30.7,24.7
2024-10-11,A8,TARABERIA,5.3,32.0,25.2
2024-10-12,A8,TARABERIA,6.9,31.9,24.6
2024-10-13,A8,TARABERIA,1.2,32.0,24.6
2024-10-14,A8,TARABERIA,0.0,32.1,23.9
2024-10-15,A8,TARABERIA,9.0,31.6,24.3
2024-10-16,A8,TARABERIA,0.1,31.3,23.9
2024-10-17,A8,TARABERIA,8.2,31.1,23.8
2024-10-18,A8,TARABERIA,5.4,29.5,23.4
2024-10-19,A8,TARABERIA,9.0,30.2,23.4
2024-10-20,A8,TARABERIA,0.0,30.6,23.5
2024-10-21,A8,TARABERIA,0.0,30.6,23.7
2024-10-22,A8,TARABERIA,0.0,31.0,22.6
2024-10-23,A8,TARABERIA,12.6,29.9,24.0
2024-10-24,A8,TARABERIA,14.5,27.1,24.1
2024-10-25,A8,TARABERIA,28.6,25.9,23.7
2024-10-26,A8,TARABERIA,2.8,31.5,24.5
2024-10-27,A8,TARABERIA,0.3,31.1,23.5
2024-10-28,A8,TARABERIA,0.3,31.4,23.1
2024-10-29,A8,TARABERIA,0.0,31.3,23.4
2024-10-30,A8,TARABERIA,0.6,31.1,23.6
2024-10-31,A8,TARABERIA,0.8,31.2,23.8
2024-11-01,A8,TARABERIA,0.0,32.3,23.0
2024-11-02,A8,TARABERIA,0.0,31.4,20.9
2024-11-03,A8,TARABERIA,0.0,30.7,20.6
2024-11-04,A8,TARABERIA,0.0,30.5,20.8
2024-11-05,A8,TARABERIA,0.4,29.8,21.9
2024-11-06,A8,TARABERIA,0.5,29.4,21.8
2024-11-07,A8,TARABERIA,0.3,30.0,20.6
2024-11-08,A8,TARABERIA,0.0,30.2,21.4
2024-11-09,A8,TARABERIA,0.0,29.7,20.9
2024-11-10,A8,TARABERIA,0.0,30.1,20.4
2024-11-11,A8,TARABERIA,0.0,30.2,20.2
2024-11-12,A8,TARABERIA,0.0,30.2,19.8
2024-11-13,A8,TARABERIA,0.0,31.2,20.3
2024-11-14,A8,TARABERIA,0.0,31.1,20.2
2024-11-15,A8,TARABERIA,0.0,30.9,19.0
2024-11-16,A8,TARABERIA,0.0,29.7,17.8
2024-11-17,A8,TARABERIA,0.0,29.1,17.8
2024-11-18,A8,TARABERIA,0.0,28.8,17.1
2024-11-19,A8,TARABERIA,0.0,28.3,17.6
2024-11-20,A8,TARABERIA,0.0,29.4,17.4
2024-11-21,A8,TARABERIA,0.0,29.2,18.4
2024-11-22,A8,TARABERIA,0.0,29.2,17.9
2024-11-23,A8,TARABERIA,0.0,29.0,17.7
2024-11-24,A8,TARABERIA,0.0,28.4,16.5
2024-11-25,A8,TARABERIA,0.0,27.8,16.2
2024-11-26,A8,TARABERIA,0.0,27.8,16.1
2024-11-27,A8,TARABERIA,0.0,28.3,16.4
2024-11-28,A8,TARABERIA,0.0,28.1,16.9
2024-11-29,A8,TARABERIA,0.3,27.1,19.6
2024-11-30,A8,TARABERIA,19.3,23.2,18.5
2024-12-01,A8,TARABERIA,0.0,28.1,18.3
2024-12-02,A8,TARABERIA,0.3,22.8,19.1
2024-12-03,A8,TARABERIA,0.0,28.3,18.2
2024-12-04,A8,TARABERIA,0.0,27.9,16.2
2024-12-05,A8,TARABERIA,0.0,28.8,15.6
2024-12-06,A8,TARABERIA,0.0,27.0,15.4
2024-12-07,A8,TARABERIA,0.0,25.9,14.0
2024-12-08,A8,TARABERIA,0.0,25.6,13.1
2024-12-09,A8,TARABERIA,0.0,26.0,14.4
2024-12-10,A8,TARABERIA,0.2,26.0,16.2
2024-12-11,A8,TARABERIA,0.0,24.3,14.2
2024-12-12,A8,TARABERIA,0.0,23.8,12.1
2024-12-13,A8,TARABERIA,0.0,23.4,11.4
2024-12-14,A8,TARABERIA,0.0,23.2,11.8
2024-12-15,A8,TARABERIA,0.0,23.8,10.8
2024-12-16,A8,TARABERIA,0.0,24.6,12.3
2024-12-17,A8,TARABERIA,0.0,25.5,13.0
2024-12-18,A8,TARABERIA,0.0,26.6,14.1
2024-12-19,A8,TARABERIA,0.0,25.9,14.3
2024-12-20,A8,TARABERIA,0.4,25.5,13.8
2024-12-21,A8,TARABERIA,2.2,20.4,15.4
2024-12-22,A8,TARABERIA,0.0,25.1,14.8
2024-12-23,A8,TARABERIA,0.0,26.2,15.1
2024-12-24,A8,TARABERIA,0.0,25.7,15.2
2024-12-25,A8,TARABERIA,0.0,25.5,17.0
2024-12-26,A8,TARABERIA,0.0,26.8,15.9
2024-12-27,A8,TARABERIA,0.0,26.6,14.8
2024-12-28,A8,TARABERIA,0.0,25.9,13.9
2024-12-29,A8,TARABERIA,0.0,26.7,15.2
2024-12-30,A8,TARABERIA,0.0,26.1,16.3
2024-12-31,A8,TARABERIA,0.0,23.9,15.1
2025-01-01,A8,TARABERIA,0.0,22.8,12.8
2025-01-02,A8,TARABERIA,0.0,22.2,12.1
2025-01-03,A8,TARABERIA,0.0,22.3,10.9
2025-01-04,A8,TARABERIA,0.0,23.7,12.7
2025-01-05,A8,TARABERIA,0.0,24.3,13.5
2025-01-06,A8,TARABERIA,0.0,24.4,12.4
2025-01-07,A8,TARABERIA,0.0,25.8,14.1
2025-01-08,A8,TARABERIA,0.0,22.4,13.2
2025-01-09,A8,TARABERIA,0.0,21.9,11.9
2025-01-10,A8,TARABERIA,0.0,22.6,12.0
2025-01-11,A8,TARABERIA,0.0,23.2,11.2
2025-01-12,A8,TARABERIA,0.0,24.7,12.5
2025-01-13,A8,TARABERIA,0.0,26.3,13.5
2025-01-14,A8,TARABERIA,0.0,25.1,15.1
2025-01-15,A8,TARABERIA,0.0,24.2,14.0
2025-01-16,A8,TARABERIA,0.0,24.3,12.6
2025-01-17,A8,TARABERIA,0.0,24.5,13.9
2025-01-18,A8,TARABERIA,0.0,24.5,13.7
2025-01-19,A8,TARABERIA,0.0,24.4,13.2
2025-01-20,A8,TARABERIA,0.0,23.8,12.2
2025-01-21,A8,TARABERIA,0.0,25.3,13.0
2025-01-22,A8,TARABERIA,0.0,26.2,13.7
2025-01-23,A8,TARABERIA,0.0,27.6,13.4
2025-01-24,A8,TARABERIA,0.0,27.8,14.5
2025-01-25,A8,TARABERIA,0.3,25.4,16.1
2025-01-26,A8,TARABERIA,0.0,24.3,13.3
2025-01-27,A8,TARABERIA,0.0,24.0,12.7
2025-01-28,A8,TARABERIA,0.0,25.6,12.6
2025-01-29,A8,TARABERIA,0.2,26.9,14.5
2025-01-30,A8,TARABERIA,0.1,29.1,17.5
2025-01-31,A8,TARABERIA,0.1,29.1,19.2
2025-02-01,A8,TARABERIA,0.5,28.8,20.0
2025-02-02,A8,TARABERIA,0.2,28.5,20.2
2025-02-03,A8,TARABERIA,0.0,28.5,18.7
2025-02-04,A8,TARABERIA,0.0,27.1,16.6
2025-02-05,A8,TARABERIA,0.0,29.0,15.9
2025-02-06,A8,TARABERIA,0.0,28.7,18.8
2025-02-07,A8,TARABERIA,0.0,25.6,14.4
2025-02-08,A8,TARABERIA,0.0,25.4,13.2
2025-02-09,A8,TARABERIA,0.0,26.0,13.4
2025-02-10,A8,TARABERIA,0.0,29.3,14.2
2025-02-11,A8,TARABERIA,0.0,29.9,18.8
2025-02-12,A8,TARABERIA,0.4,29.7,19.3
2025-02-13,A8,TARABERIA,0.1,30.2,20.6
2025-02-14,A8,TARABERIA,0.0,27.8,15.7
2025-02-15,A8,TARABERIA,0.0,28.8,15.4
2025-02-16,A8,TARABERIA,0.0,30.7,16.3
2025-02-17,A8,TARABERIA,0.1,31.1,18.6
2025-02-18,A8,TARABERIA,0.2,29.8,18.4
2025-02-19,A8,TARABERIA,1.4,28.3,18.7
2025-02-20,A8,TARABERIA,5.0,27.0,18.7
2025-02-21,A8,TARABERIA,0.0,28.8,17.4
2025-02-22,A8,TARABERIA,9.7,28.7,18.9
2025-02-23,A8,TARABERIA,7.8,28.0,17.9
2025-02-24,A8,TARABERIA,0.0,28.9,17.3
2025-02-25,A8,TARABERIA,0.0,29.1,18.1
2025-02-26,A8,TARABERIA,0.0,29.3,17.8
2025-02-27,A8,TARABERIA,0.0,29.6,17.6
2025-02-28,A8,TARABERIA,0.0,30.6,19.4
2025-03-01,A8,TARABERIA,0.0,33.1,20.0
2025-03-02,A8,TARABERIA,0.0,33.3,20.6
2025-03-03,A8,TARABERIA,0.0,31.7,20.3
2025-03-04,A8,TARABERIA,0.0,31.0,20.3
2025-03-05,A8,TARABERIA,0.0,30.9,19.6
2025-03-06,A8,TARABERIA,0.0,27.6,17.0
2025-03-07,A8,TARABERIA,0.0,29.5,15.3
2025-03-08,A8,TARABERIA,0.0,31.6,17.5
2025-03-09,A8,TARABERIA,0.0,31.5,19.0
2025-03-10,A8,TARABERIA,0.0,32.4,19.6
2025-03-11,A8,TARABERIA,0.0,33.0,20.7
2025-03-12,A8,TARABERIA,0.0,34.5,20.5
2025-03-13,A8,TARABERIA,0.0,35.6,22.1
2025-03-14,A8,TARABERIA,0.0,36.6,22.9
2025-03-15,A8,TARABERIA,0.1,35.4,23.6
2025-03-16,A8,TARABERIA,0.1,38.0,24.2
2025-03-17,A8,TARABERIA,7.3,34.8,23.3
2025-03-18,A8,TARABERIA,0.0,33.7,23.7
2025-03-19,A8,TARABERIA,0.0,35.5,22.2
2025-03-20,A8,TARABERIA,8.5,32.1,23.9
2025-03-21,A8,TARABERIA,5.7,31.1,21.2
2025-03-22,A8,TARABERIA,3.4,26.7,20.8
2025-03-23,A8,TARABERIA,1.2,28.7,18.7
2025-03-24,A8,TARABERIA,0.0,30.7,17.8
2025-03-25,A8,TARABERIA,0.0,32.0,19.1
2025-03-26,A8,TARABERIA,0.0,34.3,21.2
2025-03-27,A8,TARABERIA,0.0,35.6,23.0
2025-03-28,A8,TARABERIA,0.0,36.8,22.9
2025-03-29,A8,TARABERIA,0.0,35.9,23.3
2025-03-30,A8,TARABERIA,0.1,36.0,24.3
2025-03-31,A8,TARABERIA,0.0,36.1,25.2
2025-04-01,A8,TARABERIA,0.0,36.2,24.9
2025-04-02,A8,TARABERIA,0.2,36.7,24.8
2025-04-03,A8,TARABERIA,0.0,36.0,24.7
2025-04-04,A8,TARABERIA,0.0,34.0,25.2
2025-04-05,A8,TARABERIA,0.0,36.5,24.3
2025-04-06,A8,TARABERIA,0.2,35.5,24.4
2025-04-07,A8,TARABERIA,0.0,35.3,24.5
2025-04-08,A8,TARABERIA,1.9,34.0,24.1
2025-04-09,A8,TARABERIA,0.0,33.8,23.4
2025-04-10,A8,TARABERIA,14.8,34.5,22.4
2025-04-11,A8,TARABERIA,0.1,32.0,22.0
2025-04-12,A8,TARABERIA,2.9,34.9,23.5
2025-04-13,A8,TARABERIA,0.0,33.1,23.6
2025-04-14,A8,TARABERIA,1.0,32.0,23.8
2025-04-15,A8,TARABERIA,1.7,32.3,23.3
2025-04-16,A8,TARABERIA,3.6,33.0,23.3
2025-04-17,A8,TARABERIA,17.7,32.1,23.0
2025-04-18,A8,TARABERIA,7.2,30.4,22.6
2025-04-19,A8,TARABERIA,5.0,30.3,22.9
2025-04-20,A8,TARABERIA,1.8,35.2,24.9
2025-04-21,A8,TARABERIA,0.0,35.9,27.7
2025-04-22,A8,TARABERIA,0.1,36.2,27.4
2025-04-23,A8,TARABERIA,0.0,38.6,27.1
2025-04-24,A8,TARABERIA,0.0,36.8,27.2
2025-04-25,A8,TARABERIA,1.6,37.7,27.4
2025-04-26,A8,TARABERIA,3.4,36.1,27.0
2025-04-27,A8,TARABERIA,0.0,35.7,27.6
2025-04-28,A8,TARABERIA,4.1,29.7,24.6
2025-04-29,A8,TARABERIA,6.1,30.8,22.4
2025-04-30,A8,TARABERIA,3.3,30.5,21.5
2025-05-01,A8,TARABERIA,1.2,31.3,21.9
2025-05-02,A8,TARABERIA,0.0,30.6,21.5
2025-05-03,A8,TARABERIA,0.6,32.3,23.3
2025-05-04,A8,TARABERIA,3.9,30.9,23.6
2025-05-05,A8,TARABERIA,4.4,32.9,23.6
2025-05-06,A8,TARABERIA,20.6,32.6,24.4
2025-05-07,A8,TARABERIA,3.4,33.4,24.1
2025-05-08,A8,TARABERIA,0.0,36.2,26.7
2025-05-09,A8,TARABERIA,0.0,36.9,26.6
2025-05-10,A8,TARABERIA,0.0,36.9,26.9
2025-05-11,A8,TARABERIA,0.0,37.2,27.1
2025-05-12,A8,TARABERIA,0.2,37.5,28.7
2025-05-13,A8,TARABERIA,2.4,35.5,28.4
2025-05-14,A8,TARABERIA,0.1,36.4,28.2
2025-05-15,A8,TARABERIA,6.8,35.3,27.3
2025-05-16,A8,TARABERIA,4.9,34.9,27.9
2025-05-17,A8,TARABERIA,26.1,34.9,25.8
2025-05-18,A8,TARABERIA,6.4,30.6,26.4
2025-05-19,A8,TARABERIA,3.1,33.8,26.2
2025-05-20,A8,TARABERIA,14.3,34.4,25.4
2025-05-21,A8,TARABERIA,21.3,33.8,25.6
2025-05-22,A8,TARABERIA,4.2,32.2,26.2
2025-05-23,A8,TARABERIA,6.4,31.7,25.6
2025-05-24,A8,TARABERIA,10.3,32.1,25.4
2025-05-25,A8,TARABERIA,18.1,30.8,25.7
2025-05-26,A8,TARABERIA,17.9,30.7,25.2
2025-05-27,A8,TARABERIA,9.5,31.4,25.4
2025-05-28,A8,TARABERIA,14.9,31.6,26.0
2025-05-29,A8,TARABERIA,38.3,29.5,25.3
2025-05-30,A8,TARABERIA,18.4,33.2,24.8
2025-05-31,A8,TARABERIA,34.7,32.1,25.4
2025-06-01,A8,TARABERIA,10.8,31.3,26.7
2025-06-02,A8,TARABERIA,0.4,36.0,26.9
2025-06-03,A8,TARABERIA,0.9,34.9,26.9
2025-06-04,A8,TARABERIA,1.0,34.0,27.1
2025-06-05,A8,TARABERIA,4.7,32.2,26.4
2025-06-06,A8,TARABERIA,5.8,32.9,25.9
2025-06-07,A8,TARABERIA,0.0,33.9,25.3
2025-06-08,A8,TARABERIA,1.1,33.7,26.3
2025-06-09,A8,TARABERIA,0.8,33.6,26.3
2025-06-10,A8,TARABERIA,0.5,34.2,26.3
2025-06-11,A8,TARABERIA,0.8,33.1,26.9
2025-06-12,A8,TARABERIA,0.2,33.2,25.8
2025-06-13,A8,TARABERIA,0.9,33.3,26.6
2025-06-14,A8,TARABERIA,0.7,34.3,27.2
2025-06-15,A8,TARABERIA,21.5,30.6,26.6
2025-06-16,A8,TARABERIA,34.9,31.8,26.0
2025-06-17,A8,TARABERIA,35.4,28.9,25.3
2025-06-18,A8,TARABERIA,28.7,28.9,25.3
2025-06-19,A8,TARABERIA,46.4,30.7,24.1
2025-06-20,A8,TARABERIA,9.3,32.2,26.1
2025-06-21,A8,TARABERIA,1.4,33.3,26.3
2025-06-22,A8,TARABERIA,16.4,32.6,26.0
2025-06-23,A8,TARABERIA,12.8,31.7,26.5
2025-06-24,A8,TARABERIA,8.1,32.3,26.2
2025-06-25,A8,TARABERIA,8.1,31.5,26.1
2025-06-26,A8,TARABERIA,3.9,32.2,26.1
2025-06-27,A8,TARABERIA,16.3,31.3,25.2
2025-06-28,A8,TARABERIA,18.7,30.3,25.3
2025-06-29,A8,TARABERIA,42.3,31.0,25.4
2025-06-30,A8,TARABERIA,21.2,30.3,25.3
2025-07-01,A8,TARABERIA,7.1,30.5,26.0
2025-07-02,A8,TARABERIA,20.6,32.4,25.8
2025-07-03,A8,TARABERIA,33.6,31.0,25.7
2025-07-04,A8,TARABERIA,31.8,31.7,24.8
2025-07-05,A8,TARABERIA,9.6,30.8,25.7
2025-07-06,A8,TARABERIA,3.9,29.4,25.1
2025-07-07,A8,TARABERIA,14.8,28.9,25.3
2025-07-08,A8,TARABERIA,22.5,28.1,24.5
2025-07-09,A8,TARABERIA,13.7,30.0,24.8
2025-07-10,A8,TARABERIA,22.8,31.7,25.0
2025-07-11,A8,TARABERIA,9.9,30.6,25.5
2025-07-12,A8,TARABERIA,6.2,33.3,25.5
2025-07-13,A8,TARABERIA,10.6,31.7,26.1
2025-07-14,A8,TARABERIA,40.3,27.8,25.2
2025-07-15,A8,TARABERIA,16.6,30.3,24.9
2025-07-16,A8,TARABERIA,9.0,30.4,25.9
2025-07-17,A8,TARABERIA,0.1,33.1,26.3
2025-07-18,A8,TARABERIA,6.3,33.0,26.6
2025-07-19,A8,TARABERIA,1.0,33.4,26.6
2025-07-20,A8,TARABERIA,0.6,32.8,26.7
2025-07-21,A8,TARABERIA,0.6,32.8,26.5
2025-07-22,A8,TARABERIA,7.6,33.2,26.8
2025-07-23,A8,TARABERIA,0.5,33.8,27.0
2025-07-24,A8,TARABERIA,11.5,32.7,26.2
2025-07-25,A8,TARABERIA,52.5,31.1,25.9
2025-07-26,A8,TARABERIA,3.4,31.1,26.2
2025-07-27,A8,TARABERIA,5.8,32.6,26.1
2025-07-28,A8,TARABERIA,3.6,30.5,26.7
2025-07-29,A8,TARABERIA,53.3,29.5,25.4
2025-07-30,A8,TARABERIA,19.0,29.3,25.2
2025-07-31,A8,TARABERIA,36.6,29.3,24.8
2025-08-01,A8,TARABERIA,19.3,32.2,25.7
2025-08-02,A8,TARABERIA,6.5,32.2,25.8
2025-08-03,A8,TARABERIA,15.0,32.6,26.7
2025-08-04,A8,TARABERIA,28.0,31.7,25.8
2025-08-05,A8,TARABERIA,15.3,32.2,26.2
2025-08-06,A8,TARABERIA,10.6,30.3,25.3
2025-08-07,A8,TARABERIA,8.6,31.7,25.4
2025-08-08,A8,TARABERIA,2.2,31.0,24.4
2025-08-09,A8,TARABERIA,10.6,31.4,25.1
2025-08-10,A8,TARABERIA,0.6,32.8,26.7
2025-08-11,A8,TARABERIA,5.2,32.3,26.4
2025-08-12,A8,TARABERIA,4.7,33.5,26.5
2025-08-13,A8,TARABERIA,15.3,30.8,26.4
2025-08-14,A8,TARABERIA,7.4,29.8,25.7
2025-08-15,A8,TARABERIA,13.6,31.5,25.4
2025-08-16,A8,TARABERIA,6.9,32.1,25.7
2025-08-17,A8,TARABERIA,9.1,32.0,26.1
2025-08-18,A8,TARABERIA,8.0,31.7,26.4
2025-08-19,A8,TARABERIA,12.1,30.2,25.7
2025-08-20,A8,TARABERIA,2.2,30.0,25.4
2025-08-21,A8,TARABERIA,51.0,28.6,24.6
2025-08-22,A8,TARABERIA,31.5,30.3,24.5
2025-08-23,A8,TARABERIA,13.2,29.0,24.7
2025-08-24,A8,TARABERIA,11.1,30.3,24.7
2025-08-25,A8,TARABERIA,2.6,31.6,24.9
2025-08-26,A8,TARABERIA,1.6,31.9,25.2
2025-08-27,A8,TARABERIA,5.0,31.8,25.6
2025-08-28,A8,TARABERIA,14.5,30.7,25.7
2025-08-29,A8,TARABERIA,21.0,30.1,25.6
2025-08-30,A8,TARABERIA,15.7,30.3,25.6
2025-08-31,A8,TARABERIA,3.7,32.0,25.1
2025-09-01,A8,TARABERIA,21.5,33.5,26.1
2025-09-02,A8,TARABERIA,15.6,30.4,25.7
2025-09-03,A8,TARABERIA,18.8,29.3,25.0
2025-09-04,A8,TARABERIA,7.4,30.2,25.6
2025-09-05,A8,TARABERIA,10.0,31.9,25.4
2025-09-06,A8,TARABERIA,3.8,32.5,25.1
2025-09-07,A8,TARABERIA,0.4,33.1,25.4
2025-09-08,A8,TARABERIA,0.2,32.9,25.5
2025-09-09,A8,TARABERIA,0.2,33.1,25.7
2025-09-10,A8,TARABERIA,0.2,33.7,26.2
2025-09-11,A8,TARABERIA,4.1,32.8,26.2
2025-09-12,A8,TARABERIA,19.0,31.1,25.2
2025-09-13,A8,TARABERIA,6.9,30.4,25.6
2025-09-14,A8,TARABERIA,40.9,30.6,26.1
2025-09-15,A8,TARABERIA,25.8,29.3,24.4
2025-09-16,A8,TARABERIA,10.7,29.6,24.4
2025-09-17,A8,TARABERIA,8.4,30.5,24.9
2025-09-18,A8,TARABERIA,3.5,32.1,26.0
2025-09-19,A8,TARABERIA,12.4,30.7,25.4
2025-09-20,A8,TARABERIA,8.9,32.3,25.9
2025-09-21,A8,TARABERIA,1.1,32.6,25.3
2025-09-22,A8,TARABERIA,21.0,30.1,25.0
2025-09-23,A8,TARABERIA,10.8,31.0,24.4
2025-09-24,A8,TARABERIA,4.1,31.5,24.8
2025-09-25,A8,TARABERIA,10.8,32.8,25.5
2025-09-26,A8,TARABERIA,3.8,31.9,25.4
2025-09-27,A8,TARABERIA,8.0,30.1,25.6
2025-09-28,A8,TARABERIA,6.8,31.6,25.5
2025-09-29,A8,TARABERIA,2.6,32.1,25.7
2025-09-30,A8,TARABERIA,4.3,32.1,26.3
2025-10-01,A8,TARABERIA,15.3,31.4,24.5
2025-10-02,A8,TARABERIA,29.0,27.4,24.5
2025-10-03,A8,TARABERIA,14.7,29.5,25.3
2025-10-04,A8,TARABERIA,9.7,32.0,25.2
2025-10-05,A8,TARABERIA,31.3,30.5,24.2
2025-10-06,A8,TARABERIA,4.0,28.8,24.2
2025-10-07,A8,TARABERIA,7.2,31.1,24.1
2025-10-08,A8,TARABERIA,11.8,30.8,24.4
2025-10-09,A8,TARABERIA,3.3,31.2,24.6
2025-10-10,A8,TARABERIA,11.4,31.3,24.4
2025-10-11,A8,TARABERIA,2.9,30.5,24.1
2025-10-12,A8,TARABERIA,0.0,31.2,24.3
2025-10-13,A8,TARABERIA,0.0,30.6,23.7
2025-10-14,A8,TARABERIA,0.0,31.1,23.1
2025-10-15,A8,TARABERIA,0.0,31.0,22.9
2025-10-16,A8,TARABERIA,0.0,30.8,22.0
2025-10-17,A8,TARABERIA,0.0,31.5,22.4
2025-10-18,A8,TARABERIA,0.1,31.6,23.7
2025-10-19,A8,TARABERIA,0.1,32.7,24.3
2025-10-20,A8,TARABERIA,0.0,32.9,23.5
2025-10-21,A8,TARABERIA,0.0,32.9,23.3
2025-10-22,A8,TARABERIA,0.0,32.2,22.9
2025-10-23,A8,TARABERIA,0.0,32.2,22.9
2025-10-24,A8,TARABERIA,0.0,32.1,22.5
2025-10-25,A8,TARABERIA,0.0,32.0,23.3
2025-10-26,A8,TARABERIA,0.0,32.1,24.1
2025-10-27,A8,TARABERIA,0.1,32.2,23.7
2025-10-28,A8,TARABERIA,0.5,32.5,24.3
2025-10-29,A8,TARABERIA,17.2,28.4,24.5
2025-10-30,A8,TARABERIA,15.5,30.2,23.8
2025-10-31,A8,TARABERIA,0.7,31.6,24.3
2025-11-01,A8,TARABERIA,19.3,30.5,25.1
2025-11-02,A8,TARABERIA,0.0,28.5,23.3
2025-11-03,A8,TARABERIA,0.0,29.7,22.2
2025-11-04,A8,TARABERIA,0.0,29.6,19.7
2025-11-05,A8,TARABERIA,0.0,29.8,21.1
2025-11-06,A8,TARABERIA,0.5,30.1,21.2
2025-11-07,A8,TARABERIA,0.1,29.9,22.4
2025-11-08,A8,TARABERIA,0.0,29.2,19.8
2025-11-09,A8,TARABERIA,0.0,28.0,17.8
2025-11-10,A8,TARABERIA,0.0,28.4,18.0
2025-11-11,A8,TARABERIA,0.0,27.5,16.9
2025-11-12,A8,TARABERIA,0.0,26.7,16.3
2025-11-13,A8,TARABERIA,0.0,26.9,16.2
2025-11-14,A8,TARABERIA,0.0,26.7,16.2
2025-11-15,A8,TARABERIA,0.0,27.0,16.4
2025-11-16,A8,TARABERIA,0.0,27.1,16.4
2025-11-17,A8,TARABERIA,0.0,27.0,17.3
2025-11-18,A8,TARABERIA,0.0,27.9,16.9
2025-11-19,A8,TARABERIA,0.0,28.6,16.3
2025-11-20,A8,TARABERIA,0.0,28.1,17.4
2025-11-21,A8,TARABERIA,0.0,28.2,17.6
2025-11-22,A8,TARABERIA,0.0,27.8,17.1
2025-11-23,A8,TARABERIA,0.0,27.7,16.7
2025-11-24,A8,TARABERIA,0.0,26.7,16.4
2025-11-25,A8,TARABERIA,0.0,26.1,15.3
2025-11-26,A8,TARABERIA,0.0,25.8,14.7
2025-11-27,A8,TARABERIA,0.0,26.8,15.3
2025-11-28,A8,TARABERIA,0.0,27.1,16.5
2025-11-29,A8,TARABERIA,0.0,26.9,16.6
2025-11-30,A8,TARABERIA,0.0,26.9,16.5
2025-12-01,A8,TARABERIA,0.0,26.6,16.4
2025-12-02,A8,TARABERIA,0.0,26.7,17.2
2025-12-03,A8,TARABERIA,0.0,25.9,15.6
2025-12-04,A8,TARABERIA,0.0,25.3,14.3
2025-12-05,A8,TARABERIA,0.0,25.4,14.6
2025-12-06,A8,TARABERIA,0.0,24.5,12.6
2025-12-07,A8,TARABERIA,0.0,24.8,13.4
2025-12-08,A8,TARABERIA,0.0,24.9,13.7
2025-12-09,A8,TARABERIA,0.0,25.1,14.2
2025-12-10,A8,TARABERIA,0.0,25.2,14.1
2025-12-11,A8,TARABERIA,0.0,25.1,13.7
2025-12-12,A8,TARABERIA,0.0,25.0,13.9
2025-12-13,A8,TARABERIA,0.0,25.4,14.2
2025-12-14,A8,TARABERIA,0.0,26.5,14.4
2025-12-15,A8,TARABERIA,0.0,26.1,14.8
2025-12-16,A8,TARABERIA,0.0,25.1,14.4
2025-12-17,A8,TARABERIA,0.0,25.3,14.3
2025-12-18,A8,TARABERIA,0.0,26.4,14.6
2025-12-19,A8,TARABERIA,0.0,26.1,15.4
2025-12-20,A8,TARABERIA,0.0,24.0,15.2
2025-12-21,A8,TARABERIA,0.0,23.8,14.3
2025-12-22,A8,TARABERIA,0.0,24.5,14.4
2025-12-23,A8,TARABERIA,0.0,24.0,13.8
2025-12-24,A8,TARABERIA,0.0,23.7,13.2
2025-12-25,A8,TARABERIA,0.0,21.4,11.7
2025-12-26,A8,TARABERIA,0.0,21.8,10.9
2025-12-27,A8,TARABERIA,0.0,23.1,12.0
2025-12-28,A8,TARABERIA,0.0,22.0,12.7
2025-12-29,A8,TARABERIA,0.0,20.4,11.7
2025-12-30,A8,TARABERIA,0.0,19.6,10.4
2025-12-31,A8,TARABERIA,0.0,20.8,9.0
