date,panchayat_id,panchayat_name,rain_mm,tmax_c,tmin_c,latitude,longitude,elevation,distance_to_river_m,rain_lag_1,rain_lag_2,rain_lag_3,rain_lag_7,tmax_lag_1,tmax_lag_2,tmax_lag_7,tmin_lag_1,tmin_lag_2,rain_3day_sum,rain_7day_sum,month,day_of_year
2024-01-08,A1,ADHATA,0.0,25.5,15.4,22.87649999518813,88.53034990659572,7.0,10935.571431218155,0.0,0.0,0.0,0.0,25.8,26.2,24.7,14.9,12.9,0.0,0.0,1,8
2024-01-09,A1,ADHATA,0.0,24.9,13.3,22.87649999518813,88.53034990659572,7.0,10935.571431218155,0.0,0.0,0.0,0.0,25.5,25.8,22.9,15.4,14.9,0.0,0.0,1,9
2024-01-10,A1,ADHATA,0.0,25.5,12.7,22.87649999518813,88.53034990659572,7.0,10935.571431218155,0.0,0.0,0.0,0.0,24.9,25.5,24.3,13.3,15.4,0.0,0.0,1,10
2024-01-11,A1,ADHATA,0.0,24.6,13.0,22.87649999518813,88.53034990659572,7.0,10935.571431218155,0.0,0.0,0.0,0.0,25.5,24.9,25.0,12.7,13.3,0.0,0.0,1,11
2024-01-12,A1,ADHATA,0.0,22.4,10.8,22.87649999518813,88.53034990659572,7.0,10935.571431218155,0.0,0.0,0.0,0.0,24.6,25.5,25.5,13.0,12.7,0.0,0.0,1,12
2024-01-13,A1,ADHATA,0.0,22.4,10.2,22.87649999518813,88.53034990659572,7.0,10935.571431218155,0.0,0.0,0.0,0.0,22.4,24.6,26.2,10.8,13.0,0.0,0.0,1,13
2024-01-14,A1,ADHATA,0.0,21.9,10.4,22.87649999518813,88.53034990659572,7.0,10935.571431218155,0.0,0.0,0.0,0.0,22.4,22.4,25.8,10.2,10.8,0.0,0.0,1,14
2024-01-15,A1,ADHATA,0.0,21.6,10.4,22.87649999518813,88.53034990659572,7.0,10935.571431218155,0.0,0.0,0.0,0.0,21.9,22.4,25.5,10.4,10.2,0.0,0.0,1,15
2024-01-16,A1,ADHATA,0.0,21.8,10.3,22.87649999518813,88.53034990659572,7.0,10935.571431218155,0.0,0.0,0.0,0.0,21.6,21.9,24.9,10.4,10.4,0.0,0.0,1,16
2024-01-17,A1,ADHATA,0.1,23.1,9.9,22.87649999518813,88.53034990659572,7.0,10935.571431218155,0.0,0.0,0.0,0.0,21.8,21.6,25.5,10.3,10.4,0.0,0.0,1,17
2024-01-18,A1,ADHATA,7.1,22.3,14.9,22.87649999518813,88.53034990659572,7.0,10935.571431218155,0.1,0.0,0.0,0.0,23.1,21.8,24.6,9.9,10.3,0.1,0.1,1,18
2024-01-19,A1,ADHATA,0.0,22.9,14.7,22.87649999518813,88.53034990659572,7.0,10935.571431218155,7.1,0.1,0.0,0.0,22.3,23.1,22.4,14.9,9.9,7.199999999999999,7.199999999999999,1,19
2024-01-20,A1,ADHATA,0.0,22.3,12.3,22.87649999518813,88.53034990659572,7.0,10935.571431218155,0.0,7.1,0.1,0.0,22.9,22.3,22.4,14.7,14.9,7.199999999999999,7.199999999999999,1,20
2024-01-21,A1,ADHATA,0.0,22.6,12.9,22.87649999518813,88.53034990659572,7.0,10935.571431218155,0.0,0.0,7.1,0.0,22.3,22.9,21.9,12.3,14.7,7.1,7.199999999999999,1,21
2024-01-22,A1,ADHATA,0.0,20.8,10.6,22.87649999518813,88.53034990659572,7.0,10935.571431218155,0.0,0.0,0.0,0.0,22.6,22.3,21.6,12.9,12.3,0.0,7.199999999999999,1,22
2024-01-23,A1,ADHATA,0.0,22.1,9.2,22.87649999518813,88.53034990659572,7.0,10935.571431218155,0.0,0.0,0.0,0.0,20.8,22.6,21.8,10.6,12.9,0.0,7.199999999999999,1,23
2024-01-24,A1,ADHATA,3.2,21.5,15.1,22.87649999518813,88.53034990659572,7.0,10935.571431218155,0.0,0.0,0.0,0.1,22.1,20.8,23.1,9.2,10.6,0.0,7.199999999999999,1,24
2024-01-25,A1,ADHATA,0.0,22.7,13.0,22.87649999518813,88.53034990659572,7.0,10935.571431218155,3.2,0.0,0.0,7.1,21.5,22.1,22.3,15.1,9.2,3.2,10.3,1,25
2024-01-26,A1,ADHATA,0.0,22.6,12.5,22.87649999518813,88.53034990659572,7.0,10935.571431218155,0.0,3.2,0.0,0.0,22.7,21.5,22.9,13.0,15.1,3.2,3.2,1,26
2024-01-27,A1,ADHATA,0.0,22.6,11.0,22.87649999518813,88.53034990659572,7.0,10935.571431218155,0.0,0.0,3.2,0.0,22.6,22.7,22.3,12.5,13.0,3.2,3.2,1,27
2024-01-28,A1,ADHATA,0.0,23.1,10.0,22.87649999518813,88.53034990659572,7.0,10935.571431218155,0.0,0.0,0.0,0.0,22.6,22.6,22.6,11.0,12.5,0.0,3.2,1,28
2024-01-29,A1,ADHATA,0.0,24.4,10.4,22.87649999518813,88.53034990659572,7.0,10935.571431218155,0.0,0.0,0.0,0.0,23.1,22.6,20.8,10.0,11.0,0.0,3.2,1,29
2024-01-30,A1,ADHATA,0.9,26.0,12.8,22.87649999518813,88.53034990659572,7.0,10935.571431218155,0.0,0.0,0.0,0.0,24.4,23.1,22.1,10.4,10.0,0.0,3.2,1,30
2024-01-31,A1,ADHATA,14.2,24.9,17.4,22.87649999518813,88.53034990659572,7.0,10935.571431218155,0.9,0.0,0.0,3.2,26.0,24.4,21.5,12.8,10.4,0.9,4.1000000000000005,1,31
2024-02-01,A1,ADHATA,4.0,24.4,16.1,22.87649999518813,88.53034990659572,7.0,10935.571431218155,14.2,0.9,0.0,0.0,24.9,26.0,22.7,17.4,12.8,15.1,15.1,2,32
2024-02-02,A1,ADHATA,0.5,26.3,16.5,22.87649999518813,88.53034990659572,7.0,10935.571431218155,4.0,14.2,0.9,0.0,24.4,24.9,22.6,16.1,17.4,19.1,19.1,2,33
2024-02-03,A1,ADHATA,0.0,25.5,14.9,22.87649999518813,88.53034990659572,7.0,10935.571431218155,0.5,4.0,14.2,0.0,26.3,24.4,22.6,16.5,16.1,18.700000000000003,19.6,2,34
2024-02-04,A1,ADHATA,0.0,25.9,12.5,22.87649999518813,88.53034990659572,7.0,10935.571431218155,0.0,0.5,4.0,0.0,25.5,26.3,23.1,14.9,16.5,4.5,19.6,2,35
2024-02-05,A1,ADHATA,0.0,26.7,14.6,22.87649999518813,88.53034990659572,7.0,10935.571431218155,0.0,0.0,0.5,0.0,25.9,25.5,24.4,12.5,14.9,0.5,19.6,2,36
2024-02-06,A1,ADHATA,1.3,26.7,17.6,22.87649999518813,88.53034990659572,7.0,10935.571431218155,0.0,0.0,0.0,0.9,26.7,25.9,26.0,14.6,12.5,0.0,19.6,2,37
2024-02-07,A1,ADHATA,0.0,25.2,17.2,22.87649999518813,88.53034990659572,7.0,10935.571431218155,1.3,0.0,0.0,14.2,26.7,26.7,24.9,17.6,14.6,1.3,20.0,2,38
2024-02-08,A1,ADHATA,0.0,24.3,13.9,22.87649999518813,88.53034990659572,7.0,10935.571431218155,0.0,1.3,0.0,4.0,25.2,26.7,24.4,17.2,17.6,1.3,5.8,2,39
2024-02-09,A1,ADHATA,0.0,22.8,12.8,22.87649999518813,88.53034990659572,7.0,10935.571431218155,0.0,0.0,1.3,0.5,24.3,25.2,26.3,13.9,17.2,1.3,1.8,2,40
2024-02-10,A1,ADHATA,0.0,24.5,11.2,22.87649999518813,88.53034990659572,7.0,10935.571431218155,0.0,0.0,0.0,0.0,22.8,24.3,25.5,12.8,13.9,0.0,1.3,2,41
2024-02-11,A1,ADHATA,0.0,26.3,12.0,22.87649999518813,88.53034990659572,7.0,10935.571431218155,0.0,0.0,0.0,0.0,24.5,22.8,25.9,11.2,12.8,0.0,1.3,2,42
2024-02-12,A1,ADHATA,0.0,27.1,13.8,22.87649999518813,88.53034990659572,7.0,10935.571431218155,0.0,0.0,0.0,0.0,26.3,24.5,26.7,12.0,11.2,0.0,1.3,2,43
2024-02-13,A1,ADHATA,0.0,28.7,16.8,22.87649999518813,88.53034990659572,7.0,10935.571431218155,0.0,0.0,0.0,1.3,27.1,26.3,26.7,13.8,12.0,0.0,1.3,2,44
2024-02-14,A1,ADHATA,0.0,28.1,15.8,22.87649999518813,88.53034990659572,7.0,10935.571431218155,0.0,0.0,0.0,0.0,28.7,27.1,25.2,16.8,13.8,0.0,0.0,2,45
2024-02-15,A1,ADHATA,0.6,27.5,17.1,22.87649999518813,88.53034990659572,7.0,10935.571431218155,0.0,0.0,0.0,0.0,28.1,28.7,24.3,15.8,16.8,0.0,0.0,2,46
2024-02-16,A1,ADHATA,0.0,28.5,17.4,22.87649999518813,88.53034990659572,7.0,10935.571431218155,0.6,0.0,0.0,0.0,27.5,28.1,22.8,17.1,15.8,0.6,0.6,2,47
2024-02-17,A1,ADHATA,0.0,27.5,15.2,22.87649999518813,88.53034990659572,7.0,10935.571431218155,0.0,0.6,0.0,0.0,28.5,27.5,24.5,17.4,17.1,0.6,0.6,2,48
2024-02-18,A1,ADHATA,0.2,28.4,15.7,22.87649999518813,88.53034990659572,7.0,10935.571431218155,0.0,0.0,0.6,0.0,27.5,28.5,26.3,15.2,17.4,0.6,0.6,2,49
2024-02-19,A1,ADHATA,0.2,29.2,18.0,22.87649999518813,88.53034990659572,7.0,10935.571431218155,0.2,0.0,0.0,0.0,28.4,27.5,27.1,15.7,15.2,0.2,0.8,2,50
2024-02-20,A1,ADHATA,0.8,31.0,20.8,22.87649999518813,88.53034990659572,7.0,10935.571431218155,0.2,0.2,0.0,0.0,29.2,28.4,28.7,18.0,15.7,0.4,1.0,2,51
2024-02-21,A1,ADHATA,0.0,32.5,20.6,22.87649999518813,88.53034990659572,7.0,10935.571431218155,0.8,0.2,0.2,0.0,31.0,29.2,28.1,20.8,18.0,1.2000000000000002,1.8,2,52
2024-02-22,A1,ADHATA,0.5,28.8,20.6,22.87649999518813,88.53034990659572,7.0,10935.571431218155,0.0,0.8,0.2,0.6,32.5,31.0,27.5,20.6,20.8,1.0,1.8,2,53
2024-02-23,A1,ADHATA,1.0,28.4,19.1,22.87649999518813,88.53034990659572,7.0,10935.571431218155,0.5,0.0,0.8,0.0,28.8,32.5,28.5,20.6,20.6,1.3,1.7000000000000002,2,54
2024-02-24,A1,ADHATA,0.2,28.3,16.8,22.87649999518813,88.53034990659572,7.0,10935.571431218155,1.0,0.5,0.0,0.0,28.4,28.8,27.5,19.1,20.6,1.5,2.7,2,55
2024-02-25,A1,ADHATA,0.0,25.2,18.2,22.87649999518813,88.53034990659572,7.0,10935.571431218155,0.2,1.0,0.5,0.2,28.3,28.4,28.4,16.8,19.1,1.7,2.9000000000000004,2,56
2024-02-26,A1,ADHATA,0.0,27.9,17.0,22.87649999518813,88.53034990659572,7.0,10935.571431218155,0.0,0.2,1.0,0.2,25.2,28.3,29.2,18.2,16.8,1.2,2.7,2,57
2024-02-27,A1,ADHATA,0.0,28.4,17.2,22.87649999518813,88.53034990659572,7.0,10935.571431218155,0.0,0.0,0.2,0.8,27.9,25.2,31.0,17.0,18.2,0.2,2.5,2,58
2024-02-28,A1,ADHATA,0.0,28.9,17.9,22.87649999518813,88.53034990659572,7.0,10935.571431218155,0.0,0.0,0.0,0.0,28.4,27.9,32.5,17.2,17.0,0.0,1.7,2,59
2024-02-29,A1,ADHATA,0.0,29.4,17.8,22.87649999518813,88.53034990659572,7.0,10935.571431218155,0.0,0.0,0.0,0.5,28.9,28.4,28.8,17.9,17.2,0.0,1.7,2,60
2024-03-01,A1,ADHATA,0.0,29.9,16.4,22.87649999518813,88.53034990659572,7.0,10935.571431218155,0.0,0.0,0.0,1.0,29.4,28.9,28.4,17.8,17.9,0.0,1.2,3,61
2024-03-02,A1,ADHATA,0.0,30.0,16.1,22.87649999518813,88.53034990659572,7.0,10935.571431218155,0.0,0.0,0.0,0.2,29.9,29.4,28.3,16.4,17.8,0.0,0.2,3,62
2024-03-03,A1,ADHATA,0.1,31.0,18.3,22.87649999518813,88.53034990659572,7.0,10935.571431218155,0.0,0.0,0.0,0.0,30.0,29.9,25.2,16.1,16.4,0.0,0.0,3,63
2024-03-04,A1,ADHATA,0.7,30.9,19.8,22.87649999518813,88.53034990659572,7.0,10935.571431218155,0.1,0.0,0.0,0.0,31.0,30.0,27.9,18.3,16.1,0.1,0.1,3,64
2024-03-05,A1,ADHATA,0.0,30.3,20.1,22.87649999518813,88.53034990659572,7.0,10935.571431218155,0.7,0.1,0.0,0.0,30.9,31.0,28.4,19.8,18.3,0.7999999999999999,0.7999999999999999,3,65
2024-03-06,A1,ADHATA,0.0,29.0,17.9,22.87649999518813,88.53034990659572,7.0,10935.571431218155,0.0,0.7,0.1,0.0,30.3,30.9,28.9,20.1,19.8,0.7999999999999999,0.7999999999999999,3,66
2024-03-07,A1,ADHATA,0.0,28.4,18.5,22.87649999518813,88.53034990659572,7.0,10935.571431218155,0.0,0.0,0.7,0.0,29.0,30.3,29.4,17.9,20.1,0.7,0.7999999999999999,3,67
2024-03-08,A1,ADHATA,0.0,29.9,18.3,22.87649999518813,88.53034990659572,7.0,10935.571431218155,0.0,0.0,0.0,0.0,28.4,29.0,29.9,18.5,17.9,0.0,0.7999999999999999,3,68
2024-03-09,A1,ADHATA,0.0,29.2,15.2,22.87649999518813,88.53034990659572,7.0,10935.571431218155,0.0,0.0,0.0,0.0,29.9,28.4,30.0,18.3,18.5,0.0,0.7999999999999999,3,69
2024-03-10,A1,ADHATA,0.0,29.1,14.7,22.87649999518813,88.53034990659572,7.0,10935.571431218155,0.0,0.0,0.0,0.1,29.2,29.9,31.0,15.2,18.3,0.0,0.7999999999999999,3,70
2024-03-11,A1,ADHATA,0.0,30.1,14.9,22.87649999518813,88.53034990659572,7.0,10935.571431218155,0.0,0.0,0.0,0.7,29.1,29.2,30.9,14.7,15.2,0.0,0.7,3,71
2024-03-12,A1,ADHATA,0.0,32.3,19.5,22.87649999518813,88.53034990659572,7.0,10935.571431218155,0.0,0.0,0.0,0.0,30.1,29.1,30.3,14.9,14.7,0.0,0.0,3,72
2024-03-13,A1,ADHATA,0.4,33.3,23.0,22.87649999518813,88.53034990659572,7.0,10935.571431218155,0.0,0.0,0.0,0.0,32.3,30.1,29.0,19.5,14.9,0.0,0.0,3,73
2024-03-14,A1,ADHATA,12.7,31.5,21.7,22.87649999518813,88.53034990659572,7.0,10935.571431218155,0.4,0.0,0.0,0.0,33.3,32.3,28.4,23.0,19.5,0.4,0.4,3,74
2024-03-15,A1,ADHATA,0.9,33.3,22.0,22.87649999518813,88.53034990659572,7.0,10935.571431218155,12.7,0.4,0.0,0.0,31.5,33.3,29.9,21.7,23.0,13.1,13.1,3,75
2024-03-16,A1,ADHATA,0.8,30.8,22.5,22.87649999518813,88.53034990659572,7.0,10935.571431218155,0.9,12.7,0.4,0.0,33.3,31.5,29.2,22.0,21.7,14.0,14.0,3,76
2024-03-17,A1,ADHATA,0.0,31.4,21.2,22.87649999518813,88.53034990659572,7.0,10935.571431218155,0.8,0.9,12.7,0.0,30.8,33.3,29.1,22.5,22.0,14.399999999999999,14.799999999999999,3,77
2024-03-18,A1,ADHATA,1.6,29.7,21.8,22.87649999518813,88.53034990659572,7.0,10935.571431218155,0.0,0.8,0.9,0.0,31.4,30.8,30.1,21.2,22.5,1.7000000000000002,14.799999999999999,3,78
2024-03-19,A1,ADHATA,9.7,30.2,22.2,22.87649999518813,88.53034990659572,7.0,10935.571431218155,1.6,0.0,0.8,0.0,29.7,31.4,32.3,21.8,21.2,2.4000000000000004,16.4,3,79
2024-03-20,A1,ADHATA,13.7,23.2,18.8,22.87649999518813,88.53034990659572,7.0,10935.571431218155,9.7,1.6,0.0,0.4,30.2,29.7,33.3,22.2,21.8,11.299999999999999,26.1,3,80
2024-03-21,A1,ADHATA,6.8,26.9,18.6,22.87649999518813,88.53034990659572,7.0,10935.571431218155,13.7,9.7,1.6,12.7,23.2,30.2,31.5,18.8,22.2,25.0,39.4,3,81
2024-03-22,A1,ADHATA,0.2,27.5,17.3,22.87649999518813,88.53034990659572,7.0,10935.571431218155,6.8,13.7,9.7,0.9,26.9,23.2,33.3,18.6,18.8,30.199999999999996,33.5,3,82
2024-03-23,A1,ADHATA,5.5,31.7,19.0,22.87649999518813,88.53034990659572,7.0,10935.571431218155,0.2,6.8,13.7,0.8,27.5,26.9,30.8,17.3,18.6,20.7,32.8,3,83
2024-03-24,A1,ADHATA,0.0,33.5,23.7,22.87649999518813,88.53034990659572,7.0,10935.571431218155,5.5,0.2,6.8,0.0,31.7,27.5,31.4,19.0,17.3,12.5,37.5,3,84
2024-03-25,A1,ADHATA,13.8,33.0,22.6,22.87649999518813,88.53034990659572,7.0,10935.571431218155,0.0,5.5,0.2,1.6,33.5,31.7,29.7,23.7,19.0,5.7,37.5,3,85
2024-03-26,A1,ADHATA,0.6,32.2,23.8,22.87649999518813,88.53034990659572,7.0,10935.571431218155,13.8,0.0,5.5,9.7,33.0,33.5,30.2,22.6,23.7,19.3,49.699999999999996,3,86
2024-03-27,A1,ADHATA,0.8,34.1,22.6,22.87649999518813,88.53034990659572,7.0,10935.571431218155,0.6,13.8,0.0,13.7,32.2,33.0,23.2,23.8,22.6,14.4,40.6,3,87
2024-03-28,A1,ADHATA,1.2,32.6,22.4,22.87649999518813,88.53034990659572,7.0,10935.571431218155,0.8,0.6,13.8,6.8,34.1,32.2,26.9,22.6,23.8,15.200000000000001,27.7,3,88
2024-03-29,A1,ADHATA,0.0,33.6,24.5,22.87649999518813,88.53034990659572,7.0,10935.571431218155,1.2,0.8,0.6,0.2,32.6,34.1,27.5,22.4,22.6,2.6,22.1,3,89
2024-03-30,A1,ADHATA,0.0,35.4,24.7,22.87649999518813,88.53034990659572,7.0,10935.571431218155,0.0,1.2,0.8,5.5,33.6,32.6,31.7,24.5,22.4,2.0,21.900000000000002,3,90
2024-03-31,A1,ADHATA,6.4,35.0,25.0,22.87649999518813,88.53034990659572,7.0,10935.571431218155,0.0,0.0,1.2,0.0,35.4,33.6,33.5,24.7,24.5,1.2000000000000002,16.4,3,91
2024-04-01,A1,ADHATA,0.0,35.9,24.9,22.87649999518813,88.53034990659572,7.0,10935.571431218155,6.4,0.0,0.0,13.8,35.0,35.4,33.0,25.0,24.7,6.4,22.799999999999997,4,92
2024-04-02,A1,ADHATA,0.0,35.6,23.4,22.87649999518813,88.53034990659572,7.0,10935.571431218155,0.0,6.4,0.0,0.6,35.9,35.0,32.2,24.9,25.0,6.4,9.0,4,93
2024-04-03,A1,ADHATA,0.0,35.6,25.0,22.87649999518813,88.53034990659572,7.0,10935.571431218155,0.0,0.0,6.4,0.8,35.6,35.9,34.1,23.4,24.9,6.4,8.4,4,94
2024-04-04,A1,ADHATA,15.1,36.7,25.9,22.87649999518813,88.53034990659572,7.0,10935.571431218155,0.0,0.0,0.0,1.2,35.6,35.6,32.6,25.0,23.4,0.0,7.6,4,95
2024-04-05,A1,ADHATA,0.0,37.1,26.3,22.87649999518813,88.53034990659572,7.0,10935.571431218155,15.1,0.0,0.0,0.0,36.7,35.6,33.6,25.9,25.0,15.1,21.5,4,96
2024-04-06,A1,ADHATA,0.0,37.4,26.3,22.87649999518813,88.53034990659572,7.0,10935.571431218155,0.0,15.1,0.0,0.0,37.1,36.7,35.4,26.3,25.9,15.1,21.5,4,97
2024-04-07,A1,ADHATA,3.6,36.0,25.9,22.87649999518813,88.53034990659572,7.0,10935.571431218155,0.0,0.0,15.1,6.4,37.4,37.1,35.0,26.3,26.3,15.1,21.5,4,98
2024-04-08,A1,ADHATA,0.1,30.5,22.5,22.87649999518813,88.53034990659572,7.0,10935.571431218155,3.6,0.0,0.0,0.0,36.0,37.4,35.9,25.9,26.3,3.6,18.7,4,99
2024-04-09,A1,ADHATA,0.6,34.3,21.9,22.87649999518813,88.53034990659572,7.0,10935.571431218155,0.1,3.6,0.0,0.0,30.5,36.0,35.6,22.5,25.9,3.7,18.8,4,100
2024-04-10,A1,ADHATA,0.0,35.1,22.2,22.87649999518813,88.53034990659572,7.0,10935.571431218155,0.6,0.1,3.6,0.0,34.3,30.5,35.6,21.9,22.5,4.3,19.4,4,101
2024-04-11,A1,ADHATA,5.6,33.1,23.5,22.87649999518813,88.53034990659572,7.0,10935.571431218155,0.0,0.6,0.1,15.1,35.1,34.3,36.7,22.2,21.9,0.7,19.4,4,102
2024-04-12,A1,ADHATA,0.0,34.5,22.7,22.87649999518813,88.53034990659572,7.0,10935.571431218155,5.6,0.0,0.6,0.0,33.1,35.1,37.1,23.5,22.2,6.199999999999999,9.899999999999999,4,103
2024-04-13,A1,ADHATA,0.0,35.5,23.5,22.87649999518813,88.53034990659572,7.0,10935.571431218155,0.0,5.6,0.0,0.0,34.5,33.1,37.4,22.7,23.5,5.6,9.899999999999999,4,104
2024-04-14,A1,ADHATA,0.0,36.5,23.1,22.87649999518813,88.53034990659572,7.0,10935.571431218155,0.0,0.0,5.6,3.6,35.5,34.5,36.0,23.5,22.7,5.6,9.899999999999999,4,105
2024-04-15,A1,ADHATA,0.0,37.7,23.8,22.87649999518813,88.53034990659572,7.0,10935.571431218155,0.0,0.0,0.0,0.1,36.5,35.5,30.5,23.1,23.5,0.0,6.3,4,106
2024-04-16,A1,ADHATA,0.0,38.0,26.1,22.87649999518813,88.53034990659572,7.0,10935.571431218155,0.0,0.0,0.0,0.6,37.7,36.5,34.3,23.8,23.1,0.0,6.199999999999999,4,107
2024-04-17,A1,ADHATA,0.0,37.8,27.2,22.87649999518813,88.53034990659572,7.0,10935.571431218155,0.0,0.0,0.0,0.0,38.0,37.7,35.1,26.1,23.8,0.0,5.6,4,108
2024-04-18,A1,ADHATA,0.0,37.7,25.4,22.87649999518813,88.53034990659572,7.0,10935.571431218155,0.0,0.0,0.0,5.6,37.8,38.0,33.1,27.2,26.1,0.0,5.6,4,109
2024-04-19,A1,ADHATA,0.0,39.7,24.7,22.87649999518813,88.53034990659572,7.0,10935.571431218155,0.0,0.0,0.0,0.0,37.7,37.8,34.5,25.4,27.2,0.0,0.0,4,110
2024-04-20,A1,ADHATA,0.0,40.8,25.8,22.87649999518813,88.53034990659572,7.0,10935.571431218155,0.0,0.0,0.0,0.0,39.7,37.7,35.5,24.7,25.4,0.0,0.0,4,111
2024-04-21,A1,ADHATA,0.0,40.1,27.0,22.87649999518813,88.53034990659572,7.0,10935.571431218155,0.0,0.0,0.0,0.0,40.8,39.7,36.5,25.8,24.7,0.0,0.0,4,112
2024-04-22,A1,ADHATA,0.0,39.2,25.2,22.87649999518813,88.53034990659572,7.0,10935.571431218155,0.0,0.0,0.0,0.0,40.1,40.8,37.7,27.0,25.8,0.0,0.0,4,113
2024-04-23,A1,ADHATA,0.0,37.9,26.2,22.87649999518813,88.53034990659572,7.0,10935.571431218155,0.0,0.0,0.0,0.0,39.2,40.1,38.0,25.2,27.0,0.0,0.0,4,114
2024-04-24,A1,ADHATA,0.0,39.6,26.8,22.87649999518813,88.53034990659572,7.0,10935.571431218155,0.0,0.0,0.0,0.0,37.9,39.2,37.8,26.2,25.2,0.0,0.0,4,115
2024-04-25,A1,ADHATA,0.0,40.0,24.6,22.87649999518813,88.53034990659572,7.0,10935.571431218155,0.0,0.0,0.0,0.0,39.6,37.9,37.7,26.8,26.2,0.0,0.0,4,116
2024-04-26,A1,ADHATA,0.0,40.9,26.9,22.87649999518813,88.53034990659572,7.0,10935.571431218155,0.0,0.0,0.0,0.0,40.0,39.6,39.7,24.6,26.8,0.0,0.0,4,117
2024-04-27,A1,ADHATA,0.0,41.1,27.8,22.87649999518813,88.53034990659572,7.0,10935.571431218155,0.0,0.0,0.0,0.0,40.9,40.0,40.8,26.9,24.6,0.0,0.0,4,118
2024-04-28,A1,ADHATA,0.7,39.6,28.1,22.87649999518813,88.53034990659572,7.0,10935.571431218155,0.0,0.0,0.0,0.0,41.1,40.9,40.1,27.8,26.9,0.0,0.0,4,119
2024-04-29,A1,ADHATA,0.0,41.4,28.4,22.87649999518813,88.53034990659572,7.0,10935.571431218155,0.7,0.0,0.0,0.0,39.6,41.1,39.2,28.1,27.8,0.7,0.7,4,120
2024-04-30,A1,ADHATA,0.0,43.3,29.0,22.87649999518813,88.53034990659572,7.0,10935.571431218155,0.0,0.7,0.0,0.0,41.4,39.6,37.9,28.4,28.1,0.7,0.7,4,121
2024-05-01,A1,ADHATA,0.0,41.1,28.3,22.87649999518813,88.53034990659572,7.0,10935.571431218155,0.0,0.0,0.7,0.0,43.3,41.4,39.6,29.0,28.4,0.7,0.7,5,122
2024-05-02,A1,ADHATA,0.2,41.0,29.3,22.87649999518813,88.53034990659572,7.0,10935.571431218155,0.0,0.0,0.0,0.0,41.1,43.3,40.0,28.3,29.0,0.0,0.7,5,123
2024-05-03,A1,ADHATA,0.0,39.5,25.3,22.87649999518813,88.53034990659572,7.0,10935.571431218155,0.2,0.0,0.0,0.0,41.0,41.1,40.9,29.3,28.3,0.2,0.8999999999999999,5,124
2024-05-04,A1,ADHATA,0.0,39.4,27.1,22.87649999518813,88.53034990659572,7.0,10935.571431218155,0.0,0.2,0.0,0.0,39.5,41.0,41.1,25.3,29.3,0.2,0.8999999999999999,5,125
2024-05-05,A1,ADHATA,0.2,38.0,28.4,22.87649999518813,88.53034990659572,7.0,10935.571431218155,0.0,0.0,0.2,0.7,39.4,39.5,39.6,27.1,25.3,0.2,0.8999999999999999,5,126
2024-05-06,A1,ADHATA,112.5,37.5,24.7,22.87649999518813,88.53034990659572,7.0,10935.571431218155,0.2,0.0,0.0,0.0,38.0,39.4,41.4,28.4,27.1,0.2,0.4,5,127
2024-05-07,A1,ADHATA,1.5,33.2,24.4,22.87649999518813,88.53034990659572,7.0,10935.571431218155,112.5,0.2,0.0,0.0,37.5,38.0,43.3,24.7,28.4,112.7,112.9,5,128
2024-05-08,A1,ADHATA,2.6,30.5,23.7,22.87649999518813,88.53034990659572,7.0,10935.571431218155,1.5,112.5,0.2,0.0,33.2,37.5,41.1,24.4,24.7,114.2,114.4,5,129
2024-05-09,A1,ADHATA,8.6,31.3,23.8,22.87649999518813,88.53034990659572,7.0,10935.571431218155,2.6,1.5,112.5,0.2,30.5,33.2,41.0,23.7,24.4,116.6,117.0,5,130
2024-05-10,A1,ADHATA,9.7,31.3,23.7,22.87649999518813,88.53034990659572,7.0,10935.571431218155,8.6,2.6,1.5,0.0,31.3,30.5,39.5,23.8,23.7,12.7,125.4,5,131
2024-05-11,A1,ADHATA,15.9,31.4,24.7,22.87649999518813,88.53034990659572,7.0,10935.571431218155,9.7,8.6,2.6,0.0,31.3,31.3,39.4,23.7,23.8,20.9,135.1,5,132
2024-05-12,A1,ADHATA,3.3,32.7,24.9,22.87649999518813,88.53034990659572,7.0,10935.571431218155,15.9,9.7,8.6,0.2,31.4,31.3,38.0,24.7,23.7,34.199999999999996,151.0,5,133
2024-05-13,A1,ADHATA,0.0,33.4,24.0,22.87649999518813,88.53034990659572,7.0,10935.571431218155,3.3,15.9,9.7,112.5,32.7,31.4,37.5,24.9,24.7,28.9,154.10000000000002,5,134
2024-05-14,A1,ADHATA,3.3,34.0,25.3,22.87649999518813,88.53034990659572,7.0,10935.571431218155,0.0,3.3,15.9,1.5,33.4,32.7,33.2,24.0,24.9,19.2,41.6,5,135
2024-05-15,A1,ADHATA,0.0,35.1,25.9,22.87649999518813,88.53034990659572,7.0,10935.571431218155,3.3,0.0,3.3,2.6,34.0,33.4,30.5,25.3,24.0,6.6,43.4,5,136
2024-05-16,A1,ADHATA,0.0,35.4,26.1,22.87649999518813,88.53034990659572,7.0,10935.571431218155,0.0,3.3,0.0,8.6,35.1,34.0,31.3,25.9,25.3,3.3,40.8,5,137
2024-05-17,A1,ADHATA,0.0,37.3,27.3,22.87649999518813,88.53034990659572,7.0,10935.571431218155,0.0,0.0,3.3,9.7,35.4,35.1,31.3,26.1,25.9,3.3,32.2,5,138
2024-05-18,A1,ADHATA,0.1,36.1,28.7,22.87649999518813,88.53034990659572,7.0,10935.571431218155,0.0,0.0,0.0,15.9,37.3,35.4,31.4,27.3,26.1,0.0,22.5,5,139
2024-05-19,A1,ADHATA,1.7,33.9,28.8,22.87649999518813,88.53034990659572,7.0,10935.571431218155,0.1,0.0,0.0,3.3,36.1,37.3,32.7,28.7,27.3,0.1,6.699999999999999,5,140
2024-05-20,A1,ADHATA,14.6,33.0,26.9,22.87649999518813,88.53034990659572,7.0,10935.571431218155,1.7,0.1,0.0,0.0,33.9,36.1,33.4,28.8,28.7,1.8,5.1,5,141
2024-05-21,A1,ADHATA,11.3,33.1,25.8,22.87649999518813,88.53034990659572,7.0,10935.571431218155,14.6,1.7,0.1,3.3,33.0,33.9,34.0,26.9,28.8,16.4,19.7,5,142
2024-05-22,A1,ADHATA,2.9,33.9,26.7,22.87649999518813,88.53034990659572,7.0,10935.571431218155,11.3,14.6,1.7,0.0,33.1,33.0,35.1,25.8,26.9,27.6,27.7,5,143
2024-05-23,A1,ADHATA,0.0,34.9,25.9,22.87649999518813,88.53034990659572,7.0,10935.571431218155,2.9,11.3,14.6,0.0,33.9,33.1,35.4,26.7,25.8,28.8,30.599999999999998,5,144
2024-05-24,A1,ADHATA,0.0,35.5,26.4,22.87649999518813,88.53034990659572,7.0,10935.571431218155,0.0,2.9,11.3,0.0,34.9,33.9,37.3,25.9,26.7,14.200000000000001,30.599999999999998,5,145
2024-05-25,A1,ADHATA,0.0,36.4,27.5,22.87649999518813,88.53034990659572,7.0,10935.571431218155,0.0,0.0,2.9,0.1,35.5,34.9,36.1,26.4,25.9,2.9,30.599999999999998,5,146
2024-05-26,A1,ADHATA,39.9,30.9,26.8,22.87649999518813,88.53034990659572,7.0,10935.571431218155,0.0,0.0,0.0,1.7,36.4,35.5,33.9,27.5,26.4,0.0,30.5,5,147
2024-05-27,A1,ADHATA,80.5,27.5,26.1,22.87649999518813,88.53034990659572,7.0,10935.571431218155,39.9,0.0,0.0,14.6,30.9,36.4,33.0,26.8,27.5,39.9,68.69999999999999,5,148
2024-05-28,A1,ADHATA,0.4,35.3,26.3,22.87649999518813,88.53034990659572,7.0,10935.571431218155,80.5,39.9,0.0,11.3,27.5,30.9,33.1,26.1,26.8,120.4,134.6,5,149
2024-05-29,A1,ADHATA,0.0,35.9,29.2,22.87649999518813,88.53034990659572,7.0,10935.571431218155,0.4,80.5,39.9,2.9,35.3,27.5,33.9,26.3,26.1,120.80000000000001,123.69999999999999,5,150
2024-05-30,A1,ADHATA,0.2,35.3,29.5,22.87649999518813,88.53034990659572,7.0,10935.571431218155,0.0,0.4,80.5,0.0,35.9,35.3,34.9,29.2,26.3,80.9,120.8,5,151
2024-05-31,A1,ADHATA,0.0,35.2,28.5,22.87649999518813,88.53034990659572,7.0,10935.571431218155,0.2,0.0,0.4,0.0,35.3,35.9,35.5,29.5,29.2,0.6000000000000001,120.99999999999999,5,152
2024-06-01,A1,ADHATA,0.8,34.7,28.3,22.87649999518813,88.53034990659572,7.0,10935.571431218155,0.0,0.2,0.0,0.0,35.2,35.3,36.4,28.5,29.5,0.2,120.99999999999999,6,153
2024-06-02,A1,ADHATA,5.0,34.4,29.1,22.87649999518813,88.53034990659572,7.0,10935.571431218155,0.8,0.0,0.2,39.9,34.7,35.2,30.9,28.3,28.5,1.0,121.8,6,154
2024-06-03,A1,ADHATA,0.2,34.5,28.3,22.87649999518813,88.53034990659572,7.0,10935.571431218155,5.0,0.8,0.0,80.5,34.4,34.7,27.5,29.1,28.3,5.8,86.9,6,155
2024-06-04,A1,ADHATA,0.1,35.7,28.6,22.87649999518813,88.53034990659572,7.0,10935.571431218155,0.2,5.0,0.8,0.4,34.5,34.4,35.3,28.3,29.1,6.0,6.6000000000000005,6,156
2024-06-05,A1,ADHATA,0.0,35.7,28.0,22.87649999518813,88.53034990659572,7.0,10935.571431218155,0.1,0.2,5.0,0.0,35.7,34.5,35.9,28.6,28.3,5.3,6.3,6,157
2024-06-06,A1,ADHATA,0.2,36.4,26.7,22.87649999518813,88.53034990659572,7.0,10935.571431218155,0.0,0.1,0.2,0.2,35.7,35.7,35.3,28.0,28.6,0.30000000000000004,6.3,6,158
2024-06-07,A1,ADHATA,0.0,36.0,26.1,22.87649999518813,88.53034990659572,7.0,10935.571431218155,0.2,0.0,0.1,0.0,36.4,35.7,35.2,26.7,28.0,0.30000000000000004,6.300000000000001,6,159
2024-06-08,A1,ADHATA,0.0,35.7,28.1,22.87649999518813,88.53034990659572,7.0,10935.571431218155,0.0,0.2,0.0,0.8,36.0,36.4,34.7,26.1,26.7,0.2,6.300000000000001,6,160
2024-06-09,A1,ADHATA,0.0,36.6,28.2,22.87649999518813,88.53034990659572,7.0,10935.571431218155,0.0,0.0,0.2,5.0,35.7,36.0,34.4,28.1,26.1,0.2,5.5,6,161
2024-06-10,A1,ADHATA,0.0,36.5,28.5,22.87649999518813,88.53034990659572,7.0,10935.571431218155,0.0,0.0,0.0,0.2,36.6,35.7,34.5,28.2,28.1,0.0,0.5,6,162
2024-06-11,A1,ADHATA,0.0,36.6,28.9,22.87649999518813,88.53034990659572,7.0,10935.571431218155,0.0,0.0,0.0,0.1,36.5,36.6,35.7,28.5,28.2,0.0,0.30000000000000004,6,163
2024-06-12,A1,ADHATA,0.0,35.3,28.3,22.87649999518813,88.53034990659572,7.0,10935.571431218155,0.0,0.0,0.0,0.0,36.6,36.5,35.7,28.9,28.5,0.0,0.2,6,164
2024-06-13,A1,ADHATA,0.0,36.0,28.5,22.87649999518813,88.53034990659572,7.0,10935.571431218155,0.0,0.0,0.0,0.2,35.3,36.6,36.4,28.3,28.9,0.0,0.2,6,165
2024-06-14,A1,ADHATA,0.0,37.1,29.1,22.87649999518813,88.53034990659572,7.0,10935.571431218155,0.0,0.0,0.0,0.0,36.0,35.3,36.0,28.5,28.3,0.0,0.0,6,166
2024-06-15,A1,ADHATA,0.0,37.3,29.4,22.87649999518813,88.53034990659572,7.0,10935.571431218155,0.0,0.0,0.0,0.0,37.1,36.0,35.7,29.1,28.5,0.0,0.0,6,167
2024-06-16,A1,ADHATA,0.0,36.8,29.4,22.87649999518813,88.53034990659572,7.0,10935.571431218155,0.0,0.0,0.0,0.0,37.3,37.1,36.6,29.4,29.1,0.0,0.0,6,168
2024-06-17,A1,ADHATA,0.2,37.0,29.2,22.87649999518813,88.53034990659572,7.0,10935.571431218155,0.0,0.0,0.0,0.0,36.8,37.3,36.5,29.4,29.4,0.0,0.0,6,169
2024-06-18,A1,ADHATA,10.7,32.5,28.8,22.87649999518813,88.53034990659572,7.0,10935.571431218155,0.2,0.0,0.0,0.0,37.0,36.8,36.6,29.2,29.4,0.2,0.2,6,170
2024-06-19,A1,ADHATA,8.0,34.8,28.6,22.87649999518813,88.53034990659572,7.0,10935.571431218155,10.7,0.2,0.0,0.0,32.5,37.0,35.3,28.8,29.2,10.899999999999999,10.899999999999999,6,171
2024-06-20,A1,ADHATA,24.2,33.6,27.8,22.87649999518813,88.53034990659572,7.0,10935.571431218155,8.0,10.7,0.2,0.0,34.8,32.5,36.0,28.6,28.8,18.9,18.9,6,172
2024-06-21,A1,ADHATA,2.6,31.8,27.1,22.87649999518813,88.53034990659572,7.0,10935.571431218155,24.2,8.0,10.7,0.0,33.6,34.8,37.1,27.8,28.6,42.9,43.099999999999994,6,173
2024-06-22,A1,ADHATA,2.0,33.3,26.5,22.87649999518813,88.53034990659572,7.0,10935.571431218155,2.6,24.2,8.0,0.0,31.8,33.6,37.3,27.1,27.8,34.800000000000004,45.699999999999996,6,174
2024-06-23,A1,ADHATA,1.1,34.0,26.7,22.87649999518813,88.53034990659572,7.0,10935.571431218155,2.0,2.6,24.2,0.0,33.3,31.8,36.8,26.5,27.1,28.8,47.699999999999996,6,175
2024-06-24,A1,ADHATA,1.3,34.1,27.1,22.87649999518813,88.53034990659572,7.0,10935.571431218155,1.1,2.0,2.6,0.2,34.0,33.3,37.0,26.7,26.5,5.7,48.8,6,176
2024-06-25,A1,ADHATA,0.8,34.2,28.0,22.87649999518813,88.53034990659572,7.0,10935.571431218155,1.3,1.1,2.0,10.7,34.1,34.0,32.5,27.1,26.7,4.4,49.9,6,177
2024-06-26,A1,ADHATA,0.4,34.5,27.4,22.87649999518813,88.53034990659572,7.0,10935.571431218155,0.8,1.3,1.1,8.0,34.2,34.1,34.8,28.0,27.1,3.2,40.0,6,178
2024-06-27,A1,ADHATA,9.6,32.1,27.5,22.87649999518813,88.53034990659572,7.0,10935.571431218155,0.4,0.8,1.3,24.2,34.5,34.2,33.6,27.4,28.0,2.5,32.4,6,179
2024-06-28,A1,ADHATA,4.8,33.0,27.1,22.87649999518813,88.53034990659572,7.0,10935.571431218155,9.6,0.4,0.8,2.6,32.1,34.5,31.8,27.5,27.4,10.799999999999999,17.8,6,180
2024-06-29,A1,ADHATA,17.3,31.3,26.9,22.87649999518813,88.53034990659572,7.0,10935.571431218155,4.8,9.6,0.4,2.0,33.0,32.1,33.3,27.1,27.5,14.799999999999997,20.0,6,181
2024-06-30,A1,ADHATA,30.2,32.1,26.3,22.87649999518813,88.53034990659572,7.0,10935.571431218155,17.3,4.8,9.6,1.1,31.3,33.0,34.0,26.9,27.1,31.7,35.3,6,182
2024-07-01,A1,ADHATA,17.7,31.2,26.0,22.87649999518813,88.53034990659572,7.0,10935.571431218155,30.2,17.3,4.8,1.3,32.1,31.3,34.1,26.3,26.9,52.3,64.4,7,183
2024-07-02,A1,ADHATA,28.1,31.0,25.9,22.87649999518813,88.53034990659572,7.0,10935.571431218155,17.7,30.2,17.3,0.8,31.2,32.1,34.2,26.0,26.3,65.19999999999999,80.8,7,184
2024-07-03,A1,ADHATA,7.9,30.9,25.9,22.87649999518813,88.53034990659572,7.0,10935.571431218155,28.1,17.7,30.2,0.4,31.0,31.2,34.5,25.9,26.0,76.0,108.10000000000001,7,185
2024-07-04,A1,ADHATA,18.3,31.5,25.5,22.87649999518813,88.53034990659572,7.0,10935.571431218155,7.9,28.1,17.7,9.6,30.9,31.0,32.1,25.9,25.9,53.699999999999996,115.6,7,186
2024-07-05,A1,ADHATA,27.3,32.4,25.6,22.87649999518813,88.53034990659572,7.0,10935.571431218155,18.3,7.9,28.1,4.8,31.5,30.9,33.0,25.5,25.9,54.300000000000004,124.30000000000001,7,187
2024-07-06,A1,ADHATA,2.4,32.2,26.2,22.87649999518813,88.53034990659572,7.0,10935.571431218155,27.3,18.3,7.9,17.3,32.4,31.5,31.3,25.6,25.5,53.5,146.79999999999998,7,188
2024-07-07,A1,ADHATA,5.4,32.5,26.4,22.87649999518813,88.53034990659572,7.0,10935.571431218155,2.4,27.3,18.3,30.2,32.2,32.4,32.1,26.2,25.6,48.00000000000001,131.9,7,189
2024-07-08,A1,ADHATA,1.0,32.4,26.2,22.87649999518813,88.53034990659572,7.0,10935.571431218155,5.4,2.4,27.3,17.7,32.5,32.2,31.2,26.4,26.2,35.1,107.1,7,190
2024-07-09,A1,ADHATA,3.9,32.2,27.0,22.87649999518813,88.53034990659572,7.0,10935.571431218155,1.0,5.4,2.4,28.1,32.4,32.5,31.0,26.2,26.4,8.8,90.4,7,191
2024-07-10,A1,ADHATA,1.4,32.9,27.5,22.87649999518813,88.53034990659572,7.0,10935.571431218155,3.9,1.0,5.4,7.9,32.2,32.4,30.9,27.0,26.2,10.3,66.2,7,192
2024-07-11,A1,ADHATA,26.5,32.7,27.6,22.87649999518813,88.53034990659572,7.0,10935.571431218155,1.4,3.9,1.0,18.3,32.9,32.2,31.5,27.5,27.0,6.3,59.699999999999996,7,193
2024-07-12,A1,ADHATA,9.2,32.3,26.1,22.87649999518813,88.53034990659572,7.0,10935.571431218155,26.5,1.4,3.9,27.3,32.7,32.9,32.4,27.6,27.5,31.8,67.9,7,194
2024-07-13,A1,ADHATA,2.4,32.6,25.6,22.87649999518813,88.53034990659572,7.0,10935.571431218155,9.2,26.5,1.4,2.4,32.3,32.7,32.2,26.1,27.6,37.1,49.800000000000004,7,195
2024-07-14,A1,ADHATA,3.3,32.8,26.4,22.87649999518813,88.53034990659572,7.0,10935.571431218155,2.4,9.2,26.5,5.4,32.6,32.3,32.5,25.6,26.1,38.1,49.8,7,196
2024-07-15,A1,ADHATA,2.3,32.4,26.9,22.87649999518813,88.53034990659572,7.0,10935.571431218155,3.3,2.4,9.2,1.0,32.8,32.6,32.4,26.4,25.6,14.899999999999999,47.7,7,197
2024-07-16,A1,ADHATA,2.6,32.4,26.6,22.87649999518813,88.53034990659572,7.0,10935.571431218155,2.3,3.3,2.4,3.9,32.4,32.8,32.2,26.9,26.4,8.0,49.0,7,198
2024-07-17,A1,ADHATA,6.6,33.4,26.6,22.87649999518813,88.53034990659572,7.0,10935.571431218155,2.6,2.3,3.3,1.4,32.4,32.4,32.9,26.6,26.9,8.2,47.7,7,199
2024-07-18,A1,ADHATA,2.0,33.2,26.6,22.87649999518813,88.53034990659572,7.0,10935.571431218155,6.6,2.6,2.3,26.5,33.4,32.4,32.7,26.6,26.6,11.5,52.900000000000006,7,200
2024-07-19,A1,ADHATA,3.5,32.5,27.3,22.87649999518813,88.53034990659572,7.0,10935.571431218155,2.0,6.6,2.6,9.2,33.2,33.4,32.3,26.6,26.6,11.2,28.4,7,201
2024-07-20,A1,ADHATA,2.4,32.8,27.1,22.87649999518813,88.53034990659572,7.0,10935.571431218155,3.5,2.0,6.6,2.4,32.5,33.2,32.6,27.3,26.6,12.1,22.7,7,202
2024-07-21,A1,ADHATA,13.1,32.4,27.0,22.87649999518813,88.53034990659572,7.0,10935.571431218155,2.4,3.5,2.0,3.3,32.8,32.5,32.8,27.1,27.3,7.9,22.7,7,203
2024-07-22,A1,ADHATA,14.5,31.7,26.7,22.87649999518813,88.53034990659572,7.0,10935.571431218155,13.1,2.4,3.5,2.3,32.4,32.8,32.4,27.0,27.1,19.0,32.5,7,204
2024-07-23,A1,ADHATA,13.4,32.7,25.8,22.87649999518813,88.53034990659572,7.0,10935.571431218155,14.5,13.1,2.4,2.6,31.7,32.4,32.4,26.7,27.0,30.0,44.7,7,205
2024-07-24,A1,ADHATA,18.3,32.3,26.6,22.87649999518813,88.53034990659572,7.0,10935.571431218155,13.4,14.5,13.1,6.6,32.7,31.7,33.4,25.8,26.7,41.0,55.5,7,206
2024-07-25,A1,ADHATA,13.8,32.3,26.4,22.87649999518813,88.53034990659572,7.0,10935.571431218155,18.3,13.4,14.5,2.0,32.3,32.7,33.2,26.6,25.8,46.2,67.2,7,207
2024-07-26,A1,ADHATA,18.9,31.2,26.3,22.87649999518813,88.53034990659572,7.0,10935.571431218155,13.8,18.3,13.4,3.5,32.3,32.3,32.5,26.4,26.6,45.5,79.0,7,208
2024-07-27,A1,ADHATA,5.7,32.0,27.0,22.87649999518813,88.53034990659572,7.0,10935.571431218155,18.9,13.8,18.3,2.4,31.2,32.3,32.8,26.3,26.4,51.0,94.4,7,209
2024-07-28,A1,ADHATA,20.2,32.0,26.4,22.87649999518813,88.53034990659572,7.0,10935.571431218155,5.7,18.9,13.8,13.1,32.0,31.2,32.4,27.0,26.3,38.4,97.7,7,210
2024-07-29,A1,ADHATA,11.3,32.1,26.4,22.87649999518813,88.53034990659572,7.0,10935.571431218155,20.2,5.7,18.9,14.5,32.0,32.0,31.7,26.4,27.0,44.8,104.8,7,211
2024-07-30,A1,ADHATA,4.4,33.0,26.2,22.87649999518813,88.53034990659572,7.0,10935.571431218155,11.3,20.2,5.7,13.4,32.1,32.0,32.7,26.4,26.4,37.2,101.6,7,212
2024-07-31,A1,ADHATA,22.9,31.6,25.9,22.87649999518813,88.53034990659572,7.0,10935.571431218155,4.4,11.3,20.2,18.3,33.0,32.1,32.3,26.2,26.4,35.9,92.6,7,213
2024-08-01,A1,ADHATA,88.3,29.2,24.9,22.87649999518813,88.53034990659572,7.0,10935.571431218155,22.9,4.4,11.3,13.8,31.6,33.0,32.3,25.9,26.2,38.599999999999994,97.19999999999999,8,214
2024-08-02,A1,ADHATA,31.6,29.7,25.5,22.87649999518813,88.53034990659572,7.0,10935.571431218155,88.3,22.9,4.4,18.9,29.2,31.6,31.2,24.9,25.9,115.6,171.7,8,215
2024-08-03,A1,ADHATA,18.1,31.0,24.9,22.87649999518813,88.53034990659572,7.0,10935.571431218155,31.6,88.3,22.9,5.7,29.7,29.2,32.0,25.5,24.9,142.79999999999998,184.4,8,216
2024-08-04,A1,ADHATA,22.3,31.0,24.8,22.87649999518813,88.53034990659572,7.0,10935.571431218155,18.1,31.6,88.3,20.2,31.0,29.7,32.0,24.9,25.5,138.0,196.8,8,217
2024-08-05,A1,ADHATA,33.2,32.5,24.8,22.87649999518813,88.53034990659572,7.0,10935.571431218155,22.3,18.1,31.6,11.3,31.0,31.0,32.1,24.8,24.9,72.0,198.9,8,218
2024-08-06,A1,ADHATA,12.0,31.2,26.2,22.87649999518813,88.53034990659572,7.0,10935.571431218155,33.2,22.3,18.1,4.4,32.5,31.0,33.0,24.8,24.8,73.6,220.8,8,219
2024-08-07,A1,ADHATA,5.3,30.6,25.7,22.87649999518813,88.53034990659572,7.0,10935.571431218155,12.0,33.2,22.3,22.9,31.2,32.5,31.6,26.2,24.8,67.5,228.4,8,220
2024-08-08,A1,ADHATA,14.5,31.0,25.9,22.87649999518813,88.53034990659572,7.0,10935.571431218155,5.3,12.0,33.2,88.3,30.6,31.2,29.2,25.7,26.2,50.5,210.8,8,221
2024-08-09,A1,ADHATA,20.8,31.1,25.4,22.87649999518813,88.53034990659572,7.0,10935.571431218155,14.5,5.3,12.0,31.6,31.0,30.6,29.7,25.9,25.7,31.8,137.00000000000003,8,222
2024-08-10,A1,ADHATA,32.1,32.2,24.9,22.87649999518813,88.53034990659572,7.0,10935.571431218155,20.8,14.5,5.3,18.1,31.1,31.0,31.0,25.4,25.9,40.6,126.20000000000002,8,223
2024-08-11,A1,ADHATA,14.4,32.2,25.1,22.87649999518813,88.53034990659572,7.0,10935.571431218155,32.1,20.8,14.5,22.3,32.2,31.1,31.0,24.9,25.4,67.4,140.20000000000002,8,224
2024-08-12,A1,ADHATA,12.2,32.4,25.5,22.87649999518813,88.53034990659572,7.0,10935.571431218155,14.4,32.1,20.8,33.2,32.2,32.2,32.5,25.1,24.9,67.30000000000001,132.3,8,225
2024-08-13,A1,ADHATA,9.9,32.5,25.4,22.87649999518813,88.53034990659572,7.0,10935.571431218155,12.2,14.4,32.1,12.0,32.4,32.2,31.2,25.5,25.1,58.7,111.30000000000001,8,226
2024-08-14,A1,ADHATA,8.8,32.4,25.3,22.87649999518813,88.53034990659572,7.0,10935.571431218155,9.9,12.2,14.4,5.3,32.5,32.4,30.6,25.4,25.5,36.5,109.20000000000002,8,227
2024-08-15,A1,ADHATA,8.0,32.6,25.7,22.87649999518813,88.53034990659572,7.0,10935.571431218155,8.8,9.9,12.2,14.5,32.4,32.5,31.0,25.3,25.4,30.900000000000002,112.70000000000002,8,228
2024-08-16,A1,ADHATA,3.9,31.3,25.5,22.87649999518813,88.53034990659572,7.0,10935.571431218155,8.0,8.8,9.9,20.8,32.6,32.4,31.1,25.7,25.3,26.700000000000003,106.20000000000002,8,229
2024-08-17,A1,ADHATA,23.2,32.9,25.4,22.87649999518813,88.53034990659572,7.0,10935.571431218155,3.9,8.0,8.8,32.1,31.3,32.6,32.2,25.5,25.7,20.7,89.30000000000001,8,230
2024-08-18,A1,ADHATA,17.1,29.1,25.4,22.87649999518813,88.53034990659572,7.0,10935.571431218155,23.2,3.9,8.0,14.4,32.9,31.3,32.2,25.4,25.5,35.099999999999994,80.4,8,231
2024-08-19,A1,ADHATA,13.0,30.3,25.6,22.87649999518813,88.53034990659572,7.0,10935.571431218155,17.1,23.2,3.9,12.2,29.1,32.9,32.4,25.4,25.4,44.2,83.10000000000001,8,232
2024-08-20,A1,ADHATA,12.6,30.9,24.9,22.87649999518813,88.53034990659572,7.0,10935.571431218155,13.0,17.1,23.2,9.9,30.3,29.1,32.5,25.6,25.4,53.3,83.90000000000002,8,233
2024-08-21,A1,ADHATA,27.8,31.7,25.0,22.87649999518813,88.53034990659572,7.0,10935.571431218155,12.6,13.0,17.1,8.8,30.9,30.3,32.4,24.9,25.6,42.7,86.60000000000001,8,234
2024-08-22,A1,ADHATA,27.4,31.4,25.7,22.87649999518813,88.53034990659572,7.0,10935.571431218155,27.8,12.6,13.0,8.0,31.7,30.9,32.6,25.0,24.9,53.4,105.60000000000002,8,235
2024-08-23,A1,ADHATA,27.2,30.7,24.6,22.87649999518813,88.53034990659572,7.0,10935.571431218155,27.4,27.8,12.6,3.9,31.4,31.7,31.3,25.7,25.0,67.8,125.00000000000001,8,236
2024-08-24,A1,ADHATA,4.1,29.2,25.0,22.87649999518813,88.53034990659572,7.0,10935.571431218155,27.2,27.4,27.8,23.2,30.7,31.4,32.9,24.6,25.7,82.39999999999999,148.3,8,237
2024-08-25,A1,ADHATA,42.3,29.3,24.2,22.87649999518813,88.53034990659572,7.0,10935.571431218155,4.1,27.2,27.4,17.1,29.2,30.7,29.1,25.0,24.6,58.699999999999996,129.20000000000002,8,238
2024-08-26,A1,ADHATA,47.2,29.3,24.4,22.87649999518813,88.53034990659572,7.0,10935.571431218155,42.3,4.1,27.2,13.0,29.3,29.2,30.3,24.2,25.0,73.6,154.4,8,239
2024-08-27,A1,ADHATA,22.6,30.1,24.7,22.87649999518813,88.53034990659572,7.0,10935.571431218155,47.2,42.3,4.1,12.6,29.3,29.3,30.9,24.4,24.2,93.6,188.60000000000002,8,240
2024-08-28,A1,ADHATA,5.3,31.9,24.9,22.87649999518813,88.53034990659572,7.0,10935.571431218155,22.6,47.2,42.3,27.8,30.1,29.3,31.7,24.7,24.4,112.1,198.60000000000002,8,241
2024-08-29,A1,ADHATA,4.4,32.4,25.5,22.87649999518813,88.53034990659572,7.0,10935.571431218155,5.3,22.6,47.2,27.4,31.9,30.1,31.4,24.9,24.7,75.10000000000001,176.1,8,242
2024-08-30,A1,ADHATA,0.5,32.7,25.3,22.87649999518813,88.53034990659572,7.0,10935.571431218155,4.4,5.3,22.6,27.2,32.4,31.9,30.7,25.5,24.9,32.300000000000004,153.1,8,243
2024-08-31,A1,ADHATA,3.3,32.3,26.2,22.87649999518813,88.53034990659572,7.0,10935.571431218155,0.5,4.4,5.3,4.1,32.7,32.4,29.2,25.3,25.5,10.2,126.4,8,244
2024-09-01,A1,ADHATA,8.7,30.7,26.2,22.87649999518813,88.53034990659572,7.0,10935.571431218155,3.3,0.5,4.4,42.3,32.3,32.7,29.3,26.2,25.3,8.2,125.60000000000002,9,245
2024-09-02,A1,ADHATA,3.7,32.3,25.5,22.87649999518813,88.53034990659572,7.0,10935.571431218155,8.7,3.3,0.5,47.2,30.7,32.3,29.3,26.2,26.2,12.499999999999998,92.00000000000001,9,246
2024-09-03,A1,ADHATA,7.3,31.8,25.4,22.87649999518813,88.53034990659572,7.0,10935.571431218155,3.7,8.7,3.3,22.6,32.3,30.7,30.1,25.5,26.2,15.7,48.500000000000014,9,247
2024-09-04,A1,ADHATA,6.3,31.4,25.9,22.87649999518813,88.53034990659572,7.0,10935.571431218155,7.3,3.7,8.7,5.3,31.8,32.3,31.9,25.4,25.5,19.699999999999996,33.20000000000002,9,248
2024-09-05,A1,ADHATA,1.8,32.4,25.4,22.87649999518813,88.53034990659572,7.0,10935.571431218155,6.3,7.3,3.7,4.4,31.4,31.8,32.4,25.9,25.4,17.299999999999997,34.20000000000001,9,249
2024-09-06,A1,ADHATA,0.4,33.1,26.0,22.87649999518813,88.53034990659572,7.0,10935.571431218155,1.8,6.3,7.3,0.5,32.4,31.4,32.7,25.4,25.9,15.399999999999999,31.600000000000016,9,250
2024-09-07,A1,ADHATA,18.8,33.7,25.6,22.87649999518813,88.53034990659572,7.0,10935.571431218155,0.4,1.8,6.3,3.3,33.1,32.4,32.3,26.0,25.4,8.499999999999998,31.500000000000014,9,251
2024-09-08,A1,ADHATA,6.7,32.3,26.3,22.87649999518813,88.53034990659572,7.0,10935.571431218155,18.8,0.4,1.8,8.7,33.7,33.1,30.7,25.6,26.0,21.0,47.000000000000014,9,252
2024-09-09,A1,ADHATA,5.3,32.1,26.5,22.87649999518813,88.53034990659572,7.0,10935.571431218155,6.7,18.8,0.4,3.7,32.3,33.7,32.3,26.3,25.6,25.9,45.000000000000014,9,253
2024-09-10,A1,ADHATA,6.2,31.7,25.9,22.87649999518813,88.53034990659572,7.0,10935.571431218155,5.3,6.7,18.8,7.3,32.1,32.3,31.8,26.5,26.3,30.8,46.600000000000016,9,254
2024-09-11,A1,ADHATA,8.5,32.3,26.0,22.87649999518813,88.53034990659572,7.0,10935.571431218155,6.2,5.3,6.7,6.3,31.7,32.1,31.4,25.9,26.5,18.2,45.500000000000014,9,255
2024-09-12,A1,ADHATA,16.9,31.9,26.3,22.87649999518813,88.53034990659572,7.0,10935.571431218155,8.5,6.2,5.3,1.8,32.3,31.7,32.4,26.0,25.9,20.0,47.70000000000002,9,256
2024-09-13,A1,ADHATA,30.8,32.2,25.7,22.87649999518813,88.53034990659572,7.0,10935.571431218155,16.9,8.5,6.2,0.4,31.9,32.3,33.1,26.3,26.0,31.599999999999998,62.80000000000001,9,257
2024-09-14,A1,ADHATA,58.3,27.5,25.3,22.87649999518813,88.53034990659572,7.0,10935.571431218155,30.8,16.9,8.5,18.8,32.2,31.9,33.7,25.7,26.3,56.2,93.20000000000002,9,258
2024-09-15,A1,ADHATA,19.1,28.3,24.9,22.87649999518813,88.53034990659572,7.0,10935.571431218155,58.3,30.8,16.9,6.7,27.5,32.2,32.3,25.3,25.7,106.0,132.7,9,259
2024-09-16,A1,ADHATA,18.1,27.8,25.2,22.87649999518813,88.53034990659572,7.0,10935.571431218155,19.1,58.3,30.8,5.3,28.3,27.5,32.1,24.9,25.3,108.19999999999999,145.10000000000002,9,260
2024-09-17,A1,ADHATA,0.3,32.2,25.6,22.87649999518813,88.53034990659572,7.0,10935.571431218155,18.1,19.1,58.3,6.2,27.8,28.3,31.7,25.2,24.9,95.5,157.9,9,261
2024-09-18,A1,ADHATA,0.0,33.0,24.4,22.87649999518813,88.53034990659572,7.0,10935.571431218155,0.3,18.1,19.1,8.5,32.2,27.8,32.3,25.6,25.2,37.5,152.00000000000003,9,262
2024-09-19,A1,ADHATA,3.7,32.8,25.9,22.87649999518813,88.53034990659572,7.0,10935.571431218155,0.0,0.3,18.1,16.9,33.0,32.2,31.9,24.4,25.6,18.400000000000002,143.50000000000003,9,263
2024-09-20,A1,ADHATA,0.0,33.9,26.5,22.87649999518813,88.53034990659572,7.0,10935.571431218155,3.7,0.0,0.3,30.8,32.8,33.0,32.2,25.9,24.4,4.0,130.3,9,264
2024-09-21,A1,ADHATA,6.4,33.4,26.3,22.87649999518813,88.53034990659572,7.0,10935.571431218155,0.0,3.7,0.0,58.3,33.9,32.8,27.5,26.5,25.9,3.7,99.50000000000001,9,265
2024-09-22,A1,ADHATA,0.0,34.1,27.0,22.87649999518813,88.53034990659572,7.0,10935.571431218155,6.4,0.0,3.7,19.1,33.4,33.9,28.3,26.3,26.5,10.100000000000001,47.600000000000016,9,266
2024-09-23,A1,ADHATA,6.3,34.1,26.3,22.87649999518813,88.53034990659572,7.0,10935.571431218155,0.0,6.4,0.0,18.1,34.1,33.4,27.8,27.0,26.3,6.4,28.500000000000014,9,267
2024-09-24,A1,ADHATA,10.1,30.8,26.4,22.87649999518813,88.53034990659572,7.0,10935.571431218155,6.3,0.0,6.4,0.3,34.1,34.1,32.2,26.3,27.0,12.7,16.700000000000014,9,268
2024-09-25,A1,ADHATA,24.6,28.9,24.4,22.87649999518813,88.53034990659572,7.0,10935.571431218155,10.1,6.3,0.0,0.0,30.8,34.1,33.0,26.4,26.3,16.4,26.500000000000014,9,269
2024-09-26,A1,ADHATA,30.9,28.3,24.3,22.87649999518813,88.53034990659572,7.0,10935.571431218155,24.6,10.1,6.3,3.7,28.9,30.8,32.8,24.4,26.4,41.0,51.100000000000016,9,270
2024-09-27,A1,ADHATA,11.6,30.5,24.7,22.87649999518813,88.53034990659572,7.0,10935.571431218155,30.9,24.6,10.1,0.0,28.3,28.9,33.9,24.3,24.4,65.6,78.30000000000001,9,271
2024-09-28,A1,ADHATA,6.3,31.3,24.8,22.87649999518813,88.53034990659572,7.0,10935.571431218155,11.6,30.9,24.6,6.4,30.5,28.3,33.4,24.7,24.3,67.1,89.90000000000002,9,272
2024-09-29,A1,ADHATA,3.9,32.4,26.3,22.87649999518813,88.53034990659572,7.0,10935.571431218155,6.3,11.6,30.9,0.0,31.3,30.5,34.1,24.8,24.7,48.8,89.80000000000001,9,273
2024-09-30,A1,ADHATA,0.8,33.2,25.8,22.87649999518813,88.53034990659572,7.0,10935.571431218155,3.9,6.3,11.6,6.3,32.4,31.3,34.1,26.3,24.8,21.8,93.70000000000002,9,274
2024-10-01,A1,ADHATA,11.8,33.7,26.6,22.87649999518813,88.53034990659572,7.0,10935.571431218155,0.8,3.9,6.3,10.1,33.2,32.4,30.8,25.8,26.3,11.0,88.20000000000002,10,275
2024-10-02,A1,ADHATA,6.2,31.9,24.7,22.87649999518813,88.53034990659572,7.0,10935.571431218155,11.8,0.8,3.9,24.6,33.7,33.2,28.9,26.6,25.8,16.5,89.90000000000002,10,276
2024-10-03,A1,ADHATA,32.5,30.9,25.9,22.87649999518813,88.53034990659572,7.0,10935.571431218155,6.2,11.8,0.8,30.9,31.9,33.7,28.3,24.7,26.6,18.8,71.50000000000001,10,277
2024-10-04,A1,ADHATA,23.2,30.0,24.9,22.87649999518813,88.53034990659572,7.0,10935.571431218155,32.5,6.2,11.8,11.6,30.9,31.9,30.5,25.9,24.7,50.5,73.10000000000002,10,278
2024-10-05,A1,ADHATA,21.8,30.2,24.7,22.87649999518813,88.53034990659572,7.0,10935.571431218155,23.2,32.5,6.2,6.3,30.0,30.9,31.3,24.9,25.9,61.900000000000006,84.70000000000002,10,279
2024-10-06,A1,ADHATA,3.7,30.3,24.5,22.87649999518813,88.53034990659572,7.0,10935.571431218155,21.8,23.2,32.5,3.9,30.2,30.0,32.4,24.7,24.9,77.5,100.20000000000002,10,280
2024-10-07,A1,ADHATA,11.7,31.0,24.0,22.87649999518813,88.53034990659572,7.0,10935.571431218155,3.7,21.8,23.2,0.8,30.3,30.2,33.2,24.5,24.7,48.7,100.00000000000001,10,281
2024-10-08,A1,ADHATA,10.4,30.2,25.1,22.87649999518813,88.53034990659572,7.0,10935.571431218155,11.7,3.7,21.8,11.8,31.0,30.3,33.7,24.0,24.5,37.2,110.9,10,282
2024-10-09,A1,ADHATA,9.7,30.3,24.6,22.87649999518813,88.53034990659572,7.0,10935.571431218155,10.4,11.7,3.7,6.2,30.2,31.0,31.9,25.1,24.0,25.799999999999997,109.50000000000001,10,283
2024-10-10,A1,ADHATA,8.2,30.6,24.5,22.87649999518813,88.53034990659572,7.0,10935.571431218155,9.7,10.4,11.7,32.5,30.3,30.2,30.9,24.6,25.1,31.799999999999997,113.00000000000001,10,284
2024-10-11,A1,ADHATA,5.2,31.9,25.1,22.87649999518813,88.53034990659572,7.0,10935.571431218155,8.2,9.7,10.4,23.2,30.6,30.3,30.0,24.5,24.6,28.299999999999997,88.70000000000002,10,285
2024-10-12,A1,ADHATA,4.3,31.7,24.4,22.87649999518813,88.53034990659572,7.0,10935.571431218155,5.2,8.2,9.7,21.8,31.9,30.6,30.2,25.1,24.5,23.1,70.7,10,286
2024-10-13,A1,ADHATA,1.6,31.9,24.5,22.87649999518813,88.53034990659572,7.0,10935.571431218155,4.3,5.2,8.2,3.7,31.7,31.9,30.3,24.4,25.1,17.7,53.20000000000001,10,287
2024-10-14,A1,ADHATA,0.0,32.1,23.8,22.87649999518813,88.53034990659572,7.0,10935.571431218155,1.6,4.3,5.2,11.7,31.9,31.7,31.0,24.5,24.4,11.1,51.10000000000001,10,288
2024-10-15,A1,ADHATA,9.0,31.4,24.4,22.87649999518813,88.53034990659572,7.0,10935.571431218155,0.0,1.6,4.3,10.4,32.1,31.9,30.2,23.8,24.5,5.9,39.40000000000001,10,289
2024-10-16,A1,ADHATA,0.0,31.3,23.9,22.87649999518813,88.53034990659572,7.0,10935.571431218155,9.0,0.0,1.6,9.7,31.4,32.1,30.3,24.4,23.8,10.600000000000001,38.000000000000014,10,290
2024-10-17,A1,ADHATA,8.7,31.1,23.8,22.87649999518813,88.53034990659572,7.0,10935.571431218155,0.0,9.0,0.0,8.2,31.3,31.4,30.6,23.9,24.4,9.000000000000002,28.30000000000001,10,291
2024-10-18,A1,ADHATA,5.2,29.5,23.4,22.87649999518813,88.53034990659572,7.0,10935.571431218155,8.7,0.0,9.0,5.2,31.1,31.3,31.9,23.8,23.9,17.700000000000003,28.800000000000015,10,292
2024-10-19,A1,ADHATA,7.2,30.2,23.4,22.87649999518813,88.53034990659572,7.0,10935.571431218155,5.2,8.7,0.0,4.3,29.5,31.1,31.7,23.4,23.8,13.900000000000002,28.80000000000001,10,293
2024-10-20,A1,ADHATA,0.0,30.5,23.7,22.87649999518813,88.53034990659572,7.0,10935.571431218155,7.2,5.2,8.7,1.6,30.2,29.5,31.9,23.4,23.4,21.1,31.700000000000017,10,294
2024-10-21,A1,ADHATA,0.0,30.5,24.0,22.87649999518813,88.53034990659572,7.0,10935.571431218155,0.0,7.2,5.2,0.0,30.5,30.2,32.1,23.7,23.4,12.400000000000002,30.100000000000016,10,295
2024-10-22,A1,ADHATA,0.0,30.9,22.7,22.87649999518813,88.53034990659572,7.0,10935.571431218155,0.0,0.0,7.2,9.0,30.5,30.5,31.4,24.0,23.7,7.200000000000002,30.100000000000016,10,296
2024-10-23,A1,ADHATA,17.8,29.7,24.0,22.87649999518813,88.53034990659572,7.0,10935.571431218155,0.0,0.0,0.0,0.0,30.9,30.5,31.3,22.7,24.0,0.0,21.100000000000016,10,297
2024-10-24,A1,ADHATA,13.7,27.0,24.1,22.87649999518813,88.53034990659572,7.0,10935.571431218155,17.8,0.0,0.0,8.7,29.7,30.9,31.1,24.0,22.7,17.800000000000004,38.90000000000001,10,298
2024-10-25,A1,ADHATA,28.2,26.1,23.5,22.87649999518813,88.53034990659572,7.0,10935.571431218155,13.7,17.8,0.0,5.2,27.0,29.7,29.5,24.1,24.0,31.5,43.90000000000001,10,299
2024-10-26,A1,ADHATA,2.7,31.5,24.4,22.87649999518813,88.53034990659572,7.0,10935.571431218155,28.2,13.7,17.8,7.2,26.1,27.0,30.2,23.5,24.1,59.7,66.9,10,300
2024-10-27,A1,ADHATA,0.2,31.2,23.5,22.87649999518813,88.53034990659572,7.0,10935.571431218155,2.7,28.2,13.7,0.0,31.5,26.1,30.5,24.4,23.5,44.6,62.40000000000001,10,301
2024-10-28,A1,ADHATA,0.3,31.3,23.4,22.87649999518813,88.53034990659572,7.0,10935.571431218155,0.2,2.7,28.2,0.0,31.2,31.5,30.5,23.5,24.4,31.099999999999998,62.600000000000016,10,302
2024-10-29,A1,ADHATA,0.0,31.2,23.6,22.87649999518813,88.53034990659572,7.0,10935.571431218155,0.3,0.2,2.7,0.0,31.3,31.2,30.9,23.4,23.5,3.2,62.90000000000001,10,303
2024-10-30,A1,ADHATA,0.4,30.9,23.6,22.87649999518813,88.53034990659572,7.0,10935.571431218155,0.0,0.3,0.2,17.8,31.2,31.3,29.7,23.6,23.4,0.5,62.90000000000001,10,304
2024-10-31,A1,ADHATA,0.3,31.1,23.8,22.87649999518813,88.53034990659572,7.0,10935.571431218155,0.4,0.0,0.3,13.7,30.9,31.2,27.0,23.6,23.6,0.7,45.50000000000001,10,305
2024-11-01,A1,ADHATA,0.0,32.2,23.1,22.87649999518813,88.53034990659572,7.0,10935.571431218155,0.3,0.4,0.0,28.2,31.1,30.9,26.1,23.8,23.6,0.7,32.10000000000001,11,306
2024-11-02,A1,ADHATA,0.0,31.3,20.9,22.87649999518813,88.53034990659572,7.0,10935.571431218155,0.0,0.3,0.4,2.7,32.2,31.1,31.5,23.1,23.8,0.7,3.900000000000011,11,307
2024-11-03,A1,ADHATA,0.0,30.6,21.0,22.87649999518813,88.53034990659572,7.0,10935.571431218155,0.0,0.0,0.3,0.2,31.3,32.2,31.2,20.9,23.1,0.3,1.2000000000000106,11,308
2024-11-04,A1,ADHATA,0.0,30.4,21.1,22.87649999518813,88.53034990659572,7.0,10935.571431218155,0.0,0.0,0.0,0.3,30.6,31.3,31.3,21.0,20.9,0.0,1.0000000000000107,11,309
2024-11-05,A1,ADHATA,0.5,30.4,21.9,22.87649999518813,88.53034990659572,7.0,10935.571431218155,0.0,0.0,0.0,0.0,30.4,30.6,31.2,21.1,21.0,0.0,0.7000000000000106,11,310
2024-11-06,A1,ADHATA,0.6,29.5,22.0,22.87649999518813,88.53034990659572,7.0,10935.571431218155,0.5,0.0,0.0,0.4,30.4,30.4,30.9,21.9,21.1,0.5,1.2000000000000106,11,311
2024-11-07,A1,ADHATA,0.2,29.9,21.1,22.87649999518813,88.53034990659572,7.0,10935.571431218155,0.6,0.5,0.0,0.3,29.5,30.4,31.1,22.0,21.9,1.1,1.4000000000000106,11,312
2024-11-08,A1,ADHATA,0.0,30.2,21.0,22.87649999518813,88.53034990659572,7.0,10935.571431218155,0.2,0.6,0.5,0.0,29.9,29.5,32.2,21.1,22.0,1.3,1.3000000000000105,11,313
2024-11-09,A1,ADHATA,0.0,29.7,20.9,22.87649999518813,88.53034990659572,7.0,10935.571431218155,0.0,0.2,0.6,0.0,30.2,29.9,31.3,21.0,21.1,0.8,1.3000000000000105,11,314
2024-11-10,A1,ADHATA,0.0,30.1,20.3,22.87649999518813,88.53034990659572,7.0,10935.571431218155,0.0,0.0,0.2,0.0,29.7,30.2,30.6,20.9,21.0,0.2,1.3000000000000105,11,315
2024-11-11,A1,ADHATA,0.0,30.2,20.1,22.87649999518813,88.53034990659572,7.0,10935.571431218155,0.0,0.0,0.0,0.0,30.1,29.7,30.4,20.3,20.9,0.0,1.3000000000000105,11,316
2024-11-12,A1,ADHATA,0.0,30.1,19.8,22.87649999518813,88.53034990659572,7.0,10935.571431218155,0.0,0.0,0.0,0.5,30.2,30.1,30.4,20.1,20.3,0.0,1.3000000000000105,11,317
2024-11-13,A1,ADHATA,0.0,31.4,20.2,22.87649999518813,88.53034990659572,7.0,10935.571431218155,0.0,0.0,0.0,0.6,30.1,30.2,29.5,19.8,20.1,0.0,0.8000000000000105,11,318
2024-11-14,A1,ADHATA,0.0,31.3,20.1,22.87649999518813,88.53034990659572,7.0,10935.571431218155,0.0,0.0,0.0,0.2,31.4,30.1,29.9,20.2,19.8,0.0,0.20000000000001067,11,319
2024-11-15,A1,ADHATA,0.0,31.4,19.0,22.87649999518813,88.53034990659572,7.0,10935.571431218155,0.0,0.0,0.0,0.0,31.3,31.4,30.2,20.1,20.2,0.0,0.0,11,320
2024-11-16,A1,ADHATA,0.0,30.2,18.2,22.87649999518813,88.53034990659572,7.0,10935.571431218155,0.0,0.0,0.0,0.0,31.4,31.3,29.7,19.0,20.1,0.0,0.0,11,321
2024-11-17,A1,ADHATA,0.0,29.5,17.9,22.87649999518813,88.53034990659572,7.0,10935.571431218155,0.0,0.0,0.0,0.0,30.2,31.4,30.1,18.2,19.0,0.0,0.0,11,322
2024-11-18,A1,ADHATA,0.0,29.2,17.7,22.87649999518813,88.53034990659572,7.0,10935.571431218155,0.0,0.0,0.0,0.0,29.5,30.2,30.2,17.9,18.2,0.0,0.0,11,323
2024-11-19,A1,ADHATA,0.0,28.8,17.8,22.87649999518813,88.53034990659572,7.0,10935.571431218155,0.0,0.0,0.0,0.0,29.2,29.5,30.1,17.7,17.9,0.0,0.0,11,324
2024-11-20,A1,ADHATA,0.0,29.6,17.7,22.87649999518813,88.53034990659572,7.0,10935.571431218155,0.0,0.0,0.0,0.0,28.8,29.2,31.4,17.8,17.7,0.0,0.0,11,325
2024-11-21,A1,ADHATA,0.0,29.3,18.5,22.87649999518813,88.53034990659572,7.0,10935.571431218155,0.0,0.0,0.0,0.0,29.6,28.8,31.3,17.7,17.8,0.0,0.0,11,326
2024-11-22,A1,ADHATA,0.0,29.5,18.0,22.87649999518813,88.53034990659572,7.0,10935.571431218155,0.0,0.0,0.0,0.0,29.3,29.6,31.4,18.5,17.7,0.0,0.0,11,327
2024-11-23,A1,ADHATA,0.0,29.3,17.9,22.87649999518813,88.53034990659572,7.0,10935.571431218155,0.0,0.0,0.0,0.0,29.5,29.3,30.2,18.0,18.5,0.0,0.0,11,328
2024-11-24,A1,ADHATA,0.0,29.0,16.6,22.87649999518813,88.53034990659572,7.0,10935.571431218155,0.0,0.0,0.0,0.0,29.3,29.5,29.5,17.9,18.0,0.0,0.0,11,329
2024-11-25,A1,ADHATA,0.0,28.2,16.3,22.87649999518813,88.53034990659572,7.0,10935.571431218155,0.0,0.0,0.0,0.0,29.0,29.3,29.2,16.6,17.9,0.0,0.0,11,330
2024-11-26,A1,ADHATA,0.0,28.2,16.3,22.87649999518813,88.53034990659572,7.0,10935.571431218155,0.0,0.0,0.0,0.0,28.2,29.0,28.8,16.3,16.6,0.0,0.0,11,331
2024-11-27,A1,ADHATA,0.0,28.7,16.5,22.87649999518813,88.53034990659572,7.0,10935.571431218155,0.0,0.0,0.0,0.0,28.2,28.2,29.6,16.3,16.3,0.0,0.0,11,332
2024-11-28,A1,ADHATA,0.0,28.9,17.1,22.87649999518813,88.53034990659572,7.0,10935.571431218155,0.0,0.0,0.0,0.0,28.7,28.2,29.3,16.5,16.3,0.0,0.0,11,333
2024-11-29,A1,ADHATA,0.0,28.1,19.7,22.87649999518813,88.53034990659572,7.0,10935.571431218155,0.0,0.0,0.0,0.0,28.9,28.7,29.5,17.1,16.5,0.0,0.0,11,334
2024-11-30,A1,ADHATA,23.4,23.5,19.0,22.87649999518813,88.53034990659572,7.0,10935.571431218155,0.0,0.0,0.0,0.0,28.1,28.9,29.3,19.7,17.1,0.0,0.0,11,335
2024-12-01,A1,ADHATA,0.0,28.8,18.8,22.87649999518813,88.53034990659572,7.0,10935.571431218155,23.4,0.0,0.0,0.0,23.5,28.1,29.0,19.0,19.7,23.4,23.40000000000001,12,336
2024-12-02,A1,ADHATA,2.4,23.0,19.2,22.87649999518813,88.53034990659572,7.0,10935.571431218155,0.0,23.4,0.0,0.0,28.8,23.5,28.2,18.8,19.0,23.4,23.40000000000001,12,337
2024-12-03,A1,ADHATA,0.0,29.0,18.8,22.87649999518813,88.53034990659572,7.0,10935.571431218155,2.4,0.0,23.4,0.0,23.0,28.8,28.2,19.2,18.8,25.799999999999997,25.800000000000008,12,338
2024-12-04,A1,ADHATA,0.0,28.7,16.6,22.87649999518813,88.53034990659572,7.0,10935.571431218155,0.0,2.4,0.0,0.0,29.0,23.0,28.7,18.8,19.2,2.4,25.800000000000008,12,339
2024-12-05,A1,ADHATA,0.0,29.5,15.9,22.87649999518813,88.53034990659572,7.0,10935.571431218155,0.0,0.0,2.4,0.0,28.7,29.0,28.9,16.6,18.8,2.4,25.800000000000008,12,340
2024-12-06,A1,ADHATA,0.0,27.4,16.0,22.87649999518813,88.53034990659572,7.0,10935.571431218155,0.0,0.0,0.0,0.0,29.5,28.7,28.1,15.9,16.6,0.0,25.800000000000008,12,341
2024-12-07,A1,ADHATA,0.0,26.5,14.5,22.87649999518813,88.53034990659572,7.0,10935.571431218155,0.0,0.0,0.0,23.4,27.4,29.5,23.5,16.0,15.9,0.0,25.800000000000008,12,342
2024-12-08,A1,ADHATA,0.0,26.2,13.5,22.87649999518813,88.53034990659572,7.0,10935.571431218155,0.0,0.0,0.0,0.0,26.5,27.4,28.8,14.5,16.0,0.0,2.4000000000000106,12,343
2024-12-09,A1,ADHATA,0.0,26.3,14.7,22.87649999518813,88.53034990659572,7.0,10935.571431218155,0.0,0.0,0.0,2.4,26.2,26.5,23.0,13.5,14.5,0.0,2.4000000000000106,12,344
2024-12-10,A1,ADHATA,0.0,26.4,16.7,22.87649999518813,88.53034990659572,7.0,10935.571431218155,0.0,0.0,0.0,0.0,26.3,26.2,29.0,14.7,13.5,0.0,0.0,12,345
2024-12-11,A1,ADHATA,0.0,24.5,14.4,22.87649999518813,88.53034990659572,7.0,10935.571431218155,0.0,0.0,0.0,0.0,26.4,26.3,28.7,16.7,14.7,0.0,0.0,12,346
2024-12-12,A1,ADHATA,0.0,24.0,12.3,22.87649999518813,88.53034990659572,7.0,10935.571431218155,0.0,0.0,0.0,0.0,24.5,26.4,29.5,14.4,16.7,0.0,0.0,12,347
2024-12-13,A1,ADHATA,0.0,23.6,11.6,22.87649999518813,88.53034990659572,7.0,10935.571431218155,0.0,0.0,0.0,0.0,24.0,24.5,27.4,12.3,14.4,0.0,0.0,12,348
2024-12-14,A1,ADHATA,0.0,23.3,12.3,22.87649999518813,88.53034990659572,7.0,10935.571431218155,0.0,0.0,0.0,0.0,23.6,24.0,26.5,11.6,12.3,0.0,0.0,12,349
2024-12-15,A1,ADHATA,0.0,24.0,11.0,22.87649999518813,88.53034990659572,7.0,10935.571431218155,0.0,0.0,0.0,0.0,23.3,23.6,26.2,12.3,11.6,0.0,0.0,12,350
2024-12-16,A1,ADHATA,0.0,24.8,12.8,22.87649999518813,88.53034990659572,7.0,10935.571431218155,0.0,0.0,0.0,0.0,24.0,23.3,26.3,11.0,12.3,0.0,0.0,12,351
2024-12-17,A1,ADHATA,0.0,25.9,13.1,22.87649999518813,88.53034990659572,7.0,10935.571431218155,0.0,0.0,0.0,0.0,24.8,24.0,26.4,12.8,11.0,0.0,0.0,12,352
2024-12-18,A1,ADHATA,0.0,26.8,14.3,22.87649999518813,88.53034990659572,7.0,10935.571431218155,0.0,0.0,0.0,0.0,25.9,24.8,24.5,13.1,12.8,0.0,0.0,12,353
2024-12-19,A1,ADHATA,0.0,26.1,14.4,22.87649999518813,88.53034990659572,7.0,10935.571431218155,0.0,0.0,0.0,0.0,26.8,25.9,24.0,14.3,13.1,0.0,0.0,12,354
2024-12-20,A1,ADHATA,0.0,25.9,14.0,22.87649999518813,88.53034990659572,7.0,10935.571431218155,0.0,0.0,0.0,0.0,26.1,26.8,23.6,14.4,14.3,0.0,0.0,12,355
2024-12-21,A1,ADHATA,1.6,20.3,15.5,22.87649999518813,88.53034990659572,7.0,10935.571431218155,0.0,0.0,0.0,0.0,25.9,26.1,23.3,14.0,14.4,0.0,0.0,12,356
2024-12-22,A1,ADHATA,0.0,25.4,15.0,22.87649999518813,88.53034990659572,7.0,10935.571431218155,1.6,0.0,0.0,0.0,20.3,25.9,24.0,15.5,14.0,1.6,1.6000000000000107,12,357
2024-12-23,A1,ADHATA,0.0,26.3,15.1,22.87649999518813,88.53034990659572,7.0,10935.571431218155,0.0,1.6,0.0,0.0,25.4,20.3,24.8,15.0,15.5,1.6,1.6000000000000107,12,358
2024-12-24,A1,ADHATA,0.8,26.0,14.9,22.87649999518813,88.53034990659572,7.0,10935.571431218155,0.0,0.0,1.6,0.0,26.3,25.4,25.9,15.1,15.0,1.6,1.6000000000000107,12,359
2024-12-25,A1,ADHATA,0.0,26.0,16.8,22.87649999518813,88.53034990659572,7.0,10935.571431218155,0.8,0.0,0.0,0.0,26.0,26.3,26.8,14.9,15.1,0.8,2.400000000000011,12,360
2024-12-26,A1,ADHATA,0.0,27.0,16.2,22.87649999518813,88.53034990659572,7.0,10935.571431218155,0.0,0.8,0.0,0.0,26.0,26.0,26.1,16.8,14.9,0.8,2.400000000000011,12,361
2024-12-27,A1,ADHATA,0.0,26.7,15.0,22.87649999518813,88.53034990659572,7.0,10935.571431218155,0.0,0.0,0.8,0.0,27.0,26.0,25.9,16.2,16.8,0.8,2.400000000000011,12,362
2024-12-28,A1,ADHATA,0.0,26.0,14.0,22.87649999518813,88.53034990659572,7.0,10935.571431218155,0.0,0.0,0.0,1.6,26.7,27.0,20.3,15.0,16.2,0.0,2.400000000000011,12,363
2024-12-29,A1,ADHATA,0.0,26.8,15.4,22.87649999518813,88.53034990659572,7.0,10935.571431218155,0.0,0.0,0.0,0.0,26.0,26.7,25.4,14.0,15.0,0.0,0.8000000000000107,12,364
2024-12-30,A1,ADHATA,0.0,26.1,16.6,22.87649999518813,88.53034990659572,7.0,10935.571431218155,0.0,0.0,0.0,0.0,26.8,26.0,26.3,15.4,14.0,0.0,0.8000000000000107,12,365
2024-12-31,A1,ADHATA,0.0,23.8,15.2,22.87649999518813,88.53034990659572,7.0,10935.571431218155,0.0,0.0,0.0,0.8,26.1,26.8,26.0,16.6,15.4,0.0,0.8000000000000107,12,366
2025-01-01,A1,ADHATA,0.0,22.8,12.8,22.87649999518813,88.53034990659572,7.0,10935.571431218155,0.0,0.0,0.0,0.0,23.8,26.1,26.0,15.2,16.6,0.0,0.0,1,1
2025-01-02,A1,ADHATA,0.0,22.1,12.1,22.87649999518813,88.53034990659572,7.0,10935.571431218155,0.0,0.0,0.0,0.0,22.8,23.8,27.0,12.8,15.2,0.0,0.0,1,2
2025-01-03,A1,ADHATA,0.0,22.2,11.1,22.87649999518813,88.53034990659572,7.0,10935.571431218155,0.0,0.0,0.0,0.0,22.1,22.8,26.7,12.1,12.8,0.0,0.0,1,3
2025-01-04,A1,ADHATA,0.0,23.7,13.0,22.87649999518813,88.53034990659572,7.0,10935.571431218155,0.0,0.0,0.0,0.0,22.2,22.1,26.0,11.1,12.1,0.0,0.0,1,4
2025-01-05,A1,ADHATA,0.0,24.2,13.8,22.87649999518813,88.53034990659572,7.0,10935.571431218155,0.0,0.0,0.0,0.0,23.7,22.2,26.8,13.0,11.1,0.0,0.0,1,5
2025-01-06,A1,ADHATA,0.0,24.4,12.7,22.87649999518813,88.53034990659572,7.0,10935.571431218155,0.0,0.0,0.0,0.0,24.2,23.7,26.1,13.8,13.0,0.0,0.0,1,6
2025-01-07,A1,ADHATA,0.0,25.7,14.2,22.87649999518813,88.53034990659572,7.0,10935.571431218155,0.0,0.0,0.0,0.0,24.4,24.2,23.8,12.7,13.8,0.0,0.0,1,7
2025-01-08,A1,ADHATA,0.0,22.2,13.5,22.87649999518813,88.53034990659572,7.0,10935.571431218155,0.0,0.0,0.0,0.0,25.7,24.4,22.8,14.2,12.7,0.0,0.0,1,8
2025-01-09,A1,ADHATA,0.0,21.9,12.0,22.87649999518813,88.53034990659572,7.0,10935.571431218155,0.0,0.0,0.0,0.0,22.2,25.7,22.1,13.5,14.2,0.0,0.0,1,9
2025-01-10,A1,ADHATA,0.0,22.6,12.0,22.87649999518813,88.53034990659572,7.0,10935.571431218155,0.0,0.0,0.0,0.0,21.9,22.2,22.2,12.0,13.5,0.0,0.0,1,10
2025-01-11,A1,ADHATA,0.0,23.3,11.4,22.87649999518813,88.53034990659572,7.0,10935.571431218155,0.0,0.0,0.0,0.0,22.6,21.9,23.7,12.0,12.0,0.0,0.0,1,11
2025-01-12,A1,ADHATA,0.0,24.5,12.7,22.87649999518813,88.53034990659572,7.0,10935.571431218155,0.0,0.0,0.0,0.0,23.3,22.6,24.2,11.4,12.0,0.0,0.0,1,12
2025-01-13,A1,ADHATA,0.0,26.2,13.6,22.87649999518813,88.53034990659572,7.0,10935.571431218155,0.0,0.0,0.0,0.0,24.5,23.3,24.4,12.7,11.4,0.0,0.0,1,13
2025-01-14,A1,ADHATA,0.0,25.0,15.2,22.87649999518813,88.53034990659572,7.0,10935.571431218155,0.0,0.0,0.0,0.0,26.2,24.5,25.7,13.6,12.7,0.0,0.0,1,14
2025-01-15,A1,ADHATA,0.0,24.1,14.0,22.87649999518813,88.53034990659572,7.0,10935.571431218155,0.0,0.0,0.0,0.0,25.0,26.2,22.2,15.2,13.6,0.0,0.0,1,15
2025-01-16,A1,ADHATA,0.0,24.3,13.2,22.87649999518813,88.53034990659572,7.0,10935.571431218155,0.0,0.0,0.0,0.0,24.1,25.0,21.9,14.0,15.2,0.0,0.0,1,16
2025-01-17,A1,ADHATA,0.0,24.4,14.0,22.87649999518813,88.53034990659572,7.0,10935.571431218155,0.0,0.0,0.0,0.0,24.3,24.1,22.6,13.2,14.0,0.0,0.0,1,17
2025-01-18,A1,ADHATA,0.0,24.3,13.9,22.87649999518813,88.53034990659572,7.0,10935.571431218155,0.0,0.0,0.0,0.0,24.4,24.3,23.3,14.0,13.2,0.0,0.0,1,18
2025-01-19,A1,ADHATA,0.0,24.1,13.3,22.87649999518813,88.53034990659572,7.0,10935.571431218155,0.0,0.0,0.0,0.0,24.3,24.4,24.5,13.9,14.0,0.0,0.0,1,19
2025-01-20,A1,ADHATA,0.0,23.5,12.3,22.87649999518813,88.53034990659572,7.0,10935.571431218155,0.0,0.0,0.0,0.0,24.1,24.3,26.2,13.3,13.9,0.0,0.0,1,20
2025-01-21,A1,ADHATA,0.0,25.0,12.8,22.87649999518813,88.53034990659572,7.0,10935.571431218155,0.0,0.0,0.0,0.0,23.5,24.1,25.0,12.3,13.3,0.0,0.0,1,21
2025-01-22,A1,ADHATA,0.0,26.0,13.9,22.87649999518813,88.53034990659572,7.0,10935.571431218155,0.0,0.0,0.0,0.0,25.0,23.5,24.1,12.8,12.3,0.0,0.0,1,22
2025-01-23,A1,ADHATA,0.0,27.6,13.5,22.87649999518813,88.53034990659572,7.0,10935.571431218155,0.0,0.0,0.0,0.0,26.0,25.0,24.3,13.9,12.8,0.0,0.0,1,23
2025-01-24,A1,ADHATA,0.0,27.6,14.6,22.87649999518813,88.53034990659572,7.0,10935.571431218155,0.0,0.0,0.0,0.0,27.6,26.0,24.4,13.5,13.9,0.0,0.0,1,24
2025-01-25,A1,ADHATA,0.1,25.2,16.1,22.87649999518813,88.53034990659572,7.0,10935.571431218155,0.0,0.0,0.0,0.0,27.6,27.6,24.3,14.6,13.5,0.0,0.0,1,25
2025-01-26,A1,ADHATA,0.0,24.0,13.1,22.87649999518813,88.53034990659572,7.0,10935.571431218155,0.1,0.0,0.0,0.0,25.2,27.6,24.1,16.1,14.6,0.1,0.10000000000001066,1,26
2025-01-27,A1,ADHATA,0.0,23.8,12.8,22.87649999518813,88.53034990659572,7.0,10935.571431218155,0.0,0.1,0.0,0.0,24.0,25.2,23.5,13.1,16.1,0.1,0.10000000000001066,1,27
2025-01-28,A1,ADHATA,0.0,25.4,12.7,22.87649999518813,88.53034990659572,7.0,10935.571431218155,0.0,0.0,0.1,0.0,23.8,24.0,25.0,12.8,13.1,0.1,0.10000000000001066,1,28
2025-01-29,A1,ADHATA,0.4,26.9,14.3,22.87649999518813,88.53034990659572,7.0,10935.571431218155,0.0,0.0,0.0,0.0,25.4,23.8,26.0,12.7,12.8,0.0,0.10000000000001066,1,29
2025-01-30,A1,ADHATA,0.2,28.9,18.0,22.87649999518813,88.53034990659572,7.0,10935.571431218155,0.4,0.0,0.0,0.0,26.9,25.4,27.6,14.3,12.7,0.4,0.5000000000000107,1,30
2025-01-31,A1,ADHATA,0.0,28.9,19.1,22.87649999518813,88.53034990659572,7.0,10935.571431218155,0.2,0.4,0.0,0.0,28.9,26.9,27.6,18.0,14.3,0.6000000000000001,0.7000000000000106,1,31
2025-02-01,A1,ADHATA,0.5,28.6,20.0,22.87649999518813,88.53034990659572,7.0,10935.571431218155,0.0,0.2,0.4,0.1,28.9,28.9,25.2,19.1,18.0,0.6000000000000001,0.7000000000000106,2,32
2025-02-02,A1,ADHATA,0.0,28.5,20.3,22.87649999518813,88.53034990659572,7.0,10935.571431218155,0.5,0.0,0.2,0.0,28.6,28.9,24.0,20.0,19.1,0.7,1.1000000000000107,2,33
2025-02-03,A1,ADHATA,0.0,28.4,19.0,22.87649999518813,88.53034990659572,7.0,10935.571431218155,0.0,0.5,0.0,0.0,28.5,28.6,23.8,20.3,20.0,0.5,1.1000000000000107,2,34
2025-02-04,A1,ADHATA,0.0,26.8,16.7,22.87649999518813,88.53034990659572,7.0,10935.571431218155,0.0,0.0,0.5,0.0,28.4,28.5,25.4,19.0,20.3,0.5,1.1000000000000107,2,35
2025-02-05,A1,ADHATA,0.0,28.7,16.0,22.87649999518813,88.53034990659572,7.0,10935.571431218155,0.0,0.0,0.0,0.4,26.8,28.4,26.9,16.7,19.0,0.0,1.1000000000000107,2,36
2025-02-06,A1,ADHATA,0.0,28.4,18.6,22.87649999518813,88.53034990659572,7.0,10935.571431218155,0.0,0.0,0.0,0.2,28.7,26.8,28.9,16.0,16.7,0.0,0.7000000000000106,2,37
2025-02-07,A1,ADHATA,0.0,25.2,14.5,22.87649999518813,88.53034990659572,7.0,10935.571431218155,0.0,0.0,0.0,0.0,28.4,28.7,28.9,18.6,16.0,0.0,0.5000000000000107,2,38
2025-02-08,A1,ADHATA,0.0,25.1,13.3,22.87649999518813,88.53034990659572,7.0,10935.571431218155,0.0,0.0,0.0,0.5,25.2,28.4,28.6,14.5,18.6,0.0,0.5000000000000107,2,39
2025-02-09,A1,ADHATA,0.0,25.6,13.3,22.87649999518813,88.53034990659572,7.0,10935.571431218155,0.0,0.0,0.0,0.0,25.1,25.2,28.5,13.3,14.5,0.0,0.0,2,40
2025-02-10,A1,ADHATA,0.0,28.8,14.5,22.87649999518813,88.53034990659572,7.0,10935.571431218155,0.0,0.0,0.0,0.0,25.6,25.1,28.4,13.3,13.3,0.0,0.0,2,41
2025-02-11,A1,ADHATA,0.0,29.5,18.6,22.87649999518813,88.53034990659572,7.0,10935.571431218155,0.0,0.0,0.0,0.0,28.8,25.6,26.8,14.5,13.3,0.0,0.0,2,42
2025-02-12,A1,ADHATA,0.0,29.7,19.3,22.87649999518813,88.53034990659572,7.0,10935.571431218155,0.0,0.0,0.0,0.0,29.5,28.8,28.7,18.6,14.5,0.0,0.0,2,43
2025-02-13,A1,ADHATA,0.0,29.7,20.1,22.87649999518813,88.53034990659572,7.0,10935.571431218155,0.0,0.0,0.0,0.0,29.7,29.5,28.4,19.3,18.6,0.0,0.0,2,44
2025-02-14,A1,ADHATA,0.0,27.4,15.6,22.87649999518813,88.53034990659572,7.0,10935.571431218155,0.0,0.0,0.0,0.0,29.7,29.7,25.2,20.1,19.3,0.0,0.0,2,45
2025-02-15,A1,ADHATA,0.0,28.5,15.8,22.87649999518813,88.53034990659572,7.0,10935.571431218155,0.0,0.0,0.0,0.0,27.4,29.7,25.1,15.6,20.1,0.0,0.0,2,46
2025-02-16,A1,ADHATA,0.0,30.5,16.4,22.87649999518813,88.53034990659572,7.0,10935.571431218155,0.0,0.0,0.0,0.0,28.5,27.4,25.6,15.8,15.6,0.0,0.0,2,47
2025-02-17,A1,ADHATA,0.1,31.1,18.3,22.87649999518813,88.53034990659572,7.0,10935.571431218155,0.0,0.0,0.0,0.0,30.5,28.5,28.8,16.4,15.8,0.0,0.0,2,48
2025-02-18,A1,ADHATA,2.5,29.7,18.5,22.87649999518813,88.53034990659572,7.0,10935.571431218155,0.1,0.0,0.0,0.0,31.1,30.5,29.5,18.3,16.4,0.1,0.10000000000001066,2,49
2025-02-19,A1,ADHATA,12.6,28.2,18.7,22.87649999518813,88.53034990659572,7.0,10935.571431218155,2.5,0.1,0.0,0.0,29.7,31.1,29.7,18.5,18.3,2.6,2.6000000000000107,2,50
2025-02-20,A1,ADHATA,7.7,27.1,18.8,22.87649999518813,88.53034990659572,7.0,10935.571431218155,12.6,2.5,0.1,0.0,28.2,29.7,29.7,18.7,18.5,15.2,15.20000000000001,2,51
2025-02-21,A1,ADHATA,0.0,28.8,17.5,22.87649999518813,88.53034990659572,7.0,10935.571431218155,7.7,12.6,2.5,0.0,27.1,28.2,27.4,18.8,18.7,22.8,22.90000000000001,2,52
2025-02-22,A1,ADHATA,11.8,28.8,19.2,22.87649999518813,88.53034990659572,7.0,10935.571431218155,0.0,7.7,12.6,0.0,28.8,27.1,28.5,17.5,18.8,20.3,22.90000000000001,2,53
2025-02-23,A1,ADHATA,5.7,28.1,18.0,22.87649999518813,88.53034990659572,7.0,10935.571431218155,11.8,0.0,7.7,0.0,28.8,28.8,30.5,19.2,17.5,19.5,34.70000000000001,2,54
2025-02-24,A1,ADHATA,0.0,28.8,17.6,22.87649999518813,88.53034990659572,7.0,10935.571431218155,5.7,11.8,0.0,0.1,28.1,28.8,31.1,18.0,19.2,17.500000000000004,40.40000000000001,2,55
2025-02-25,A1,ADHATA,0.0,29.0,18.3,22.87649999518813,88.53034990659572,7.0,10935.571431218155,0.0,5.7,11.8,2.5,28.8,28.1,29.7,17.6,18.0,17.500000000000004,40.30000000000001,2,56
2025-02-26,A1,ADHATA,0.0,29.1,17.9,22.87649999518813,88.53034990659572,7.0,10935.571431218155,0.0,0.0,5.7,12.6,29.0,28.8,28.2,18.3,17.6,5.700000000000002,37.80000000000001,2,57
2025-02-27,A1,ADHATA,0.0,29.7,17.8,22.87649999518813,88.53034990659572,7.0,10935.571431218155,0.0,0.0,0.0,7.7,29.1,29.0,27.1,17.9,18.3,0.0,25.20000000000001,2,58
2025-02-28,A1,ADHATA,0.0,30.4,19.5,22.87649999518813,88.53034990659572,7.0,10935.571431218155,0.0,0.0,0.0,0.0,29.7,29.1,28.8,17.8,17.9,0.0,17.50000000000001,2,59
2025-03-01,A1,ADHATA,0.0,32.9,20.0,22.87649999518813,88.53034990659572,7.0,10935.571431218155,0.0,0.0,0.0,11.8,30.4,29.7,28.8,19.5,17.8,0.0,17.50000000000001,3,60
2025-03-02,A1,ADHATA,0.0,33.0,20.9,22.87649999518813,88.53034990659572,7.0,10935.571431218155,0.0,0.0,0.0,5.7,32.9,30.4,28.1,20.0,19.5,0.0,5.700000000000011,3,61
2025-03-03,A1,ADHATA,0.0,31.7,20.6,22.87649999518813,88.53034990659572,7.0,10935.571431218155,0.0,0.0,0.0,0.0,33.0,32.9,28.8,20.9,20.0,0.0,0.0,3,62
2025-03-04,A1,ADHATA,0.0,30.6,20.4,22.87649999518813,88.53034990659572,7.0,10935.571431218155,0.0,0.0,0.0,0.0,31.7,33.0,29.0,20.6,20.9,0.0,0.0,3,63
2025-03-05,A1,ADHATA,0.0,30.7,19.8,22.87649999518813,88.53034990659572,7.0,10935.571431218155,0.0,0.0,0.0,0.0,30.6,31.7,29.1,20.4,20.6,0.0,0.0,3,64
2025-03-06,A1,ADHATA,0.0,27.1,17.0,22.87649999518813,88.53034990659572,7.0,10935.571431218155,0.0,0.0,0.0,0.0,30.7,30.6,29.7,19.8,20.4,0.0,0.0,3,65
2025-03-07,A1,ADHATA,0.0,29.1,15.8,22.87649999518813,88.53034990659572,7.0,10935.571431218155,0.0,0.0,0.0,0.0,27.1,30.7,30.4,17.0,19.8,0.0,0.0,3,66
2025-03-08,A1,ADHATA,0.0,31.4,17.7,22.87649999518813,88.53034990659572,7.0,10935.571431218155,0.0,0.0,0.0,0.0,29.1,27.1,32.9,15.8,17.0,0.0,0.0,3,67
2025-03-09,A1,ADHATA,0.0,31.3,18.8,22.87649999518813,88.53034990659572,7.0,10935.571431218155,0.0,0.0,0.0,0.0,31.4,29.1,33.0,17.7,15.8,0.0,0.0,3,68
2025-03-10,A1,ADHATA,0.0,32.2,19.7,22.87649999518813,88.53034990659572,7.0,10935.571431218155,0.0,0.0,0.0,0.0,31.3,31.4,31.7,18.8,17.7,0.0,0.0,3,69
2025-03-11,A1,ADHATA,0.0,32.9,20.6,22.87649999518813,88.53034990659572,7.0,10935.571431218155,0.0,0.0,0.0,0.0,32.2,31.3,30.6,19.7,18.8,0.0,0.0,3,70
2025-03-12,A1,ADHATA,0.0,34.0,20.4,22.87649999518813,88.53034990659572,7.0,10935.571431218155,0.0,0.0,0.0,0.0,32.9,32.2,30.7,20.6,19.7,0.0,0.0,3,71
2025-03-13,A1,ADHATA,0.0,35.4,22.4,22.87649999518813,88.53034990659572,7.0,10935.571431218155,0.0,0.0,0.0,0.0,34.0,32.9,27.1,20.4,20.6,0.0,0.0,3,72
2025-03-14,A1,ADHATA,0.0,35.9,22.8,22.87649999518813,88.53034990659572,7.0,10935.571431218155,0.0,0.0,0.0,0.0,35.4,34.0,29.1,22.4,20.4,0.0,0.0,3,73
2025-03-15,A1,ADHATA,0.1,34.9,23.5,22.87649999518813,88.53034990659572,7.0,10935.571431218155,0.0,0.0,0.0,0.0,35.9,35.4,31.4,22.8,22.4,0.0,0.0,3,74
2025-03-16,A1,ADHATA,6.1,38.0,24.2,22.87649999518813,88.53034990659572,7.0,10935.571431218155,0.1,0.0,0.0,0.0,34.9,35.9,31.3,23.5,22.8,0.10000000000000178,0.10000000000001066,3,75
2025-03-17,A1,ADHATA,2.9,34.9,23.1,22.87649999518813,88.53034990659572,7.0,10935.571431218155,6.1,0.1,0.0,0.0,38.0,34.9,32.2,24.2,23.5,6.200000000000001,6.20000000000001,3,76
2025-03-18,A1,ADHATA,0.0,33.5,23.9,22.87649999518813,88.53034990659572,7.0,10935.571431218155,2.9,6.1,0.1,0.0,34.9,38.0,32.9,23.1,24.2,9.100000000000001,9.10000000000001,3,77
2025-03-19,A1,ADHATA,0.0,34.8,22.2,22.87649999518813,88.53034990659572,7.0,10935.571431218155,0.0,2.9,6.1,0.0,33.5,34.9,34.0,23.9,23.1,9.000000000000002,9.10000000000001,3,78
2025-03-20,A1,ADHATA,3.9,31.2,24.1,22.87649999518813,88.53034990659572,7.0,10935.571431218155,0.0,0.0,2.9,0.0,34.8,33.5,35.4,22.2,23.9,2.9000000000000017,9.10000000000001,3,79
2025-03-21,A1,ADHATA,5.7,30.7,21.1,22.87649999518813,88.53034990659572,7.0,10935.571431218155,3.9,0.0,0.0,0.0,31.2,34.8,35.9,24.1,22.2,3.9000000000000017,13.00000000000001,3,80
2025-03-22,A1,ADHATA,4.8,26.6,20.9,22.87649999518813,88.53034990659572,7.0,10935.571431218155,5.7,3.9,0.0,0.1,30.7,31.2,34.9,21.1,24.1,9.600000000000001,18.70000000000001,3,81
2025-03-23,A1,ADHATA,0.2,28.6,18.6,22.87649999518813,88.53034990659572,7.0,10935.571431218155,4.8,5.7,3.9,6.1,26.6,30.7,38.0,20.9,21.1,14.400000000000002,23.40000000000001,3,82
2025-03-24,A1,ADHATA,0.0,30.7,18.0,22.87649999518813,88.53034990659572,7.0,10935.571431218155,0.2,4.8,5.7,2.9,28.6,26.6,34.9,18.6,20.9,10.700000000000001,17.50000000000001,3,83
2025-03-25,A1,ADHATA,0.0,32.0,19.4,22.87649999518813,88.53034990659572,7.0,10935.571431218155,0.0,0.2,4.8,0.0,30.7,28.6,33.5,18.0,18.6,5.000000000000003,14.60000000000001,3,84
2025-03-26,A1,ADHATA,0.0,34.2,21.1,22.87649999518813,88.53034990659572,7.0,10935.571431218155,0.0,0.0,0.2,0.0,32.0,30.7,34.8,19.4,18.0,0.20000000000000268,14.60000000000001,3,85
2025-03-27,A1,ADHATA,0.0,35.4,23.3,22.87649999518813,88.53034990659572,7.0,10935.571431218155,0.0,0.0,0.0,3.9,34.2,32.0,31.2,21.1,19.4,0.0,14.60000000000001,3,86
2025-03-28,A1,ADHATA,0.0,36.7,23.2,22.87649999518813,88.53034990659572,7.0,10935.571431218155,0.0,0.0,0.0,5.7,35.4,34.2,30.7,23.3,21.1,0.0,10.70000000000001,3,87
2025-03-29,A1,ADHATA,0.0,35.5,23.3,22.87649999518813,88.53034990659572,7.0,10935.571431218155,0.0,0.0,0.0,4.8,36.7,35.4,26.6,23.2,23.3,0.0,5.000000000000011,3,88
2025-03-30,A1,ADHATA,0.1,35.4,24.1,22.87649999518813,88.53034990659572,7.0,10935.571431218155,0.0,0.0,0.0,0.2,35.5,36.7,28.6,23.3,23.2,0.0,0.20000000000001067,3,89
2025-03-31,A1,ADHATA,0.0,35.9,25.2,22.87649999518813,88.53034990659572,7.0,10935.571431218155,0.1,0.0,0.0,0.0,35.4,35.5,30.7,24.1,23.3,0.10000000000000267,0.10000000000001066,3,90
2025-04-01,A1,ADHATA,0.0,36.1,25.0,22.87649999518813,88.53034990659572,7.0,10935.571431218155,0.0,0.1,0.0,0.0,35.9,35.4,32.0,25.2,24.1,0.10000000000000267,0.10000000000001066,4,91
2025-04-02,A1,ADHATA,0.2,36.5,24.9,22.87649999518813,88.53034990659572,7.0,10935.571431218155,0.0,0.0,0.1,0.0,36.1,35.9,34.2,25.0,25.2,0.10000000000000267,0.10000000000001066,4,92
2025-04-03,A1,ADHATA,0.0,36.0,24.8,22.87649999518813,88.53034990659572,7.0,10935.571431218155,0.2,0.0,0.0,0.0,36.5,36.1,35.4,24.9,25.0,0.20000000000000268,0.3000000000000107,4,93
2025-04-04,A1,ADHATA,0.0,34.0,25.4,22.87649999518813,88.53034990659572,7.0,10935.571431218155,0.0,0.2,0.0,0.0,36.0,36.5,36.7,24.8,24.9,0.20000000000000268,0.3000000000000107,4,94
2025-04-05,A1,ADHATA,0.0,36.4,24.4,22.87649999518813,88.53034990659572,7.0,10935.571431218155,0.0,0.0,0.2,0.0,34.0,36.0,35.5,25.4,24.8,0.20000000000000268,0.3000000000000107,4,95
2025-04-06,A1,ADHATA,0.5,35.7,24.3,22.87649999518813,88.53034990659572,7.0,10935.571431218155,0.0,0.0,0.0,0.1,36.4,34.0,35.4,24.4,25.4,0.0,0.3000000000000107,4,96
2025-04-07,A1,ADHATA,0.7,34.9,24.5,22.87649999518813,88.53034990659572,7.0,10935.571431218155,0.5,0.0,0.0,0.0,35.7,36.4,35.9,24.3,24.4,0.5000000000000027,0.7000000000000107,4,97
2025-04-08,A1,ADHATA,0.5,34.2,24.2,22.87649999518813,88.53034990659572,7.0,10935.571431218155,0.7,0.5,0.0,0.0,34.9,35.7,36.1,24.5,24.3,1.2000000000000026,1.4000000000000106,4,98
2025-04-09,A1,ADHATA,2.4,33.5,23.5,22.87649999518813,88.53034990659572,7.0,10935.571431218155,0.5,0.7,0.5,0.2,34.2,34.9,36.5,24.2,24.5,1.7000000000000026,1.9000000000000106,4,99
2025-04-10,A1,ADHATA,22.5,34.5,21.9,22.87649999518813,88.53034990659572,7.0,10935.571431218155,2.4,0.5,0.7,0.0,33.5,34.2,36.0,23.5,24.2,3.6000000000000023,4.10000000000001,4,100
2025-04-11,A1,ADHATA,0.3,31.9,21.9,22.87649999518813,88.53034990659572,7.0,10935.571431218155,22.5,2.4,0.5,0.0,34.5,33.5,34.0,21.9,23.5,25.400000000000002,26.60000000000001,4,101
2025-04-12,A1,ADHATA,1.6,34.9,23.7,22.87649999518813,88.53034990659572,7.0,10935.571431218155,0.3,22.5,2.4,0.0,31.9,34.5,36.4,21.9,21.9,25.200000000000003,26.90000000000001,4,102
2025-04-13,A1,ADHATA,0.0,33.3,23.4,22.87649999518813,88.53034990659572,7.0,10935.571431218155,1.6,0.3,22.5,0.5,34.9,31.9,35.7,23.7,21.9,24.400000000000002,28.500000000000007,4,103
2025-04-14,A1,ADHATA,3.3,32.4,23.9,22.87649999518813,88.53034990659572,7.0,10935.571431218155,0.0,1.6,0.3,0.7,33.3,34.9,34.9,23.4,23.7,1.9000000000000037,28.000000000000007,4,104
2025-04-15,A1,ADHATA,1.2,32.6,23.4,22.87649999518813,88.53034990659572,7.0,10935.571431218155,3.3,0.0,1.6,0.5,32.4,33.3,34.2,23.9,23.4,4.900000000000004,30.60000000000001,4,105
2025-04-16,A1,ADHATA,3.7,33.4,23.1,22.87649999518813,88.53034990659572,7.0,10935.571431218155,1.2,3.3,0.0,2.4,32.6,32.4,33.5,23.4,23.9,4.5000000000000036,31.300000000000008,4,106
2025-04-17,A1,ADHATA,28.3,32.3,22.9,22.87649999518813,88.53034990659572,7.0,10935.571431218155,3.7,1.2,3.3,22.5,33.4,32.6,34.5,23.1,23.4,8.200000000000003,32.60000000000001,4,107
2025-04-18,A1,ADHATA,7.6,29.6,22.6,22.87649999518813,88.53034990659572,7.0,10935.571431218155,28.3,3.7,1.2,0.3,32.3,33.4,31.9,22.9,23.1,33.2,38.400000000000006,4,108
2025-04-19,A1,ADHATA,2.0,29.9,23.0,22.87649999518813,88.53034990659572,7.0,10935.571431218155,7.6,28.3,3.7,1.6,29.6,32.3,34.9,22.6,22.9,39.6,45.70000000000001,4,109
2025-04-20,A1,ADHATA,0.9,34.7,24.8,22.87649999518813,88.53034990659572,7.0,10935.571431218155,2.0,7.6,28.3,0.0,29.9,29.6,33.3,23.0,22.6,37.900000000000006,46.10000000000001,4,110
2025-04-21,A1,ADHATA,0.1,36.1,27.6,22.87649999518813,88.53034990659572,7.0,10935.571431218155,0.9,2.0,7.6,3.3,34.7,29.9,32.4,24.8,23.0,10.5,47.00000000000001,4,111
2025-04-22,A1,ADHATA,0.0,36.4,27.5,22.87649999518813,88.53034990659572,7.0,10935.571431218155,0.1,0.9,2.0,1.2,36.1,34.7,32.6,27.6,24.8,3.0,43.800000000000004,4,112
2025-04-23,A1,ADHATA,0.0,38.3,27.1,22.87649999518813,88.53034990659572,7.0,10935.571431218155,0.0,0.1,0.9,3.7,36.4,36.1,33.4,27.5,27.6,1.0,42.60000000000001,4,113
2025-04-24,A1,ADHATA,0.0,37.1,27.2,22.87649999518813,88.53034990659572,7.0,10935.571431218155,0.0,0.0,0.1,28.3,38.3,36.4,32.3,27.1,27.5,0.1,38.900000000000006,4,114
2025-04-25,A1,ADHATA,1.5,38.0,27.4,22.87649999518813,88.53034990659572,7.0,10935.571431218155,0.0,0.0,0.0,7.6,37.1,38.3,29.6,27.2,27.1,0.0,10.600000000000007,4,115
2025-04-26,A1,ADHATA,1.3,36.3,27.0,22.87649999518813,88.53034990659572,7.0,10935.571431218155,1.5,0.0,0.0,2.0,38.0,37.1,29.9,27.4,27.2,1.5,4.500000000000007,4,116
2025-04-27,A1,ADHATA,0.0,35.2,27.6,22.87649999518813,88.53034990659572,7.0,10935.571431218155,1.3,1.5,0.0,0.9,36.3,38.0,34.7,27.0,27.4,2.8,3.800000000000007,4,117
2025-04-28,A1,ADHATA,1.5,29.8,24.9,22.87649999518813,88.53034990659572,7.0,10935.571431218155,0.0,1.3,1.5,0.1,35.2,36.3,36.1,27.6,27.0,2.8,2.9000000000000075,4,118
2025-04-29,A1,ADHATA,11.3,30.7,22.5,22.87649999518813,88.53034990659572,7.0,10935.571431218155,1.5,0.0,1.3,0.0,29.8,35.2,36.4,24.9,27.6,2.8,4.300000000000007,4,119
2025-04-30,A1,ADHATA,1.6,30.6,21.8,22.87649999518813,88.53034990659572,7.0,10935.571431218155,11.3,1.5,0.0,0.0,30.7,29.8,38.3,22.5,24.9,12.8,15.600000000000009,4,120
2025-05-01,A1,ADHATA,2.7,31.4,22.0,22.87649999518813,88.53034990659572,7.0,10935.571431218155,1.6,11.3,1.5,0.0,30.6,30.7,37.1,21.8,22.5,14.4,17.20000000000001,5,121
2025-05-02,A1,ADHATA,0.0,30.5,21.7,22.87649999518813,88.53034990659572,7.0,10935.571431218155,2.7,1.6,11.3,1.5,31.4,30.6,38.0,22.0,21.8,15.600000000000001,19.90000000000001,5,122
2025-05-03,A1,ADHATA,1.4,32.2,23.3,22.87649999518813,88.53034990659572,7.0,10935.571431218155,0.0,2.7,1.6,1.3,30.5,31.4,36.3,21.7,22.0,4.300000000000001,18.40000000000001,5,123
2025-05-04,A1,ADHATA,3.6,31.2,23.8,22.87649999518813,88.53034990659572,7.0,10935.571431218155,1.4,0.0,2.7,0.0,32.2,30.5,35.2,23.3,21.7,4.1,18.500000000000007,5,124
2025-05-05,A1,ADHATA,1.5,32.7,23.6,22.87649999518813,88.53034990659572,7.0,10935.571431218155,3.6,1.4,0.0,1.5,31.2,32.2,29.8,23.8,23.3,5.0,22.10000000000001,5,125
2025-05-06,A1,ADHATA,14.0,32.2,24.5,22.87649999518813,88.53034990659572,7.0,10935.571431218155,1.5,3.6,1.4,11.3,32.7,31.2,30.7,23.6,23.8,6.5,22.10000000000001,5,126
2025-05-07,A1,ADHATA,1.1,33.5,24.0,22.87649999518813,88.53034990659572,7.0,10935.571431218155,14.0,1.5,3.6,1.6,32.2,32.7,30.6,24.5,23.6,19.1,24.800000000000008,5,127
2025-05-08,A1,ADHATA,0.0,35.8,26.9,22.87649999518813,88.53034990659572,7.0,10935.571431218155,1.1,14.0,1.5,2.7,33.5,32.2,31.4,24.0,24.5,16.6,24.300000000000008,5,128
2025-05-09,A1,ADHATA,0.0,36.5,26.8,22.87649999518813,88.53034990659572,7.0,10935.571431218155,0.0,1.1,14.0,0.0,35.8,33.5,30.5,26.9,24.0,15.1,21.60000000000001,5,129
2025-05-10,A1,ADHATA,0.6,36.4,26.7,22.87649999518813,88.53034990659572,7.0,10935.571431218155,0.0,0.0,1.1,1.4,36.5,35.8,32.2,26.8,26.9,1.1,21.60000000000001,5,130
2025-05-11,A1,ADHATA,0.0,36.7,27.2,22.87649999518813,88.53034990659572,7.0,10935.571431218155,0.6,0.0,0.0,3.6,36.4,36.5,31.2,26.7,26.8,0.6,20.800000000000008,5,131
2025-05-12,A1,ADHATA,1.0,37.1,28.6,22.87649999518813,88.53034990659572,7.0,10935.571431218155,0.0,0.6,0.0,1.5,36.7,36.4,32.7,27.2,26.7,0.6,17.200000000000006,5,132
2025-05-13,A1,ADHATA,1.5,35.8,28.4,22.87649999518813,88.53034990659572,7.0,10935.571431218155,1.0,0.0,0.6,14.0,37.1,36.7,32.2,28.6,27.2,1.6,16.700000000000006,5,133
2025-05-14,A1,ADHATA,0.7,36.5,28.2,22.87649999518813,88.53034990659572,7.0,10935.571431218155,1.5,1.0,0.0,1.1,35.8,37.1,33.5,28.4,28.6,2.5,4.200000000000007,5,134
2025-05-15,A1,ADHATA,7.6,35.2,27.1,22.87649999518813,88.53034990659572,7.0,10935.571431218155,0.7,1.5,1.0,0.0,36.5,35.8,35.8,28.2,28.4,3.2,3.800000000000007,5,135
2025-05-16,A1,ADHATA,8.7,35.0,27.8,22.87649999518813,88.53034990659572,7.0,10935.571431218155,7.6,0.7,1.5,0.0,35.2,36.5,36.5,27.1,28.2,9.8,11.400000000000006,5,136
2025-05-17,A1,ADHATA,17.3,35.0,25.5,22.87649999518813,88.53034990659572,7.0,10935.571431218155,8.7,7.6,0.7,0.6,35.0,35.2,36.4,27.8,27.1,17.0,20.100000000000005,5,137
2025-05-18,A1,ADHATA,10.6,30.6,25.4,22.87649999518813,88.53034990659572,7.0,10935.571431218155,17.3,8.7,7.6,0.0,35.0,35.0,36.7,25.5,27.8,33.6,36.800000000000004,5,138
2025-05-19,A1,ADHATA,5.4,33.3,26.0,22.87649999518813,88.53034990659572,7.0,10935.571431218155,10.6,17.3,8.7,1.0,30.6,35.0,37.1,25.4,25.5,36.6,47.400000000000006,5,139
2025-05-20,A1,ADHATA,16.2,34.6,25.2,22.87649999518813,88.53034990659572,7.0,10935.571431218155,5.4,10.6,17.3,1.5,33.3,30.6,35.8,26.0,25.4,33.3,51.800000000000004,5,140
2025-05-21,A1,ADHATA,28.3,33.6,25.8,22.87649999518813,88.53034990659572,7.0,10935.571431218155,16.2,5.4,10.6,0.7,34.6,33.3,36.5,25.2,26.0,32.2,66.5,5,141
2025-05-22,A1,ADHATA,3.8,32.2,26.1,22.87649999518813,88.53034990659572,7.0,10935.571431218155,28.3,16.2,5.4,7.6,33.6,34.6,35.2,25.8,25.2,49.9,94.1,5,142
2025-05-23,A1,ADHATA,4.8,31.2,25.7,22.87649999518813,88.53034990659572,7.0,10935.571431218155,3.8,28.3,16.2,8.7,32.2,33.6,35.0,26.1,25.8,48.3,90.30000000000001,5,143
2025-05-24,A1,ADHATA,5.1,32.1,25.4,22.87649999518813,88.53034990659572,7.0,10935.571431218155,4.8,3.8,28.3,17.3,31.2,32.2,35.0,25.7,26.1,36.9,86.4,5,144
2025-05-25,A1,ADHATA,13.7,31.0,25.6,22.87649999518813,88.53034990659572,7.0,10935.571431218155,5.1,4.8,3.8,10.6,32.1,31.2,30.6,25.4,25.7,13.7,74.2,5,145
2025-05-26,A1,ADHATA,14.2,30.6,25.2,22.87649999518813,88.53034990659572,7.0,10935.571431218155,13.7,5.1,4.8,5.4,31.0,32.1,33.3,25.6,25.4,23.599999999999998,77.30000000000001,5,146
2025-05-27,A1,ADHATA,9.1,31.7,25.5,22.87649999518813,88.53034990659572,7.0,10935.571431218155,14.2,13.7,5.1,16.2,30.6,31.0,34.6,25.2,25.6,33.0,86.1,5,147
2025-05-28,A1,ADHATA,10.0,31.6,25.9,22.87649999518813,88.53034990659572,7.0,10935.571431218155,9.1,14.2,13.7,28.3,31.7,30.6,33.6,25.5,25.2,37.0,79.00000000000001,5,148
2025-05-29,A1,ADHATA,31.8,29.3,25.4,22.87649999518813,88.53034990659572,7.0,10935.571431218155,10.0,9.1,14.2,3.8,31.6,31.7,32.2,25.9,25.5,33.3,60.7,5,149
2025-05-30,A1,ADHATA,19.0,32.8,24.7,22.87649999518813,88.53034990659572,7.0,10935.571431218155,31.8,10.0,9.1,4.8,29.3,31.6,31.2,25.4,25.9,50.900000000000006,88.70000000000002,5,150
2025-05-31,A1,ADHATA,33.5,32.2,25.3,22.87649999518813,88.53034990659572,7.0,10935.571431218155,19.0,31.8,10.0,5.1,32.8,29.3,32.1,24.7,25.4,60.8,102.9,5,151
2025-06-01,A1,ADHATA,21.4,31.3,26.7,22.87649999518813,88.53034990659572,7.0,10935.571431218155,33.5,19.0,31.8,13.7,32.2,32.8,31.0,25.3,24.7,84.3,131.3,6,152
2025-06-02,A1,ADHATA,0.0,36.0,26.8,22.87649999518813,88.53034990659572,7.0,10935.571431218155,21.4,33.5,19.0,14.2,31.3,32.2,30.6,26.7,25.3,73.9,139.0,6,153
2025-06-03,A1,ADHATA,0.3,34.8,27.1,22.87649999518813,88.53034990659572,7.0,10935.571431218155,0.0,21.4,33.5,9.1,36.0,31.3,31.7,26.8,26.7,54.9,124.80000000000001,6,154
2025-06-04,A1,ADHATA,1.2,34.0,26.1,22.87649999518813,88.53034990659572,7.0,10935.571431218155,0.3,0.0,21.4,10.0,34.8,36.0,31.6,27.1,26.8,21.7,116.0,6,155
2025-06-05,A1,ADHATA,1.4,32.3,26.5,22.87649999518813,88.53034990659572,7.0,10935.571431218155,1.2,0.3,0.0,31.8,34.0,34.8,29.3,26.1,27.1,1.5,107.2,6,156
2025-06-06,A1,ADHATA,6.0,32.7,25.9,22.87649999518813,88.53034990659572,7.0,10935.571431218155,1.4,1.2,0.3,19.0,32.3,34.0,32.8,26.5,26.1,2.9,76.80000000000001,6,157
2025-06-07,A1,ADHATA,0.0,33.7,25.4,22.87649999518813,88.53034990659572,7.0,10935.571431218155,6.0,1.4,1.2,33.5,32.7,32.3,32.2,25.9,26.5,8.6,63.800000000000004,6,158
2025-06-08,A1,ADHATA,0.7,33.7,26.4,22.87649999518813,88.53034990659572,7.0,10935.571431218155,0.0,6.0,1.4,21.4,33.7,32.7,31.3,25.4,25.9,7.3999999999999995,30.300000000000004,6,159
2025-06-09,A1,ADHATA,0.2,33.6,26.3,22.87649999518813,88.53034990659572,7.0,10935.571431218155,0.7,0.0,6.0,0.0,33.7,33.7,36.0,26.4,25.4,6.7,9.600000000000007,6,160
2025-06-10,A1,ADHATA,0.3,34.2,26.3,22.87649999518813,88.53034990659572,7.0,10935.571431218155,0.2,0.7,0.0,0.3,33.6,33.7,34.8,26.3,26.4,0.8999999999999999,9.800000000000008,6,161
2025-06-11,A1,ADHATA,0.3,33.1,26.8,22.87649999518813,88.53034990659572,7.0,10935.571431218155,0.3,0.2,0.7,1.2,34.2,33.6,34.0,26.3,26.3,1.2,9.800000000000006,6,162
2025-06-12,A1,ADHATA,0.4,33.1,25.8,22.87649999518813,88.53034990659572,7.0,10935.571431218155,0.3,0.3,0.2,1.4,33.1,34.2,32.3,26.8,26.3,0.8,8.900000000000007,6,163
2025-06-13,A1,ADHATA,0.2,33.3,26.6,22.87649999518813,88.53034990659572,7.0,10935.571431218155,0.4,0.3,0.3,6.0,33.1,33.1,32.7,25.8,26.8,1.0,7.9000000000000075,6,164
2025-06-14,A1,ADHATA,0.6,34.1,27.3,22.87649999518813,88.53034990659572,7.0,10935.571431218155,0.2,0.4,0.3,0.0,33.3,33.1,33.7,26.6,25.8,0.9,2.100000000000007,6,165
2025-06-15,A1,ADHATA,17.4,30.5,26.7,22.87649999518813,88.53034990659572,7.0,10935.571431218155,0.6,0.2,0.4,0.7,34.1,33.3,33.7,27.3,26.6,1.2000000000000002,2.7000000000000073,6,166
2025-06-16,A1,ADHATA,32.4,31.7,26.0,22.87649999518813,88.53034990659572,7.0,10935.571431218155,17.4,0.6,0.2,0.2,30.5,34.1,33.6,26.7,27.3,18.2,19.400000000000006,6,167
2025-06-17,A1,ADHATA,52.8,28.8,25.2,22.87649999518813,88.53034990659572,7.0,10935.571431218155,32.4,17.4,0.6,0.3,31.7,30.5,34.2,26.0,26.7,50.4,51.60000000000001,6,168
2025-06-18,A1,ADHATA,26.0,28.6,25.3,22.87649999518813,88.53034990659572,7.0,10935.571431218155,52.8,32.4,17.4,0.3,28.8,31.7,33.1,25.2,26.0,102.6,104.1,6,169
2025-06-19,A1,ADHATA,64.9,30.5,24.1,22.87649999518813,88.53034990659572,7.0,10935.571431218155,26.0,52.8,32.4,0.4,28.6,28.8,33.1,25.3,25.2,111.19999999999999,129.8,6,170
2025-06-20,A1,ADHATA,9.9,32.1,26.1,22.87649999518813,88.53034990659572,7.0,10935.571431218155,64.9,26.0,52.8,0.2,30.5,28.6,33.3,24.1,25.3,143.7,194.3,6,171
2025-06-21,A1,ADHATA,1.1,33.2,26.4,22.87649999518813,88.53034990659572,7.0,10935.571431218155,9.9,64.9,26.0,0.6,32.1,30.5,34.1,26.1,24.1,100.80000000000001,204.00000000000003,6,172
2025-06-22,A1,ADHATA,25.8,32.4,26.3,22.87649999518813,88.53034990659572,7.0,10935.571431218155,1.1,9.9,64.9,17.4,33.2,32.1,30.5,26.4,26.1,75.9,204.5,6,173
2025-06-23,A1,ADHATA,9.4,31.8,26.2,22.87649999518813,88.53034990659572,7.0,10935.571431218155,25.8,1.1,9.9,32.4,32.4,33.2,31.7,26.3,26.4,36.8,212.90000000000003,6,174
2025-06-24,A1,ADHATA,4.0,32.4,26.2,22.87649999518813,88.53034990659572,7.0,10935.571431218155,9.4,25.8,1.1,52.8,31.8,32.4,28.8,26.2,26.3,36.300000000000004,189.9,6,175
2025-06-25,A1,ADHATA,14.5,31.7,26.2,22.87649999518813,88.53034990659572,7.0,10935.571431218155,4.0,9.4,25.8,26.0,32.4,31.8,28.6,26.2,26.2,39.2,141.10000000000002,6,176
2025-06-26,A1,ADHATA,2.6,32.1,26.5,22.87649999518813,88.53034990659572,7.0,10935.571431218155,14.5,4.0,9.4,64.9,31.7,32.4,30.5,26.2,26.2,27.9,129.60000000000002,6,177
2025-06-27,A1,ADHATA,15.9,31.3,25.3,22.87649999518813,88.53034990659572,7.0,10935.571431218155,2.6,14.5,4.0,9.9,32.1,31.7,32.1,26.5,26.2,21.1,67.30000000000001,6,178
2025-06-28,A1,ADHATA,15.6,30.5,25.4,22.87649999518813,88.53034990659572,7.0,10935.571431218155,15.9,2.6,14.5,1.1,31.3,32.1,33.2,25.3,26.5,33.0,73.30000000000001,6,179
2025-06-29,A1,ADHATA,43.2,31.2,25.4,22.87649999518813,88.53034990659572,7.0,10935.571431218155,15.6,15.9,2.6,25.8,30.5,31.3,32.4,25.4,25.3,34.1,87.80000000000001,6,180
2025-06-30,A1,ADHATA,21.1,30.0,25.3,22.87649999518813,88.53034990659572,7.0,10935.571431218155,43.2,15.6,15.9,9.4,31.2,30.5,31.8,25.4,25.4,74.7,105.20000000000002,6,181
2025-07-01,A1,ADHATA,19.4,30.4,26.0,22.87649999518813,88.53034990659572,7.0,10935.571431218155,21.1,43.2,15.6,4.0,30.0,31.2,32.4,25.3,25.4,79.9,116.90000000000003,7,182
2025-07-02,A1,ADHATA,13.2,32.6,25.8,22.87649999518813,88.53034990659572,7.0,10935.571431218155,19.4,21.1,43.2,14.5,30.4,30.0,31.7,26.0,25.3,83.70000000000002,132.3,7,183
2025-07-03,A1,ADHATA,33.5,31.0,25.6,22.87649999518813,88.53034990659572,7.0,10935.571431218155,13.2,19.4,21.1,2.6,32.6,30.4,32.1,25.8,26.0,53.7,131.00000000000003,7,184
2025-07-04,A1,ADHATA,29.4,31.4,24.9,22.87649999518813,88.53034990659572,7.0,10935.571431218155,33.5,13.2,19.4,15.9,31.0,32.6,31.3,25.6,25.8,66.1,161.90000000000003,7,185
2025-07-05,A1,ADHATA,15.5,30.5,25.6,22.87649999518813,88.53034990659572,7.0,10935.571431218155,29.4,33.5,13.2,15.6,31.4,31.0,30.5,24.9,25.6,76.1,175.40000000000003,7,186
2025-07-06,A1,ADHATA,3.7,29.0,25.5,22.87649999518813,88.53034990659572,7.0,10935.571431218155,15.5,29.4,33.5,43.2,30.5,31.4,31.2,25.6,24.9,78.4,175.30000000000004,7,187
2025-07-07,A1,ADHATA,14.4,29.2,25.3,22.87649999518813,88.53034990659572,7.0,10935.571431218155,3.7,15.5,29.4,21.1,29.0,30.5,30.0,25.5,25.6,48.6,135.8,7,188
2025-07-08,A1,ADHATA,30.2,28.2,24.6,22.87649999518813,88.53034990659572,7.0,10935.571431218155,14.4,3.7,15.5,19.4,29.2,29.0,30.4,25.3,25.5,33.6,129.10000000000002,7,189
2025-07-09,A1,ADHATA,18.1,29.9,24.8,22.87649999518813,88.53034990659572,7.0,10935.571431218155,30.2,14.4,3.7,13.2,28.2,29.2,32.6,24.6,25.3,48.3,139.9,7,190
2025-07-10,A1,ADHATA,29.6,31.1,24.9,22.87649999518813,88.53034990659572,7.0,10935.571431218155,18.1,30.2,14.4,33.5,29.9,28.2,31.0,24.8,24.6,62.7,144.8,7,191
2025-07-11,A1,ADHATA,10.1,30.5,25.4,22.87649999518813,88.53034990659572,7.0,10935.571431218155,29.6,18.1,30.2,29.4,31.1,29.9,31.4,24.9,24.8,77.9,140.9,7,192
2025-07-12,A1,ADHATA,5.9,33.2,25.5,22.87649999518813,88.53034990659572,7.0,10935.571431218155,10.1,29.6,18.1,15.5,30.5,31.1,30.5,25.4,24.9,57.8,121.60000000000001,7,193
2025-07-13,A1,ADHATA,12.6,31.8,26.1,22.87649999518813,88.53034990659572,7.0,10935.571431218155,5.9,10.1,29.6,3.7,33.2,30.5,29.0,25.5,25.4,45.60000000000001,112.00000000000003,7,194
2025-07-14,A1,ADHATA,33.4,27.5,25.2,22.87649999518813,88.53034990659572,7.0,10935.571431218155,12.6,5.9,10.1,14.4,31.8,33.2,29.2,26.1,25.5,28.6,120.90000000000002,7,195
2025-07-15,A1,ADHATA,16.9,30.0,24.9,22.87649999518813,88.53034990659572,7.0,10935.571431218155,33.4,12.6,5.9,30.2,27.5,31.8,28.2,25.2,26.1,51.9,139.9,7,196
2025-07-16,A1,ADHATA,11.7,30.6,26.0,22.87649999518813,88.53034990659572,7.0,10935.571431218155,16.9,33.4,12.6,18.1,30.0,27.5,29.9,24.9,25.2,62.9,126.60000000000001,7,197
2025-07-17,A1,ADHATA,0.3,33.0,26.3,22.87649999518813,88.53034990659572,7.0,10935.571431218155,11.7,16.9,33.4,29.6,30.6,30.0,31.1,26.0,24.9,62.0,120.20000000000002,7,198
2025-07-18,A1,ADHATA,5.4,32.9,26.5,22.87649999518813,88.53034990659572,7.0,10935.571431218155,0.3,11.7,16.9,10.1,33.0,30.6,30.5,26.3,26.0,28.9,90.9,7,199
2025-07-19,A1,ADHATA,1.5,33.5,26.7,22.87649999518813,88.53034990659572,7.0,10935.571431218155,5.4,0.3,11.7,5.9,32.9,33.0,33.2,26.5,26.3,17.4,86.20000000000002,7,200
2025-07-20,A1,ADHATA,1.5,32.9,26.8,22.87649999518813,88.53034990659572,7.0,10935.571431218155,1.5,5.4,0.3,12.6,33.5,32.9,31.8,26.7,26.5,7.2,81.80000000000001,7,201
2025-07-21,A1,ADHATA,0.4,32.7,26.6,22.87649999518813,88.53034990659572,7.0,10935.571431218155,1.5,1.5,5.4,33.4,32.9,33.5,27.5,26.8,26.7,8.4,70.70000000000002,7,202
2025-07-22,A1,ADHATA,7.0,33.3,26.9,22.87649999518813,88.53034990659572,7.0,10935.571431218155,0.4,1.5,1.5,16.9,32.7,32.9,30.0,26.6,26.8,3.4,37.70000000000001,7,203
2025-07-23,A1,ADHATA,0.6,33.9,27.0,22.87649999518813,88.53034990659572,7.0,10935.571431218155,7.0,0.4,1.5,11.7,33.3,32.7,30.6,26.9,26.6,8.9,27.800000000000015,7,204
2025-07-24,A1,ADHATA,14.1,32.7,26.4,22.87649999518813,88.53034990659572,7.0,10935.571431218155,0.6,7.0,0.4,0.3,33.9,33.3,33.0,27.0,26.9,8.0,16.700000000000014,7,205
2025-07-25,A1,ADHATA,45.3,30.5,26.0,22.87649999518813,88.53034990659572,7.0,10935.571431218155,14.1,0.6,7.0,5.4,32.7,33.9,32.9,26.4,27.0,21.7,30.500000000000014,7,206
2025-07-26,A1,ADHATA,6.1,31.1,26.3,22.87649999518813,88.53034990659572,7.0,10935.571431218155,45.3,14.1,0.6,1.5,30.5,32.7,33.5,26.0,26.4,60.0,70.4,7,207
2025-07-27,A1,ADHATA,6.1,32.5,26.1,22.87649999518813,88.53034990659572,7.0,10935.571431218155,6.1,45.3,14.1,1.5,31.1,30.5,32.9,26.3,26.0,65.5,75.00000000000001,7,208
2025-07-28,A1,ADHATA,7.1,30.6,26.7,22.87649999518813,88.53034990659572,7.0,10935.571431218155,6.1,6.1,45.3,0.4,32.5,31.1,32.7,26.1,26.3,57.5,79.60000000000001,7,209
2025-07-29,A1,ADHATA,48.6,29.6,25.8,22.87649999518813,88.53034990659572,7.0,10935.571431218155,7.1,6.1,6.1,7.0,30.6,32.5,33.3,26.7,26.1,19.300000000000004,86.30000000000001,7,210
2025-07-30,A1,ADHATA,21.0,29.2,25.2,22.87649999518813,88.53034990659572,7.0,10935.571431218155,48.6,7.1,6.1,0.6,29.6,30.6,33.9,25.8,26.7,61.800000000000004,127.9,7,211
2025-07-31,A1,ADHATA,33.1,29.2,24.8,22.87649999518813,88.53034990659572,7.0,10935.571431218155,21.0,48.6,7.1,14.1,29.2,29.6,32.7,25.2,25.8,76.7,148.3,7,212
2025-08-01,A1,ADHATA,15.6,32.1,25.7,22.87649999518813,88.53034990659572,7.0,10935.571431218155,33.1,21.0,48.6,45.3,29.2,29.2,30.5,24.8,25.2,102.70000000000002,167.3,8,213
2025-08-02,A1,ADHATA,3.5,32.0,25.9,22.87649999518813,88.53034990659572,7.0,10935.571431218155,15.6,33.1,21.0,6.1,32.1,29.2,31.1,25.7,24.8,69.7,137.6,8,214
2025-08-03,A1,ADHATA,18.3,32.8,26.7,22.87649999518813,88.53034990659572,7.0,10935.571431218155,3.5,15.6,33.1,6.1,32.0,32.1,32.5,25.9,25.7,52.2,135.0,8,215
2025-08-04,A1,ADHATA,25.5,31.5,25.8,22.87649999518813,88.53034990659572,7.0,10935.571431218155,18.3,3.5,15.6,7.1,32.8,32.0,30.6,26.7,25.9,37.4,147.20000000000002,8,216
2025-08-05,A1,ADHATA,14.7,32.2,26.2,22.87649999518813,88.53034990659572,7.0,10935.571431218155,25.5,18.3,3.5,48.6,31.5,32.8,29.6,25.8,26.7,47.3,165.60000000000002,8,217
2025-08-06,A1,ADHATA,12.5,30.5,25.4,22.87649999518813,88.53034990659572,7.0,10935.571431218155,14.7,25.5,18.3,21.0,32.2,31.5,29.2,26.2,25.8,58.5,131.70000000000002,8,218
2025-08-07,A1,ADHATA,6.2,31.2,25.4,22.87649999518813,88.53034990659572,7.0,10935.571431218155,12.5,14.7,25.5,33.1,30.5,32.2,29.2,25.4,26.2,52.7,123.20000000000002,8,219
2025-08-08,A1,ADHATA,1.7,31.1,24.6,22.87649999518813,88.53034990659572,7.0,10935.571431218155,6.2,12.5,14.7,15.6,31.2,30.5,32.1,25.4,25.4,33.4,96.30000000000003,8,220
2025-08-09,A1,ADHATA,19.0,31.4,25.1,22.87649999518813,88.53034990659572,7.0,10935.571431218155,1.7,6.2,12.5,3.5,31.1,31.2,32.0,24.6,25.4,20.4,82.4,8,221
2025-08-10,A1,ADHATA,0.8,32.9,26.7,22.87649999518813,88.53034990659572,7.0,10935.571431218155,19.0,1.7,6.2,18.3,31.4,31.1,32.8,25.1,24.6,26.9,97.9,8,222
2025-08-11,A1,ADHATA,6.1,32.3,26.5,22.87649999518813,88.53034990659572,7.0,10935.571431218155,0.8,19.0,1.7,25.5,32.9,31.4,31.5,26.7,25.1,21.5,80.4,8,223
2025-08-12,A1,ADHATA,10.6,33.5,26.6,22.87649999518813,88.53034990659572,7.0,10935.571431218155,6.1,0.8,19.0,14.7,32.3,32.9,32.2,26.5,26.7,25.9,61.000000000000014,8,224
2025-08-13,A1,ADHATA,22.6,30.9,26.5,22.87649999518813,88.53034990659572,7.0,10935.571431218155,10.6,6.1,0.8,12.5,33.5,32.3,30.5,26.6,26.5,17.5,56.900000000000006,8,225
2025-08-14,A1,ADHATA,6.8,30.0,25.5,22.87649999518813,88.53034990659572,7.0,10935.571431218155,22.6,10.6,6.1,6.2,30.9,33.5,31.2,26.5,26.6,39.3,67.00000000000001,8,226
2025-08-15,A1,ADHATA,11.8,31.6,25.4,22.87649999518813,88.53034990659572,7.0,10935.571431218155,6.8,22.6,10.6,1.7,30.0,30.9,31.1,25.5,26.5,40.0,67.60000000000001,8,227
2025-08-16,A1,ADHATA,4.0,32.3,25.7,22.87649999518813,88.53034990659572,7.0,10935.571431218155,11.8,6.8,22.6,19.0,31.6,30.0,31.4,25.4,25.5,41.2,77.70000000000002,8,228
2025-08-17,A1,ADHATA,6.4,32.2,26.1,22.87649999518813,88.53034990659572,7.0,10935.571431218155,4.0,11.8,6.8,0.8,32.3,31.6,32.9,25.7,25.4,22.6,62.70000000000002,8,229
2025-08-18,A1,ADHATA,6.6,31.8,26.3,22.87649999518813,88.53034990659572,7.0,10935.571431218155,6.4,4.0,11.8,6.1,32.2,32.3,32.3,26.1,25.7,22.200000000000003,68.30000000000001,8,230
2025-08-19,A1,ADHATA,10.1,30.3,25.7,22.87649999518813,88.53034990659572,7.0,10935.571431218155,6.6,6.4,4.0,10.6,31.8,32.2,33.5,26.3,26.1,17.0,68.80000000000001,8,231
2025-08-20,A1,ADHATA,3.1,29.9,25.4,22.87649999518813,88.53034990659572,7.0,10935.571431218155,10.1,6.6,6.4,22.6,30.3,31.8,30.9,25.7,26.3,23.1,68.30000000000003,8,232
2025-08-21,A1,ADHATA,61.0,28.3,24.8,22.87649999518813,88.53034990659572,7.0,10935.571431218155,3.1,10.1,6.6,6.8,29.9,30.3,30.0,25.4,25.7,19.8,48.80000000000001,8,233
2025-08-22,A1,ADHATA,26.0,30.2,24.3,22.87649999518813,88.53034990659572,7.0,10935.571431218155,61.0,3.1,10.1,11.8,28.3,29.9,31.6,24.8,25.4,74.2,103.00000000000001,8,234
2025-08-23,A1,ADHATA,10.4,28.7,24.8,22.87649999518813,88.53034990659572,7.0,10935.571431218155,26.0,61.0,3.1,4.0,30.2,28.3,32.3,24.3,24.8,90.10000000000001,117.20000000000002,8,235
2025-08-24,A1,ADHATA,9.8,30.2,24.6,22.87649999518813,88.53034990659572,7.0,10935.571431218155,10.4,26.0,61.0,6.4,28.7,30.2,32.2,24.8,24.3,97.4,123.60000000000002,8,236
2025-08-25,A1,ADHATA,3.1,31.7,24.9,22.87649999518813,88.53034990659572,7.0,10935.571431218155,9.8,10.4,26.0,6.6,30.2,28.7,31.8,24.6,24.8,46.2,127.00000000000001,8,237
2025-08-26,A1,ADHATA,1.7,31.9,25.1,22.87649999518813,88.53034990659572,7.0,10935.571431218155,3.1,9.8,10.4,10.1,31.7,30.2,30.3,24.9,24.6,23.3,123.50000000000001,8,238
2025-08-27,A1,ADHATA,6.7,31.8,25.7,22.87649999518813,88.53034990659572,7.0,10935.571431218155,1.7,3.1,9.8,3.1,31.9,31.7,29.9,25.1,24.9,14.600000000000001,115.10000000000001,8,239
2025-08-28,A1,ADHATA,10.0,30.6,25.7,22.87649999518813,88.53034990659572,7.0,10935.571431218155,6.7,1.7,3.1,61.0,31.8,31.9,28.3,25.7,25.1,11.5,118.70000000000002,8,240
2025-08-29,A1,ADHATA,23.5,30.1,25.6,22.87649999518813,88.53034990659572,7.0,10935.571431218155,10.0,6.7,1.7,26.0,30.6,31.8,30.2,25.7,25.7,18.4,67.70000000000002,8,241
2025-08-30,A1,ADHATA,16.3,30.4,25.6,22.87649999518813,88.53034990659572,7.0,10935.571431218155,23.5,10.0,6.7,10.4,30.1,30.6,28.7,25.6,25.7,40.2,65.20000000000002,8,242
2025-08-31,A1,ADHATA,2.7,32.0,25.1,22.87649999518813,88.53034990659572,7.0,10935.571431218155,16.3,23.5,10.0,9.8,30.4,30.1,30.2,25.6,25.6,49.8,71.10000000000002,8,243
2025-09-01,A1,ADHATA,22.5,33.5,26.1,22.87649999518813,88.53034990659572,7.0,10935.571431218155,2.7,16.3,23.5,3.1,32.0,30.4,31.7,25.1,25.6,42.5,64.00000000000001,9,244
2025-09-02,A1,ADHATA,12.4,31.0,25.6,22.87649999518813,88.53034990659572,7.0,10935.571431218155,22.5,2.7,16.3,1.7,33.5,32.0,31.9,26.1,25.1,41.5,83.4,9,245
2025-09-03,A1,ADHATA,14.9,29.4,25.0,22.87649999518813,88.53034990659572,7.0,10935.571431218155,12.4,22.5,2.7,6.7,31.0,33.5,31.8,25.6,26.1,37.599999999999994,94.10000000000001,9,246
2025-09-04,A1,ADHATA,12.5,30.1,25.6,22.87649999518813,88.53034990659572,7.0,10935.571431218155,14.9,12.4,22.5,10.0,29.4,31.0,30.6,25.0,25.6,49.8,102.30000000000003,9,247
2025-09-05,A1,ADHATA,10.1,31.9,25.4,22.87649999518813,88.53034990659572,7.0,10935.571431218155,12.5,14.9,12.4,23.5,30.1,29.4,30.1,25.6,25.0,39.8,104.80000000000003,9,248
2025-09-06,A1,ADHATA,2.0,32.5,25.2,22.87649999518813,88.53034990659572,7.0,10935.571431218155,10.1,12.5,14.9,16.3,31.9,30.1,30.4,25.4,25.6,37.5,91.4,9,249
2025-09-07,A1,ADHATA,0.3,33.1,25.6,22.87649999518813,88.53034990659572,7.0,10935.571431218155,2.0,10.1,12.5,2.7,32.5,31.9,32.0,25.2,25.4,24.599999999999994,77.10000000000001,9,250
2025-09-08,A1,ADHATA,0.2,32.9,25.7,22.87649999518813,88.53034990659572,7.0,10935.571431218155,0.3,2.0,10.1,22.5,33.1,32.5,33.5,25.6,25.2,12.399999999999997,74.7,9,251
2025-09-09,A1,ADHATA,0.2,33.1,25.7,22.87649999518813,88.53034990659572,7.0,10935.571431218155,0.2,0.3,2.0,12.4,32.9,33.1,31.0,25.7,25.6,2.4999999999999964,52.40000000000001,9,252
2025-09-10,A1,ADHATA,0.2,33.6,26.4,22.87649999518813,88.53034990659572,7.0,10935.571431218155,0.2,0.2,0.3,14.9,33.1,32.9,29.4,25.7,25.7,0.6999999999999964,40.20000000000002,9,253
2025-09-11,A1,ADHATA,3.3,32.9,26.3,22.87649999518813,88.53034990659572,7.0,10935.571431218155,0.2,0.2,0.2,12.5,33.6,33.1,30.1,26.4,25.7,0.6000000000000001,25.500000000000014,9,254
2025-09-12,A1,ADHATA,14.7,31.7,25.3,22.87649999518813,88.53034990659572,7.0,10935.571431218155,3.3,0.2,0.2,10.1,32.9,33.6,31.9,26.3,26.4,3.699999999999996,16.300000000000015,9,255
2025-09-13,A1,ADHATA,8.4,30.7,25.7,22.87649999518813,88.53034990659572,7.0,10935.571431218155,14.7,3.3,0.2,2.0,31.7,32.9,32.5,25.3,26.3,18.199999999999996,20.900000000000013,9,256
2025-09-14,A1,ADHATA,46.5,30.5,26.2,22.87649999518813,88.53034990659572,7.0,10935.571431218155,8.4,14.7,3.3,0.3,30.7,31.7,33.1,25.7,25.3,26.4,27.30000000000001,9,257
2025-09-15,A1,ADHATA,30.5,29.6,24.2,22.87649999518813,88.53034990659572,7.0,10935.571431218155,46.5,8.4,14.7,0.2,30.5,30.7,32.9,26.2,25.7,69.6,73.50000000000001,9,258
2025-09-16,A1,ADHATA,11.4,29.5,24.4,22.87649999518813,88.53034990659572,7.0,10935.571431218155,30.5,46.5,8.4,0.2,29.6,30.5,33.1,24.2,26.2,85.39999999999999,103.80000000000001,9,259
2025-09-17,A1,ADHATA,7.5,30.5,24.9,22.87649999518813,88.53034990659572,7.0,10935.571431218155,11.4,30.5,46.5,0.2,29.5,29.6,33.6,24.4,24.2,88.4,115.00000000000001,9,260
2025-09-18,A1,ADHATA,3.3,31.9,26.1,22.87649999518813,88.53034990659572,7.0,10935.571431218155,7.5,11.4,30.5,3.3,30.5,29.5,32.9,24.9,24.4,49.39999999999999,122.30000000000003,9,261
2025-09-19,A1,ADHATA,14.5,30.7,25.6,22.87649999518813,88.53034990659572,7.0,10935.571431218155,3.3,7.5,11.4,14.7,31.9,30.5,31.7,26.1,24.9,22.199999999999992,122.30000000000001,9,262
2025-09-20,A1,ADHATA,12.8,32.4,25.9,22.87649999518813,88.53034990659572,7.0,10935.571431218155,14.5,3.3,7.5,8.4,30.7,31.9,30.7,25.6,26.1,25.29999999999999,122.10000000000002,9,263
2025-09-21,A1,ADHATA,1.1,32.6,25.4,22.87649999518813,88.53034990659572,7.0,10935.571431218155,12.8,14.5,3.3,46.5,32.4,30.7,30.5,25.9,25.6,30.599999999999994,126.50000000000001,9,264
2025-09-22,A1,ADHATA,15.4,30.3,25.1,22.87649999518813,88.53034990659572,7.0,10935.571431218155,1.1,12.8,14.5,30.5,32.6,32.4,29.6,25.4,25.9,28.39999999999999,81.10000000000001,9,265
2025-09-23,A1,ADHATA,12.8,31.0,24.6,22.87649999518813,88.53034990659572,7.0,10935.571431218155,15.4,1.1,12.8,11.4,30.3,32.6,29.5,25.1,25.4,29.29999999999999,66.00000000000001,9,266
2025-09-24,A1,ADHATA,7.1,31.4,24.9,22.87649999518813,88.53034990659572,7.0,10935.571431218155,12.8,15.4,1.1,7.5,31.0,30.3,30.5,24.6,25.1,29.29999999999999,67.40000000000002,9,267
2025-09-25,A1,ADHATA,22.6,32.7,25.6,22.87649999518813,88.53034990659572,7.0,10935.571431218155,7.1,12.8,15.4,3.3,31.4,31.0,31.9,24.9,24.6,35.29999999999999,67.00000000000001,9,268
2025-09-26,A1,ADHATA,7.0,31.9,25.5,22.87649999518813,88.53034990659572,7.0,10935.571431218155,22.6,7.1,12.8,14.5,32.7,31.4,30.7,25.6,24.9,42.49999999999999,86.30000000000001,9,269
2025-09-27,A1,ADHATA,9.4,30.1,25.6,22.87649999518813,88.53034990659572,7.0,10935.571431218155,7.0,22.6,7.1,12.8,31.9,32.7,32.4,25.5,25.6,36.69999999999999,78.80000000000001,9,270
2025-09-28,A1,ADHATA,6.2,31.8,25.5,22.87649999518813,88.53034990659572,7.0,10935.571431218155,9.4,7.0,22.6,1.1,30.1,31.9,32.6,25.6,25.5,38.99999999999999,75.40000000000002,9,271
2025-09-29,A1,ADHATA,1.3,32.3,25.9,22.87649999518813,88.53034990659572,7.0,10935.571431218155,6.2,9.4,7.0,15.4,31.8,30.1,30.3,25.5,25.6,22.59999999999999,80.50000000000001,9,272
2025-09-30,A1,ADHATA,2.3,32.2,26.3,22.87649999518813,88.53034990659572,7.0,10935.571431218155,1.3,6.2,9.4,12.8,32.3,31.8,31.0,25.9,25.5,16.89999999999999,66.40000000000002,9,273
2025-10-01,A1,ADHATA,18.5,31.5,24.7,22.87649999518813,88.53034990659572,7.0,10935.571431218155,2.3,1.3,6.2,7.1,32.2,32.3,31.4,26.3,25.9,9.79999999999999,55.90000000000002,10,274
2025-10-02,A1,ADHATA,28.7,28.0,24.5,22.87649999518813,88.53034990659572,7.0,10935.571431218155,18.5,2.3,1.3,22.6,31.5,32.2,32.7,24.7,26.3,22.09999999999999,67.30000000000001,10,275
2025-10-03,A1,ADHATA,11.9,29.4,25.2,22.87649999518813,88.53034990659572,7.0,10935.571431218155,28.7,18.5,2.3,7.0,28.0,31.5,31.9,24.5,24.7,49.499999999999986,73.4,10,276
2025-10-04,A1,ADHATA,9.9,32.0,25.1,22.87649999518813,88.53034990659572,7.0,10935.571431218155,11.9,28.7,18.5,9.4,29.4,28.0,30.1,25.2,24.5,59.099999999999994,78.30000000000001,10,277
2025-10-05,A1,ADHATA,30.1,30.4,24.1,22.87649999518813,88.53034990659572,7.0,10935.571431218155,9.9,11.9,28.7,6.2,32.0,29.4,31.8,25.1,25.2,50.49999999999999,78.80000000000001,10,278
2025-10-06,A1,ADHATA,3.7,29.1,24.6,22.87649999518813,88.53034990659572,7.0,10935.571431218155,30.1,9.9,11.9,1.3,30.4,32.0,32.3,24.1,25.1,51.89999999999999,102.70000000000002,10,279
2025-10-07,A1,ADHATA,5.8,31.2,24.3,22.87649999518813,88.53034990659572,7.0,10935.571431218155,3.7,30.1,9.9,2.3,29.1,30.4,32.2,24.6,24.1,43.699999999999996,105.10000000000001,10,280
2025-10-08,A1,ADHATA,4.4,30.7,24.5,22.87649999518813,88.53034990659572,7.0,10935.571431218155,5.8,3.7,30.1,18.5,31.2,29.1,31.5,24.3,24.6,39.599999999999994,108.60000000000001,10,281
2025-10-09,A1,ADHATA,7.7,31.2,24.6,22.87649999518813,88.53034990659572,7.0,10935.571431218155,4.4,5.8,3.7,28.7,30.7,31.2,28.0,24.5,24.3,13.899999999999993,94.50000000000001,10,282
2025-10-10,A1,ADHATA,10.4,31.3,24.4,22.87649999518813,88.53034990659572,7.0,10935.571431218155,7.7,4.4,5.8,11.9,31.2,30.7,29.4,24.6,24.5,17.89999999999999,73.50000000000001,10,283
2025-10-11,A1,ADHATA,2.9,30.5,24.1,22.87649999518813,88.53034990659572,7.0,10935.571431218155,10.4,7.7,4.4,9.9,31.3,31.2,32.0,24.4,24.6,22.499999999999993,72.00000000000001,10,284
2025-10-12,A1,ADHATA,0.0,31.2,24.3,22.87649999518813,88.53034990659572,7.0,10935.571431218155,2.9,10.4,7.7,30.1,30.5,31.3,30.4,24.1,24.4,20.999999999999996,65.00000000000001,10,285
2025-10-13,A1,ADHATA,0.0,30.6,23.7,22.87649999518813,88.53034990659572,7.0,10935.571431218155,0.0,2.9,10.4,3.7,31.2,30.5,29.1,24.3,24.1,13.299999999999994,34.90000000000002,10,286
2025-10-14,A1,ADHATA,0.0,31.2,23.3,22.87649999518813,88.53034990659572,7.0,10935.571431218155,0.0,0.0,2.9,5.8,30.6,31.2,31.2,23.7,24.3,2.8999999999999946,31.200000000000014,10,287
2025-10-15,A1,ADHATA,0.0,31.1,22.9,22.87649999518813,88.53034990659572,7.0,10935.571431218155,0.0,0.0,0.0,4.4,31.2,30.6,30.7,23.3,23.7,0.0,25.400000000000013,10,288
2025-10-16,A1,ADHATA,0.0,31.0,22.0,22.87649999518813,88.53034990659572,7.0,10935.571431218155,0.0,0.0,0.0,7.7,31.1,31.2,31.2,22.9,23.3,0.0,21.000000000000014,10,289
2025-10-17,A1,ADHATA,0.0,31.6,22.5,22.87649999518813,88.53034990659572,7.0,10935.571431218155,0.0,0.0,0.0,10.4,31.0,31.1,31.3,22.0,22.9,0.0,13.300000000000013,10,290
2025-10-18,A1,ADHATA,0.0,31.9,23.9,22.87649999518813,88.53034990659572,7.0,10935.571431218155,0.0,0.0,0.0,2.9,31.6,31.0,30.5,22.5,22.0,0.0,2.900000000000014,10,291
2025-10-19,A1,ADHATA,0.0,32.9,24.3,22.87649999518813,88.53034990659572,7.0,10935.571431218155,0.0,0.0,0.0,0.0,31.9,31.6,31.2,23.9,22.5,0.0,0.0,10,292
2025-10-20,A1,ADHATA,0.0,33.1,23.5,22.87649999518813,88.53034990659572,7.0,10935.571431218155,0.0,0.0,0.0,0.0,32.9,31.9,30.6,24.3,23.9,0.0,0.0,10,293
2025-10-21,A1,ADHATA,0.0,33.1,23.5,22.87649999518813,88.53034990659572,7.0,10935.571431218155,0.0,0.0,0.0,0.0,33.1,32.9,31.2,23.5,24.3,0.0,0.0,10,294
2025-10-22,A1,ADHATA,0.0,32.4,22.9,22.87649999518813,88.53034990659572,7.0,10935.571431218155,0.0,0.0,0.0,0.0,33.1,33.1,31.1,23.5,23.5,0.0,0.0,10,295
2025-10-23,A1,ADHATA,0.0,32.4,23.1,22.87649999518813,88.53034990659572,7.0,10935.571431218155,0.0,0.0,0.0,0.0,32.4,33.1,31.0,22.9,23.5,0.0,0.0,10,296
2025-10-24,A1,ADHATA,0.0,32.5,22.7,22.87649999518813,88.53034990659572,7.0,10935.571431218155,0.0,0.0,0.0,0.0,32.4,32.4,31.6,23.1,22.9,0.0,0.0,10,297
2025-10-25,A1,ADHATA,0.0,32.3,23.3,22.87649999518813,88.53034990659572,7.0,10935.571431218155,0.0,0.0,0.0,0.0,32.5,32.4,31.9,22.7,23.1,0.0,0.0,10,298
2025-10-26,A1,ADHATA,0.0,32.4,24.2,22.87649999518813,88.53034990659572,7.0,10935.571431218155,0.0,0.0,0.0,0.0,32.3,32.5,32.9,23.3,22.7,0.0,0.0,10,299
2025-10-27,A1,ADHATA,0.1,32.3,23.9,22.87649999518813,88.53034990659572,7.0,10935.571431218155,0.0,0.0,0.0,0.0,32.4,32.3,33.1,24.2,23.3,0.0,0.0,10,300
2025-10-28,A1,ADHATA,0.3,32.6,24.4,22.87649999518813,88.53034990659572,7.0,10935.571431218155,0.1,0.0,0.0,0.0,32.3,32.4,33.1,23.9,24.2,0.09999999999999468,0.10000000000001422,10,301
2025-10-29,A1,ADHATA,16.2,28.5,24.5,22.87649999518813,88.53034990659572,7.0,10935.571431218155,0.3,0.1,0.0,0.0,32.6,32.3,32.4,24.4,23.9,0.3999999999999947,0.40000000000001423,10,302
2025-10-30,A1,ADHATA,15.4,30.5,23.8,22.87649999518813,88.53034990659572,7.0,10935.571431218155,16.2,0.3,0.1,0.0,28.5,32.6,32.4,24.5,24.4,16.599999999999994,16.600000000000012,10,303
2025-10-31,A1,ADHATA,0.6,31.6,24.3,22.87649999518813,88.53034990659572,7.0,10935.571431218155,15.4,16.2,0.3,0.0,30.5,28.5,32.5,23.8,24.5,31.89999999999999,32.000000000000014,10,304
2025-11-01,A1,ADHATA,15.8,30.4,25.1,22.87649999518813,88.53034990659572,7.0,10935.571431218155,0.6,15.4,16.2,0.0,31.6,30.5,32.3,24.3,23.8,32.199999999999996,32.600000000000016,11,305
2025-11-02,A1,ADHATA,0.0,28.4,23.2,22.87649999518813,88.53034990659572,7.0,10935.571431218155,15.8,0.6,15.4,0.0,30.4,31.6,32.4,25.1,24.3,31.799999999999997,48.40000000000001,11,306
2025-11-03,A1,ADHATA,0.0,29.7,22.2,22.87649999518813,88.53034990659572,7.0,10935.571431218155,0.0,15.8,0.6,0.1,28.4,30.4,32.3,23.2,25.1,16.4,48.40000000000001,11,307
2025-11-04,A1,ADHATA,0.0,29.6,19.8,22.87649999518813,88.53034990659572,7.0,10935.571431218155,0.0,0.0,15.8,0.3,29.7,28.4,32.6,22.2,23.2,15.799999999999997,48.30000000000001,11,308
2025-11-05,A1,ADHATA,0.0,29.9,21.3,22.87649999518813,88.53034990659572,7.0,10935.571431218155,0.0,0.0,0.0,16.2,29.6,29.7,28.5,19.8,22.2,0.0,48.000000000000014,11,309
2025-11-06,A1,ADHATA,0.3,30.2,21.4,22.87649999518813,88.53034990659572,7.0,10935.571431218155,0.0,0.0,0.0,15.4,29.9,29.6,30.5,21.3,19.8,0.0,31.800000000000015,11,310
2025-11-07,A1,ADHATA,0.0,30.0,22.7,22.87649999518813,88.53034990659572,7.0,10935.571431218155,0.3,0.0,0.0,0.6,30.2,29.9,31.6,21.4,21.3,0.29999999999999644,16.700000000000014,11,311
2025-11-08,A1,ADHATA,0.0,29.3,20.0,22.87649999518813,88.53034990659572,7.0,10935.571431218155,0.0,0.3,0.0,15.8,30.0,30.2,30.4,22.7,21.4,0.29999999999999644,16.100000000000016,11,312
2025-11-09,A1,ADHATA,0.0,28.2,18.0,22.87649999518813,88.53034990659572,7.0,10935.571431218155,0.0,0.0,0.3,0.0,29.3,30.0,28.4,20.0,22.7,0.29999999999999644,0.3000000000000142,11,313
2025-11-10,A1,ADHATA,0.0,28.5,18.2,22.87649999518813,88.53034990659572,7.0,10935.571431218155,0.0,0.0,0.0,0.0,28.2,29.3,29.7,18.0,20.0,0.0,0.3000000000000142,11,314
2025-11-11,A1,ADHATA,0.0,27.7,17.2,22.87649999518813,88.53034990659572,7.0,10935.571431218155,0.0,0.0,0.0,0.0,28.5,28.2,29.6,18.2,18.0,0.0,0.3000000000000142,11,315
2025-11-12,A1,ADHATA,0.0,26.8,16.4,22.87649999518813,88.53034990659572,7.0,10935.571431218155,0.0,0.0,0.0,0.0,27.7,28.5,29.9,17.2,18.2,0.0,0.3000000000000142,11,316
2025-11-13,A1,ADHATA,0.0,26.9,16.4,22.87649999518813,88.53034990659572,7.0,10935.571431218155,0.0,0.0,0.0,0.3,26.8,27.7,30.2,16.4,17.2,0.0,0.3000000000000142,11,317
2025-11-14,A1,ADHATA,0.0,26.8,16.3,22.87649999518813,88.53034990659572,7.0,10935.571431218155,0.0,0.0,0.0,0.0,26.9,26.8,30.0,16.4,16.4,0.0,0.0,11,318
2025-11-15,A1,ADHATA,0.0,27.2,16.4,22.87649999518813,88.53034990659572,7.0,10935.571431218155,0.0,0.0,0.0,0.0,26.8,26.9,29.3,16.3,16.4,0.0,0.0,11,319
2025-11-16,A1,ADHATA,0.0,27.2,16.5,22.87649999518813,88.53034990659572,7.0,10935.571431218155,0.0,0.0,0.0,0.0,27.2,26.8,28.2,16.4,16.3,0.0,0.0,11,320
2025-11-17,A1,ADHATA,0.0,27.1,17.5,22.87649999518813,88.53034990659572,7.0,10935.571431218155,0.0,0.0,0.0,0.0,27.2,27.2,28.5,16.5,16.4,0.0,0.0,11,321
2025-11-18,A1,ADHATA,0.0,27.9,17.2,22.87649999518813,88.53034990659572,7.0,10935.571431218155,0.0,0.0,0.0,0.0,27.1,27.2,27.7,17.5,16.5,0.0,0.0,11,322
2025-11-19,A1,ADHATA,0.0,28.6,16.7,22.87649999518813,88.53034990659572,7.0,10935.571431218155,0.0,0.0,0.0,0.0,27.9,27.1,26.8,17.2,17.5,0.0,0.0,11,323
2025-11-20,A1,ADHATA,0.0,28.1,17.4,22.87649999518813,88.53034990659572,7.0,10935.571431218155,0.0,0.0,0.0,0.0,28.6,27.9,26.9,16.7,17.2,0.0,0.0,11,324
2025-11-21,A1,ADHATA,0.0,28.3,17.8,22.87649999518813,88.53034990659572,7.0,10935.571431218155,0.0,0.0,0.0,0.0,28.1,28.6,26.8,17.4,16.7,0.0,0.0,11,325
2025-11-22,A1,ADHATA,0.0,27.9,17.2,22.87649999518813,88.53034990659572,7.0,10935.571431218155,0.0,0.0,0.0,0.0,28.3,28.1,27.2,17.8,17.4,0.0,0.0,11,326
2025-11-23,A1,ADHATA,0.0,27.7,16.7,22.87649999518813,88.53034990659572,7.0,10935.571431218155,0.0,0.0,0.0,0.0,27.9,28.3,27.2,17.2,17.8,0.0,0.0,11,327
2025-11-24,A1,ADHATA,0.0,26.7,16.4,22.87649999518813,88.53034990659572,7.0,10935.571431218155,0.0,0.0,0.0,0.0,27.7,27.9,27.1,16.7,17.2,0.0,0.0,11,328
2025-11-25,A1,ADHATA,0.0,26.1,15.4,22.87649999518813,88.53034990659572,7.0,10935.571431218155,0.0,0.0,0.0,0.0,26.7,27.7,27.9,16.4,16.7,0.0,0.0,11,329
2025-11-26,A1,ADHATA,0.0,25.8,14.7,22.87649999518813,88.53034990659572,7.0,10935.571431218155,0.0,0.0,0.0,0.0,26.1,26.7,28.6,15.4,16.4,0.0,0.0,11,330
2025-11-27,A1,ADHATA,0.0,26.7,15.4,22.87649999518813,88.53034990659572,7.0,10935.571431218155,0.0,0.0,0.0,0.0,25.8,26.1,28.1,14.7,15.4,0.0,0.0,11,331
2025-11-28,A1,ADHATA,0.0,27.0,16.8,22.87649999518813,88.53034990659572,7.0,10935.571431218155,0.0,0.0,0.0,0.0,26.7,25.8,28.3,15.4,14.7,0.0,0.0,11,332
2025-11-29,A1,ADHATA,0.0,26.9,16.8,22.87649999518813,88.53034990659572,7.0,10935.571431218155,0.0,0.0,0.0,0.0,27.0,26.7,27.9,16.8,15.4,0.0,0.0,11,333
2025-11-30,A1,ADHATA,0.0,26.9,16.8,22.87649999518813,88.53034990659572,7.0,10935.571431218155,0.0,0.0,0.0,0.0,26.9,27.0,27.7,16.8,16.8,0.0,0.0,11,334
2025-12-01,A1,ADHATA,0.0,26.5,16.3,22.87649999518813,88.53034990659572,7.0,10935.571431218155,0.0,0.0,0.0,0.0,26.9,26.9,26.7,16.8,16.8,0.0,0.0,12,335
2025-12-02,A1,ADHATA,0.0,26.7,17.2,22.87649999518813,88.53034990659572,7.0,10935.571431218155,0.0,0.0,0.0,0.0,26.5,26.9,26.1,16.3,16.8,0.0,0.0,12,336
2025-12-03,A1,ADHATA,0.0,25.9,15.7,22.87649999518813,88.53034990659572,7.0,10935.571431218155,0.0,0.0,0.0,0.0,26.7,26.5,25.8,17.2,16.3,0.0,0.0,12,337
2025-12-04,A1,ADHATA,0.0,25.2,14.2,22.87649999518813,88.53034990659572,7.0,10935.571431218155,0.0,0.0,0.0,0.0,25.9,26.7,26.7,15.7,17.2,0.0,0.0,12,338
2025-12-05,A1,ADHATA,0.0,25.4,14.7,22.87649999518813,88.53034990659572,7.0,10935.571431218155,0.0,0.0,0.0,0.0,25.2,25.9,27.0,14.2,15.7,0.0,0.0,12,339
2025-12-06,A1,ADHATA,0.0,24.4,12.6,22.87649999518813,88.53034990659572,7.0,10935.571431218155,0.0,0.0,0.0,0.0,25.4,25.2,26.9,14.7,14.2,0.0,0.0,12,340
2025-12-07,A1,ADHATA,0.0,24.7,13.6,22.87649999518813,88.53034990659572,7.0,10935.571431218155,0.0,0.0,0.0,0.0,24.4,25.4,26.9,12.6,14.7,0.0,0.0,12,341
2025-12-08,A1,ADHATA,0.0,24.8,13.8,22.87649999518813,88.53034990659572,7.0,10935.571431218155,0.0,0.0,0.0,0.0,24.7,24.4,26.5,13.6,12.6,0.0,0.0,12,342
2025-12-09,A1,ADHATA,0.0,25.0,14.3,22.87649999518813,88.53034990659572,7.0,10935.571431218155,0.0,0.0,0.0,0.0,24.8,24.7,26.7,13.8,13.6,0.0,0.0,12,343
2025-12-10,A1,ADHATA,0.0,25.0,14.1,22.87649999518813,88.53034990659572,7.0,10935.571431218155,0.0,0.0,0.0,0.0,25.0,24.8,25.9,14.3,13.8,0.0,0.0,12,344
2025-12-11,A1,ADHATA,0.0,24.9,13.7,22.87649999518813,88.53034990659572,7.0,10935.571431218155,0.0,0.0,0.0,0.0,25.0,25.0,25.2,14.1,14.3,0.0,0.0,12,345
2025-12-12,A1,ADHATA,0.0,24.9,14.0,22.87649999518813,88.53034990659572,7.0,10935.571431218155,0.0,0.0,0.0,0.0,24.9,25.0,25.4,13.7,14.1,0.0,0.0,12,346
2025-12-13,A1,ADHATA,0.0,25.2,14.3,22.87649999518813,88.53034990659572,7.0,10935.571431218155,0.0,0.0,0.0,0.0,24.9,24.9,24.4,14.0,13.7,0.0,0.0,12,347
2025-12-14,A1,ADHATA,0.0,26.3,14.5,22.87649999518813,88.53034990659572,7.0,10935.571431218155,0.0,0.0,0.0,0.0,25.2,24.9,24.7,14.3,14.0,0.0,0.0,12,348
2025-12-15,A1,ADHATA,0.0,25.9,14.9,22.87649999518813,88.53034990659572,7.0,10935.571431218155,0.0,0.0,0.0,0.0,26.3,25.2,24.8,14.5,14.3,0.0,0.0,12,349
2025-12-16,A1,ADHATA,0.0,24.9,14.4,22.87649999518813,88.53034990659572,7.0,10935.571431218155,0.0,0.0,0.0,0.0,25.9,26.3,25.0,14.9,14.5,0.0,0.0,12,350
2025-12-17,A1,ADHATA,0.0,25.0,14.1,22.87649999518813,88.53034990659572,7.0,10935.571431218155,0.0,0.0,0.0,0.0,24.9,25.9,25.0,14.4,14.9,0.0,0.0,12,351
2025-12-18,A1,ADHATA,0.0,26.2,14.8,22.87649999518813,88.53034990659572,7.0,10935.571431218155,0.0,0.0,0.0,0.0,25.0,24.9,24.9,14.1,14.4,0.0,0.0,12,352
2025-12-19,A1,ADHATA,0.0,25.8,15.5,22.87649999518813,88.53034990659572,7.0,10935.571431218155,0.0,0.0,0.0,0.0,26.2,25.0,24.9,14.8,14.1,0.0,0.0,12,353
2025-12-20,A1,ADHATA,0.0,23.8,15.5,22.87649999518813,88.53034990659572,7.0,10935.571431218155,0.0,0.0,0.0,0.0,25.8,26.2,25.2,15.5,14.8,0.0,0.0,12,354
2025-12-21,A1,ADHATA,0.0,23.4,14.4,22.87649999518813,88.53034990659572,7.0,10935.571431218155,0.0,0.0,0.0,0.0,23.8,25.8,26.3,15.5,15.5,0.0,0.0,12,355
2025-12-22,A1,ADHATA,0.0,24.3,14.5,22.87649999518813,88.53034990659572,7.0,10935.571431218155,0.0,0.0,0.0,0.0,23.4,23.8,25.9,14.4,15.5,0.0,0.0,12,356
2025-12-23,A1,ADHATA,0.0,23.9,14.0,22.87649999518813,88.53034990659572,7.0,10935.571431218155,0.0,0.0,0.0,0.0,24.3,23.4,24.9,14.5,14.4,0.0,0.0,12,357
2025-12-24,A1,ADHATA,0.0,23.5,13.4,22.87649999518813,88.53034990659572,7.0,10935.571431218155,0.0,0.0,0.0,0.0,23.9,24.3,25.0,14.0,14.5,0.0,0.0,12,358
2025-12-25,A1,ADHATA,0.0,21.2,11.7,22.87649999518813,88.53034990659572,7.0,10935.571431218155,0.0,0.0,0.0,0.0,23.5,23.9,26.2,13.4,14.0,0.0,0.0,12,359
2025-12-26,A1,ADHATA,0.0,21.6,11.0,22.87649999518813,88.53034990659572,7.0,10935.571431218155,0.0,0.0,0.0,0.0,21.2,23.5,25.8,11.7,13.4,0.0,0.0,12,360
2025-12-27,A1,ADHATA,0.0,22.8,12.1,22.87649999518813,88.53034990659572,7.0,10935.571431218155,0.0,0.0,0.0,0.0,21.6,21.2,23.8,11.0,11.7,0.0,0.0,12,361
2025-12-28,A1,ADHATA,0.0,21.8,12.7,22.87649999518813,88.53034990659572,7.0,10935.571431218155,0.0,0.0,0.0,0.0,22.8,21.6,23.4,12.1,11.0,0.0,0.0,12,362
2025-12-29,A1,ADHATA,0.0,20.0,11.8,22.87649999518813,88.53034990659572,7.0,10935.571431218155,0.0,0.0,0.0,0.0,21.8,22.8,24.3,12.7,12.1,0.0,0.0,12,363
2025-12-30,A1,ADHATA,0.0,19.2,10.6,22.87649999518813,88.53034990659572,7.0,10935.571431218155,0.0,0.0,0.0,0.0,20.0,21.8,23.9,11.8,12.7,0.0,0.0,12,364
2025-12-31,A1,ADHATA,0.0,20.5,9.2,22.87649999518813,88.53034990659572,7.0,10935.571431218155,0.0,0.0,0.0,0.0,19.2,20.0,23.5,10.6,11.8,0.0,0.0,12,365
2024-01-08,A2,AMDANGA,0.0,25.6,15.2,22.804946779762265,88.50961366450916,5.0,14158.797260400808,0.0,0.0,0.0,0.0,25.9,26.3,24.8,15.0,13.0,0.0,0.0,1,8
2024-01-09,A2,AMDANGA,0.0,25.0,13.6,22.804946779762265,88.50961366450916,5.0,14158.797260400808,0.0,0.0,0.0,0.0,25.6,25.9,23.2,15.2,15.0,0.0,0.0,1,9
2024-01-10,A2,AMDANGA,0.0,25.6,12.5,22.804946779762265,88.50961366450916,5.0,14158.797260400808,0.0,0.0,0.0,0.0,25.0,25.6,24.3,13.6,15.2,0.0,0.0,1,10
2024-01-11,A2,AMDANGA,0.0,24.8,13.4,22.804946779762265,88.50961366450916,5.0,14158.797260400808,0.0,0.0,0.0,0.0,25.6,25.0,25.1,12.5,13.6,0.0,0.0,1,11
2024-01-12,A2,AMDANGA,0.0,22.6,11.3,22.804946779762265,88.50961366450916,5.0,14158.797260400808,0.0,0.0,0.0,0.0,24.8,25.6,25.6,13.4,12.5,0.0,0.0,1,12
2024-01-13,A2,AMDANGA,0.0,22.5,9.9,22.804946779762265,88.50961366450916,5.0,14158.797260400808,0.0,0.0,0.0,0.0,22.6,24.8,26.3,11.3,13.4,0.0,0.0,1,13
2024-01-14,A2,AMDANGA,0.0,22.1,10.2,22.804946779762265,88.50961366450916,5.0,14158.797260400808,0.0,0.0,0.0,0.0,22.5,22.6,25.9,9.9,11.3,0.0,0.0,1,14
2024-01-15,A2,AMDANGA,0.0,21.7,10.1,22.804946779762265,88.50961366450916,5.0,14158.797260400808,0.0,0.0,0.0,0.0,22.1,22.5,25.6,10.2,9.9,0.0,0.0,1,15
2024-01-16,A2,AMDANGA,0.0,22.0,10.4,22.804946779762265,88.50961366450916,5.0,14158.797260400808,0.0,0.0,0.0,0.0,21.7,22.1,25.0,10.1,10.2,0.0,0.0,1,16
2024-01-17,A2,AMDANGA,0.1,23.3,10.1,22.804946779762265,88.50961366450916,5.0,14158.797260400808,0.0,0.0,0.0,0.0,22.0,21.7,25.6,10.4,10.1,0.0,0.0,1,17
2024-01-18,A2,AMDANGA,4.2,21.8,14.8,22.804946779762265,88.50961366450916,5.0,14158.797260400808,0.1,0.0,0.0,0.0,23.3,22.0,24.8,10.1,10.4,0.1,0.1,1,18
2024-01-19,A2,AMDANGA,0.0,22.9,14.7,22.804946779762265,88.50961366450916,5.0,14158.797260400808,4.2,0.1,0.0,0.0,21.8,23.3,22.6,14.8,10.1,4.3,4.3,1,19
2024-01-20,A2,AMDANGA,0.0,22.3,12.4,22.804946779762265,88.50961366450916,5.0,14158.797260400808,0.0,4.2,0.1,0.0,22.9,21.8,22.5,14.7,14.8,4.3,4.3,1,20
2024-01-21,A2,AMDANGA,0.0,22.3,13.0,22.804946779762265,88.50961366450916,5.0,14158.797260400808,0.0,0.0,4.2,0.0,22.3,22.9,22.1,12.4,14.7,4.2,4.3,1,21
2024-01-22,A2,AMDANGA,0.0,20.9,10.6,22.804946779762265,88.50961366450916,5.0,14158.797260400808,0.0,0.0,0.0,0.0,22.3,22.3,21.7,13.0,12.4,0.0,4.3,1,22
2024-01-23,A2,AMDANGA,0.0,22.3,9.0,22.804946779762265,88.50961366450916,5.0,14158.797260400808,0.0,0.0,0.0,0.0,20.9,22.3,22.0,10.6,13.0,0.0,4.3,1,23
2024-01-24,A2,AMDANGA,3.2,21.5,15.0,22.804946779762265,88.50961366450916,5.0,14158.797260400808,0.0,0.0,0.0,0.1,22.3,20.9,23.3,9.0,10.6,0.0,4.3,1,24
2024-01-25,A2,AMDANGA,0.0,22.8,12.8,22.804946779762265,88.50961366450916,5.0,14158.797260400808,3.2,0.0,0.0,4.2,21.5,22.3,21.8,15.0,9.0,3.2,7.4,1,25
2024-01-26,A2,AMDANGA,0.0,22.7,11.9,22.804946779762265,88.50961366450916,5.0,14158.797260400808,0.0,3.2,0.0,0.0,22.8,21.5,22.9,12.8,15.0,3.2,3.2,1,26
2024-01-27,A2,AMDANGA,0.0,22.7,10.8,22.804946779762265,88.50961366450916,5.0,14158.797260400808,0.0,0.0,3.2,0.0,22.7,22.8,22.3,11.9,12.8,3.2,3.2,1,27
2024-01-28,A2,AMDANGA,0.0,23.3,10.1,22.804946779762265,88.50961366450916,5.0,14158.797260400808,0.0,0.0,0.0,0.0,22.7,22.7,22.3,10.8,11.9,0.0,3.2,1,28
2024-01-29,A2,AMDANGA,0.0,24.7,10.8,22.804946779762265,88.50961366450916,5.0,14158.797260400808,0.0,0.0,0.0,0.0,23.3,22.7,20.9,10.1,10.8,0.0,3.2,1,29
2024-01-30,A2,AMDANGA,0.7,26.2,12.9,22.804946779762265,88.50961366450916,5.0,14158.797260400808,0.0,0.0,0.0,0.0,24.7,23.3,22.3,10.8,10.1,0.0,3.2,1,30
2024-01-31,A2,AMDANGA,27.1,25.1,17.4,22.804946779762265,88.50961366450916,5.0,14158.797260400808,0.7,0.0,0.0,3.2,26.2,24.7,21.5,12.9,10.8,0.7,3.9000000000000004,1,31
2024-02-01,A2,AMDANGA,6.3,24.5,16.2,22.804946779762265,88.50961366450916,5.0,14158.797260400808,27.1,0.7,0.0,0.0,25.1,26.2,22.8,17.4,12.9,27.8,27.8,2,32
2024-02-02,A2,AMDANGA,0.1,26.5,16.4,22.804946779762265,88.50961366450916,5.0,14158.797260400808,6.3,27.1,0.7,0.0,24.5,25.1,22.7,16.2,17.4,34.1,34.1,2,33
2024-02-03,A2,AMDANGA,0.0,25.8,15.2,22.804946779762265,88.50961366450916,5.0,14158.797260400808,0.1,6.3,27.1,0.0,26.5,24.5,22.7,16.4,16.2,33.5,34.2,2,34
2024-02-04,A2,AMDANGA,0.0,26.0,12.4,22.804946779762265,88.50961366450916,5.0,14158.797260400808,0.0,0.1,6.3,0.0,25.8,26.5,23.3,15.2,16.4,6.3999999999999995,34.2,2,35
2024-02-05,A2,AMDANGA,0.0,26.8,14.5,22.804946779762265,88.50961366450916,5.0,14158.797260400808,0.0,0.0,0.1,0.0,26.0,25.8,24.7,12.4,15.2,0.1,34.2,2,36
2024-02-06,A2,AMDANGA,0.7,27.0,17.8,22.804946779762265,88.50961366450916,5.0,14158.797260400808,0.0,0.0,0.0,0.7,26.8,26.0,26.2,14.5,12.4,0.0,34.2,2,37
2024-02-07,A2,AMDANGA,0.0,25.2,17.9,22.804946779762265,88.50961366450916,5.0,14158.797260400808,0.7,0.0,0.0,27.1,27.0,26.8,25.1,17.8,14.5,0.7,34.199999999999996,2,38
2024-02-08,A2,AMDANGA,0.0,24.2,14.4,22.804946779762265,88.50961366450916,5.0,14158.797260400808,0.0,0.7,0.0,6.3,25.2,27.0,24.5,17.9,17.8,0.7,7.1,2,39
2024-02-09,A2,AMDANGA,0.0,22.9,12.2,22.804946779762265,88.50961366450916,5.0,14158.797260400808,0.0,0.0,0.7,0.1,24.2,25.2,26.5,14.4,17.9,0.7,0.7999999999999999,2,40
2024-02-10,A2,AMDANGA,0.0,24.6,11.4,22.804946779762265,88.50961366450916,5.0,14158.797260400808,0.0,0.0,0.0,0.0,22.9,24.2,25.8,12.2,14.4,0.0,0.7,2,41
2024-02-11,A2,AMDANGA,0.0,26.4,11.9,22.804946779762265,88.50961366450916,5.0,14158.797260400808,0.0,0.0,0.0,0.0,24.6,22.9,26.0,11.4,12.2,0.0,0.7,2,42
2024-02-12,A2,AMDANGA,0.0,27.3,13.8,22.804946779762265,88.50961366450916,5.0,14158.797260400808,0.0,0.0,0.0,0.0,26.4,24.6,26.8,11.9,11.4,0.0,0.7,2,43
2024-02-13,A2,AMDANGA,0.0,28.9,16.7,22.804946779762265,88.50961366450916,5.0,14158.797260400808,0.0,0.0,0.0,0.7,27.3,26.4,27.0,13.8,11.9,0.0,0.7,2,44
2024-02-14,A2,AMDANGA,0.0,28.3,15.8,22.804946779762265,88.50961366450916,5.0,14158.797260400808,0.0,0.0,0.0,0.0,28.9,27.3,25.2,16.7,13.8,0.0,0.0,2,45
2024-02-15,A2,AMDANGA,0.6,27.8,17.0,22.804946779762265,88.50961366450916,5.0,14158.797260400808,0.0,0.0,0.0,0.0,28.3,28.9,24.2,15.8,16.7,0.0,0.0,2,46
2024-02-16,A2,AMDANGA,0.0,28.5,17.3,22.804946779762265,88.50961366450916,5.0,14158.797260400808,0.6,0.0,0.0,0.0,27.8,28.3,22.9,17.0,15.8,0.6,0.6,2,47
2024-02-17,A2,AMDANGA,0.0,27.7,15.0,22.804946779762265,88.50961366450916,5.0,14158.797260400808,0.0,0.6,0.0,0.0,28.5,27.8,24.6,17.3,17.0,0.6,0.6,2,48
2024-02-18,A2,AMDANGA,0.2,28.6,14.9,22.804946779762265,88.50961366450916,5.0,14158.797260400808,0.0,0.0,0.6,0.0,27.7,28.5,26.4,15.0,17.3,0.6,0.6,2,49
2024-02-19,A2,AMDANGA,0.4,29.6,17.8,22.804946779762265,88.50961366450916,5.0,14158.797260400808,0.2,0.0,0.0,0.0,28.6,27.7,27.3,14.9,15.0,0.2,0.8,2,50
2024-02-20,A2,AMDANGA,0.3,31.4,20.8,22.804946779762265,88.50961366450916,5.0,14158.797260400808,0.4,0.2,0.0,0.0,29.6,28.6,28.9,17.8,14.9,0.6000000000000001,1.2,2,51
2024-02-21,A2,AMDANGA,0.0,32.7,20.2,22.804946779762265,88.50961366450916,5.0,14158.797260400808,0.3,0.4,0.2,0.0,31.4,29.6,28.3,20.8,17.8,0.9,1.5,2,52
2024-02-22,A2,AMDANGA,0.1,28.8,20.5,22.804946779762265,88.50961366450916,5.0,14158.797260400808,0.0,0.3,0.4,0.6,32.7,31.4,27.8,20.2,20.8,0.7,1.5,2,53
2024-02-23,A2,AMDANGA,0.0,28.4,19.3,22.804946779762265,88.50961366450916,5.0,14158.797260400808,0.1,0.0,0.3,0.0,28.8,32.7,28.5,20.5,20.2,0.4,1.0,2,54
2024-02-24,A2,AMDANGA,0.0,28.2,16.7,22.804946779762265,88.50961366450916,5.0,14158.797260400808,0.0,0.1,0.0,0.0,28.4,28.8,27.7,19.3,20.5,0.1,1.0,2,55
2024-02-25,A2,AMDANGA,0.5,25.0,17.9,22.804946779762265,88.50961366450916,5.0,14158.797260400808,0.0,0.0,0.1,0.2,28.2,28.4,28.6,16.7,19.3,0.1,1.0,2,56
2024-02-26,A2,AMDANGA,0.0,28.0,16.9,22.804946779762265,88.50961366450916,5.0,14158.797260400808,0.5,0.0,0.0,0.4,25.0,28.2,29.6,17.9,16.7,0.5,1.3,2,57
2024-02-27,A2,AMDANGA,0.0,28.5,17.2,22.804946779762265,88.50961366450916,5.0,14158.797260400808,0.0,0.5,0.0,0.3,28.0,25.0,31.4,16.9,17.9,0.5,0.8999999999999999,2,58
2024-02-28,A2,AMDANGA,0.0,29.1,17.8,22.804946779762265,88.50961366450916,5.0,14158.797260400808,0.0,0.0,0.5,0.0,28.5,28.0,32.7,17.2,16.9,0.5,0.6,2,59
2024-02-29,A2,AMDANGA,0.0,29.6,17.8,22.804946779762265,88.50961366450916,5.0,14158.797260400808,0.0,0.0,0.0,0.1,29.1,28.5,28.8,17.8,17.2,0.0,0.6,2,60
2024-03-01,A2,AMDANGA,0.0,30.2,16.4,22.804946779762265,88.50961366450916,5.0,14158.797260400808,0.0,0.0,0.0,0.0,29.6,29.1,28.4,17.8,17.8,0.0,0.5,3,61
2024-03-02,A2,AMDANGA,0.0,30.6,15.9,22.804946779762265,88.50961366450916,5.0,14158.797260400808,0.0,0.0,0.0,0.0,30.2,29.6,28.2,16.4,17.8,0.0,0.5,3,62
2024-03-03,A2,AMDANGA,0.2,31.2,18.7,22.804946779762265,88.50961366450916,5.0,14158.797260400808,0.0,0.0,0.0,0.5,30.6,30.2,25.0,15.9,16.4,0.0,0.5,3,63
2024-03-04,A2,AMDANGA,1.1,31.2,19.2,22.804946779762265,88.50961366450916,5.0,14158.797260400808,0.2,0.0,0.0,0.0,31.2,30.6,28.0,18.7,15.9,0.2,0.2,3,64
2024-03-05,A2,AMDANGA,0.0,30.4,19.8,22.804946779762265,88.50961366450916,5.0,14158.797260400808,1.1,0.2,0.0,0.0,31.2,31.2,28.5,19.2,18.7,1.3,1.3,3,65
2024-03-06,A2,AMDANGA,0.0,28.9,17.8,22.804946779762265,88.50961366450916,5.0,14158.797260400808,0.0,1.1,0.2,0.0,30.4,31.2,29.1,19.8,19.2,1.3,1.3,3,66
2024-03-07,A2,AMDANGA,0.0,28.3,18.4,22.804946779762265,88.50961366450916,5.0,14158.797260400808,0.0,0.0,1.1,0.0,28.9,30.4,29.6,17.8,19.8,1.1,1.3,3,67
2024-03-08,A2,AMDANGA,0.0,29.9,18.4,22.804946779762265,88.50961366450916,5.0,14158.797260400808,0.0,0.0,0.0,0.0,28.3,28.9,30.2,18.4,17.8,0.0,1.3,3,68
2024-03-09,A2,AMDANGA,0.0,29.3,15.1,22.804946779762265,88.50961366450916,5.0,14158.797260400808,0.0,0.0,0.0,0.0,29.9,28.3,30.6,18.4,18.4,0.0,1.3,3,69
2024-03-10,A2,AMDANGA,0.0,29.2,14.7,22.804946779762265,88.50961366450916,5.0,14158.797260400808,0.0,0.0,0.0,0.2,29.3,29.9,31.2,15.1,18.4,0.0,1.3,3,70
2024-03-11,A2,AMDANGA,0.0,30.6,14.5,22.804946779762265,88.50961366450916,5.0,14158.797260400808,0.0,0.0,0.0,1.1,29.2,29.3,31.2,14.7,15.1,0.0,1.1,3,71
2024-03-12,A2,AMDANGA,0.0,32.7,19.6,22.804946779762265,88.50961366450916,5.0,14158.797260400808,0.0,0.0,0.0,0.0,30.6,29.2,30.4,14.5,14.7,0.0,0.0,3,72
2024-03-13,A2,AMDANGA,0.6,33.6,23.2,22.804946779762265,88.50961366450916,5.0,14158.797260400808,0.0,0.0,0.0,0.0,32.7,30.6,28.9,19.6,14.5,0.0,0.0,3,73
2024-03-14,A2,AMDANGA,12.3,31.8,21.5,22.804946779762265,88.50961366450916,5.0,14158.797260400808,0.6,0.0,0.0,0.0,33.6,32.7,28.3,23.2,19.6,0.6,0.6,3,74
2024-03-15,A2,AMDANGA,0.9,33.4,21.9,22.804946779762265,88.50961366450916,5.0,14158.797260400808,12.3,0.6,0.0,0.0,31.8,33.6,29.9,21.5,23.2,12.9,12.9,3,75
2024-03-16,A2,AMDANGA,1.4,31.7,22.5,22.804946779762265,88.50961366450916,5.0,14158.797260400808,0.9,12.3,0.6,0.0,33.4,31.8,29.3,21.9,21.5,13.8,13.8,3,76
2024-03-17,A2,AMDANGA,0.0,31.6,21.4,22.804946779762265,88.50961366450916,5.0,14158.797260400808,1.4,0.9,12.3,0.0,31.7,33.4,29.2,22.5,21.9,14.600000000000001,15.2,3,77
2024-03-18,A2,AMDANGA,2.0,29.6,21.7,22.804946779762265,88.50961366450916,5.0,14158.797260400808,0.0,1.4,0.9,0.0,31.6,31.7,30.6,21.4,22.5,2.3,15.2,3,78
2024-03-19,A2,AMDANGA,11.9,30.2,22.6,22.804946779762265,88.50961366450916,5.0,14158.797260400808,2.0,0.0,1.4,0.0,29.6,31.6,32.7,21.7,21.4,3.4,17.2,3,79
2024-03-20,A2,AMDANGA,12.9,23.5,18.4,22.804946779762265,88.50961366450916,5.0,14158.797260400808,11.9,2.0,0.0,0.6,30.2,29.6,33.6,22.6,21.7,13.9,29.1,3,80
2024-03-21,A2,AMDANGA,7.4,26.5,18.3,22.804946779762265,88.50961366450916,5.0,14158.797260400808,12.9,11.9,2.0,12.3,23.5,30.2,31.8,18.4,22.6,26.8,41.4,3,81
2024-03-22,A2,AMDANGA,0.3,27.5,16.7,22.804946779762265,88.50961366450916,5.0,14158.797260400808,7.4,12.9,11.9,0.9,26.5,23.5,33.4,18.3,18.4,32.2,36.5,3,82
2024-03-23,A2,AMDANGA,5.0,31.9,19.1,22.804946779762265,88.50961366450916,5.0,14158.797260400808,0.3,7.4,12.9,1.4,27.5,26.5,31.7,16.7,18.3,20.6,35.900000000000006,3,83
2024-03-24,A2,AMDANGA,0.0,33.7,23.7,22.804946779762265,88.50961366450916,5.0,14158.797260400808,5.0,0.3,7.4,0.0,31.9,27.5,31.6,19.1,16.7,12.7,39.5,3,84
2024-03-25,A2,AMDANGA,15.3,33.0,22.7,22.804946779762265,88.50961366450916,5.0,14158.797260400808,0.0,5.0,0.3,2.0,33.7,31.9,29.6,23.7,19.1,5.3,39.5,3,85
2024-03-26,A2,AMDANGA,0.0,32.4,23.8,22.804946779762265,88.50961366450916,5.0,14158.797260400808,15.3,0.0,5.0,11.9,33.0,33.7,30.2,22.7,23.7,20.3,52.8,3,86
2024-03-27,A2,AMDANGA,0.1,34.4,22.7,22.804946779762265,88.50961366450916,5.0,14158.797260400808,0.0,15.3,0.0,12.9,32.4,33.0,23.5,23.8,22.7,15.3,40.900000000000006,3,87
2024-03-28,A2,AMDANGA,0.3,32.8,22.3,22.804946779762265,88.50961366450916,5.0,14158.797260400808,0.1,0.0,15.3,7.4,34.4,32.4,26.5,22.7,23.8,15.4,28.100000000000005,3,88
2024-03-29,A2,AMDANGA,0.2,34.2,24.7,22.804946779762265,88.50961366450916,5.0,14158.797260400808,0.3,0.1,0.0,0.3,32.8,34.4,27.5,22.3,22.7,0.4,21.0,3,89
2024-03-30,A2,AMDANGA,0.3,35.7,24.8,22.804946779762265,88.50961366450916,5.0,14158.797260400808,0.2,0.3,0.1,5.0,34.2,32.8,31.9,24.7,22.3,0.6000000000000001,20.900000000000002,3,90
2024-03-31,A2,AMDANGA,4.8,34.7,25.1,22.804946779762265,88.50961366450916,5.0,14158.797260400808,0.3,0.2,0.3,0.0,35.7,34.2,33.7,24.8,24.7,0.8,16.2,3,91
2024-04-01,A2,AMDANGA,0.0,36.4,25.1,22.804946779762265,88.50961366450916,5.0,14158.797260400808,4.8,0.3,0.2,15.3,34.7,35.7,33.0,25.1,24.8,5.3,21.0,4,92
2024-04-02,A2,AMDANGA,0.0,35.7,23.9,22.804946779762265,88.50961366450916,5.0,14158.797260400808,0.0,4.8,0.3,0.0,36.4,34.7,32.4,25.1,25.1,5.1,5.7,4,93
2024-04-03,A2,AMDANGA,0.0,36.0,25.1,22.804946779762265,88.50961366450916,5.0,14158.797260400808,0.0,0.0,4.8,0.1,35.7,36.4,34.4,23.9,25.1,4.8,5.7,4,94
2024-04-04,A2,AMDANGA,23.9,37.2,25.9,22.804946779762265,88.50961366450916,5.0,14158.797260400808,0.0,0.0,0.0,0.3,36.0,35.7,32.8,25.1,23.9,0.0,5.6000000000000005,4,95
2024-04-05,A2,AMDANGA,0.0,37.4,26.3,22.804946779762265,88.50961366450916,5.0,14158.797260400808,23.9,0.0,0.0,0.2,37.2,36.0,34.2,25.9,25.1,23.9,29.2,4,96
2024-04-06,A2,AMDANGA,0.2,37.8,25.9,22.804946779762265,88.50961366450916,5.0,14158.797260400808,0.0,23.9,0.0,0.3,37.4,37.2,35.7,26.3,25.9,23.9,29.0,4,97
2024-04-07,A2,AMDANGA,1.0,36.2,25.8,22.804946779762265,88.50961366450916,5.0,14158.797260400808,0.2,0.0,23.9,4.8,37.8,37.4,34.7,25.9,26.3,24.099999999999998,28.9,4,98
2024-04-08,A2,AMDANGA,0.0,31.3,22.6,22.804946779762265,88.50961366450916,5.0,14158.797260400808,1.0,0.2,0.0,0.0,36.2,37.8,36.4,25.8,25.9,1.2,25.099999999999998,4,99
2024-04-09,A2,AMDANGA,0.0,34.7,22.1,22.804946779762265,88.50961366450916,5.0,14158.797260400808,0.0,1.0,0.2,0.0,31.3,36.2,35.7,22.6,25.8,1.2,25.099999999999998,4,100
2024-04-10,A2,AMDANGA,0.0,35.8,22.7,22.804946779762265,88.50961366450916,5.0,14158.797260400808,0.0,0.0,1.0,0.0,34.7,31.3,36.0,22.1,22.6,1.0,25.099999999999998,4,101
2024-04-11,A2,AMDANGA,6.0,33.2,23.9,22.804946779762265,88.50961366450916,5.0,14158.797260400808,0.0,0.0,0.0,23.9,35.8,34.7,37.2,22.7,22.1,0.0,25.099999999999998,4,102
2024-04-12,A2,AMDANGA,0.0,35.0,23.5,22.804946779762265,88.50961366450916,5.0,14158.797260400808,6.0,0.0,0.0,0.0,33.2,35.8,37.4,23.9,22.7,6.0,7.2,4,103
2024-04-13,A2,AMDANGA,0.0,36.1,23.7,22.804946779762265,88.50961366450916,5.0,14158.797260400808,0.0,6.0,0.0,0.2,35.0,33.2,37.8,23.5,23.9,6.0,7.2,4,104
2024-04-14,A2,AMDANGA,0.0,36.9,23.2,22.804946779762265,88.50961366450916,5.0,14158.797260400808,0.0,0.0,6.0,1.0,36.1,35.0,36.2,23.7,23.5,6.0,7.0,4,105
2024-04-15,A2,AMDANGA,0.0,38.2,23.9,22.804946779762265,88.50961366450916,5.0,14158.797260400808,0.0,0.0,0.0,0.0,36.9,36.1,31.3,23.2,23.7,0.0,6.0,4,106
2024-04-16,A2,AMDANGA,0.0,38.2,26.3,22.804946779762265,88.50961366450916,5.0,14158.797260400808,0.0,0.0,0.0,0.0,38.2,36.9,34.7,23.9,23.2,0.0,6.0,4,107
2024-04-17,A2,AMDANGA,0.0,37.9,27.2,22.804946779762265,88.50961366450916,5.0,14158.797260400808,0.0,0.0,0.0,0.0,38.2,38.2,35.8,26.3,23.9,0.0,6.0,4,108
2024-04-18,A2,AMDANGA,0.0,38.3,25.6,22.804946779762265,88.50961366450916,5.0,14158.797260400808,0.0,0.0,0.0,6.0,37.9,38.2,33.2,27.2,26.3,0.0,6.0,4,109
2024-04-19,A2,AMDANGA,0.0,40.3,24.9,22.804946779762265,88.50961366450916,5.0,14158.797260400808,0.0,0.0,0.0,0.0,38.3,37.9,35.0,25.6,27.2,0.0,0.0,4,110
2024-04-20,A2,AMDANGA,0.0,41.6,26.0,22.804946779762265,88.50961366450916,5.0,14158.797260400808,0.0,0.0,0.0,0.0,40.3,38.3,36.1,24.9,25.6,0.0,0.0,4,111
2024-04-21,A2,AMDANGA,0.0,40.8,27.1,22.804946779762265,88.50961366450916,5.0,14158.797260400808,0.0,0.0,0.0,0.0,41.6,40.3,36.9,26.0,24.9,0.0,0.0,4,112
2024-04-22,A2,AMDANGA,0.0,39.9,25.9,22.804946779762265,88.50961366450916,5.0,14158.797260400808,0.0,0.0,0.0,0.0,40.8,41.6,38.2,27.1,26.0,0.0,0.0,4,113
2024-04-23,A2,AMDANGA,0.0,38.4,26.5,22.804946779762265,88.50961366450916,5.0,14158.797260400808,0.0,0.0,0.0,0.0,39.9,40.8,38.2,25.9,27.1,0.0,0.0,4,114
2024-04-24,A2,AMDANGA,0.0,40.2,27.1,22.804946779762265,88.50961366450916,5.0,14158.797260400808,0.0,0.0,0.0,0.0,38.4,39.9,37.9,26.5,25.9,0.0,0.0,4,115
2024-04-25,A2,AMDANGA,0.0,40.3,24.8,22.804946779762265,88.50961366450916,5.0,14158.797260400808,0.0,0.0,0.0,0.0,40.2,38.4,38.3,27.1,26.5,0.0,0.0,4,116
2024-04-26,A2,AMDANGA,0.0,40.8,27.1,22.804946779762265,88.50961366450916,5.0,14158.797260400808,0.0,0.0,0.0,0.0,40.3,40.2,40.3,24.8,27.1,0.0,0.0,4,117
2024-04-27,A2,AMDANGA,0.0,41.4,27.8,22.804946779762265,88.50961366450916,5.0,14158.797260400808,0.0,0.0,0.0,0.0,40.8,40.3,41.6,27.1,24.8,0.0,0.0,4,118
2024-04-28,A2,AMDANGA,0.9,40.1,28.3,22.804946779762265,88.50961366450916,5.0,14158.797260400808,0.0,0.0,0.0,0.0,41.4,40.8,40.8,27.8,27.1,0.0,0.0,4,119
2024-04-29,A2,AMDANGA,0.0,41.7,28.5,22.804946779762265,88.50961366450916,5.0,14158.797260400808,0.9,0.0,0.0,0.0,40.1,41.4,39.9,28.3,27.8,0.9,0.9,4,120
2024-04-30,A2,AMDANGA,0.0,43.7,29.2,22.804946779762265,88.50961366450916,5.0,14158.797260400808,0.0,0.9,0.0,0.0,41.7,40.1,38.4,28.5,28.3,0.9,0.9,4,121
2024-05-01,A2,AMDANGA,0.0,41.5,28.7,22.804946779762265,88.50961366450916,5.0,14158.797260400808,0.0,0.0,0.9,0.0,43.7,41.7,40.2,29.2,28.5,0.9,0.9,5,122
2024-05-02,A2,AMDANGA,0.0,41.1,29.4,22.804946779762265,88.50961366450916,5.0,14158.797260400808,0.0,0.0,0.0,0.0,41.5,43.7,40.3,28.7,29.2,0.0,0.9,5,123
2024-05-03,A2,AMDANGA,0.0,40.2,26.1,22.804946779762265,88.50961366450916,5.0,14158.797260400808,0.0,0.0,0.0,0.0,41.1,41.5,40.8,29.4,28.7,0.0,0.9,5,124
2024-05-04,A2,AMDANGA,0.1,39.9,27.4,22.804946779762265,88.50961366450916,5.0,14158.797260400808,0.0,0.0,0.0,0.0,40.2,41.1,41.4,26.1,29.4,0.0,0.9,5,125
2024-05-05,A2,AMDANGA,0.5,37.9,28.5,22.804946779762265,88.50961366450916,5.0,14158.797260400808,0.1,0.0,0.0,0.9,39.9,40.2,40.1,27.4,26.1,0.1,1.0,5,126
2024-05-06,A2,AMDANGA,86.6,37.3,24.8,22.804946779762265,88.50961366450916,5.0,14158.797260400808,0.5,0.1,0.0,0.0,37.9,39.9,41.7,28.5,27.4,0.6,0.6,5,127
2024-05-07,A2,AMDANGA,2.1,33.4,24.3,22.804946779762265,88.50961366450916,5.0,14158.797260400808,86.6,0.5,0.1,0.0,37.3,37.9,43.7,24.8,28.5,87.19999999999999,87.19999999999999,5,128
2024-05-08,A2,AMDANGA,3.6,30.4,23.8,22.804946779762265,88.50961366450916,5.0,14158.797260400808,2.1,86.6,0.5,0.0,33.4,37.3,41.5,24.3,24.8,89.19999999999999,89.29999999999998,5,129
2024-05-09,A2,AMDANGA,9.0,31.3,24.0,22.804946779762265,88.50961366450916,5.0,14158.797260400808,3.6,2.1,86.6,0.0,30.4,33.4,41.1,23.8,24.3,92.3,92.89999999999999,5,130
2024-05-10,A2,AMDANGA,10.1,31.3,23.6,22.804946779762265,88.50961366450916,5.0,14158.797260400808,9.0,3.6,2.1,0.0,31.3,30.4,40.2,24.0,23.8,14.7,101.89999999999999,5,131
2024-05-11,A2,AMDANGA,16.1,31.5,25.0,22.804946779762265,88.50961366450916,5.0,14158.797260400808,10.1,9.0,3.6,0.1,31.3,31.3,39.9,23.6,24.0,22.7,111.99999999999999,5,132
2024-05-12,A2,AMDANGA,3.3,32.7,25.0,22.804946779762265,88.50961366450916,5.0,14158.797260400808,16.1,10.1,9.0,0.5,31.5,31.3,37.9,25.0,23.6,35.2,128.0,5,133
2024-05-13,A2,AMDANGA,0.0,33.6,24.0,22.804946779762265,88.50961366450916,5.0,14158.797260400808,3.3,16.1,10.1,86.6,32.7,31.5,37.3,25.0,25.0,29.5,130.79999999999998,5,134
2024-05-14,A2,AMDANGA,2.5,34.0,25.1,22.804946779762265,88.50961366450916,5.0,14158.797260400808,0.0,3.3,16.1,2.1,33.6,32.7,33.4,24.0,25.0,19.4,44.199999999999996,5,135
2024-05-15,A2,AMDANGA,0.0,35.2,26.0,22.804946779762265,88.50961366450916,5.0,14158.797260400808,2.5,0.0,3.3,3.6,34.0,33.6,30.4,25.1,24.0,5.799999999999996,44.599999999999994,5,136
2024-05-16,A2,AMDANGA,0.0,35.6,26.1,22.804946779762265,88.50961366450916,5.0,14158.797260400808,0.0,2.5,0.0,9.0,35.2,34.0,31.3,26.0,25.1,2.4999999999999964,40.99999999999999,5,137
2024-05-17,A2,AMDANGA,0.0,37.4,27.3,22.804946779762265,88.50961366450916,5.0,14158.797260400808,0.0,0.0,2.5,10.1,35.6,35.2,31.3,26.1,26.0,2.4999999999999964,32.0,5,138
2024-05-18,A2,AMDANGA,0.0,36.5,28.7,22.804946779762265,88.50961366450916,5.0,14158.797260400808,0.0,0.0,0.0,16.1,37.4,35.6,31.5,27.3,26.1,0.0,21.9,5,139
2024-05-19,A2,AMDANGA,0.1,33.8,28.8,22.804946779762265,88.50961366450916,5.0,14158.797260400808,0.0,0.0,0.0,3.3,36.5,37.4,32.7,28.7,27.3,0.0,5.799999999999996,5,140
2024-05-20,A2,AMDANGA,12.9,33.2,26.9,22.804946779762265,88.50961366450916,5.0,14158.797260400808,0.1,0.0,0.0,0.0,33.8,36.5,33.6,28.8,28.7,0.09999999999999645,2.5999999999999965,5,141
2024-05-21,A2,AMDANGA,7.0,33.3,26.4,22.804946779762265,88.50961366450916,5.0,14158.797260400808,12.9,0.1,0.0,2.5,33.2,33.8,34.0,26.9,28.8,12.999999999999996,15.499999999999996,5,142
2024-05-22,A2,AMDANGA,2.1,33.8,26.7,22.804946779762265,88.50961366450916,5.0,14158.797260400808,7.0,12.9,0.1,0.0,33.3,33.2,35.2,26.4,26.9,19.999999999999996,19.999999999999996,5,143
2024-05-23,A2,AMDANGA,0.0,35.0,26.0,22.804946779762265,88.50961366450916,5.0,14158.797260400808,2.1,7.0,12.9,0.0,33.8,33.3,35.6,26.7,26.4,21.999999999999996,22.099999999999998,5,144
2024-05-24,A2,AMDANGA,0.0,35.6,26.3,22.804946779762265,88.50961366450916,5.0,14158.797260400808,0.0,2.1,7.0,0.0,35.0,33.8,37.4,26.0,26.7,9.099999999999996,22.099999999999998,5,145
2024-05-25,A2,AMDANGA,0.1,36.5,27.4,22.804946779762265,88.50961366450916,5.0,14158.797260400808,0.0,0.0,2.1,0.0,35.6,35.0,36.5,26.3,26.0,2.0999999999999965,22.099999999999998,5,146
2024-05-26,A2,AMDANGA,30.6,30.7,26.8,22.804946779762265,88.50961366450916,5.0,14158.797260400808,0.1,0.0,0.0,0.1,36.5,35.6,33.8,27.4,26.3,0.09999999999999645,22.199999999999996,5,147
2024-05-27,A2,AMDANGA,70.7,27.6,26.1,22.804946779762265,88.50961366450916,5.0,14158.797260400808,30.6,0.1,0.0,12.9,30.7,36.5,33.2,26.8,27.4,30.7,52.699999999999996,5,148
2024-05-28,A2,AMDANGA,0.1,35.5,26.4,22.804946779762265,88.50961366450916,5.0,14158.797260400808,70.7,30.6,0.1,7.0,27.6,30.7,33.3,26.1,26.8,101.4,110.5,5,149
2024-05-29,A2,AMDANGA,0.0,35.9,29.3,22.804946779762265,88.50961366450916,5.0,14158.797260400808,0.1,70.7,30.6,2.1,35.5,27.6,33.8,26.4,26.1,101.4,103.6,5,150
2024-05-30,A2,AMDANGA,0.2,35.3,29.4,22.804946779762265,88.50961366450916,5.0,14158.797260400808,0.0,0.1,70.7,0.0,35.9,35.5,35.0,29.3,26.4,70.8,101.5,5,151
2024-05-31,A2,AMDANGA,0.0,34.9,28.5,22.804946779762265,88.50961366450916,5.0,14158.797260400808,0.2,0.0,0.1,0.0,35.3,35.9,35.6,29.4,29.3,0.30000000000000004,101.7,5,152
2024-06-01,A2,AMDANGA,0.8,34.6,28.1,22.804946779762265,88.50961366450916,5.0,14158.797260400808,0.0,0.2,0.0,0.1,34.9,35.3,36.5,28.5,29.4,0.2,101.7,6,153
2024-06-02,A2,AMDANGA,2.7,34.2,29.0,22.804946779762265,88.50961366450916,5.0,14158.797260400808,0.8,0.0,0.2,30.6,34.6,34.9,30.7,28.1,28.5,1.0,102.39999999999999,6,154
2024-06-03,A2,AMDANGA,0.5,34.5,28.3,22.804946779762265,88.50961366450916,5.0,14158.797260400808,2.7,0.8,0.0,70.7,34.2,34.6,27.6,29.0,28.1,3.5,74.5,6,155
2024-06-04,A2,AMDANGA,0.0,35.7,28.6,22.804946779762265,88.50961366450916,5.0,14158.797260400808,0.5,2.7,0.8,0.1,34.5,34.2,35.5,28.3,29.0,4.0,4.300000000000001,6,156
2024-06-05,A2,AMDANGA,0.4,35.8,28.0,22.804946779762265,88.50961366450916,5.0,14158.797260400808,0.0,0.5,2.7,0.0,35.7,34.5,35.9,28.6,28.3,3.2,4.200000000000001,6,157
2024-06-06,A2,AMDANGA,2.4,36.5,26.7,22.804946779762265,88.50961366450916,5.0,14158.797260400808,0.4,0.0,0.5,0.2,35.8,35.7,35.3,28.0,28.6,0.9,4.6000000000000005,6,158
2024-06-07,A2,AMDANGA,0.0,36.3,25.9,22.804946779762265,88.50961366450916,5.0,14158.797260400808,2.4,0.4,0.0,0.0,36.5,35.8,34.9,26.7,28.0,2.8,6.800000000000001,6,159
2024-06-08,A2,AMDANGA,0.0,35.6,28.0,22.804946779762265,88.50961366450916,5.0,14158.797260400808,0.0,2.4,0.4,0.8,36.3,36.5,34.6,25.9,26.7,2.8,6.800000000000001,6,160
2024-06-09,A2,AMDANGA,0.0,36.5,28.2,22.804946779762265,88.50961366450916,5.0,14158.797260400808,0.0,0.0,2.4,2.7,35.6,36.3,34.2,28.0,25.9,2.4,6.0,6,161
2024-06-10,A2,AMDANGA,0.0,36.4,28.5,22.804946779762265,88.50961366450916,5.0,14158.797260400808,0.0,0.0,0.0,0.5,36.5,35.6,34.5,28.2,28.0,0.0,3.3,6,162
2024-06-11,A2,AMDANGA,0.0,36.7,28.9,22.804946779762265,88.50961366450916,5.0,14158.797260400808,0.0,0.0,0.0,0.0,36.4,36.5,35.7,28.5,28.2,0.0,2.8,6,163
2024-06-12,A2,AMDANGA,0.0,35.3,28.3,22.804946779762265,88.50961366450916,5.0,14158.797260400808,0.0,0.0,0.0,0.4,36.7,36.4,35.8,28.9,28.5,0.0,2.8,6,164
2024-06-13,A2,AMDANGA,0.0,36.0,28.6,22.804946779762265,88.50961366450916,5.0,14158.797260400808,0.0,0.0,0.0,2.4,35.3,36.7,36.5,28.3,28.9,0.0,2.4,6,165
2024-06-14,A2,AMDANGA,0.0,37.2,29.1,22.804946779762265,88.50961366450916,5.0,14158.797260400808,0.0,0.0,0.0,0.0,36.0,35.3,36.3,28.6,28.3,0.0,0.0,6,166
2024-06-15,A2,AMDANGA,0.0,37.3,29.4,22.804946779762265,88.50961366450916,5.0,14158.797260400808,0.0,0.0,0.0,0.0,37.2,36.0,35.6,29.1,28.6,0.0,0.0,6,167
2024-06-16,A2,AMDANGA,0.0,36.9,29.4,22.804946779762265,88.50961366450916,5.0,14158.797260400808,0.0,0.0,0.0,0.0,37.3,37.2,36.5,29.4,29.1,0.0,0.0,6,168
2024-06-17,A2,AMDANGA,0.1,36.8,29.2,22.804946779762265,88.50961366450916,5.0,14158.797260400808,0.0,0.0,0.0,0.0,36.9,37.3,36.4,29.4,29.4,0.0,0.0,6,169
2024-06-18,A2,AMDANGA,10.9,32.5,28.4,22.804946779762265,88.50961366450916,5.0,14158.797260400808,0.1,0.0,0.0,0.0,36.8,36.9,36.7,29.2,29.4,0.1,0.1,6,170
2024-06-19,A2,AMDANGA,8.1,34.6,28.5,22.804946779762265,88.50961366450916,5.0,14158.797260400808,10.9,0.1,0.0,0.0,32.5,36.8,35.3,28.4,29.2,11.0,11.0,6,171
2024-06-20,A2,AMDANGA,31.5,33.8,27.9,22.804946779762265,88.50961366450916,5.0,14158.797260400808,8.1,10.9,0.1,0.0,34.6,32.5,36.0,28.5,28.4,19.1,19.1,6,172
2024-06-21,A2,AMDANGA,3.9,32.0,27.2,22.804946779762265,88.50961366450916,5.0,14158.797260400808,31.5,8.1,10.9,0.0,33.8,34.6,37.2,27.9,28.5,50.5,50.6,6,173
2024-06-22,A2,AMDANGA,1.9,33.3,26.4,22.804946779762265,88.50961366450916,5.0,14158.797260400808,3.9,31.5,8.1,0.0,32.0,33.8,37.3,27.2,27.9,43.5,54.5,6,174
2024-06-23,A2,AMDANGA,3.3,33.6,26.7,22.804946779762265,88.50961366450916,5.0,14158.797260400808,1.9,3.9,31.5,0.0,33.3,32.0,36.9,26.4,27.2,37.3,56.4,6,175
2024-06-24,A2,AMDANGA,0.8,34.0,27.2,22.804946779762265,88.50961366450916,5.0,14158.797260400808,3.3,1.9,3.9,0.1,33.6,33.3,36.8,26.7,26.4,9.1,59.7,6,176
2024-06-25,A2,AMDANGA,0.6,34.0,28.0,22.804946779762265,88.50961366450916,5.0,14158.797260400808,0.8,3.3,1.9,10.9,34.0,33.6,32.5,27.2,26.7,5.999999999999999,60.4,6,177
2024-06-26,A2,AMDANGA,0.7,34.3,27.3,22.804946779762265,88.50961366450916,5.0,14158.797260400808,0.6,0.8,3.3,8.1,34.0,34.0,34.6,28.0,27.2,4.7,50.1,6,178
2024-06-27,A2,AMDANGA,10.2,32.1,27.4,22.804946779762265,88.50961366450916,5.0,14158.797260400808,0.7,0.6,0.8,31.5,34.3,34.0,33.8,27.3,28.0,2.1,42.7,6,179
2024-06-28,A2,AMDANGA,7.8,33.0,27.2,22.804946779762265,88.50961366450916,5.0,14158.797260400808,10.2,0.7,0.6,3.9,32.1,34.3,32.0,27.4,27.3,11.5,21.4,6,180
2024-06-29,A2,AMDANGA,7.0,31.6,26.8,22.804946779762265,88.50961366450916,5.0,14158.797260400808,7.8,10.2,0.7,1.9,33.0,32.1,33.3,27.2,27.4,18.7,25.3,6,181
2024-06-30,A2,AMDANGA,34.0,32.0,26.4,22.804946779762265,88.50961366450916,5.0,14158.797260400808,7.0,7.8,10.2,3.3,31.6,33.0,33.6,26.8,27.2,25.0,30.4,6,182
2024-07-01,A2,AMDANGA,18.6,31.4,25.9,22.804946779762265,88.50961366450916,5.0,14158.797260400808,34.0,7.0,7.8,0.8,32.0,31.6,34.0,26.4,26.8,48.8,61.1,7,183
2024-07-02,A2,AMDANGA,25.4,30.5,25.9,22.804946779762265,88.50961366450916,5.0,14158.797260400808,18.6,34.0,7.0,0.6,31.4,32.0,34.0,25.9,26.4,59.6,78.9,7,184
2024-07-03,A2,AMDANGA,11.2,30.7,25.8,22.804946779762265,88.50961366450916,5.0,14158.797260400808,25.4,18.6,34.0,0.7,30.5,31.4,34.3,25.9,25.9,78.0,103.7,7,185
2024-07-04,A2,AMDANGA,21.9,30.7,25.4,22.804946779762265,88.50961366450916,5.0,14158.797260400808,11.2,25.4,18.6,10.2,30.7,30.5,32.1,25.8,25.9,55.2,114.2,7,186
2024-07-05,A2,AMDANGA,27.6,32.4,25.7,22.804946779762265,88.50961366450916,5.0,14158.797260400808,21.9,11.2,25.4,7.8,30.7,30.7,33.0,25.4,25.8,58.5,125.89999999999999,7,187
2024-07-06,A2,AMDANGA,2.7,32.1,26.1,22.804946779762265,88.50961366450916,5.0,14158.797260400808,27.6,21.9,11.2,7.0,32.4,30.7,31.6,25.7,25.4,60.7,145.7,7,188
2024-07-07,A2,AMDANGA,11.7,32.0,26.4,22.804946779762265,88.50961366450916,5.0,14158.797260400808,2.7,27.6,21.9,34.0,32.1,32.4,32.0,26.1,25.7,52.199999999999996,141.4,7,189
2024-07-08,A2,AMDANGA,1.3,32.3,26.2,22.804946779762265,88.50961366450916,5.0,14158.797260400808,11.7,2.7,27.6,18.6,32.0,32.1,31.4,26.4,26.1,42.0,119.1,7,190
2024-07-09,A2,AMDANGA,3.5,31.5,27.0,22.804946779762265,88.50961366450916,5.0,14158.797260400808,1.3,11.7,2.7,25.4,32.3,32.0,30.5,26.2,26.4,15.7,101.8,7,191
2024-07-10,A2,AMDANGA,1.8,32.8,27.5,22.804946779762265,88.50961366450916,5.0,14158.797260400808,3.5,1.3,11.7,11.2,31.5,32.3,30.7,27.0,26.2,16.5,79.89999999999999,7,192
2024-07-11,A2,AMDANGA,27.9,32.8,27.6,22.804946779762265,88.50961366450916,5.0,14158.797260400808,1.8,3.5,1.3,21.9,32.8,31.5,30.7,27.5,27.0,6.6,70.5,7,193
2024-07-12,A2,AMDANGA,8.8,32.0,26.0,22.804946779762265,88.50961366450916,5.0,14158.797260400808,27.9,1.8,3.5,27.6,32.8,32.8,32.4,27.6,27.5,33.199999999999996,76.5,7,194
2024-07-13,A2,AMDANGA,5.5,32.8,25.4,22.804946779762265,88.50961366450916,5.0,14158.797260400808,8.8,27.9,1.8,2.7,32.0,32.8,32.1,26.0,27.6,38.5,57.699999999999996,7,195
2024-07-14,A2,AMDANGA,3.8,32.6,26.3,22.804946779762265,88.50961366450916,5.0,14158.797260400808,5.5,8.8,27.9,11.7,32.8,32.0,32.0,25.4,26.0,42.2,60.5,7,196
2024-07-15,A2,AMDANGA,1.9,32.6,27.0,22.804946779762265,88.50961366450916,5.0,14158.797260400808,3.8,5.5,8.8,1.3,32.6,32.8,32.3,26.3,25.4,18.1,52.599999999999994,7,197
2024-07-16,A2,AMDANGA,4.2,32.3,26.6,22.804946779762265,88.50961366450916,5.0,14158.797260400808,1.9,3.8,5.5,3.5,32.6,32.6,31.5,27.0,26.3,11.2,53.2,7,198
2024-07-17,A2,AMDANGA,6.8,33.1,26.6,22.804946779762265,88.50961366450916,5.0,14158.797260400808,4.2,1.9,3.8,1.8,32.3,32.6,32.8,26.6,27.0,9.9,53.9,7,199
2024-07-18,A2,AMDANGA,1.5,33.4,26.7,22.804946779762265,88.50961366450916,5.0,14158.797260400808,6.8,4.2,1.9,27.9,33.1,32.3,32.8,26.6,26.6,12.9,58.900000000000006,7,200
2024-07-19,A2,AMDANGA,5.6,32.4,27.3,22.804946779762265,88.50961366450916,5.0,14158.797260400808,1.5,6.8,4.2,8.8,33.4,33.1,32.0,26.7,26.6,12.5,32.5,7,201
2024-07-20,A2,AMDANGA,2.7,32.4,27.1,22.804946779762265,88.50961366450916,5.0,14158.797260400808,5.6,1.5,6.8,5.5,32.4,33.4,32.8,27.3,26.7,13.9,29.3,7,202
2024-07-21,A2,AMDANGA,9.7,32.2,27.0,22.804946779762265,88.50961366450916,5.0,14158.797260400808,2.7,5.6,1.5,3.8,32.4,32.4,32.6,27.1,27.3,9.8,26.5,7,203
2024-07-22,A2,AMDANGA,12.6,31.3,26.7,22.804946779762265,88.50961366450916,5.0,14158.797260400808,9.7,2.7,5.6,1.9,32.2,32.4,32.6,27.0,27.1,18.0,32.4,7,204
2024-07-23,A2,AMDANGA,15.6,32.3,25.9,22.804946779762265,88.50961366450916,5.0,14158.797260400808,12.6,9.7,2.7,4.2,31.3,32.2,32.3,26.7,27.0,25.0,43.1,7,205
2024-07-24,A2,AMDANGA,13.3,32.6,26.6,22.804946779762265,88.50961366450916,5.0,14158.797260400808,15.6,12.6,9.7,6.8,32.3,31.3,33.1,25.9,26.7,37.9,54.5,7,206
2024-07-25,A2,AMDANGA,8.7,32.4,26.3,22.804946779762265,88.50961366450916,5.0,14158.797260400808,13.3,15.6,12.6,1.5,32.6,32.3,33.4,26.6,25.9,41.5,61.0,7,207
2024-07-26,A2,AMDANGA,21.8,31.4,26.2,22.804946779762265,88.50961366450916,5.0,14158.797260400808,8.7,13.3,15.6,5.6,32.4,32.6,32.4,26.3,26.6,37.6,68.2,7,208
2024-07-27,A2,AMDANGA,5.9,32.3,27.0,22.804946779762265,88.50961366450916,5.0,14158.797260400808,21.8,8.7,13.3,2.7,31.4,32.4,32.4,26.2,26.3,43.8,84.4,7,209
2024-07-28,A2,AMDANGA,21.8,31.1,26.3,22.804946779762265,88.50961366450916,5.0,14158.797260400808,5.9,21.8,8.7,9.7,32.3,31.4,32.2,27.0,26.2,36.4,87.6,7,210
2024-07-29,A2,AMDANGA,8.3,32.0,26.4,22.804946779762265,88.50961366450916,5.0,14158.797260400808,21.8,5.9,21.8,12.6,31.1,32.3,31.3,26.3,27.0,49.5,99.70000000000002,7,211
2024-07-30,A2,AMDANGA,5.2,33.0,26.2,22.804946779762265,88.50961366450916,5.0,14158.797260400808,8.3,21.8,5.9,15.6,32.0,31.1,32.3,26.4,26.3,36.0,95.4,7,212
2024-07-31,A2,AMDANGA,28.3,32.0,25.9,22.804946779762265,88.50961366450916,5.0,14158.797260400808,5.2,8.3,21.8,13.3,33.0,32.0,32.6,26.2,26.4,35.300000000000004,85.00000000000001,7,213
2024-08-01,A2,AMDANGA,67.5,28.9,25.3,22.804946779762265,88.50961366450916,5.0,14158.797260400808,28.3,5.2,8.3,8.7,32.0,33.0,32.4,25.9,26.2,41.8,100.00000000000001,8,214
2024-08-02,A2,AMDANGA,31.4,30.1,25.6,22.804946779762265,88.50961366450916,5.0,14158.797260400808,67.5,28.3,5.2,21.8,28.9,32.0,31.4,25.3,25.9,101.0,158.8,8,215
2024-08-03,A2,AMDANGA,28.2,31.0,24.9,22.804946779762265,88.50961366450916,5.0,14158.797260400808,31.4,67.5,28.3,5.9,30.1,28.9,32.3,25.6,25.3,127.19999999999999,168.4,8,216
2024-08-04,A2,AMDANGA,38.3,30.9,24.7,22.804946779762265,88.50961366450916,5.0,14158.797260400808,28.2,31.4,67.5,21.8,31.0,30.1,31.1,24.9,25.6,127.1,190.7,8,217
2024-08-05,A2,AMDANGA,18.6,32.4,24.8,22.804946779762265,88.50961366450916,5.0,14158.797260400808,38.3,28.2,31.4,8.3,30.9,31.0,32.0,24.7,24.9,97.89999999999999,207.2,8,218
2024-08-06,A2,AMDANGA,9.9,31.3,26.2,22.804946779762265,88.50961366450916,5.0,14158.797260400808,18.6,38.3,28.2,5.2,32.4,30.9,33.0,24.8,24.7,85.1,217.5,8,219
2024-08-07,A2,AMDANGA,3.0,30.5,25.8,22.804946779762265,88.50961366450916,5.0,14158.797260400808,9.9,18.6,38.3,28.3,31.3,32.4,32.0,26.2,24.8,66.8,222.20000000000002,8,220
2024-08-08,A2,AMDANGA,11.9,31.0,25.9,22.804946779762265,88.50961366450916,5.0,14158.797260400808,3.0,9.9,18.6,67.5,30.5,31.3,28.9,25.8,26.2,31.5,196.9,8,221
2024-08-09,A2,AMDANGA,11.5,30.9,25.3,22.804946779762265,88.50961366450916,5.0,14158.797260400808,11.9,3.0,9.9,31.4,31.0,30.5,30.1,25.9,25.8,24.8,141.29999999999998,8,222
2024-08-10,A2,AMDANGA,32.7,32.2,24.9,22.804946779762265,88.50961366450916,5.0,14158.797260400808,11.5,11.9,3.0,28.2,30.9,31.0,31.0,25.3,25.9,26.4,121.39999999999999,8,223
2024-08-11,A2,AMDANGA,10.0,32.3,25.1,22.804946779762265,88.50961366450916,5.0,14158.797260400808,32.7,11.5,11.9,38.3,32.2,30.9,30.9,24.9,25.3,56.1,125.9,8,224
2024-08-12,A2,AMDANGA,11.5,32.4,25.4,22.804946779762265,88.50961366450916,5.0,14158.797260400808,10.0,32.7,11.5,18.6,32.3,32.2,32.4,25.1,24.9,54.2,97.60000000000001,8,225
2024-08-13,A2,AMDANGA,13.0,32.3,25.4,22.804946779762265,88.50961366450916,5.0,14158.797260400808,11.5,10.0,32.7,9.9,32.4,32.3,31.3,25.4,25.1,54.2,90.5,8,226
2024-08-14,A2,AMDANGA,16.6,32.4,25.0,22.804946779762265,88.50961366450916,5.0,14158.797260400808,13.0,11.5,10.0,3.0,32.3,32.4,30.5,25.4,25.4,34.5,93.60000000000001,8,227
2024-08-15,A2,AMDANGA,9.2,32.9,25.7,22.804946779762265,88.50961366450916,5.0,14158.797260400808,16.6,13.0,11.5,11.9,32.4,32.3,31.0,25.0,25.4,41.1,107.20000000000002,8,228
2024-08-16,A2,AMDANGA,1.1,31.3,25.2,22.804946779762265,88.50961366450916,5.0,14158.797260400808,9.2,16.6,13.0,11.5,32.9,32.4,30.9,25.7,25.0,38.8,104.5,8,229
2024-08-17,A2,AMDANGA,16.8,32.8,25.3,22.804946779762265,88.50961366450916,5.0,14158.797260400808,1.1,9.2,16.6,32.7,31.3,32.9,32.2,25.2,25.7,26.900000000000002,94.10000000000001,8,230
2024-08-18,A2,AMDANGA,16.5,29.4,25.2,22.804946779762265,88.50961366450916,5.0,14158.797260400808,16.8,1.1,9.2,10.0,32.8,31.3,32.3,25.3,25.2,27.1,78.2,8,231
2024-08-19,A2,AMDANGA,17.0,30.6,25.7,22.804946779762265,88.50961366450916,5.0,14158.797260400808,16.5,16.8,1.1,11.5,29.4,32.8,32.4,25.2,25.3,34.400000000000006,84.7,8,232
2024-08-20,A2,AMDANGA,19.2,30.9,24.8,22.804946779762265,88.50961366450916,5.0,14158.797260400808,17.0,16.5,16.8,13.0,30.6,29.4,32.3,25.7,25.2,50.3,90.2,8,233
2024-08-21,A2,AMDANGA,29.5,31.8,24.9,22.804946779762265,88.50961366450916,5.0,14158.797260400808,19.2,17.0,16.5,16.6,30.9,30.6,32.4,24.8,25.7,52.7,96.4,8,234
2024-08-22,A2,AMDANGA,24.7,31.5,25.6,22.804946779762265,88.50961366450916,5.0,14158.797260400808,29.5,19.2,17.0,9.2,31.8,30.9,32.9,24.9,24.8,65.7,109.30000000000001,8,235
2024-08-23,A2,AMDANGA,33.6,30.5,24.6,22.804946779762265,88.50961366450916,5.0,14158.797260400808,24.7,29.5,19.2,1.1,31.5,31.8,31.3,25.6,24.9,73.4,124.80000000000001,8,236
2024-08-24,A2,AMDANGA,5.0,29.2,25.0,22.804946779762265,88.50961366450916,5.0,14158.797260400808,33.6,24.7,29.5,16.8,30.5,31.5,32.8,24.6,25.6,87.8,157.3,8,237
2024-08-25,A2,AMDANGA,42.7,29.4,24.2,22.804946779762265,88.50961366450916,5.0,14158.797260400808,5.0,33.6,24.7,16.5,29.2,30.5,29.4,25.0,24.6,63.3,145.5,8,238
2024-08-26,A2,AMDANGA,29.0,29.6,24.6,22.804946779762265,88.50961366450916,5.0,14158.797260400808,42.7,5.0,33.6,17.0,29.4,29.2,30.6,24.2,25.0,81.3,171.7,8,239
2024-08-27,A2,AMDANGA,23.8,30.5,24.6,22.804946779762265,88.50961366450916,5.0,14158.797260400808,29.0,42.7,5.0,19.2,29.6,29.4,30.9,24.6,24.2,76.7,183.7,8,240
2024-08-28,A2,AMDANGA,6.8,32.0,24.7,22.804946779762265,88.50961366450916,5.0,14158.797260400808,23.8,29.0,42.7,29.5,30.5,29.6,31.8,24.6,24.6,95.5,188.3,8,241
2024-08-29,A2,AMDANGA,5.5,32.3,25.5,22.804946779762265,88.50961366450916,5.0,14158.797260400808,6.8,23.8,29.0,24.7,32.0,30.5,31.5,24.7,24.6,59.6,165.6,8,242
2024-08-30,A2,AMDANGA,0.3,32.9,24.9,22.804946779762265,88.50961366450916,5.0,14158.797260400808,5.5,6.8,23.8,33.6,32.3,32.0,30.5,25.5,24.7,36.1,146.4,8,243
2024-08-31,A2,AMDANGA,3.6,32.3,26.2,22.804946779762265,88.50961366450916,5.0,14158.797260400808,0.3,5.5,6.8,5.0,32.9,32.3,29.2,24.9,25.5,12.6,113.10000000000001,8,244
2024-09-01,A2,AMDANGA,10.6,30.5,26.2,22.804946779762265,88.50961366450916,5.0,14158.797260400808,3.6,0.3,5.5,42.7,32.3,32.9,29.4,26.2,24.9,9.4,111.7,9,245
2024-09-02,A2,AMDANGA,3.0,32.2,25.5,22.804946779762265,88.50961366450916,5.0,14158.797260400808,10.6,3.6,0.3,29.0,30.5,32.3,29.6,26.2,26.2,14.5,79.6,9,246
2024-09-03,A2,AMDANGA,6.7,31.9,25.3,22.804946779762265,88.50961366450916,5.0,14158.797260400808,3.0,10.6,3.6,23.8,32.2,30.5,30.5,25.5,26.2,17.2,53.6,9,247
2024-09-04,A2,AMDANGA,9.4,31.4,25.6,22.804946779762265,88.50961366450916,5.0,14158.797260400808,6.7,3.0,10.6,6.8,31.9,32.2,32.0,25.3,25.5,20.3,36.5,9,248
2024-09-05,A2,AMDANGA,3.1,32.4,25.4,22.804946779762265,88.50961366450916,5.0,14158.797260400808,9.4,6.7,3.0,5.5,31.4,31.9,32.3,25.6,25.3,19.1,39.099999999999994,9,249
2024-09-06,A2,AMDANGA,2.3,33.2,25.9,22.804946779762265,88.50961366450916,5.0,14158.797260400808,3.1,9.4,6.7,0.3,32.4,31.4,32.9,25.4,25.6,19.2,36.699999999999996,9,250
2024-09-07,A2,AMDANGA,14.8,33.6,25.5,22.804946779762265,88.50961366450916,5.0,14158.797260400808,2.3,3.1,9.4,3.6,33.2,32.4,32.3,25.9,25.4,14.8,38.7,9,251
2024-09-08,A2,AMDANGA,7.7,32.1,26.2,22.804946779762265,88.50961366450916,5.0,14158.797260400808,14.8,2.3,3.1,10.6,33.6,33.2,30.5,25.5,25.9,20.2,49.9,9,252
2024-09-09,A2,AMDANGA,3.6,32.3,26.5,22.804946779762265,88.50961366450916,5.0,14158.797260400808,7.7,14.8,2.3,3.0,32.1,33.6,32.2,26.2,25.5,24.799999999999997,47.0,9,253
2024-09-10,A2,AMDANGA,5.7,31.6,25.9,22.804946779762265,88.50961366450916,5.0,14158.797260400808,3.6,7.7,14.8,6.7,32.3,32.1,31.9,26.5,26.2,26.1,47.6,9,254
2024-09-11,A2,AMDANGA,10.0,32.3,26.1,22.804946779762265,88.50961366450916,5.0,14158.797260400808,5.7,3.6,7.7,9.4,31.6,32.3,31.4,25.9,26.5,17.0,46.6,9,255
2024-09-12,A2,AMDANGA,15.9,32.0,26.2,22.804946779762265,88.50961366450916,5.0,14158.797260400808,10.0,5.7,3.6,3.1,32.3,31.6,32.4,26.1,25.9,19.299999999999997,47.2,9,256
2024-09-13,A2,AMDANGA,28.3,32.2,25.7,22.804946779762265,88.50961366450916,5.0,14158.797260400808,15.9,10.0,5.7,2.3,32.0,32.3,33.2,26.2,26.1,31.599999999999998,60.0,9,257
2024-09-14,A2,AMDANGA,48.7,27.6,25.1,22.804946779762265,88.50961366450916,5.0,14158.797260400808,28.3,15.9,10.0,14.8,32.2,32.0,33.6,25.7,26.2,54.2,86.0,9,258
2024-09-15,A2,AMDANGA,18.8,28.6,24.9,22.804946779762265,88.50961366450916,5.0,14158.797260400808,48.7,28.3,15.9,7.7,27.6,32.2,32.1,25.1,25.7,92.9,119.9,9,259
2024-09-16,A2,AMDANGA,16.9,27.9,25.2,22.804946779762265,88.50961366450916,5.0,14158.797260400808,18.8,48.7,28.3,3.6,28.6,27.6,32.3,24.9,25.1,95.8,131.0,9,260
2024-09-17,A2,AMDANGA,0.2,32.3,25.6,22.804946779762265,88.50961366450916,5.0,14158.797260400808,16.9,18.8,48.7,5.7,27.9,28.6,31.6,25.2,24.9,84.4,144.3,9,261
2024-09-18,A2,AMDANGA,0.0,32.8,24.4,22.804946779762265,88.50961366450916,5.0,14158.797260400808,0.2,16.9,18.8,10.0,32.3,27.9,32.3,25.6,25.2,35.9,138.79999999999998,9,262
2024-09-19,A2,AMDANGA,3.2,32.8,25.8,22.804946779762265,88.50961366450916,5.0,14158.797260400808,0.0,0.2,16.9,15.9,32.8,32.3,32.0,24.4,25.6,17.099999999999998,128.79999999999998,9,263
2024-09-20,A2,AMDANGA,0.6,33.9,26.4,22.804946779762265,88.50961366450916,5.0,14158.797260400808,3.2,0.0,0.2,28.3,32.8,32.8,32.2,25.8,24.4,3.4000000000000004,116.1,9,264
2024-09-21,A2,AMDANGA,3.7,33.4,26.1,22.804946779762265,88.50961366450916,5.0,14158.797260400808,0.6,3.2,0.0,48.7,33.9,32.8,27.6,26.4,25.8,3.8000000000000003,88.4,9,265
2024-09-22,A2,AMDANGA,0.0,34.1,26.8,22.804946779762265,88.50961366450916,5.0,14158.797260400808,3.7,0.6,3.2,18.8,33.4,33.9,28.6,26.1,26.4,7.5,43.4,9,266
2024-09-23,A2,AMDANGA,8.0,34.1,26.1,22.804946779762265,88.50961366450916,5.0,14158.797260400808,0.0,3.7,0.6,16.9,34.1,33.4,27.9,26.8,26.1,4.300000000000001,24.599999999999998,9,267
2024-09-24,A2,AMDANGA,10.5,30.7,26.3,22.804946779762265,88.50961366450916,5.0,14158.797260400808,8.0,0.0,3.7,0.2,34.1,34.1,32.3,26.1,26.8,11.700000000000001,15.700000000000001,9,268
2024-09-25,A2,AMDANGA,26.3,28.8,24.1,22.804946779762265,88.50961366450916,5.0,14158.797260400808,10.5,8.0,0.0,0.0,30.7,34.1,32.8,26.3,26.1,18.5,26.0,9,269
2024-09-26,A2,AMDANGA,26.5,28.4,24.4,22.804946779762265,88.50961366450916,5.0,14158.797260400808,26.3,10.5,8.0,3.2,28.8,30.7,32.8,24.1,26.3,44.8,52.300000000000004,9,270
2024-09-27,A2,AMDANGA,12.2,30.8,24.6,22.804946779762265,88.50961366450916,5.0,14158.797260400808,26.5,26.3,10.5,0.6,28.4,28.8,33.9,24.4,24.1,63.3,75.6,9,271
2024-09-28,A2,AMDANGA,4.1,31.6,25.0,22.804946779762265,88.50961366450916,5.0,14158.797260400808,12.2,26.5,26.3,3.7,30.8,28.4,33.4,24.6,24.4,65.0,87.2,9,272
2024-09-29,A2,AMDANGA,5.5,32.2,26.2,22.804946779762265,88.50961366450916,5.0,14158.797260400808,4.1,12.2,26.5,0.0,31.6,30.8,34.1,25.0,24.6,42.800000000000004,87.60000000000001,9,273
2024-09-30,A2,AMDANGA,0.4,33.2,26.0,22.804946779762265,88.50961366450916,5.0,14158.797260400808,5.5,4.1,12.2,8.0,32.2,31.6,34.1,26.2,25.0,21.799999999999997,93.10000000000001,9,274
2024-10-01,A2,AMDANGA,9.5,34.0,26.4,22.804946779762265,88.50961366450916,5.0,14158.797260400808,0.4,5.5,4.1,10.5,33.2,32.2,30.7,26.0,26.2,10.0,85.5,10,275
2024-10-02,A2,AMDANGA,8.4,32.1,24.6,22.804946779762265,88.50961366450916,5.0,14158.797260400808,9.5,0.4,5.5,26.3,34.0,33.2,28.8,26.4,26.0,15.4,84.5,10,276
2024-10-03,A2,AMDANGA,19.3,30.8,26.0,22.804946779762265,88.50961366450916,5.0,14158.797260400808,8.4,9.5,0.4,26.5,32.1,34.0,28.4,24.6,26.4,18.3,66.6,10,277
2024-10-04,A2,AMDANGA,31.9,30.4,24.8,22.804946779762265,88.50961366450916,5.0,14158.797260400808,19.3,8.4,9.5,12.2,30.8,32.1,30.8,26.0,24.6,37.2,59.4,10,278
2024-10-05,A2,AMDANGA,22.9,30.4,24.7,22.804946779762265,88.50961366450916,5.0,14158.797260400808,31.9,19.3,8.4,4.1,30.4,30.8,31.6,24.8,26.0,59.6,79.1,10,279
2024-10-06,A2,AMDANGA,7.9,30.4,24.5,22.804946779762265,88.50961366450916,5.0,14158.797260400808,22.9,31.9,19.3,5.5,30.4,30.4,32.2,24.7,24.8,74.1,97.89999999999999,10,280
2024-10-07,A2,AMDANGA,9.6,30.9,24.0,22.804946779762265,88.50961366450916,5.0,14158.797260400808,7.9,22.9,31.9,0.4,30.4,30.4,33.2,24.5,24.7,62.699999999999996,100.3,10,281
2024-10-08,A2,AMDANGA,8.3,30.7,25.3,22.804946779762265,88.50961366450916,5.0,14158.797260400808,9.6,7.9,22.9,9.5,30.9,30.4,34.0,24.0,24.5,40.4,109.5,10,282
2024-10-09,A2,AMDANGA,10.3,30.3,24.8,22.804946779762265,88.50961366450916,5.0,14158.797260400808,8.3,9.6,7.9,8.4,30.7,30.9,32.1,25.3,24.0,25.8,108.3,10,283
2024-10-10,A2,AMDANGA,12.4,30.7,24.7,22.804946779762265,88.50961366450916,5.0,14158.797260400808,10.3,8.3,9.6,19.3,30.3,30.7,30.8,24.8,25.3,28.2,110.19999999999999,10,284
2024-10-11,A2,AMDANGA,5.3,32.0,25.2,22.804946779762265,88.50961366450916,5.0,14158.797260400808,12.4,10.3,8.3,31.9,30.7,30.3,30.4,24.7,24.8,31.0,103.3,10,285
2024-10-12,A2,AMDANGA,6.9,31.9,24.6,22.804946779762265,88.50961366450916,5.0,14158.797260400808,5.3,12.4,10.3,22.9,32.0,30.7,30.4,25.2,24.7,28.0,76.7,10,286
2024-10-13,A2,AMDANGA,1.2,32.0,24.6,22.804946779762265,88.50961366450916,5.0,14158.797260400808,6.9,5.3,12.4,7.9,31.9,32.0,30.4,24.6,25.2,24.6,60.7,10,287
2024-10-14,A2,AMDANGA,0.0,32.1,23.9,22.804946779762265,88.50961366450916,5.0,14158.797260400808,1.2,6.9,5.3,9.6,32.0,31.9,30.9,24.6,24.6,13.4,54.0,10,288
2024-10-15,A2,AMDANGA,9.0,31.6,24.3,22.804946779762265,88.50961366450916,5.0,14158.797260400808,0.0,1.2,6.9,8.3,32.1,32.0,30.7,23.9,24.6,8.100000000000001,44.4,10,289
2024-10-16,A2,AMDANGA,0.1,31.3,23.9,22.804946779762265,88.50961366450916,5.0,14158.797260400808,9.0,0.0,1.2,10.3,31.6,32.1,30.3,24.3,23.9,10.2,45.099999999999994,10,290
2024-10-17,A2,AMDANGA,8.2,31.1,23.8,22.804946779762265,88.50961366450916,5.0,14158.797260400808,0.1,9.0,0.0,12.4,31.3,31.6,30.7,23.9,24.3,9.1,34.9,10,291
2024-10-18,A2,AMDANGA,5.4,29.5,23.4,22.804946779762265,88.50961366450916,5.0,14158.797260400808,8.2,0.1,9.0,5.3,31.1,31.3,32.0,23.8,23.9,17.299999999999997,30.700000000000003,10,292
2024-10-19,A2,AMDANGA,9.0,30.2,23.4,22.804946779762265,88.50961366450916,5.0,14158.797260400808,5.4,8.2,0.1,6.9,29.5,31.1,31.9,23.4,23.8,13.7,30.8,10,293
2024-10-20,A2,AMDANGA,0.0,30.6,23.5,22.804946779762265,88.50961366450916,5.0,14158.797260400808,9.0,5.4,8.2,1.2,30.2,29.5,32.0,23.4,23.4,22.6,32.9,10,294
2024-10-21,A2,AMDANGA,0.0,30.6,23.7,22.804946779762265,88.50961366450916,5.0,14158.797260400808,0.0,9.0,5.4,0.0,30.6,30.2,32.1,23.5,23.4,14.4,31.7,10,295
2024-10-22,A2,AMDANGA,0.0,31.0,22.6,22.804946779762265,88.50961366450916,5.0,14158.797260400808,0.0,0.0,9.0,9.0,30.6,30.6,31.6,23.7,23.5,9.0,31.7,10,296
2024-10-23,A2,AMDANGA,12.6,29.9,24.0,22.804946779762265,88.50961366450916,5.0,14158.797260400808,0.0,0.0,0.0,0.1,31.0,30.6,31.3,22.6,23.7,0.0,22.7,10,297
2024-10-24,A2,AMDANGA,14.5,27.1,24.1,22.804946779762265,88.50961366450916,5.0,14158.797260400808,12.6,0.0,0.0,8.2,29.9,31.0,31.1,24.0,22.6,12.6,35.199999999999996,10,298
2024-10-25,A2,AMDANGA,28.6,25.9,23.7,22.804946779762265,88.50961366450916,5.0,14158.797260400808,14.5,12.6,0.0,5.4,27.1,29.9,29.5,24.1,24.0,27.1,41.5,10,299
2024-10-26,A2,AMDANGA,2.8,31.5,24.5,22.804946779762265,88.50961366450916,5.0,14158.797260400808,28.6,14.5,12.6,9.0,25.9,27.1,30.2,23.7,24.1,55.7,64.69999999999999,10,300
2024-10-27,A2,AMDANGA,0.3,31.1,23.5,22.804946779762265,88.50961366450916,5.0,14158.797260400808,2.8,28.6,14.5,0.0,31.5,25.9,30.6,24.5,23.7,45.9,58.49999999999999,10,301
2024-10-28,A2,AMDANGA,0.3,31.4,23.1,22.804946779762265,88.50961366450916,5.0,14158.797260400808,0.3,2.8,28.6,0.0,31.1,31.5,30.6,23.5,24.5,31.700000000000003,58.800000000000004,10,302
2024-10-29,A2,AMDANGA,0.0,31.3,23.4,22.804946779762265,88.50961366450916,5.0,14158.797260400808,0.3,0.3,2.8,0.0,31.4,31.1,31.0,23.1,23.5,3.4,59.099999999999994,10,303
2024-10-30,A2,AMDANGA,0.6,31.1,23.6,22.804946779762265,88.50961366450916,5.0,14158.797260400808,0.0,0.3,0.3,12.6,31.3,31.4,29.9,23.4,23.1,0.6,59.099999999999994,10,304
2024-10-31,A2,AMDANGA,0.8,31.2,23.8,22.804946779762265,88.50961366450916,5.0,14158.797260400808,0.6,0.0,0.3,14.5,31.1,31.3,27.1,23.6,23.4,0.8999999999999999,47.1,10,305
2024-11-01,A2,AMDANGA,0.0,32.3,23.0,22.804946779762265,88.50961366450916,5.0,14158.797260400808,0.8,0.6,0.0,28.6,31.2,31.1,25.9,23.8,23.6,1.4,33.4,11,306
2024-11-02,A2,AMDANGA,0.0,31.4,20.9,22.804946779762265,88.50961366450916,5.0,14158.797260400808,0.0,0.8,0.6,2.8,32.3,31.2,31.5,23.0,23.8,1.4,4.8,11,307
2024-11-03,A2,AMDANGA,0.0,30.7,20.6,22.804946779762265,88.50961366450916,5.0,14158.797260400808,0.0,0.0,0.8,0.3,31.4,32.3,31.1,20.9,23.0,0.8000000000000002,2.0,11,308
2024-11-04,A2,AMDANGA,0.0,30.5,20.8,22.804946779762265,88.50961366450916,5.0,14158.797260400808,0.0,0.0,0.0,0.3,30.7,31.4,31.4,20.6,20.9,0.0,1.7,11,309
2024-11-05,A2,AMDANGA,0.4,29.8,21.9,22.804946779762265,88.50961366450916,5.0,14158.797260400808,0.0,0.0,0.0,0.0,30.5,30.7,31.3,20.8,20.6,0.0,1.4,11,310
2024-11-06,A2,AMDANGA,0.5,29.4,21.8,22.804946779762265,88.50961366450916,5.0,14158.797260400808,0.4,0.0,0.0,0.6,29.8,30.5,31.1,21.9,20.8,0.40000000000000013,1.7999999999999998,11,311
2024-11-07,A2,AMDANGA,0.3,30.0,20.6,22.804946779762265,88.50961366450916,5.0,14158.797260400808,0.5,0.4,0.0,0.8,29.4,29.8,31.2,21.8,21.9,0.9000000000000001,1.7000000000000002,11,312
2024-11-08,A2,AMDANGA,0.0,30.2,21.4,22.804946779762265,88.50961366450916,5.0,14158.797260400808,0.3,0.5,0.4,0.0,30.0,29.4,32.3,20.6,21.8,1.2000000000000002,1.2,11,313
2024-11-09,A2,AMDANGA,0.0,29.7,20.9,22.804946779762265,88.50961366450916,5.0,14158.797260400808,0.0,0.3,0.5,0.0,30.2,30.0,31.4,21.4,20.6,0.8,1.2,11,314
2024-11-10,A2,AMDANGA,0.0,30.1,20.4,22.804946779762265,88.50961366450916,5.0,14158.797260400808,0.0,0.0,0.3,0.0,29.7,30.2,30.7,20.9,21.4,0.3000000000000001,1.2,11,315
2024-11-11,A2,AMDANGA,0.0,30.2,20.2,22.804946779762265,88.50961366450916,5.0,14158.797260400808,0.0,0.0,0.0,0.0,30.1,29.7,30.5,20.4,20.9,0.0,1.2,11,316
2024-11-12,A2,AMDANGA,0.0,30.2,19.8,22.804946779762265,88.50961366450916,5.0,14158.797260400808,0.0,0.0,0.0,0.4,30.2,30.1,29.8,20.2,20.4,0.0,1.2,11,317
2024-11-13,A2,AMDANGA,0.0,31.2,20.3,22.804946779762265,88.50961366450916,5.0,14158.797260400808,0.0,0.0,0.0,0.5,30.2,30.2,29.4,19.8,20.2,0.0,0.8,11,318
2024-11-14,A2,AMDANGA,0.0,31.1,20.2,22.804946779762265,88.50961366450916,5.0,14158.797260400808,0.0,0.0,0.0,0.3,31.2,30.2,30.0,20.3,19.8,0.0,0.3,11,319
2024-11-15,A2,AMDANGA,0.0,30.9,19.0,22.804946779762265,88.50961366450916,5.0,14158.797260400808,0.0,0.0,0.0,0.0,31.1,31.2,30.2,20.2,20.3,0.0,0.0,11,320
2024-11-16,A2,AMDANGA,0.0,29.7,17.8,22.804946779762265,88.50961366450916,5.0,14158.797260400808,0.0,0.0,0.0,0.0,30.9,31.1,29.7,19.0,20.2,0.0,0.0,11,321
2024-11-17,A2,AMDANGA,0.0,29.1,17.8,22.804946779762265,88.50961366450916,5.0,14158.797260400808,0.0,0.0,0.0,0.0,29.7,30.9,30.1,17.8,19.0,0.0,0.0,11,322
2024-11-18,A2,AMDANGA,0.0,28.8,17.1,22.804946779762265,88.50961366450916,5.0,14158.797260400808,0.0,0.0,0.0,0.0,29.1,29.7,30.2,17.8,17.8,0.0,0.0,11,323
2024-11-19,A2,AMDANGA,0.0,28.3,17.6,22.804946779762265,88.50961366450916,5.0,14158.797260400808,0.0,0.0,0.0,0.0,28.8,29.1,30.2,17.1,17.8,0.0,0.0,11,324
2024-11-20,A2,AMDANGA,0.0,29.4,17.4,22.804946779762265,88.50961366450916,5.0,14158.797260400808,0.0,0.0,0.0,0.0,28.3,28.8,31.2,17.6,17.1,0.0,0.0,11,325
2024-11-21,A2,AMDANGA,0.0,29.2,18.4,22.804946779762265,88.50961366450916,5.0,14158.797260400808,0.0,0.0,0.0,0.0,29.4,28.3,31.1,17.4,17.6,0.0,0.0,11,326
2024-11-22,A2,AMDANGA,0.0,29.2,17.9,22.804946779762265,88.50961366450916,5.0,14158.797260400808,0.0,0.0,0.0,0.0,29.2,29.4,30.9,18.4,17.4,0.0,0.0,11,327
2024-11-23,A2,AMDANGA,0.0,29.0,17.7,22.804946779762265,88.50961366450916,5.0,14158.797260400808,0.0,0.0,0.0,0.0,29.2,29.2,29.7,17.9,18.4,0.0,0.0,11,328
2024-11-24,A2,AMDANGA,0.0,28.4,16.5,22.804946779762265,88.50961366450916,5.0,14158.797260400808,0.0,0.0,0.0,0.0,29.0,29.2,29.1,17.7,17.9,0.0,0.0,11,329
2024-11-25,A2,AMDANGA,0.0,27.8,16.2,22.804946779762265,88.50961366450916,5.0,14158.797260400808,0.0,0.0,0.0,0.0,28.4,29.0,28.8,16.5,17.7,0.0,0.0,11,330
2024-11-26,A2,AMDANGA,0.0,27.8,16.1,22.804946779762265,88.50961366450916,5.0,14158.797260400808,0.0,0.0,0.0,0.0,27.8,28.4,28.3,16.2,16.5,0.0,0.0,11,331
2024-11-27,A2,AMDANGA,0.0,28.3,16.4,22.804946779762265,88.50961366450916,5.0,14158.797260400808,0.0,0.0,0.0,0.0,27.8,27.8,29.4,16.1,16.2,0.0,0.0,11,332
2024-11-28,A2,AMDANGA,0.0,28.1,16.9,22.804946779762265,88.50961366450916,5.0,14158.797260400808,0.0,0.0,0.0,0.0,28.3,27.8,29.2,16.4,16.1,0.0,0.0,11,333
2024-11-29,A2,AMDANGA,0.3,27.1,19.6,22.804946779762265,88.50961366450916,5.0,14158.797260400808,0.0,0.0,0.0,0.0,28.1,28.3,29.2,16.9,16.4,0.0,0.0,11,334
2024-11-30,A2,AMDANGA,19.3,23.2,18.5,22.804946779762265,88.50961366450916,5.0,14158.797260400808,0.3,0.0,0.0,0.0,27.1,28.1,29.0,19.6,16.9,0.3000000000000001,0.3,11,335
2024-12-01,A2,AMDANGA,0.0,28.1,18.3,22.804946779762265,88.50961366450916,5.0,14158.797260400808,19.3,0.3,0.0,0.0,23.2,27.1,28.4,18.5,19.6,19.6,19.6,12,336
2024-12-02,A2,AMDANGA,0.3,22.8,19.1,22.804946779762265,88.50961366450916,5.0,14158.797260400808,0.0,19.3,0.3,0.0,28.1,23.2,27.8,18.3,18.5,19.6,19.6,12,337
2024-12-03,A2,AMDANGA,0.0,28.3,18.2,22.804946779762265,88.50961366450916,5.0,14158.797260400808,0.3,0.0,19.3,0.0,22.8,28.1,27.8,19.1,18.3,19.6,19.900000000000002,12,338
2024-12-04,A2,AMDANGA,0.0,27.9,16.2,22.804946779762265,88.50961366450916,5.0,14158.797260400808,0.0,0.3,0.0,0.0,28.3,22.8,28.3,18.2,19.1,0.3,19.900000000000002,12,339
2024-12-05,A2,AMDANGA,0.0,28.8,15.6,22.804946779762265,88.50961366450916,5.0,14158.797260400808,0.0,0.0,0.3,0.0,27.9,28.3,28.1,16.2,18.2,0.3,19.900000000000002,12,340
2024-12-06,A2,AMDANGA,0.0,27.0,15.4,22.804946779762265,88.50961366450916,5.0,14158.797260400808,0.0,0.0,0.0,0.3,28.8,27.9,27.1,15.6,16.2,0.0,19.900000000000002,12,341
2024-12-07,A2,AMDANGA,0.0,25.9,14.0,22.804946779762265,88.50961366450916,5.0,14158.797260400808,0.0,0.0,0.0,19.3,27.0,28.8,23.2,15.4,15.6,0.0,19.6,12,342
2024-12-08,A2,AMDANGA,0.0,25.6,13.1,22.804946779762265,88.50961366450916,5.0,14158.797260400808,0.0,0.0,0.0,0.0,25.9,27.0,28.1,14.0,15.4,0.0,0.3,12,343
2024-12-09,A2,AMDANGA,0.0,26.0,14.4,22.804946779762265,88.50961366450916,5.0,14158.797260400808,0.0,0.0,0.0,0.3,25.6,25.9,22.8,13.1,14.0,0.0,0.3,12,344
2024-12-10,A2,AMDANGA,0.2,26.0,16.2,22.804946779762265,88.50961366450916,5.0,14158.797260400808,0.0,0.0,0.0,0.0,26.0,25.6,28.3,14.4,13.1,0.0,0.0,12,345
2024-12-11,A2,AMDANGA,0.0,24.3,14.2,22.804946779762265,88.50961366450916,5.0,14158.797260400808,0.2,0.0,0.0,0.0,26.0,26.0,27.9,16.2,14.4,0.2,0.2,12,346
2024-12-12,A2,AMDANGA,0.0,23.8,12.1,22.804946779762265,88.50961366450916,5.0,14158.797260400808,0.0,0.2,0.0,0.0,24.3,26.0,28.8,14.2,16.2,0.2,0.2,12,347
2024-12-13,A2,AMDANGA,0.0,23.4,11.4,22.804946779762265,88.50961366450916,5.0,14158.797260400808,0.0,0.0,0.2,0.0,23.8,24.3,27.0,12.1,14.2,0.2,0.2,12,348
2024-12-14,A2,AMDANGA,0.0,23.2,11.8,22.804946779762265,88.50961366450916,5.0,14158.797260400808,0.0,0.0,0.0,0.0,23.4,23.8,25.9,11.4,12.1,0.0,0.2,12,349
2024-12-15,A2,AMDANGA,0.0,23.8,10.8,22.804946779762265,88.50961366450916,5.0,14158.797260400808,0.0,0.0,0.0,0.0,23.2,23.4,25.6,11.8,11.4,0.0,0.2,12,350
2024-12-16,A2,AMDANGA,0.0,24.6,12.3,22.804946779762265,88.50961366450916,5.0,14158.797260400808,0.0,0.0,0.0,0.0,23.8,23.2,26.0,10.8,11.8,0.0,0.2,12,351
2024-12-17,A2,AMDANGA,0.0,25.5,13.0,22.804946779762265,88.50961366450916,5.0,14158.797260400808,0.0,0.0,0.0,0.2,24.6,23.8,26.0,12.3,10.8,0.0,0.2,12,352
2024-12-18,A2,AMDANGA,0.0,26.6,14.1,22.804946779762265,88.50961366450916,5.0,14158.797260400808,0.0,0.0,0.0,0.0,25.5,24.6,24.3,13.0,12.3,0.0,0.0,12,353
2024-12-19,A2,AMDANGA,0.0,25.9,14.3,22.804946779762265,88.50961366450916,5.0,14158.797260400808,0.0,0.0,0.0,0.0,26.6,25.5,23.8,14.1,13.0,0.0,0.0,12,354
2024-12-20,A2,AMDANGA,0.4,25.5,13.8,22.804946779762265,88.50961366450916,5.0,14158.797260400808,0.0,0.0,0.0,0.0,25.9,26.6,23.4,14.3,14.1,0.0,0.0,12,355
2024-12-21,A2,AMDANGA,2.2,20.4,15.4,22.804946779762265,88.50961366450916,5.0,14158.797260400808,0.4,0.0,0.0,0.0,25.5,25.9,23.2,13.8,14.3,0.4,0.4,12,356
2024-12-22,A2,AMDANGA,0.0,25.1,14.8,22.804946779762265,88.50961366450916,5.0,14158.797260400808,2.2,0.4,0.0,0.0,20.4,25.5,23.8,15.4,13.8,2.6,2.6,12,357
2024-12-23,A2,AMDANGA,0.0,26.2,15.1,22.804946779762265,88.50961366450916,5.0,14158.797260400808,0.0,2.2,0.4,0.0,25.1,20.4,24.6,14.8,15.4,2.6,2.6,12,358
2024-12-24,A2,AMDANGA,0.0,25.7,15.2,22.804946779762265,88.50961366450916,5.0,14158.797260400808,0.0,0.0,2.2,0.0,26.2,25.1,25.5,15.1,14.8,2.2,2.6,12,359
2024-12-25,A2,AMDANGA,0.0,25.5,17.0,22.804946779762265,88.50961366450916,5.0,14158.797260400808,0.0,0.0,0.0,0.0,25.7,26.2,26.6,15.2,15.1,0.0,2.6,12,360
2024-12-26,A2,AMDANGA,0.0,26.8,15.9,22.804946779762265,88.50961366450916,5.0,14158.797260400808,0.0,0.0,0.0,0.0,25.5,25.7,25.9,17.0,15.2,0.0,2.6,12,361
2024-12-27,A2,AMDANGA,0.0,26.6,14.8,22.804946779762265,88.50961366450916,5.0,14158.797260400808,0.0,0.0,0.0,0.4,26.8,25.5,25.5,15.9,17.0,0.0,2.6,12,362
2024-12-28,A2,AMDANGA,0.0,25.9,13.9,22.804946779762265,88.50961366450916,5.0,14158.797260400808,0.0,0.0,0.0,2.2,26.6,26.8,20.4,14.8,15.9,0.0,2.2,12,363
2024-12-29,A2,AMDANGA,0.0,26.7,15.2,22.804946779762265,88.50961366450916,5.0,14158.797260400808,0.0,0.0,0.0,0.0,25.9,26.6,25.1,13.9,14.8,0.0,0.0,12,364
2024-12-30,A2,AMDANGA,0.0,26.1,16.3,22.804946779762265,88.50961366450916,5.0,14158.797260400808,0.0,0.0,0.0,0.0,26.7,25.9,26.2,15.2,13.9,0.0,0.0,12,365
2024-12-31,A2,AMDANGA,0.0,23.9,15.1,22.804946779762265,88.50961366450916,5.0,14158.797260400808,0.0,0.0,0.0,0.0,26.1,26.7,25.7,16.3,15.2,0.0,0.0,12,366
2025-01-01,A2,AMDANGA,0.0,22.8,12.8,22.804946779762265,88.50961366450916,5.0,14158.797260400808,0.0,0.0,0.0,0.0,23.9,26.1,25.5,15.1,16.3,0.0,0.0,1,1
2025-01-02,A2,AMDANGA,0.0,22.2,12.1,22.804946779762265,88.50961366450916,5.0,14158.797260400808,0.0,0.0,0.0,0.0,22.8,23.9,26.8,12.8,15.1,0.0,0.0,1,2
2025-01-03,A2,AMDANGA,0.0,22.3,10.9,22.804946779762265,88.50961366450916,5.0,14158.797260400808,0.0,0.0,0.0,0.0,22.2,22.8,26.6,12.1,12.8,0.0,0.0,1,3
2025-01-04,A2,AMDANGA,0.0,23.7,12.7,22.804946779762265,88.50961366450916,5.0,14158.797260400808,0.0,0.0,0.0,0.0,22.3,22.2,25.9,10.9,12.1,0.0,0.0,1,4
2025-01-05,A2,AMDANGA,0.0,24.3,13.5,22.804946779762265,88.50961366450916,5.0,14158.797260400808,0.0,0.0,0.0,0.0,23.7,22.3,26.7,12.7,10.9,0.0,0.0,1,5
2025-01-06,A2,AMDANGA,0.0,24.4,12.4,22.804946779762265,88.50961366450916,5.0,14158.797260400808,0.0,0.0,0.0,0.0,24.3,23.7,26.1,13.5,12.7,0.0,0.0,1,6
2025-01-07,A2,AMDANGA,0.0,25.8,14.1,22.804946779762265,88.50961366450916,5.0,14158.797260400808,0.0,0.0,0.0,0.0,24.4,24.3,23.9,12.4,13.5,0.0,0.0,1,7
2025-01-08,A2,AMDANGA,0.0,22.4,13.2,22.804946779762265,88.50961366450916,5.0,14158.797260400808,0.0,0.0,0.0,0.0,25.8,24.4,22.8,14.1,12.4,0.0,0.0,1,8
2025-01-09,A2,AMDANGA,0.0,21.9,11.9,22.804946779762265,88.50961366450916,5.0,14158.797260400808,0.0,0.0,0.0,0.0,22.4,25.8,22.2,13.2,14.1,0.0,0.0,1,9
2025-01-10,A2,AMDANGA,0.0,22.6,12.0,22.804946779762265,88.50961366450916,5.0,14158.797260400808,0.0,0.0,0.0,0.0,21.9,22.4,22.3,11.9,13.2,0.0,0.0,1,10
2025-01-11,A2,AMDANGA,0.0,23.2,11.2,22.804946779762265,88.50961366450916,5.0,14158.797260400808,0.0,0.0,0.0,0.0,22.6,21.9,23.7,12.0,11.9,0.0,0.0,1,11
2025-01-12,A2,AMDANGA,0.0,24.7,12.5,22.804946779762265,88.50961366450916,5.0,14158.797260400808,0.0,0.0,0.0,0.0,23.2,22.6,24.3,11.2,12.0,0.0,0.0,1,12
2025-01-13,A2,AMDANGA,0.0,26.3,13.5,22.804946779762265,88.50961366450916,5.0,14158.797260400808,0.0,0.0,0.0,0.0,24.7,23.2,24.4,12.5,11.2,0.0,0.0,1,13
2025-01-14,A2,AMDANGA,0.0,25.1,15.1,22.804946779762265,88.50961366450916,5.0,14158.797260400808,0.0,0.0,0.0,0.0,26.3,24.7,25.8,13.5,12.5,0.0,0.0,1,14
2025-01-15,A2,AMDANGA,0.0,24.2,14.0,22.804946779762265,88.50961366450916,5.0,14158.797260400808,0.0,0.0,0.0,0.0,25.1,26.3,22.4,15.1,13.5,0.0,0.0,1,15
2025-01-16,A2,AMDANGA,0.0,24.3,12.6,22.804946779762265,88.50961366450916,5.0,14158.797260400808,0.0,0.0,0.0,0.0,24.2,25.1,21.9,14.0,15.1,0.0,0.0,1,16
2025-01-17,A2,AMDANGA,0.0,24.5,13.9,22.804946779762265,88.50961366450916,5.0,14158.797260400808,0.0,0.0,0.0,0.0,24.3,24.2,22.6,12.6,14.0,0.0,0.0,1,17
2025-01-18,A2,AMDANGA,0.0,24.5,13.7,22.804946779762265,88.50961366450916,5.0,14158.797260400808,0.0,0.0,0.0,0.0,24.5,24.3,23.2,13.9,12.6,0.0,0.0,1,18
2025-01-19,A2,AMDANGA,0.0,24.4,13.2,22.804946779762265,88.50961366450916,5.0,14158.797260400808,0.0,0.0,0.0,0.0,24.5,24.5,24.7,13.7,13.9,0.0,0.0,1,19
2025-01-20,A2,AMDANGA,0.0,23.8,12.2,22.804946779762265,88.50961366450916,5.0,14158.797260400808,0.0,0.0,0.0,0.0,24.4,24.5,26.3,13.2,13.7,0.0,0.0,1,20
2025-01-21,A2,AMDANGA,0.0,25.3,13.0,22.804946779762265,88.50961366450916,5.0,14158.797260400808,0.0,0.0,0.0,0.0,23.8,24.4,25.1,12.2,13.2,0.0,0.0,1,21
2025-01-22,A2,AMDANGA,0.0,26.2,13.7,22.804946779762265,88.50961366450916,5.0,14158.797260400808,0.0,0.0,0.0,0.0,25.3,23.8,24.2,13.0,12.2,0.0,0.0,1,22
2025-01-23,A2,AMDANGA,0.0,27.6,13.4,22.804946779762265,88.50961366450916,5.0,14158.797260400808,0.0,0.0,0.0,0.0,26.2,25.3,24.3,13.7,13.0,0.0,0.0,1,23
2025-01-24,A2,AMDANGA,0.0,27.8,14.5,22.804946779762265,88.50961366450916,5.0,14158.797260400808,0.0,0.0,0.0,0.0,27.6,26.2,24.5,13.4,13.7,0.0,0.0,1,24
2025-01-25,A2,AMDANGA,0.3,25.4,16.1,22.804946779762265,88.50961366450916,5.0,14158.797260400808,0.0,0.0,0.0,0.0,27.8,27.6,24.5,14.5,13.4,0.0,0.0,1,25
2025-01-26,A2,AMDANGA,0.0,24.3,13.3,22.804946779762265,88.50961366450916,5.0,14158.797260400808,0.3,0.0,0.0,0.0,25.4,27.8,24.4,16.1,14.5,0.3,0.3,1,26
2025-01-27,A2,AMDANGA,0.0,24.0,12.7,22.804946779762265,88.50961366450916,5.0,14158.797260400808,0.0,0.3,0.0,0.0,24.3,25.4,23.8,13.3,16.1,0.3,0.3,1,27
2025-01-28,A2,AMDANGA,0.0,25.6,12.6,22.804946779762265,88.50961366450916,5.0,14158.797260400808,0.0,0.0,0.3,0.0,24.0,24.3,25.3,12.7,13.3,0.3,0.3,1,28
2025-01-29,A2,AMDANGA,0.2,26.9,14.5,22.804946779762265,88.50961366450916,5.0,14158.797260400808,0.0,0.0,0.0,0.0,25.6,24.0,26.2,12.6,12.7,0.0,0.3,1,29
2025-01-30,A2,AMDANGA,0.1,29.1,17.5,22.804946779762265,88.50961366450916,5.0,14158.797260400808,0.2,0.0,0.0,0.0,26.9,25.6,27.6,14.5,12.6,0.2,0.5,1,30
2025-01-31,A2,AMDANGA,0.1,29.1,19.2,22.804946779762265,88.50961366450916,5.0,14158.797260400808,0.1,0.2,0.0,0.0,29.1,26.9,27.8,17.5,14.5,0.30000000000000004,0.6,1,31
2025-02-01,A2,AMDANGA,0.5,28.8,20.0,22.804946779762265,88.50961366450916,5.0,14158.797260400808,0.1,0.1,0.2,0.3,29.1,29.1,25.4,19.2,17.5,0.4,0.7,2,32
2025-02-02,A2,AMDANGA,0.2,28.5,20.2,22.804946779762265,88.50961366450916,5.0,14158.797260400808,0.5,0.1,0.1,0.0,28.8,29.1,24.3,20.0,19.2,0.7,0.8999999999999999,2,33
2025-02-03,A2,AMDANGA,0.0,28.5,18.7,22.804946779762265,88.50961366450916,5.0,14158.797260400808,0.2,0.5,0.1,0.0,28.5,28.8,24.0,20.2,20.0,0.8,1.1,2,34
2025-02-04,A2,AMDANGA,0.0,27.1,16.6,22.804946779762265,88.50961366450916,5.0,14158.797260400808,0.0,0.2,0.5,0.0,28.5,28.5,25.6,18.7,20.2,0.7,1.1,2,35
2025-02-05,A2,AMDANGA,0.0,29.0,15.9,22.804946779762265,88.50961366450916,5.0,14158.797260400808,0.0,0.0,0.2,0.2,27.1,28.5,26.9,16.6,18.7,0.2,1.1,2,36
2025-02-06,A2,AMDANGA,0.0,28.7,18.8,22.804946779762265,88.50961366450916,5.0,14158.797260400808,0.0,0.0,0.0,0.1,29.0,27.1,29.1,15.9,16.6,0.0,0.9,2,37
2025-02-07,A2,AMDANGA,0.0,25.6,14.4,22.804946779762265,88.50961366450916,5.0,14158.797260400808,0.0,0.0,0.0,0.1,28.7,29.0,29.1,18.8,15.9,0.0,0.7999999999999999,2,38
2025-02-08,A2,AMDANGA,0.0,25.4,13.2,22.804946779762265,88.50961366450916,5.0,14158.797260400808,0.0,0.0,0.0,0.5,25.6,28.7,28.8,14.4,18.8,0.0,0.7,2,39
2025-02-09,A2,AMDANGA,0.0,26.0,13.4,22.804946779762265,88.50961366450916,5.0,14158.797260400808,0.0,0.0,0.0,0.2,25.4,25.6,28.5,13.2,14.4,0.0,0.19999999999999996,2,40
2025-02-10,A2,AMDANGA,0.0,29.3,14.2,22.804946779762265,88.50961366450916,5.0,14158.797260400808,0.0,0.0,0.0,0.0,26.0,25.4,28.5,13.4,13.2,0.0,0.0,2,41
2025-02-11,A2,AMDANGA,0.0,29.9,18.8,22.804946779762265,88.50961366450916,5.0,14158.797260400808,0.0,0.0,0.0,0.0,29.3,26.0,27.1,14.2,13.4,0.0,0.0,2,42
2025-02-12,A2,AMDANGA,0.4,29.7,19.3,22.804946779762265,88.50961366450916,5.0,14158.797260400808,0.0,0.0,0.0,0.0,29.9,29.3,29.0,18.8,14.2,0.0,0.0,2,43
2025-02-13,A2,AMDANGA,0.1,30.2,20.6,22.804946779762265,88.50961366450916,5.0,14158.797260400808,0.4,0.0,0.0,0.0,29.7,29.9,28.7,19.3,18.8,0.4,0.39999999999999997,2,44
2025-02-14,A2,AMDANGA,0.0,27.8,15.7,22.804946779762265,88.50961366450916,5.0,14158.797260400808,0.1,0.4,0.0,0.0,30.2,29.7,25.6,20.6,19.3,0.5,0.5,2,45
2025-02-15,A2,AMDANGA,0.0,28.8,15.4,22.804946779762265,88.50961366450916,5.0,14158.797260400808,0.0,0.1,0.4,0.0,27.8,30.2,25.4,15.7,20.6,0.5,0.5,2,46
2025-02-16,A2,AMDANGA,0.0,30.7,16.3,22.804946779762265,88.50961366450916,5.0,14158.797260400808,0.0,0.0,0.1,0.0,28.8,27.8,26.0,15.4,15.7,0.1,0.5,2,47
2025-02-17,A2,AMDANGA,0.1,31.1,18.6,22.804946779762265,88.50961366450916,5.0,14158.797260400808,0.0,0.0,0.0,0.0,30.7,28.8,29.3,16.3,15.4,0.0,0.5,2,48
2025-02-18,A2,AMDANGA,0.2,29.8,18.4,22.804946779762265,88.50961366450916,5.0,14158.797260400808,0.1,0.0,0.0,0.0,31.1,30.7,29.9,18.6,16.3,0.1,0.6,2,49
2025-02-19,A2,AMDANGA,1.4,28.3,18.7,22.804946779762265,88.50961366450916,5.0,14158.797260400808,0.2,0.1,0.0,0.4,29.8,31.1,29.7,18.4,18.6,0.30000000000000004,0.8,2,50
2025-02-20,A2,AMDANGA,5.0,27.0,18.7,22.804946779762265,88.50961366450916,5.0,14158.797260400808,1.4,0.2,0.1,0.1,28.3,29.8,30.2,18.7,18.4,1.7,1.7999999999999998,2,51
2025-02-21,A2,AMDANGA,0.0,28.8,17.4,22.804946779762265,88.50961366450916,5.0,14158.797260400808,5.0,1.4,0.2,0.0,27.0,28.3,27.8,18.7,18.7,6.6,6.699999999999999,2,52
2025-02-22,A2,AMDANGA,9.7,28.7,18.9,22.804946779762265,88.50961366450916,5.0,14158.797260400808,0.0,5.0,1.4,0.0,28.8,27.0,28.8,17.4,18.7,6.3999999999999995,6.699999999999999,2,53
2025-02-23,A2,AMDANGA,7.8,28.0,17.9,22.804946779762265,88.50961366450916,5.0,14158.797260400808,9.7,0.0,5.0,0.0,28.7,28.8,30.7,18.9,17.4,14.7,16.4,2,54
2025-02-24,A2,AMDANGA,0.0,28.9,17.3,22.804946779762265,88.50961366450916,5.0,14158.797260400808,7.8,9.7,0.0,0.1,28.0,28.7,31.1,17.9,18.9,17.5,24.2,2,55
2025-02-25,A2,AMDANGA,0.0,29.1,18.1,22.804946779762265,88.50961366450916,5.0,14158.797260400808,0.0,7.8,9.7,0.2,28.9,28.0,29.8,17.3,17.9,17.5,24.099999999999998,2,56
2025-02-26,A2,AMDANGA,0.0,29.3,17.8,22.804946779762265,88.50961366450916,5.0,14158.797260400808,0.0,0.0,7.8,1.4,29.1,28.9,28.3,18.1,17.3,7.8,23.9,2,57
2025-02-27,A2,AMDANGA,0.0,29.6,17.6,22.804946779762265,88.50961366450916,5.0,14158.797260400808,0.0,0.0,0.0,5.0,29.3,29.1,27.0,17.8,18.1,0.0,22.5,2,58
2025-02-28,A2,AMDANGA,0.0,30.6,19.4,22.804946779762265,88.50961366450916,5.0,14158.797260400808,0.0,0.0,0.0,0.0,29.6,29.3,28.8,17.6,17.8,0.0,17.5,2,59
2025-03-01,A2,AMDANGA,0.0,33.1,20.0,22.804946779762265,88.50961366450916,5.0,14158.797260400808,0.0,0.0,0.0,9.7,30.6,29.6,28.7,19.4,17.6,0.0,17.5,3,60
2025-03-02,A2,AMDANGA,0.0,33.3,20.6,22.804946779762265,88.50961366450916,5.0,14158.797260400808,0.0,0.0,0.0,7.8,33.1,30.6,28.0,20.0,19.4,0.0,7.8,3,61
2025-03-03,A2,AMDANGA,0.0,31.7,20.3,22.804946779762265,88.50961366450916,5.0,14158.797260400808,0.0,0.0,0.0,0.0,33.3,33.1,28.9,20.6,20.0,0.0,0.0,3,62
2025-03-04,A2,AMDANGA,0.0,31.0,20.3,22.804946779762265,88.50961366450916,5.0,14158.797260400808,0.0,0.0,0.0,0.0,31.7,33.3,29.1,20.3,20.6,0.0,0.0,3,63
2025-03-05,A2,AMDANGA,0.0,30.9,19.6,22.804946779762265,88.50961366450916,5.0,14158.797260400808,0.0,0.0,0.0,0.0,31.0,31.7,29.3,20.3,20.3,0.0,0.0,3,64
2025-03-06,A2,AMDANGA,0.0,27.6,17.0,22.804946779762265,88.50961366450916,5.0,14158.797260400808,0.0,0.0,0.0,0.0,30.9,31.0,29.6,19.6,20.3,0.0,0.0,3,65
2025-03-07,A2,AMDANGA,0.0,29.5,15.3,22.804946779762265,88.50961366450916,5.0,14158.797260400808,0.0,0.0,0.0,0.0,27.6,30.9,30.6,17.0,19.6,0.0,0.0,3,66
2025-03-08,A2,AMDANGA,0.0,31.6,17.5,22.804946779762265,88.50961366450916,5.0,14158.797260400808,0.0,0.0,0.0,0.0,29.5,27.6,33.1,15.3,17.0,0.0,0.0,3,67
2025-03-09,A2,AMDANGA,0.0,31.5,19.0,22.804946779762265,88.50961366450916,5.0,14158.797260400808,0.0,0.0,0.0,0.0,31.6,29.5,33.3,17.5,15.3,0.0,0.0,3,68
2025-03-10,A2,AMDANGA,0.0,32.4,19.6,22.804946779762265,88.50961366450916,5.0,14158.797260400808,0.0,0.0,0.0,0.0,31.5,31.6,31.7,19.0,17.5,0.0,0.0,3,69
2025-03-11,A2,AMDANGA,0.0,33.0,20.7,22.804946779762265,88.50961366450916,5.0,14158.797260400808,0.0,0.0,0.0,0.0,32.4,31.5,31.0,19.6,19.0,0.0,0.0,3,70
2025-03-12,A2,AMDANGA,0.0,34.5,20.5,22.804946779762265,88.50961366450916,5.0,14158.797260400808,0.0,0.0,0.0,0.0,33.0,32.4,30.9,20.7,19.6,0.0,0.0,3,71
2025-03-13,A2,AMDANGA,0.0,35.6,22.1,22.804946779762265,88.50961366450916,5.0,14158.797260400808,0.0,0.0,0.0,0.0,34.5,33.0,27.6,20.5,20.7,0.0,0.0,3,72
2025-03-14,A2,AMDANGA,0.0,36.6,22.9,22.804946779762265,88.50961366450916,5.0,14158.797260400808,0.0,0.0,0.0,0.0,35.6,34.5,29.5,22.1,20.5,0.0,0.0,3,73
2025-03-15,A2,AMDANGA,0.1,35.4,23.6,22.804946779762265,88.50961366450916,5.0,14158.797260400808,0.0,0.0,0.0,0.0,36.6,35.6,31.6,22.9,22.1,0.0,0.0,3,74
2025-03-16,A2,AMDANGA,0.1,38.0,24.2,22.804946779762265,88.50961366450916,5.0,14158.797260400808,0.1,0.0,0.0,0.0,35.4,36.6,31.5,23.6,22.9,0.1,0.1,3,75
2025-03-17,A2,AMDANGA,7.3,34.8,23.3,22.804946779762265,88.50961366450916,5.0,14158.797260400808,0.1,0.1,0.0,0.0,38.0,35.4,32.4,24.2,23.6,0.2,0.2,3,76
2025-03-18,A2,AMDANGA,0.0,33.7,23.7,22.804946779762265,88.50961366450916,5.0,14158.797260400808,7.3,0.1,0.1,0.0,34.8,38.0,33.0,23.3,24.2,7.5,7.5,3,77
2025-03-19,A2,AMDANGA,0.0,35.5,22.2,22.804946779762265,88.50961366450916,5.0,14158.797260400808,0.0,7.3,0.1,0.0,33.7,34.8,34.5,23.7,23.3,7.4,7.5,3,78
2025-03-20,A2,AMDANGA,8.5,32.1,23.9,22.804946779762265,88.50961366450916,5.0,14158.797260400808,0.0,0.0,7.3,0.0,35.5,33.7,35.6,22.2,23.7,7.3,7.5,3,79
2025-03-21,A2,AMDANGA,5.7,31.1,21.2,22.804946779762265,88.50961366450916,5.0,14158.797260400808,8.5,0.0,0.0,0.0,32.1,35.5,36.6,23.9,22.2,8.5,16.0,3,80
2025-03-22,A2,AMDANGA,3.4,26.7,20.8,22.804946779762265,88.50961366450916,5.0,14158.797260400808,5.7,8.5,0.0,0.1,31.1,32.1,35.4,21.2,23.9,14.2,21.7,3,81
2025-03-23,A2,AMDANGA,1.2,28.7,18.7,22.804946779762265,88.50961366450916,5.0,14158.797260400808,3.4,5.7,8.5,0.1,26.7,31.1,38.0,20.8,21.2,17.6,25.0,3,82
2025-03-24,A2,AMDANGA,0.0,30.7,17.8,22.804946779762265,88.50961366450916,5.0,14158.797260400808,1.2,3.4,5.7,7.3,28.7,26.7,34.8,18.7,20.8,10.3,26.1,3,83
2025-03-25,A2,AMDANGA,0.0,32.0,19.1,22.804946779762265,88.50961366450916,5.0,14158.797260400808,0.0,1.2,3.4,0.0,30.7,28.7,33.7,17.8,18.7,4.6,18.8,3,84
2025-03-26,A2,AMDANGA,0.0,34.3,21.2,22.804946779762265,88.50961366450916,5.0,14158.797260400808,0.0,0.0,1.2,0.0,32.0,30.7,35.5,19.1,17.8,1.2,18.8,3,85
2025-03-27,A2,AMDANGA,0.0,35.6,23.0,22.804946779762265,88.50961366450916,5.0,14158.797260400808,0.0,0.0,0.0,8.5,34.3,32.0,32.1,21.2,19.1,0.0,18.8,3,86
2025-03-28,A2,AMDANGA,0.0,36.8,22.9,22.804946779762265,88.50961366450916,5.0,14158.797260400808,0.0,0.0,0.0,5.7,35.6,34.3,31.1,23.0,21.2,0.0,10.3,3,87
2025-03-29,A2,AMDANGA,0.0,35.9,23.3,22.804946779762265,88.50961366450916,5.0,14158.797260400808,0.0,0.0,0.0,3.4,36.8,35.6,26.7,22.9,23.0,0.0,4.6,3,88
2025-03-30,A2,AMDANGA,0.1,36.0,24.3,22.804946779762265,88.50961366450916,5.0,14158.797260400808,0.0,0.0,0.0,1.2,35.9,36.8,28.7,23.3,22.9,0.0,1.2,3,89
2025-03-31,A2,AMDANGA,0.0,36.1,25.2,22.804946779762265,88.50961366450916,5.0,14158.797260400808,0.1,0.0,0.0,0.0,36.0,35.9,30.7,24.3,23.3,0.1,0.1,3,90
2025-04-01,A2,AMDANGA,0.0,36.2,24.9,22.804946779762265,88.50961366450916,5.0,14158.797260400808,0.0,0.1,0.0,0.0,36.1,36.0,32.0,25.2,24.3,0.1,0.1,4,91
2025-04-02,A2,AMDANGA,0.2,36.7,24.8,22.804946779762265,88.50961366450916,5.0,14158.797260400808,0.0,0.0,0.1,0.0,36.2,36.1,34.3,24.9,25.2,0.1,0.1,4,92
2025-04-03,A2,AMDANGA,0.0,36.0,24.7,22.804946779762265,88.50961366450916,5.0,14158.797260400808,0.2,0.0,0.0,0.0,36.7,36.2,35.6,24.8,24.9,0.2,0.30000000000000004,4,93
2025-04-04,A2,AMDANGA,0.0,34.0,25.2,22.804946779762265,88.50961366450916,5.0,14158.797260400808,0.0,0.2,0.0,0.0,36.0,36.7,36.8,24.7,24.8,0.2,0.30000000000000004,4,94
2025-04-05,A2,AMDANGA,0.0,36.5,24.3,22.804946779762265,88.50961366450916,5.0,14158.797260400808,0.0,0.0,0.2,0.0,34.0,36.0,35.9,25.2,24.7,0.2,0.30000000000000004,4,95
2025-04-06,A2,AMDANGA,0.2,35.5,24.4,22.804946779762265,88.50961366450916,5.0,14158.797260400808,0.0,0.0,0.0,0.1,36.5,34.0,36.0,24.3,25.2,0.0,0.30000000000000004,4,96
2025-04-07,A2,AMDANGA,0.0,35.3,24.5,22.804946779762265,88.50961366450916,5.0,14158.797260400808,0.2,0.0,0.0,0.0,35.5,36.5,36.1,24.4,24.3,0.2,0.4,4,97
2025-04-08,A2,AMDANGA,1.9,34.0,24.1,22.804946779762265,88.50961366450916,5.0,14158.797260400808,0.0,0.2,0.0,0.0,35.3,35.5,36.2,24.5,24.4,0.2,0.4,4,98
2025-04-09,A2,AMDANGA,0.0,33.8,23.4,22.804946779762265,88.50961366450916,5.0,14158.797260400808,1.9,0.0,0.2,0.2,34.0,35.3,36.7,24.1,24.5,2.1,2.3,4,99
2025-04-10,A2,AMDANGA,14.8,34.5,22.4,22.804946779762265,88.50961366450916,5.0,14158.797260400808,0.0,1.9,0.0,0.0,33.8,34.0,36.0,23.4,24.1,1.9,2.0999999999999996,4,100
2025-04-11,A2,AMDANGA,0.1,32.0,22.0,22.804946779762265,88.50961366450916,5.0,14158.797260400808,14.8,0.0,1.9,0.0,34.5,33.8,34.0,22.4,23.4,16.7,16.9,4,101
2025-04-12,A2,AMDANGA,2.9,34.9,23.5,22.804946779762265,88.50961366450916,5.0,14158.797260400808,0.1,14.8,0.0,0.0,32.0,34.5,36.5,22.0,22.4,14.9,17.0,4,102
2025-04-13,A2,AMDANGA,0.0,33.1,23.6,22.804946779762265,88.50961366450916,5.0,14158.797260400808,2.9,0.1,14.8,0.2,34.9,32.0,35.5,23.5,22.0,17.8,19.9,4,103
2025-04-14,A2,AMDANGA,1.0,32.0,23.8,22.804946779762265,88.50961366450916,5.0,14158.797260400808,0.0,2.9,0.1,0.0,33.1,34.9,35.3,23.6,23.5,3.0,19.700000000000003,4,104
2025-04-15,A2,AMDANGA,1.7,32.3,23.3,22.804946779762265,88.50961366450916,5.0,14158.797260400808,1.0,0.0,2.9,1.9,32.0,33.1,34.0,23.8,23.6,3.9,20.700000000000003,4,105
2025-04-16,A2,AMDANGA,3.6,33.0,23.3,22.804946779762265,88.50961366450916,5.0,14158.797260400808,1.7,1.0,0.0,0.0,32.3,32.0,33.8,23.3,23.8,2.7,20.500000000000004,4,106
2025-04-17,A2,AMDANGA,17.7,32.1,23.0,22.804946779762265,88.50961366450916,5.0,14158.797260400808,3.6,1.7,1.0,14.8,33.0,32.3,34.5,23.3,23.3,6.3,24.099999999999998,4,107
2025-04-18,A2,AMDANGA,7.2,30.4,22.6,22.804946779762265,88.50961366450916,5.0,14158.797260400808,17.7,3.6,1.7,0.1,32.1,33.0,32.0,23.0,23.3,23.0,27.0,4,108
2025-04-19,A2,AMDANGA,5.0,30.3,22.9,22.804946779762265,88.50961366450916,5.0,14158.797260400808,7.2,17.7,3.6,2.9,30.4,32.1,34.9,22.6,23.0,28.5,34.099999999999994,4,109
2025-04-20,A2,AMDANGA,1.8,35.2,24.9,22.804946779762265,88.50961366450916,5.0,14158.797260400808,5.0,7.2,17.7,0.0,30.3,30.4,33.1,22.9,22.6,29.9,36.199999999999996,4,110
2025-04-21,A2,AMDANGA,0.0,35.9,27.7,22.804946779762265,88.50961366450916,5.0,14158.797260400808,1.8,5.0,7.2,1.0,35.2,30.3,32.0,24.9,22.9,14.0,38.0,4,111
2025-04-22,A2,AMDANGA,0.1,36.2,27.4,22.804946779762265,88.50961366450916,5.0,14158.797260400808,0.0,1.8,5.0,1.7,35.9,35.2,32.3,27.7,24.9,6.8,37.0,4,112
2025-04-23,A2,AMDANGA,0.0,38.6,27.1,22.804946779762265,88.50961366450916,5.0,14158.797260400808,0.1,0.0,1.8,3.6,36.2,35.9,33.0,27.4,27.7,1.9000000000000001,35.39999999999999,4,113
2025-04-24,A2,AMDANGA,0.0,36.8,27.2,22.804946779762265,88.50961366450916,5.0,14158.797260400808,0.0,0.1,0.0,17.7,38.6,36.2,32.1,27.1,27.4,0.1,31.799999999999997,4,114
2025-04-25,A2,AMDANGA,1.6,37.7,27.4,22.804946779762265,88.50961366450916,5.0,14158.797260400808,0.0,0.0,0.1,7.2,36.8,38.6,30.4,27.2,27.1,0.1,14.099999999999996,4,115
2025-04-26,A2,AMDANGA,3.4,36.1,27.0,22.804946779762265,88.50961366450916,5.0,14158.797260400808,1.6,0.0,0.0,5.0,37.7,36.8,30.3,27.4,27.2,1.6,8.499999999999996,4,116
2025-04-27,A2,AMDANGA,0.0,35.7,27.6,22.804946779762265,88.50961366450916,5.0,14158.797260400808,3.4,1.6,0.0,1.8,36.1,37.7,35.2,27.0,27.4,5.0,6.899999999999997,4,117
2025-04-28,A2,AMDANGA,4.1,29.7,24.6,22.804946779762265,88.50961366450916,5.0,14158.797260400808,0.0,3.4,1.6,0.0,35.7,36.1,35.9,27.6,27.0,5.0,5.099999999999997,4,118
2025-04-29,A2,AMDANGA,6.1,30.8,22.4,22.804946779762265,88.50961366450916,5.0,14158.797260400808,4.1,0.0,3.4,0.1,29.7,35.7,36.2,24.6,27.6,7.5,9.199999999999996,4,119
2025-04-30,A2,AMDANGA,3.3,30.5,21.5,22.804946779762265,88.50961366450916,5.0,14158.797260400808,6.1,4.1,0.0,0.0,30.8,29.7,38.6,22.4,24.6,10.2,15.199999999999996,4,120
2025-05-01,A2,AMDANGA,1.2,31.3,21.9,22.804946779762265,88.50961366450916,5.0,14158.797260400808,3.3,6.1,4.1,0.0,30.5,30.8,36.8,21.5,22.4,13.5,18.499999999999996,5,121
2025-05-02,A2,AMDANGA,0.0,30.6,21.5,22.804946779762265,88.50961366450916,5.0,14158.797260400808,1.2,3.3,6.1,1.6,31.3,30.5,37.7,21.9,21.5,10.6,19.699999999999996,5,122
2025-05-03,A2,AMDANGA,0.6,32.3,23.3,22.804946779762265,88.50961366450916,5.0,14158.797260400808,0.0,1.2,3.3,3.4,30.6,31.3,36.1,21.5,21.9,4.5,18.099999999999994,5,123
2025-05-04,A2,AMDANGA,3.9,30.9,23.6,22.804946779762265,88.50961366450916,5.0,14158.797260400808,0.6,0.0,1.2,0.0,32.3,30.6,35.7,23.3,21.5,1.7999999999999998,15.299999999999997,5,124
2025-05-05,A2,AMDANGA,4.4,32.9,23.6,22.804946779762265,88.50961366450916,5.0,14158.797260400808,3.9,0.6,0.0,4.1,30.9,32.3,29.7,23.6,23.3,4.5,19.199999999999996,5,125
2025-05-06,A2,AMDANGA,20.6,32.6,24.4,22.804946779762265,88.50961366450916,5.0,14158.797260400808,4.4,3.9,0.6,6.1,32.9,30.9,30.8,23.6,23.6,8.9,19.499999999999993,5,126
2025-05-07,A2,AMDANGA,3.4,33.4,24.1,22.804946779762265,88.50961366450916,5.0,14158.797260400808,20.6,4.4,3.9,3.3,32.6,32.9,30.5,24.4,23.6,28.900000000000002,34.0,5,127
2025-05-08,A2,AMDANGA,0.0,36.2,26.7,22.804946779762265,88.50961366450916,5.0,14158.797260400808,3.4,20.6,4.4,1.2,33.4,32.6,31.3,24.1,24.4,28.4,34.099999999999994,5,128
2025-05-09,A2,AMDANGA,0.0,36.9,26.6,22.804946779762265,88.50961366450916,5.0,14158.797260400808,0.0,3.4,20.6,0.0,36.2,33.4,30.6,26.7,24.1,24.0,32.89999999999999,5,129
2025-05-10,A2,AMDANGA,0.0,36.9,26.9,22.804946779762265,88.50961366450916,5.0,14158.797260400808,0.0,0.0,3.4,0.6,36.9,36.2,32.3,26.6,26.7,3.4,32.89999999999999,5,130
2025-05-11,A2,AMDANGA,0.0,37.2,27.1,22.804946779762265,88.50961366450916,5.0,14158.797260400808,0.0,0.0,0.0,3.9,36.9,36.9,30.9,26.9,26.6,0.0,32.3,5,131
2025-05-12,A2,AMDANGA,0.2,37.5,28.7,22.804946779762265,88.50961366450916,5.0,14158.797260400808,0.0,0.0,0.0,4.4,37.2,36.9,32.9,27.1,26.9,0.0,28.399999999999995,5,132
2025-05-13,A2,AMDANGA,2.4,35.5,28.4,22.804946779762265,88.50961366450916,5.0,14158.797260400808,0.2,0.0,0.0,20.6,37.5,37.2,32.6,28.7,27.1,0.2,24.199999999999996,5,133
2025-05-14,A2,AMDANGA,0.1,36.4,28.2,22.804946779762265,88.50961366450916,5.0,14158.797260400808,2.4,0.2,0.0,3.4,35.5,37.5,33.4,28.4,28.7,2.6,5.999999999999993,5,134
2025-05-15,A2,AMDANGA,6.8,35.3,27.3,22.804946779762265,88.50961366450916,5.0,14158.797260400808,0.1,2.4,0.2,0.0,36.4,35.5,36.2,28.2,28.4,2.7,2.699999999999993,5,135
2025-05-16,A2,AMDANGA,4.9,34.9,27.9,22.804946779762265,88.50961366450916,5.0,14158.797260400808,6.8,0.1,2.4,0.0,35.3,36.4,36.9,27.3,28.2,9.3,9.499999999999993,5,136
2025-05-17,A2,AMDANGA,26.1,34.9,25.8,22.804946779762265,88.50961366450916,5.0,14158.797260400808,4.9,6.8,0.1,0.0,34.9,35.3,36.9,27.9,27.3,11.8,14.399999999999993,5,137
2025-05-18,A2,AMDANGA,6.4,30.6,26.4,22.804946779762265,88.50961366450916,5.0,14158.797260400808,26.1,4.9,6.8,0.0,34.9,34.9,37.2,25.8,27.9,37.800000000000004,40.49999999999999,5,138
2025-05-19,A2,AMDANGA,3.1,33.8,26.2,22.804946779762265,88.50961366450916,5.0,14158.797260400808,6.4,26.1,4.9,0.2,30.6,34.9,37.5,26.4,25.8,37.400000000000006,46.89999999999999,5,139
2025-05-20,A2,AMDANGA,14.3,34.4,25.4,22.804946779762265,88.50961366450916,5.0,14158.797260400808,3.1,6.4,26.1,2.4,33.8,30.6,35.5,26.2,26.4,35.60000000000001,49.79999999999999,5,140
2025-05-21,A2,AMDANGA,21.3,33.8,25.6,22.804946779762265,88.50961366450916,5.0,14158.797260400808,14.3,3.1,6.4,0.1,34.4,33.8,36.4,25.4,26.2,23.800000000000004,61.69999999999999,5,141
2025-05-22,A2,AMDANGA,4.2,32.2,26.2,22.804946779762265,88.50961366450916,5.0,14158.797260400808,21.3,14.3,3.1,6.8,33.8,34.4,35.3,25.6,25.4,38.7,82.89999999999999,5,142
2025-05-23,A2,AMDANGA,6.4,31.7,25.6,22.804946779762265,88.50961366450916,5.0,14158.797260400808,4.2,21.3,14.3,4.9,32.2,33.8,34.9,26.2,25.6,39.800000000000004,80.3,5,143
2025-05-24,A2,AMDANGA,10.3,32.1,25.4,22.804946779762265,88.50961366450916,5.0,14158.797260400808,6.4,4.2,21.3,26.1,31.7,32.2,34.9,25.6,26.2,31.900000000000006,81.79999999999998,5,144
2025-05-25,A2,AMDANGA,18.1,30.8,25.7,22.804946779762265,88.50961366450916,5.0,14158.797260400808,10.3,6.4,4.2,6.4,32.1,31.7,30.6,25.4,25.6,20.900000000000006,66.0,5,145
2025-05-26,A2,AMDANGA,17.9,30.7,25.2,22.804946779762265,88.50961366450916,5.0,14158.797260400808,18.1,10.3,6.4,3.1,30.8,32.1,33.8,25.7,25.4,34.80000000000001,77.7,5,146
2025-05-27,A2,AMDANGA,9.5,31.4,25.4,22.804946779762265,88.50961366450916,5.0,14158.797260400808,17.9,18.1,10.3,14.3,30.7,30.8,34.4,25.2,25.7,46.300000000000004,92.49999999999999,5,147
2025-05-28,A2,AMDANGA,14.9,31.6,26.0,22.804946779762265,88.50961366450916,5.0,14158.797260400808,9.5,17.9,18.1,21.3,31.4,30.7,33.8,25.4,25.2,45.5,87.69999999999999,5,148
2025-05-29,A2,AMDANGA,38.3,29.5,25.3,22.804946779762265,88.50961366450916,5.0,14158.797260400808,14.9,9.5,17.9,4.2,31.6,31.4,32.2,26.0,25.4,42.300000000000004,81.3,5,149
2025-05-30,A2,AMDANGA,18.4,33.2,24.8,22.804946779762265,88.50961366450916,5.0,14158.797260400808,38.3,14.9,9.5,6.4,29.5,31.6,31.7,25.3,26.0,62.7,115.39999999999999,5,150
2025-05-31,A2,AMDANGA,34.7,32.1,25.4,22.804946779762265,88.50961366450916,5.0,14158.797260400808,18.4,38.3,14.9,10.3,33.2,29.5,32.1,24.8,25.3,71.6,127.4,5,151
2025-06-01,A2,AMDANGA,10.8,31.3,26.7,22.804946779762265,88.50961366450916,5.0,14158.797260400808,34.7,18.4,38.3,18.1,32.1,33.2,30.8,25.4,24.8,91.4,151.79999999999998,6,152
2025-06-02,A2,AMDANGA,0.4,36.0,26.9,22.804946779762265,88.50961366450916,5.0,14158.797260400808,10.8,34.7,18.4,17.9,31.3,32.1,30.7,26.7,25.4,63.900000000000006,144.5,6,153
2025-06-03,A2,AMDANGA,0.9,34.9,26.9,22.804946779762265,88.50961366450916,5.0,14158.797260400808,0.4,10.8,34.7,9.5,36.0,31.3,31.4,26.9,26.7,45.90000000000001,126.99999999999999,6,154
2025-06-04,A2,AMDANGA,1.0,34.0,27.1,22.804946779762265,88.50961366450916,5.0,14158.797260400808,0.9,0.4,10.8,14.9,34.9,36.0,31.6,26.9,26.9,12.100000000000009,118.39999999999999,6,155
2025-06-05,A2,AMDANGA,4.7,32.2,26.4,22.804946779762265,88.50961366450916,5.0,14158.797260400808,1.0,0.9,0.4,38.3,34.0,34.9,29.5,27.1,26.9,2.300000000000007,104.5,6,156
2025-06-06,A2,AMDANGA,5.8,32.9,25.9,22.804946779762265,88.50961366450916,5.0,14158.797260400808,4.7,1.0,0.9,18.4,32.2,34.0,33.2,26.4,27.1,6.600000000000007,70.89999999999999,6,157
2025-06-07,A2,AMDANGA,0.0,33.9,25.3,22.804946779762265,88.50961366450916,5.0,14158.797260400808,5.8,4.7,1.0,34.7,32.9,32.2,32.1,25.9,26.4,11.500000000000007,58.3,6,158
2025-06-08,A2,AMDANGA,1.1,33.7,26.3,22.804946779762265,88.50961366450916,5.0,14158.797260400808,0.0,5.8,4.7,10.8,33.9,32.9,31.3,25.3,25.9,10.500000000000007,23.599999999999994,6,159
2025-06-09,A2,AMDANGA,0.8,33.6,26.3,22.804946779762265,88.50961366450916,5.0,14158.797260400808,1.1,0.0,5.8,0.4,33.7,33.9,36.0,26.3,25.3,6.9000000000000075,13.899999999999993,6,160
2025-06-10,A2,AMDANGA,0.5,34.2,26.3,22.804946779762265,88.50961366450916,5.0,14158.797260400808,0.8,1.1,0.0,0.9,33.6,33.7,34.9,26.3,26.3,1.9000000000000072,14.299999999999992,6,161
2025-06-11,A2,AMDANGA,0.8,33.1,26.9,22.804946779762265,88.50961366450916,5.0,14158.797260400808,0.5,0.8,1.1,1.0,34.2,33.6,34.0,26.3,26.3,2.4000000000000075,13.899999999999991,6,162
2025-06-12,A2,AMDANGA,0.2,33.2,25.8,22.804946779762265,88.50961366450916,5.0,14158.797260400808,0.8,0.5,0.8,4.7,33.1,34.2,32.2,26.9,26.3,2.100000000000007,13.699999999999992,6,163
2025-06-13,A2,AMDANGA,0.9,33.3,26.6,22.804946779762265,88.50961366450916,5.0,14158.797260400808,0.2,0.8,0.5,5.8,33.2,33.1,32.9,25.8,26.9,1.500000000000007,9.199999999999992,6,164
2025-06-14,A2,AMDANGA,0.7,34.3,27.2,22.804946779762265,88.50961366450916,5.0,14158.797260400808,0.9,0.2,0.8,0.0,33.3,33.2,33.9,26.6,25.8,1.9000000000000072,4.299999999999994,6,165
2025-06-15,A2,AMDANGA,21.5,30.6,26.6,22.804946779762265,88.50961366450916,5.0,14158.797260400808,0.7,0.9,0.2,1.1,34.3,33.3,33.7,27.2,26.6,1.8000000000000071,4.999999999999993,6,166
2025-06-16,A2,AMDANGA,34.9,31.8,26.0,22.804946779762265,88.50961366450916,5.0,14158.797260400808,21.5,0.7,0.9,0.8,30.6,34.3,33.6,26.6,27.2,23.10000000000001,25.39999999999999,6,167
2025-06-17,A2,AMDANGA,35.4,28.9,25.3,22.804946779762265,88.50961366450916,5.0,14158.797260400808,34.9,21.5,0.7,0.5,31.8,30.6,34.2,26.0,26.6,57.10000000000001,59.499999999999986,6,168
2025-06-18,A2,AMDANGA,28.7,28.9,25.3,22.804946779762265,88.50961366450916,5.0,14158.797260400808,35.4,34.9,21.5,0.8,28.9,31.8,33.1,25.3,26.0,91.80000000000001,94.39999999999999,6,169
2025-06-19,A2,AMDANGA,46.4,30.7,24.1,22.804946779762265,88.50961366450916,5.0,14158.797260400808,28.7,35.4,34.9,0.2,28.9,28.9,33.2,25.3,25.3,99.0,122.3,6,170
2025-06-20,A2,AMDANGA,9.3,32.2,26.1,22.804946779762265,88.50961366450916,5.0,14158.797260400808,46.4,28.7,35.4,0.9,30.7,28.9,33.3,24.1,25.3,110.5,168.5,6,171
2025-06-21,A2,AMDANGA,1.4,33.3,26.3,22.804946779762265,88.50961366450916,5.0,14158.797260400808,9.3,46.4,28.7,0.7,32.2,30.7,34.3,26.1,24.1,84.4,176.89999999999998,6,172
2025-06-22,A2,AMDANGA,16.4,32.6,26.0,22.804946779762265,88.50961366450916,5.0,14158.797260400808,1.4,9.3,46.4,21.5,33.3,32.2,30.6,26.3,26.1,57.10000000000001,177.6,6,173
2025-06-23,A2,AMDANGA,12.8,31.7,26.5,22.804946779762265,88.50961366450916,5.0,14158.797260400808,16.4,1.4,9.3,34.9,32.6,33.3,31.8,26.0,26.3,27.100000000000012,172.5,6,174
2025-06-24,A2,AMDANGA,8.1,32.3,26.2,22.804946779762265,88.50961366450916,5.0,14158.797260400808,12.8,16.4,1.4,35.4,31.7,32.6,28.9,26.5,26.0,30.600000000000012,150.39999999999998,6,175
2025-06-25,A2,AMDANGA,8.1,31.5,26.1,22.804946779762265,88.50961366450916,5.0,14158.797260400808,8.1,12.8,16.4,28.7,32.3,31.7,28.9,26.2,26.5,37.30000000000001,123.09999999999998,6,176
2025-06-26,A2,AMDANGA,3.9,32.2,26.1,22.804946779762265,88.50961366450916,5.0,14158.797260400808,8.1,8.1,12.8,46.4,31.5,32.3,30.7,26.1,26.2,29.000000000000014,102.49999999999999,6,177
2025-06-27,A2,AMDANGA,16.3,31.3,25.2,22.804946779762265,88.50961366450916,5.0,14158.797260400808,3.9,8.1,8.1,9.3,32.2,31.5,32.2,26.1,26.1,20.100000000000012,59.999999999999986,6,178
2025-06-28,A2,AMDANGA,18.7,30.3,25.3,22.804946779762265,88.50961366450916,5.0,14158.797260400808,16.3,3.9,8.1,1.4,31.3,32.2,33.3,25.2,26.1,28.30000000000001,66.99999999999999,6,179
2025-06-29,A2,AMDANGA,42.3,31.0,25.4,22.804946779762265,88.50961366450916,5.0,14158.797260400808,18.7,16.3,3.9,16.4,30.3,31.3,32.6,25.3,25.2,38.90000000000001,84.29999999999998,6,180
2025-06-30,A2,AMDANGA,21.2,30.3,25.3,22.804946779762265,88.50961366450916,5.0,14158.797260400808,42.3,18.7,16.3,12.8,31.0,30.3,31.7,25.4,25.3,77.30000000000001,110.19999999999999,6,181
2025-07-01,A2,AMDANGA,7.1,30.5,26.0,22.804946779762265,88.50961366450916,5.0,14158.797260400808,21.2,42.3,18.7,8.1,30.3,31.0,32.3,25.3,25.4,82.20000000000002,118.59999999999998,7,182
2025-07-02,A2,AMDANGA,20.6,32.4,25.8,22.804946779762265,88.50961366450916,5.0,14158.797260400808,7.1,21.2,42.3,8.1,30.5,30.3,31.5,26.0,25.3,70.60000000000001,117.59999999999998,7,183
2025-07-03,A2,AMDANGA,33.6,31.0,25.7,22.804946779762265,88.50961366450916,5.0,14158.797260400808,20.6,7.1,21.2,3.9,32.4,30.5,32.2,25.8,26.0,48.90000000000001,130.1,7,184
2025-07-04,A2,AMDANGA,31.8,31.7,24.8,22.804946779762265,88.50961366450916,5.0,14158.797260400808,33.6,20.6,7.1,16.3,31.0,32.4,31.3,25.7,25.8,61.30000000000001,159.79999999999998,7,185
2025-07-05,A2,AMDANGA,9.6,30.8,25.7,22.804946779762265,88.50961366450916,5.0,14158.797260400808,31.8,33.6,20.6,18.7,31.7,31.0,30.3,24.8,25.7,86.00000000000001,175.3,7,186
2025-07-06,A2,AMDANGA,3.9,29.4,25.1,22.804946779762265,88.50961366450916,5.0,14158.797260400808,9.6,31.8,33.6,42.3,30.8,31.7,31.0,25.7,24.8,75.00000000000001,166.2,7,187
2025-07-07,A2,AMDANGA,14.8,28.9,25.3,22.804946779762265,88.50961366450916,5.0,14158.797260400808,3.9,9.6,31.8,21.2,29.4,30.8,30.3,25.1,25.7,45.30000000000001,127.79999999999998,7,188
2025-07-08,A2,AMDANGA,22.5,28.1,24.5,22.804946779762265,88.50961366450916,5.0,14158.797260400808,14.8,3.9,9.6,7.1,28.9,29.4,30.5,25.3,25.1,28.300000000000015,121.39999999999998,7,189
2025-07-09,A2,AMDANGA,13.7,30.0,24.8,22.804946779762265,88.50961366450916,5.0,14158.797260400808,22.5,14.8,3.9,20.6,28.1,28.9,32.4,24.5,25.3,41.20000000000002,136.79999999999998,7,190
2025-07-10,A2,AMDANGA,22.8,31.7,25.0,22.804946779762265,88.50961366450916,5.0,14158.797260400808,13.7,22.5,14.8,33.6,30.0,28.1,31.0,24.8,24.5,51.000000000000014,129.9,7,191
2025-07-11,A2,AMDANGA,9.9,30.6,25.5,22.804946779762265,88.50961366450916,5.0,14158.797260400808,22.8,13.7,22.5,31.8,31.7,30.0,31.7,25.0,24.8,59.000000000000014,119.1,7,192
2025-07-12,A2,AMDANGA,6.2,33.3,25.5,22.804946779762265,88.50961366450916,5.0,14158.797260400808,9.9,22.8,13.7,9.6,30.6,31.7,30.8,25.5,25.0,46.40000000000001,97.19999999999999,7,193
2025-07-13,A2,AMDANGA,10.6,31.7,26.1,22.804946779762265,88.50961366450916,5.0,14158.797260400808,6.2,9.9,22.8,3.9,33.3,30.6,29.4,25.5,25.5,38.90000000000002,93.79999999999998,7,194
2025-07-14,A2,AMDANGA,40.3,27.8,25.2,22.804946779762265,88.50961366450916,5.0,14158.797260400808,10.6,6.2,9.9,14.8,31.7,33.3,28.9,26.1,25.5,26.700000000000014,100.49999999999999,7,195
2025-07-15,A2,AMDANGA,16.6,30.3,24.9,22.804946779762265,88.50961366450916,5.0,14158.797260400808,40.3,10.6,6.2,22.5,27.8,31.7,28.1,25.2,26.1,57.10000000000001,125.99999999999999,7,196
2025-07-16,A2,AMDANGA,9.0,30.4,25.9,22.804946779762265,88.50961366450916,5.0,14158.797260400808,16.6,40.3,10.6,13.7,30.3,27.8,30.0,24.9,25.2,67.50000000000001,120.09999999999997,7,197
2025-07-17,A2,AMDANGA,0.1,33.1,26.3,22.804946779762265,88.50961366450916,5.0,14158.797260400808,9.0,16.6,40.3,22.8,30.4,30.3,31.7,25.9,24.9,65.9,115.39999999999998,7,198
2025-07-18,A2,AMDANGA,6.3,33.0,26.6,22.804946779762265,88.50961366450916,5.0,14158.797260400808,0.1,9.0,16.6,9.9,33.1,30.4,30.6,26.3,25.9,25.700000000000017,92.69999999999997,7,199
2025-07-19,A2,AMDANGA,1.0,33.4,26.6,22.804946779762265,88.50961366450916,5.0,14158.797260400808,6.3,0.1,9.0,6.2,33.0,33.1,33.3,26.6,26.3,15.400000000000013,89.09999999999998,7,200
2025-07-20,A2,AMDANGA,0.6,32.8,26.7,22.804946779762265,88.50961366450916,5.0,14158.797260400808,1.0,6.3,0.1,10.6,33.4,33.0,31.7,26.6,26.6,7.400000000000014,83.89999999999998,7,201
2025-07-21,A2,AMDANGA,0.6,32.8,26.5,22.804946779762265,88.50961366450916,5.0,14158.797260400808,0.6,1.0,6.3,40.3,32.8,33.4,27.8,26.7,26.6,7.900000000000014,73.89999999999998,7,202
2025-07-22,A2,AMDANGA,7.6,33.2,26.8,22.804946779762265,88.50961366450916,5.0,14158.797260400808,0.6,0.6,1.0,16.6,32.8,32.8,30.3,26.5,26.7,2.2000000000000144,34.19999999999999,7,203
2025-07-23,A2,AMDANGA,0.5,33.8,27.0,22.804946779762265,88.50961366450916,5.0,14158.797260400808,7.6,0.6,0.6,9.0,33.2,32.8,30.4,26.8,26.5,8.800000000000015,25.199999999999985,7,204
2025-07-24,A2,AMDANGA,11.5,32.7,26.2,22.804946779762265,88.50961366450916,5.0,14158.797260400808,0.5,7.6,0.6,0.1,33.8,33.2,33.1,27.0,26.8,8.700000000000014,16.699999999999985,7,205
2025-07-25,A2,AMDANGA,52.5,31.1,25.9,22.804946779762265,88.50961366450916,5.0,14158.797260400808,11.5,0.5,7.6,6.3,32.7,33.8,33.0,26.2,27.0,19.600000000000016,28.099999999999984,7,206
2025-07-26,A2,AMDANGA,3.4,31.1,26.2,22.804946779762265,88.50961366450916,5.0,14158.797260400808,52.5,11.5,0.5,1.0,31.1,32.7,33.4,25.9,26.2,64.50000000000001,74.29999999999998,7,207
2025-07-27,A2,AMDANGA,5.8,32.6,26.1,22.804946779762265,88.50961366450916,5.0,14158.797260400808,3.4,52.5,11.5,0.6,31.1,31.1,32.8,26.2,25.9,67.40000000000002,76.69999999999999,7,208
2025-07-28,A2,AMDANGA,3.6,30.5,26.7,22.804946779762265,88.50961366450916,5.0,14158.797260400808,5.8,3.4,52.5,0.6,32.6,31.1,32.8,26.1,26.2,61.70000000000002,81.89999999999999,7,209
2025-07-29,A2,AMDANGA,53.3,29.5,25.4,22.804946779762265,88.50961366450916,5.0,14158.797260400808,3.6,5.8,3.4,7.6,30.5,32.6,33.2,26.7,26.1,12.800000000000013,84.89999999999998,7,210
2025-07-30,A2,AMDANGA,19.0,29.3,25.2,22.804946779762265,88.50961366450916,5.0,14158.797260400808,53.3,3.6,5.8,0.5,29.5,30.5,33.8,25.4,26.7,62.70000000000001,130.59999999999997,7,211
2025-07-31,A2,AMDANGA,36.6,29.3,24.8,22.804946779762265,88.50961366450916,5.0,14158.797260400808,19.0,53.3,3.6,11.5,29.3,29.5,32.7,25.2,25.4,75.9,149.09999999999997,7,212
2025-08-01,A2,AMDANGA,19.3,32.2,25.7,22.804946779762265,88.50961366450916,5.0,14158.797260400808,36.6,19.0,53.3,52.5,29.3,29.3,31.1,24.8,25.2,108.9,174.2,8,213
2025-08-02,A2,AMDANGA,6.5,32.2,25.8,22.804946779762265,88.50961366450916,5.0,14158.797260400808,19.3,36.6,19.0,3.4,32.2,29.3,31.1,25.7,24.8,74.90000000000002,140.99999999999997,8,214
2025-08-03,A2,AMDANGA,15.0,32.6,26.7,22.804946779762265,88.50961366450916,5.0,14158.797260400808,6.5,19.3,36.6,5.8,32.2,32.2,32.6,25.8,25.7,62.40000000000002,144.09999999999997,8,215
2025-08-04,A2,AMDANGA,28.0,31.7,25.8,22.804946779762265,88.50961366450916,5.0,14158.797260400808,15.0,6.5,19.3,3.6,32.6,32.2,30.5,26.7,25.8,40.80000000000001,153.29999999999998,8,216
2025-08-05,A2,AMDANGA,15.3,32.2,26.2,22.804946779762265,88.50961366450916,5.0,14158.797260400808,28.0,15.0,6.5,53.3,31.7,32.6,29.5,25.8,26.7,49.500000000000014,177.69999999999996,8,217
2025-08-06,A2,AMDANGA,10.6,30.3,25.3,22.804946779762265,88.50961366450916,5.0,14158.797260400808,15.3,28.0,15.0,19.0,32.2,31.7,29.3,26.2,25.8,58.30000000000001,139.7,8,218
2025-08-07,A2,AMDANGA,8.6,31.7,25.4,22.804946779762265,88.50961366450916,5.0,14158.797260400808,10.6,15.3,28.0,36.6,30.3,32.2,29.3,25.3,26.2,53.90000000000001,131.29999999999998,8,219
2025-08-08,A2,AMDANGA,2.2,31.0,24.4,22.804946779762265,88.50961366450916,5.0,14158.797260400808,8.6,10.6,15.3,19.3,31.7,30.3,32.2,25.4,25.3,34.500000000000014,103.3,8,220
2025-08-09,A2,AMDANGA,10.6,31.4,25.1,22.804946779762265,88.50961366450916,5.0,14158.797260400808,2.2,8.6,10.6,6.5,31.0,31.7,32.2,24.4,25.4,21.400000000000013,86.19999999999999,8,221
2025-08-10,A2,AMDANGA,0.6,32.8,26.7,22.804946779762265,88.50961366450916,5.0,14158.797260400808,10.6,2.2,8.6,15.0,31.4,31.0,32.6,25.1,24.4,21.400000000000013,90.29999999999998,8,222
2025-08-11,A2,AMDANGA,5.2,32.3,26.4,22.804946779762265,88.50961366450916,5.0,14158.797260400808,0.6,10.6,2.2,28.0,32.8,31.4,31.7,26.7,25.1,13.400000000000015,75.89999999999998,8,223
2025-08-12,A2,AMDANGA,4.7,33.5,26.5,22.804946779762265,88.50961366450916,5.0,14158.797260400808,5.2,0.6,10.6,15.3,32.3,32.8,32.2,26.4,26.7,16.400000000000013,53.09999999999998,8,224
2025-08-13,A2,AMDANGA,15.3,30.8,26.4,22.804946779762265,88.50961366450916,5.0,14158.797260400808,4.7,5.2,0.6,10.6,33.5,32.3,30.3,26.5,26.4,10.500000000000016,42.499999999999986,8,225
2025-08-14,A2,AMDANGA,7.4,29.8,25.7,22.804946779762265,88.50961366450916,5.0,14158.797260400808,15.3,4.7,5.2,8.6,30.8,33.5,31.7,26.4,26.5,25.200000000000017,47.19999999999999,8,226
2025-08-15,A2,AMDANGA,13.6,31.5,25.4,22.804946779762265,88.50961366450916,5.0,14158.797260400808,7.4,15.3,4.7,2.2,29.8,30.8,31.0,25.7,26.4,27.40000000000002,45.99999999999999,8,227
2025-08-16,A2,AMDANGA,6.9,32.1,25.7,22.804946779762265,88.50961366450916,5.0,14158.797260400808,13.6,7.4,15.3,10.6,31.5,29.8,31.4,25.4,25.7,36.30000000000001,57.39999999999999,8,228
2025-08-17,A2,AMDANGA,9.1,32.0,26.1,22.804946779762265,88.50961366450916,5.0,14158.797260400808,6.9,13.6,7.4,0.6,32.1,31.5,32.8,25.7,25.4,27.90000000000002,53.69999999999999,8,229
2025-08-18,A2,AMDANGA,8.0,31.7,26.4,22.804946779762265,88.50961366450916,5.0,14158.797260400808,9.1,6.9,13.6,5.2,32.0,32.1,32.3,26.1,25.7,29.600000000000016,62.19999999999999,8,230
2025-08-19,A2,AMDANGA,12.1,30.2,25.7,22.804946779762265,88.50961366450916,5.0,14158.797260400808,8.0,9.1,6.9,4.7,31.7,32.0,33.5,26.4,26.1,24.000000000000014,64.99999999999999,8,231
2025-08-20,A2,AMDANGA,2.2,30.0,25.4,22.804946779762265,88.50961366450916,5.0,14158.797260400808,12.1,8.0,9.1,15.3,30.2,31.7,30.8,25.7,26.4,29.200000000000017,72.39999999999999,8,232
2025-08-21,A2,AMDANGA,51.0,28.6,24.6,22.804946779762265,88.50961366450916,5.0,14158.797260400808,2.2,12.1,8.0,7.4,30.0,30.2,29.8,25.4,25.7,22.300000000000015,59.29999999999999,8,233
2025-08-22,A2,AMDANGA,31.5,30.3,24.5,22.804946779762265,88.50961366450916,5.0,14158.797260400808,51.0,2.2,12.1,13.6,28.6,30.0,31.5,24.6,25.4,65.30000000000001,102.89999999999998,8,234
2025-08-23,A2,AMDANGA,13.2,29.0,24.7,22.804946779762265,88.50961366450916,5.0,14158.797260400808,31.5,51.0,2.2,6.9,30.3,28.6,32.1,24.5,24.6,84.70000000000002,120.79999999999998,8,235
2025-08-24,A2,AMDANGA,11.1,30.3,24.7,22.804946779762265,88.50961366450916,5.0,14158.797260400808,13.2,31.5,51.0,9.1,29.0,30.3,32.0,24.7,24.5,95.70000000000002,127.09999999999998,8,236
2025-08-25,A2,AMDANGA,2.6,31.6,24.9,22.804946779762265,88.50961366450916,5.0,14158.797260400808,11.1,13.2,31.5,8.0,30.3,29.0,31.7,24.7,24.7,55.80000000000002,129.1,8,237
2025-08-26,A2,AMDANGA,1.6,31.9,25.2,22.804946779762265,88.50961366450916,5.0,14158.797260400808,2.6,11.1,13.2,12.1,31.6,30.3,30.2,24.9,24.7,26.90000000000002,123.69999999999999,8,238
2025-08-27,A2,AMDANGA,5.0,31.8,25.6,22.804946779762265,88.50961366450916,5.0,14158.797260400808,1.6,2.6,11.1,2.2,31.9,31.6,30.0,25.2,24.9,15.300000000000022,113.19999999999997,8,239
2025-08-28,A2,AMDANGA,14.5,30.7,25.7,22.804946779762265,88.50961366450916,5.0,14158.797260400808,5.0,1.6,2.6,51.0,31.8,31.9,28.6,25.6,25.2,9.20000000000002,115.99999999999999,8,240
2025-08-29,A2,AMDANGA,21.0,30.1,25.6,22.804946779762265,88.50961366450916,5.0,14158.797260400808,14.5,5.0,1.6,31.5,30.7,31.8,30.3,25.7,25.6,21.100000000000023,79.49999999999997,8,241
2025-08-30,A2,AMDANGA,15.7,30.3,25.6,22.804946779762265,88.50961366450916,5.0,14158.797260400808,21.0,14.5,5.0,13.2,30.1,30.7,29.0,25.6,25.7,40.50000000000002,68.99999999999999,8,242
2025-08-31,A2,AMDANGA,3.7,32.0,25.1,22.804946779762265,88.50961366450916,5.0,14158.797260400808,15.7,21.0,14.5,11.1,30.3,30.1,30.3,25.6,25.6,51.20000000000002,71.49999999999999,8,243
2025-09-01,A2,AMDANGA,21.5,33.5,26.1,22.804946779762265,88.50961366450916,5.0,14158.797260400808,3.7,15.7,21.0,2.6,32.0,30.3,31.6,25.1,25.6,40.40000000000002,64.1,9,244
2025-09-02,A2,AMDANGA,15.6,30.4,25.7,22.804946779762265,88.50961366450916,5.0,14158.797260400808,21.5,3.7,15.7,1.6,33.5,32.0,31.9,26.1,25.1,40.90000000000002,82.99999999999999,9,245
2025-09-03,A2,AMDANGA,18.8,29.3,25.0,22.804946779762265,88.50961366450916,5.0,14158.797260400808,15.6,21.5,3.7,5.0,30.4,33.5,31.8,25.7,26.1,40.80000000000002,96.99999999999999,9,246
2025-09-04,A2,AMDANGA,7.4,30.2,25.6,22.804946779762265,88.50961366450916,5.0,14158.797260400808,18.8,15.6,21.5,14.5,29.3,30.4,30.7,25.0,25.7,55.90000000000002,110.79999999999998,9,247
2025-09-05,A2,AMDANGA,10.0,31.9,25.4,22.804946779762265,88.50961366450916,5.0,14158.797260400808,7.4,18.8,15.6,21.0,30.2,29.3,30.1,25.6,25.0,41.80000000000002,103.69999999999999,9,248
2025-09-06,A2,AMDANGA,3.8,32.5,25.1,22.804946779762265,88.50961366450916,5.0,14158.797260400808,10.0,7.4,18.8,15.7,31.9,30.2,30.3,25.4,25.6,36.200000000000024,92.69999999999999,9,249
2025-09-07,A2,AMDANGA,0.4,33.1,25.4,22.804946779762265,88.50961366450916,5.0,14158.797260400808,3.8,10.0,7.4,3.7,32.5,31.9,32.0,25.1,25.4,21.20000000000002,80.79999999999998,9,250
2025-09-08,A2,AMDANGA,0.2,32.9,25.5,22.804946779762265,88.50961366450916,5.0,14158.797260400808,0.4,3.8,10.0,21.5,33.1,32.5,33.5,25.4,25.1,14.20000000000002,77.49999999999999,9,251
2025-09-09,A2,AMDANGA,0.2,33.1,25.7,22.804946779762265,88.50961366450916,5.0,14158.797260400808,0.2,0.4,3.8,15.6,32.9,33.1,30.4,25.5,25.4,4.400000000000021,56.19999999999998,9,252
2025-09-10,A2,AMDANGA,0.2,33.7,26.2,22.804946779762265,88.50961366450916,5.0,14158.797260400808,0.2,0.2,0.4,18.8,33.1,32.9,29.3,25.7,25.5,0.8000000000000214,40.79999999999998,9,253
2025-09-11,A2,AMDANGA,4.1,32.8,26.2,22.804946779762265,88.50961366450916,5.0,14158.797260400808,0.2,0.2,0.2,7.4,33.7,33.1,30.2,26.2,25.7,0.6000000000000001,22.199999999999985,9,254
2025-09-12,A2,AMDANGA,19.0,31.1,25.2,22.804946779762265,88.50961366450916,5.0,14158.797260400808,4.1,0.2,0.2,10.0,32.8,33.7,31.9,26.2,26.2,4.500000000000021,18.899999999999984,9,255
2025-09-13,A2,AMDANGA,6.9,30.4,25.6,22.804946779762265,88.50961366450916,5.0,14158.797260400808,19.0,4.1,0.2,3.8,31.1,32.8,32.5,25.2,26.2,23.300000000000022,27.899999999999984,9,256
2025-09-14,A2,AMDANGA,40.9,30.6,26.1,22.804946779762265,88.50961366450916,5.0,14158.797260400808,6.9,19.0,4.1,0.4,30.4,31.1,33.1,25.6,25.2,30.00000000000002,30.999999999999986,9,257
2025-09-15,A2,AMDANGA,25.8,29.3,24.4,22.804946779762265,88.50961366450916,5.0,14158.797260400808,40.9,6.9,19.0,0.2,30.6,30.4,32.9,26.1,25.6,66.80000000000001,71.49999999999999,9,258
2025-09-16,A2,AMDANGA,10.7,29.6,24.4,22.804946779762265,88.50961366450916,5.0,14158.797260400808,25.8,40.9,6.9,0.2,29.3,30.6,33.1,24.4,26.1,73.60000000000002,97.09999999999998,9,259
2025-09-17,A2,AMDANGA,8.4,30.5,24.9,22.804946779762265,88.50961366450916,5.0,14158.797260400808,10.7,25.8,40.9,0.2,29.6,29.3,33.7,24.4,24.4,77.4,107.59999999999998,9,260
2025-09-18,A2,AMDANGA,3.5,32.1,26.0,22.804946779762265,88.50961366450916,5.0,14158.797260400808,8.4,10.7,25.8,4.1,30.5,29.6,32.8,24.9,24.4,44.90000000000002,115.8,9,261
2025-09-19,A2,AMDANGA,12.4,30.7,25.4,22.804946779762265,88.50961366450916,5.0,14158.797260400808,3.5,8.4,10.7,19.0,32.1,30.5,31.1,26.0,24.9,22.600000000000023,115.19999999999999,9,262
2025-09-20,A2,AMDANGA,8.9,32.3,25.9,22.804946779762265,88.50961366450916,5.0,14158.797260400808,12.4,3.5,8.4,6.9,30.7,32.1,30.4,25.4,26.0,24.300000000000022,108.59999999999998,9,263
2025-09-21,A2,AMDANGA,1.1,32.6,25.3,22.804946779762265,88.50961366450916,5.0,14158.797260400808,8.9,12.4,3.5,40.9,32.3,30.7,30.6,25.9,25.4,24.800000000000022,110.6,9,264
2025-09-22,A2,AMDANGA,21.0,30.1,25.0,22.804946779762265,88.50961366450916,5.0,14158.797260400808,1.1,8.9,12.4,25.8,32.6,32.3,29.3,25.3,25.9,22.400000000000023,70.79999999999998,9,265
2025-09-23,A2,AMDANGA,10.8,31.0,24.4,22.804946779762265,88.50961366450916,5.0,14158.797260400808,21.0,1.1,8.9,10.7,30.1,32.6,29.6,25.0,25.3,31.00000000000002,65.99999999999999,9,266
2025-09-24,A2,AMDANGA,4.1,31.5,24.8,22.804946779762265,88.50961366450916,5.0,14158.797260400808,10.8,21.0,1.1,8.4,31.0,30.1,30.5,24.4,25.0,32.90000000000002,66.1,9,267
2025-09-25,A2,AMDANGA,10.8,32.8,25.5,22.804946779762265,88.50961366450916,5.0,14158.797260400808,4.1,10.8,21.0,3.5,31.5,31.0,32.1,24.8,24.4,35.90000000000002,61.79999999999999,9,268
2025-09-26,A2,AMDANGA,3.8,31.9,25.4,22.804946779762265,88.50961366450916,5.0,14158.797260400808,10.8,4.1,10.8,12.4,32.8,31.5,30.7,25.5,24.8,25.700000000000024,69.1,9,269
2025-09-27,A2,AMDANGA,8.0,30.1,25.6,22.804946779762265,88.50961366450916,5.0,14158.797260400808,3.8,10.8,4.1,8.9,31.9,32.8,32.3,25.4,25.5,18.70000000000002,60.499999999999986,9,270
2025-09-28,A2,AMDANGA,6.8,31.6,25.5,22.804946779762265,88.50961366450916,5.0,14158.797260400808,8.0,3.8,10.8,1.1,30.1,31.9,32.6,25.6,25.4,22.600000000000023,59.59999999999999,9,271
2025-09-29,A2,AMDANGA,2.6,32.1,25.7,22.804946779762265,88.50961366450916,5.0,14158.797260400808,6.8,8.0,3.8,21.0,31.6,30.1,30.1,25.5,25.6,18.60000000000002,65.29999999999998,9,272
2025-09-30,A2,AMDANGA,4.3,32.1,26.3,22.804946779762265,88.50961366450916,5.0,14158.797260400808,2.6,6.8,8.0,10.8,32.1,31.6,31.0,25.7,25.5,17.40000000000002,46.899999999999984,9,273
2025-10-01,A2,AMDANGA,15.3,31.4,24.5,22.804946779762265,88.50961366450916,5.0,14158.797260400808,4.3,2.6,6.8,4.1,32.1,32.1,31.5,26.3,25.7,13.700000000000019,40.399999999999984,10,274
2025-10-02,A2,AMDANGA,29.0,27.4,24.5,22.804946779762265,88.50961366450916,5.0,14158.797260400808,15.3,4.3,2.6,10.8,31.4,32.1,32.8,24.5,26.3,22.20000000000002,51.59999999999999,10,275
2025-10-03,A2,AMDANGA,14.7,29.5,25.3,22.804946779762265,88.50961366450916,5.0,14158.797260400808,29.0,15.3,4.3,3.8,27.4,31.4,31.9,24.5,24.5,48.60000000000002,69.79999999999998,10,276
2025-10-04,A2,AMDANGA,9.7,32.0,25.2,22.804946779762265,88.50961366450916,5.0,14158.797260400808,14.7,29.0,15.3,8.0,29.5,27.4,30.1,25.3,24.5,59.00000000000002,80.69999999999999,10,277
2025-10-05,A2,AMDANGA,31.3,30.5,24.2,22.804946779762265,88.50961366450916,5.0,14158.797260400808,9.7,14.7,29.0,6.8,32.0,29.5,31.6,25.2,25.3,53.40000000000002,82.39999999999999,10,278
2025-10-06,A2,AMDANGA,4.0,28.8,24.2,22.804946779762265,88.50961366450916,5.0,14158.797260400808,31.3,9.7,14.7,2.6,30.5,32.0,32.1,24.2,25.2,55.70000000000002,106.89999999999999,10,279
2025-10-07,A2,AMDANGA,7.2,31.1,24.1,22.804946779762265,88.50961366450916,5.0,14158.797260400808,4.0,31.3,9.7,4.3,28.8,30.5,32.1,24.2,24.2,45.000000000000014,108.29999999999998,10,280
2025-10-08,A2,AMDANGA,11.8,30.8,24.4,22.804946779762265,88.50961366450916,5.0,14158.797260400808,7.2,4.0,31.3,15.3,31.1,28.8,31.4,24.1,24.2,42.50000000000002,111.19999999999999,10,281
2025-10-09,A2,AMDANGA,3.3,31.2,24.6,22.804946779762265,88.50961366450916,5.0,14158.797260400808,11.8,7.2,4.0,29.0,30.8,31.1,27.4,24.4,24.1,23.000000000000018,107.69999999999999,10,282
2025-10-10,A2,AMDANGA,11.4,31.3,24.4,22.804946779762265,88.50961366450916,5.0,14158.797260400808,3.3,11.8,7.2,14.7,31.2,30.8,29.5,24.6,24.4,22.30000000000002,81.99999999999999,10,283
2025-10-11,A2,AMDANGA,2.9,30.5,24.1,22.804946779762265,88.50961366450916,5.0,14158.797260400808,11.4,3.3,11.8,9.7,31.3,31.2,32.0,24.4,24.6,26.500000000000018,78.69999999999999,10,284
2025-10-12,A2,AMDANGA,0.0,31.2,24.3,22.804946779762265,88.50961366450916,5.0,14158.797260400808,2.9,11.4,3.3,31.3,30.5,31.3,30.5,24.1,24.4,17.600000000000016,71.89999999999999,10,285
2025-10-13,A2,AMDANGA,0.0,30.6,23.7,22.804946779762265,88.50961366450916,5.0,14158.797260400808,0.0,2.9,11.4,4.0,31.2,30.5,28.8,24.3,24.1,14.300000000000017,40.59999999999999,10,286
2025-10-14,A2,AMDANGA,0.0,31.1,23.1,22.804946779762265,88.50961366450916,5.0,14158.797260400808,0.0,0.0,2.9,7.2,30.6,31.2,31.1,23.7,24.3,2.9000000000000177,36.59999999999999,10,287
2025-10-15,A2,AMDANGA,0.0,31.0,22.9,22.804946779762265,88.50961366450916,5.0,14158.797260400808,0.0,0.0,0.0,11.8,31.1,30.6,30.8,23.1,23.7,0.0,29.399999999999988,10,288
2025-10-16,A2,AMDANGA,0.0,30.8,22.0,22.804946779762265,88.50961366450916,5.0,14158.797260400808,0.0,0.0,0.0,3.3,31.0,31.1,31.2,22.9,23.1,0.0,17.599999999999987,10,289
2025-10-17,A2,AMDANGA,0.0,31.5,22.4,22.804946779762265,88.50961366450916,5.0,14158.797260400808,0.0,0.0,0.0,11.4,30.8,31.0,31.3,22.0,22.9,0.0,14.299999999999988,10,290
2025-10-18,A2,AMDANGA,0.1,31.6,23.7,22.804946779762265,88.50961366450916,5.0,14158.797260400808,0.0,0.0,0.0,2.9,31.5,30.8,30.5,22.4,22.0,0.0,2.8999999999999893,10,291
2025-10-19,A2,AMDANGA,0.1,32.7,24.3,22.804946779762265,88.50961366450916,5.0,14158.797260400808,0.1,0.0,0.0,0.0,31.6,31.5,31.2,23.7,22.4,0.10000000000001777,0.09999999999998935,10,292
2025-10-20,A2,AMDANGA,0.0,32.9,23.5,22.804946779762265,88.50961366450916,5.0,14158.797260400808,0.1,0.1,0.0,0.0,32.7,31.6,30.6,24.3,23.7,0.20000000000001777,0.19999999999998935,10,293
2025-10-21,A2,AMDANGA,0.0,32.9,23.3,22.804946779762265,88.50961366450916,5.0,14158.797260400808,0.0,0.1,0.1,0.0,32.9,32.7,31.1,23.5,24.3,0.20000000000001777,0.19999999999998935,10,294
2025-10-22,A2,AMDANGA,0.0,32.2,22.9,22.804946779762265,88.50961366450916,5.0,14158.797260400808,0.0,0.0,0.1,0.0,32.9,32.9,31.0,23.3,23.5,0.10000000000001777,0.19999999999998935,10,295
2025-10-23,A2,AMDANGA,0.0,32.2,22.9,22.804946779762265,88.50961366450916,5.0,14158.797260400808,0.0,0.0,0.0,0.0,32.2,32.9,30.8,22.9,23.3,0.0,0.19999999999998935,10,296
2025-10-24,A2,AMDANGA,0.0,32.1,22.5,22.804946779762265,88.50961366450916,5.0,14158.797260400808,0.0,0.0,0.0,0.0,32.2,32.2,31.5,22.9,22.9,0.0,0.19999999999998935,10,297
2025-10-25,A2,AMDANGA,0.0,32.0,23.3,22.804946779762265,88.50961366450916,5.0,14158.797260400808,0.0,0.0,0.0,0.1,32.1,32.2,31.6,22.5,22.9,0.0,0.19999999999998935,10,298
2025-10-26,A2,AMDANGA,0.0,32.1,24.1,22.804946779762265,88.50961366450916,5.0,14158.797260400808,0.0,0.0,0.0,0.1,32.0,32.1,32.7,23.3,22.5,0.0,0.09999999999998935,10,299
2025-10-27,A2,AMDANGA,0.1,32.2,23.7,22.804946779762265,88.50961366450916,5.0,14158.797260400808,0.0,0.0,0.0,0.0,32.1,32.0,32.9,24.1,23.3,0.0,0.0,10,300
2025-10-28,A2,AMDANGA,0.5,32.5,24.3,22.804946779762265,88.50961366450916,5.0,14158.797260400808,0.1,0.0,0.0,0.0,32.2,32.1,32.9,23.7,24.1,0.10000000000001777,0.09999999999998935,10,301
2025-10-29,A2,AMDANGA,17.2,28.4,24.5,22.804946779762265,88.50961366450916,5.0,14158.797260400808,0.5,0.1,0.0,0.0,32.5,32.2,32.2,24.3,23.7,0.6000000000000177,0.5999999999999893,10,302
2025-10-30,A2,AMDANGA,15.5,30.2,23.8,22.804946779762265,88.50961366450916,5.0,14158.797260400808,17.2,0.5,0.1,0.0,28.4,32.5,32.2,24.5,24.3,17.80000000000002,17.79999999999999,10,303
2025-10-31,A2,AMDANGA,0.7,31.6,24.3,22.804946779762265,88.50961366450916,5.0,14158.797260400808,15.5,17.2,0.5,0.0,30.2,28.4,32.1,23.8,24.5,33.20000000000002,33.29999999999999,10,304
2025-11-01,A2,AMDANGA,19.3,30.5,25.1,22.804946779762265,88.50961366450916,5.0,14158.797260400808,0.7,15.5,17.2,0.0,31.6,30.2,32.0,24.3,23.8,33.40000000000002,33.99999999999999,11,305
2025-11-02,A2,AMDANGA,0.0,28.5,23.3,22.804946779762265,88.50961366450916,5.0,14158.797260400808,19.3,0.7,15.5,0.0,30.5,31.6,32.1,25.1,24.3,35.500000000000014,53.29999999999999,11,306
2025-11-03,A2,AMDANGA,0.0,29.7,22.2,22.804946779762265,88.50961366450916,5.0,14158.797260400808,0.0,19.3,0.7,0.1,28.5,30.5,32.2,23.3,25.1,20.000000000000018,53.29999999999999,11,307
2025-11-04,A2,AMDANGA,0.0,29.6,19.7,22.804946779762265,88.50961366450916,5.0,14158.797260400808,0.0,0.0,19.3,0.5,29.7,28.5,32.5,22.2,23.3,19.30000000000002,53.19999999999999,11,308
2025-11-05,A2,AMDANGA,0.0,29.8,21.1,22.804946779762265,88.50961366450916,5.0,14158.797260400808,0.0,0.0,0.0,17.2,29.6,29.7,28.4,19.7,22.2,0.0,52.69999999999999,11,309
2025-11-06,A2,AMDANGA,0.5,30.1,21.2,22.804946779762265,88.50961366450916,5.0,14158.797260400808,0.0,0.0,0.0,15.5,29.8,29.6,30.2,21.1,19.7,0.0,35.499999999999986,11,310
2025-11-07,A2,AMDANGA,0.1,29.9,22.4,22.804946779762265,88.50961366450916,5.0,14158.797260400808,0.5,0.0,0.0,0.7,30.1,29.8,31.6,21.2,21.1,0.5000000000000178,20.49999999999999,11,311
2025-11-08,A2,AMDANGA,0.0,29.2,19.8,22.804946779762265,88.50961366450916,5.0,14158.797260400808,0.1,0.5,0.0,19.3,29.9,30.1,30.5,22.4,21.2,0.6000000000000177,19.89999999999999,11,312
2025-11-09,A2,AMDANGA,0.0,28.0,17.8,22.804946779762265,88.50961366450916,5.0,14158.797260400808,0.0,0.1,0.5,0.0,29.2,29.9,28.5,19.8,22.4,0.6000000000000177,0.5999999999999893,11,313
2025-11-10,A2,AMDANGA,0.0,28.4,18.0,22.804946779762265,88.50961366450916,5.0,14158.797260400808,0.0,0.0,0.1,0.0,28.0,29.2,29.7,17.8,19.8,0.10000000000001777,0.5999999999999893,11,314
2025-11-11,A2,AMDANGA,0.0,27.5,16.9,22.804946779762265,88.50961366450916,5.0,14158.797260400808,0.0,0.0,0.0,0.0,28.4,28.0,29.6,18.0,17.8,0.0,0.5999999999999893,11,315
2025-11-12,A2,AMDANGA,0.0,26.7,16.3,22.804946779762265,88.50961366450916,5.0,14158.797260400808,0.0,0.0,0.0,0.0,27.5,28.4,29.8,16.9,18.0,0.0,0.5999999999999893,11,316
2025-11-13,A2,AMDANGA,0.0,26.9,16.2,22.804946779762265,88.50961366450916,5.0,14158.797260400808,0.0,0.0,0.0,0.5,26.7,27.5,30.1,16.3,16.9,0.0,0.5999999999999893,11,317
2025-11-14,A2,AMDANGA,0.0,26.7,16.2,22.804946779762265,88.50961366450916,5.0,14158.797260400808,0.0,0.0,0.0,0.1,26.9,26.7,29.9,16.2,16.3,0.0,0.09999999999998935,11,318
2025-11-15,A2,AMDANGA,0.0,27.0,16.4,22.804946779762265,88.50961366450916,5.0,14158.797260400808,0.0,0.0,0.0,0.0,26.7,26.9,29.2,16.2,16.2,0.0,0.0,11,319
2025-11-16,A2,AMDANGA,0.0,27.1,16.4,22.804946779762265,88.50961366450916,5.0,14158.797260400808,0.0,0.0,0.0,0.0,27.0,26.7,28.0,16.4,16.2,0.0,0.0,11,320
2025-11-17,A2,AMDANGA,0.0,27.0,17.3,22.804946779762265,88.50961366450916,5.0,14158.797260400808,0.0,0.0,0.0,0.0,27.1,27.0,28.4,16.4,16.4,0.0,0.0,11,321
2025-11-18,A2,AMDANGA,0.0,27.9,16.9,22.804946779762265,88.50961366450916,5.0,14158.797260400808,0.0,0.0,0.0,0.0,27.0,27.1,27.5,17.3,16.4,0.0,0.0,11,322
2025-11-19,A2,AMDANGA,0.0,28.6,16.3,22.804946779762265,88.50961366450916,5.0,14158.797260400808,0.0,0.0,0.0,0.0,27.9,27.0,26.7,16.9,17.3,0.0,0.0,11,323
2025-11-20,A2,AMDANGA,0.0,28.1,17.4,22.804946779762265,88.50961366450916,5.0,14158.797260400808,0.0,0.0,0.0,0.0,28.6,27.9,26.9,16.3,16.9,0.0,0.0,11,324
2025-11-21,A2,AMDANGA,0.0,28.2,17.6,22.804946779762265,88.50961366450916,5.0,14158.797260400808,0.0,0.0,0.0,0.0,28.1,28.6,26.7,17.4,16.3,0.0,0.0,11,325
2025-11-22,A2,AMDANGA,0.0,27.8,17.1,22.804946779762265,88.50961366450916,5.0,14158.797260400808,0.0,0.0,0.0,0.0,28.2,28.1,27.0,17.6,17.4,0.0,0.0,11,326
2025-11-23,A2,AMDANGA,0.0,27.7,16.7,22.804946779762265,88.50961366450916,5.0,14158.797260400808,0.0,0.0,0.0,0.0,27.8,28.2,27.1,17.1,17.6,0.0,0.0,11,327
2025-11-24,A2,AMDANGA,0.0,26.7,16.4,22.804946779762265,88.50961366450916,5.0,14158.797260400808,0.0,0.0,0.0,0.0,27.7,27.8,27.0,16.7,17.1,0.0,0.0,11,328
2025-11-25,A2,AMDANGA,0.0,26.1,15.3,22.804946779762265,88.50961366450916,5.0,14158.797260400808,0.0,0.0,0.0,0.0,26.7,27.7,27.9,16.4,16.7,0.0,0.0,11,329
2025-11-26,A2,AMDANGA,0.0,25.8,14.7,22.804946779762265,88.50961366450916,5.0,14158.797260400808,0.0,0.0,0.0,0.0,26.1,26.7,28.6,15.3,16.4,0.0,0.0,11,330
2025-11-27,A2,AMDANGA,0.0,26.8,15.3,22.804946779762265,88.50961366450916,5.0,14158.797260400808,0.0,0.0,0.0,0.0,25.8,26.1,28.1,14.7,15.3,0.0,0.0,11,331
2025-11-28,A2,AMDANGA,0.0,27.1,16.5,22.804946779762265,88.50961366450916,5.0,14158.797260400808,0.0,0.0,0.0,0.0,26.8,25.8,28.2,15.3,14.7,0.0,0.0,11,332
2025-11-29,A2,AMDANGA,0.0,26.9,16.6,22.804946779762265,88.50961366450916,5.0,14158.797260400808,0.0,0.0,0.0,0.0,27.1,26.8,27.8,16.5,15.3,0.0,0.0,11,333
2025-11-30,A2,AMDANGA,0.0,26.9,16.5,22.804946779762265,88.50961366450916,5.0,14158.797260400808,0.0,0.0,0.0,0.0,26.9,27.1,27.7,16.6,16.5,0.0,0.0,11,334
2025-12-01,A2,AMDANGA,0.0,26.6,16.4,22.804946779762265,88.50961366450916,5.0,14158.797260400808,0.0,0.0,0.0,0.0,26.9,26.9,26.7,16.5,16.6,0.0,0.0,12,335
2025-12-02,A2,AMDANGA,0.0,26.7,17.2,22.804946779762265,88.50961366450916,5.0,14158.797260400808,0.0,0.0,0.0,0.0,26.6,26.9,26.1,16.4,16.5,0.0,0.0,12,336
2025-12-03,A2,AMDANGA,0.0,25.9,15.6,22.804946779762265,88.50961366450916,5.0,14158.797260400808,0.0,0.0,0.0,0.0,26.7,26.6,25.8,17.2,16.4,0.0,0.0,12,337
2025-12-04,A2,AMDANGA,0.0,25.3,14.3,22.804946779762265,88.50961366450916,5.0,14158.797260400808,0.0,0.0,0.0,0.0,25.9,26.7,26.8,15.6,17.2,0.0,0.0,12,338
2025-12-05,A2,AMDANGA,0.0,25.4,14.6,22.804946779762265,88.50961366450916,5.0,14158.797260400808,0.0,0.0,0.0,0.0,25.3,25.9,27.1,14.3,15.6,0.0,0.0,12,339
2025-12-06,A2,AMDANGA,0.0,24.5,12.6,22.804946779762265,88.50961366450916,5.0,14158.797260400808,0.0,0.0,0.0,0.0,25.4,25.3,26.9,14.6,14.3,0.0,0.0,12,340
2025-12-07,A2,AMDANGA,0.0,24.8,13.4,22.804946779762265,88.50961366450916,5.0,14158.797260400808,0.0,0.0,0.0,0.0,24.5,25.4,26.9,12.6,14.6,0.0,0.0,12,341
2025-12-08,A2,AMDANGA,0.0,24.9,13.7,22.804946779762265,88.50961366450916,5.0,14158.797260400808,0.0,0.0,0.0,0.0,24.8,24.5,26.6,13.4,12.6,0.0,0.0,12,342
2025-12-09,A2,AMDANGA,0.0,25.1,14.2,22.804946779762265,88.50961366450916,5.0,14158.797260400808,0.0,0.0,0.0,0.0,24.9,24.8,26.7,13.7,13.4,0.0,0.0,12,343
2025-12-10,A2,AMDANGA,0.0,25.2,14.1,22.804946779762265,88.50961366450916,5.0,14158.797260400808,0.0,0.0,0.0,0.0,25.1,24.9,25.9,14.2,13.7,0.0,0.0,12,344
2025-12-11,A2,AMDANGA,0.0,25.1,13.7,22.804946779762265,88.50961366450916,5.0,14158.797260400808,0.0,0.0,0.0,0.0,25.2,25.1,25.3,14.1,14.2,0.0,0.0,12,345
2025-12-12,A2,AMDANGA,0.0,25.0,13.9,22.804946779762265,88.50961366450916,5.0,14158.797260400808,0.0,0.0,0.0,0.0,25.1,25.2,25.4,13.7,14.1,0.0,0.0,12,346
2025-12-13,A2,AMDANGA,0.0,25.4,14.2,22.804946779762265,88.50961366450916,5.0,14158.797260400808,0.0,0.0,0.0,0.0,25.0,25.1,24.5,13.9,13.7,0.0,0.0,12,347
2025-12-14,A2,AMDANGA,0.0,26.5,14.4,22.804946779762265,88.50961366450916,5.0,14158.797260400808,0.0,0.0,0.0,0.0,25.4,25.0,24.8,14.2,13.9,0.0,0.0,12,348
2025-12-15,A2,AMDANGA,0.0,26.1,14.8,22.804946779762265,88.50961366450916,5.0,14158.797260400808,0.0,0.0,0.0,0.0,26.5,25.4,24.9,14.4,14.2,0.0,0.0,12,349
2025-12-16,A2,AMDANGA,0.0,25.1,14.4,22.804946779762265,88.50961366450916,5.0,14158.797260400808,0.0,0.0,0.0,0.0,26.1,26.5,25.1,14.8,14.4,0.0,0.0,12,350
2025-12-17,A2,AMDANGA,0.0,25.3,14.3,22.804946779762265,88.50961366450916,5.0,14158.797260400808,0.0,0.0,0.0,0.0,25.1,26.1,25.2,14.4,14.8,0.0,0.0,12,351
2025-12-18,A2,AMDANGA,0.0,26.4,14.6,22.804946779762265,88.50961366450916,5.0,14158.797260400808,0.0,0.0,0.0,0.0,25.3,25.1,25.1,14.3,14.4,0.0,0.0,12,352
2025-12-19,A2,AMDANGA,0.0,26.1,15.4,22.804946779762265,88.50961366450916,5.0,14158.797260400808,0.0,0.0,0.0,0.0,26.4,25.3,25.0,14.6,14.3,0.0,0.0,12,353
2025-12-20,A2,AMDANGA,0.0,24.0,15.2,22.804946779762265,88.50961366450916,5.0,14158.797260400808,0.0,0.0,0.0,0.0,26.1,26.4,25.4,15.4,14.6,0.0,0.0,12,354
2025-12-21,A2,AMDANGA,0.0,23.8,14.3,22.804946779762265,88.50961366450916,5.0,14158.797260400808,0.0,0.0,0.0,0.0,24.0,26.1,26.5,15.2,15.4,0.0,0.0,12,355
2025-12-22,A2,AMDANGA,0.0,24.5,14.4,22.804946779762265,88.50961366450916,5.0,14158.797260400808,0.0,0.0,0.0,0.0,23.8,24.0,26.1,14.3,15.2,0.0,0.0,12,356
2025-12-23,A2,AMDANGA,0.0,24.0,13.8,22.804946779762265,88.50961366450916,5.0,14158.797260400808,0.0,0.0,0.0,0.0,24.5,23.8,25.1,14.4,14.3,0.0,0.0,12,357
2025-12-24,A2,AMDANGA,0.0,23.7,13.2,22.804946779762265,88.50961366450916,5.0,14158.797260400808,0.0,0.0,0.0,0.0,24.0,24.5,25.3,13.8,14.4,0.0,0.0,12,358
2025-12-25,A2,AMDANGA,0.0,21.4,11.7,22.804946779762265,88.50961366450916,5.0,14158.797260400808,0.0,0.0,0.0,0.0,23.7,24.0,26.4,13.2,13.8,0.0,0.0,12,359
2025-12-26,A2,AMDANGA,0.0,21.8,10.9,22.804946779762265,88.50961366450916,5.0,14158.797260400808,0.0,0.0,0.0,0.0,21.4,23.7,26.1,11.7,13.2,0.0,0.0,12,360
2025-12-27,A2,AMDANGA,0.0,23.1,12.0,22.804946779762265,88.50961366450916,5.0,14158.797260400808,0.0,0.0,0.0,0.0,21.8,21.4,24.0,10.9,11.7,0.0,0.0,12,361
2025-12-28,A2,AMDANGA,0.0,22.0,12.7,22.804946779762265,88.50961366450916,5.0,14158.797260400808,0.0,0.0,0.0,0.0,23.1,21.8,23.8,12.0,10.9,0.0,0.0,12,362
2025-12-29,A2,AMDANGA,0.0,20.4,11.7,22.804946779762265,88.50961366450916,5.0,14158.797260400808,0.0,0.0,0.0,0.0,22.0,23.1,24.5,12.7,12.0,0.0,0.0,12,363
2025-12-30,A2,AMDANGA,0.0,19.6,10.4,22.804946779762265,88.50961366450916,5.0,14158.797260400808,0.0,0.0,0.0,0.0,20.4,22.0,24.0,11.7,12.7,0.0,0.0,12,364
2025-12-31,A2,AMDANGA,0.0,20.8,9.0,22.804946779762265,88.50961366450916,5.0,14158.797260400808,0.0,0.0,0.0,0.0,19.6,20.4,23.7,10.4,11.7,0.0,0.0,12,365
2024-01-08,A3,BERABERIA,0.0,25.9,15.4,22.77541760455084,88.44586402742692,7.0,8686.371674561437,0.0,0.0,0.0,0.0,26.2,26.7,25.0,15.3,13.7,0.0,0.0,1,8
2024-01-09,A3,BERABERIA,0.0,25.3,14.2,22.77541760455084,88.44586402742692,7.0,8686.371674561437,0.0,0.0,0.0,0.0,25.9,26.2,23.5,15.4,15.3,0.0,0.0,1,9
2024-01-10,A3,BERABERIA,0.0,26.1,13.4,22.77541760455084,88.44586402742692,7.0,8686.371674561437,0.0,0.0,0.0,0.0,25.3,25.9,24.5,14.2,15.4,0.0,0.0,1,10
2024-01-11,A3,BERABERIA,0.0,25.2,14.0,22.77541760455084,88.44586402742692,7.0,8686.371674561437,0.0,0.0,0.0,0.0,26.1,25.3,25.3,13.4,14.2,0.0,0.0,1,11
2024-01-12,A3,BERABERIA,0.0,22.9,11.8,22.77541760455084,88.44586402742692,7.0,8686.371674561437,0.0,0.0,0.0,0.0,25.2,26.1,25.9,14.0,13.4,0.0,0.0,1,12
2024-01-13,A3,BERABERIA,0.0,22.6,10.4,22.77541760455084,88.44586402742692,7.0,8686.371674561437,0.0,0.0,0.0,0.0,22.9,25.2,26.7,11.8,14.0,0.0,0.0,1,13
2024-01-14,A3,BERABERIA,0.0,22.3,10.5,22.77541760455084,88.44586402742692,7.0,8686.371674561437,0.0,0.0,0.0,0.0,22.6,22.9,26.2,10.4,11.8,0.0,0.0,1,14
2024-01-15,A3,BERABERIA,0.0,22.0,10.5,22.77541760455084,88.44586402742692,7.0,8686.371674561437,0.0,0.0,0.0,0.0,22.3,22.6,25.9,10.5,10.4,0.0,0.0,1,15
2024-01-16,A3,BERABERIA,0.0,22.4,11.0,22.77541760455084,88.44586402742692,7.0,8686.371674561437,0.0,0.0,0.0,0.0,22.0,22.3,25.3,10.5,10.5,0.0,0.0,1,16
2024-01-17,A3,BERABERIA,0.0,23.8,10.9,22.77541760455084,88.44586402742692,7.0,8686.371674561437,0.0,0.0,0.0,0.0,22.4,22.0,26.1,11.0,10.5,0.0,0.0,1,17
2024-01-18,A3,BERABERIA,7.2,20.9,15.1,22.77541760455084,88.44586402742692,7.0,8686.371674561437,0.0,0.0,0.0,0.0,23.8,22.4,25.2,10.9,11.0,0.0,0.0,1,18
2024-01-19,A3,BERABERIA,0.0,23.2,14.7,22.77541760455084,88.44586402742692,7.0,8686.371674561437,7.2,0.0,0.0,0.0,20.9,23.8,22.9,15.1,10.9,7.2,7.2,1,19
2024-01-20,A3,BERABERIA,0.0,22.7,12.9,22.77541760455084,88.44586402742692,7.0,8686.371674561437,0.0,7.2,0.0,0.0,23.2,20.9,22.6,14.7,15.1,7.2,7.2,1,20
2024-01-21,A3,BERABERIA,0.0,22.5,13.6,22.77541760455084,88.44586402742692,7.0,8686.371674561437,0.0,0.0,7.2,0.0,22.7,23.2,22.3,12.9,14.7,7.2,7.2,1,21
2024-01-22,A3,BERABERIA,0.0,21.4,11.0,22.77541760455084,88.44586402742692,7.0,8686.371674561437,0.0,0.0,0.0,0.0,22.5,22.7,22.0,13.6,12.9,0.0,7.2,1,22
2024-01-23,A3,BERABERIA,0.0,22.7,9.9,22.77541760455084,88.44586402742692,7.0,8686.371674561437,0.0,0.0,0.0,0.0,21.4,22.5,22.4,11.0,13.6,0.0,7.2,1,23
2024-01-24,A3,BERABERIA,2.1,21.6,15.4,22.77541760455084,88.44586402742692,7.0,8686.371674561437,0.0,0.0,0.0,0.0,22.7,21.4,23.8,9.9,11.0,0.0,7.2,1,24
2024-01-25,A3,BERABERIA,0.0,23.1,13.1,22.77541760455084,88.44586402742692,7.0,8686.371674561437,2.1,0.0,0.0,7.2,21.6,22.7,20.9,15.4,9.9,2.1,9.3,1,25
2024-01-26,A3,BERABERIA,0.0,23.0,12.2,22.77541760455084,88.44586402742692,7.0,8686.371674561437,0.0,2.1,0.0,0.0,23.1,21.6,23.2,13.1,15.4,2.1,2.1,1,26
2024-01-27,A3,BERABERIA,0.0,23.0,11.2,22.77541760455084,88.44586402742692,7.0,8686.371674561437,0.0,0.0,2.1,0.0,23.0,23.1,22.7,12.2,13.1,2.1,2.1,1,27
2024-01-28,A3,BERABERIA,0.0,23.5,10.3,22.77541760455084,88.44586402742692,7.0,8686.371674561437,0.0,0.0,0.0,0.0,23.0,23.0,22.5,11.2,12.2,0.0,2.1,1,28
2024-01-29,A3,BERABERIA,0.0,24.8,11.4,22.77541760455084,88.44586402742692,7.0,8686.371674561437,0.0,0.0,0.0,0.0,23.5,23.0,21.4,10.3,11.2,0.0,2.1,1,29
2024-01-30,A3,BERABERIA,5.5,26.6,13.1,22.77541760455084,88.44586402742692,7.0,8686.371674561437,0.0,0.0,0.0,0.0,24.8,23.5,22.7,11.4,10.3,0.0,2.1,1,30
2024-01-31,A3,BERABERIA,29.0,25.4,17.4,22.77541760455084,88.44586402742692,7.0,8686.371674561437,5.5,0.0,0.0,2.1,26.6,24.8,21.6,13.1,11.4,5.5,7.6,1,31
2024-02-01,A3,BERABERIA,9.9,24.6,16.5,22.77541760455084,88.44586402742692,7.0,8686.371674561437,29.0,5.5,0.0,0.0,25.4,26.6,23.1,17.4,13.1,34.5,34.5,2,32
2024-02-02,A3,BERABERIA,0.3,26.8,16.4,22.77541760455084,88.44586402742692,7.0,8686.371674561437,9.9,29.0,5.5,0.0,24.6,25.4,23.0,16.5,17.4,44.4,44.4,2,33
2024-02-03,A3,BERABERIA,0.0,25.9,15.3,22.77541760455084,88.44586402742692,7.0,8686.371674561437,0.3,9.9,29.0,0.0,26.8,24.6,23.0,16.4,16.5,39.2,44.7,2,34
2024-02-04,A3,BERABERIA,0.0,26.3,13.2,22.77541760455084,88.44586402742692,7.0,8686.371674561437,0.0,0.3,9.9,0.0,25.9,26.8,23.5,15.3,16.4,10.200000000000001,44.7,2,35
2024-02-05,A3,BERABERIA,0.0,27.2,14.5,22.77541760455084,88.44586402742692,7.0,8686.371674561437,0.0,0.0,0.3,0.0,26.3,25.9,24.8,13.2,15.3,0.3,44.7,2,36
2024-02-06,A3,BERABERIA,0.5,27.5,18.3,22.77541760455084,88.44586402742692,7.0,8686.371674561437,0.0,0.0,0.0,5.5,27.2,26.3,26.6,14.5,13.2,0.0,44.7,2,37
2024-02-07,A3,BERABERIA,0.0,25.7,18.1,22.77541760455084,88.44586402742692,7.0,8686.371674561437,0.5,0.0,0.0,29.0,27.5,27.2,25.4,18.3,14.5,0.5,39.7,2,38
2024-02-08,A3,BERABERIA,0.0,24.6,14.9,22.77541760455084,88.44586402742692,7.0,8686.371674561437,0.0,0.5,0.0,9.9,25.7,27.5,24.6,18.1,18.3,0.5,10.700000000000001,2,39
2024-02-09,A3,BERABERIA,0.0,23.2,12.8,22.77541760455084,88.44586402742692,7.0,8686.371674561437,0.0,0.0,0.5,0.3,24.6,25.7,26.8,14.9,18.1,0.5,0.8,2,40
2024-02-10,A3,BERABERIA,0.0,24.8,11.9,22.77541760455084,88.44586402742692,7.0,8686.371674561437,0.0,0.0,0.0,0.0,23.2,24.6,25.9,12.8,14.9,0.0,0.49999999999999994,2,41
2024-02-11,A3,BERABERIA,0.0,26.6,12.6,22.77541760455084,88.44586402742692,7.0,8686.371674561437,0.0,0.0,0.0,0.0,24.8,23.2,26.3,11.9,12.8,0.0,0.5,2,42
2024-02-12,A3,BERABERIA,0.0,27.6,14.5,22.77541760455084,88.44586402742692,7.0,8686.371674561437,0.0,0.0,0.0,0.0,26.6,24.8,27.2,12.6,11.9,0.0,0.5,2,43
2024-02-13,A3,BERABERIA,0.0,29.3,16.6,22.77541760455084,88.44586402742692,7.0,8686.371674561437,0.0,0.0,0.0,0.5,27.6,26.6,27.5,14.5,12.6,0.0,0.5,2,44
2024-02-14,A3,BERABERIA,0.0,28.7,16.2,22.77541760455084,88.44586402742692,7.0,8686.371674561437,0.0,0.0,0.0,0.0,29.3,27.6,25.7,16.6,14.5,0.0,0.0,2,45
2024-02-15,A3,BERABERIA,0.6,27.9,17.1,22.77541760455084,88.44586402742692,7.0,8686.371674561437,0.0,0.0,0.0,0.0,28.7,29.3,24.6,16.2,16.6,0.0,0.0,2,46
2024-02-16,A3,BERABERIA,0.0,28.5,17.7,22.77541760455084,88.44586402742692,7.0,8686.371674561437,0.6,0.0,0.0,0.0,27.9,28.7,23.2,17.1,16.2,0.6,0.6,2,47
2024-02-17,A3,BERABERIA,0.0,28.1,15.0,22.77541760455084,88.44586402742692,7.0,8686.371674561437,0.0,0.6,0.0,0.0,28.5,27.9,24.8,17.7,17.1,0.6,0.6,2,48
2024-02-18,A3,BERABERIA,0.2,28.9,15.2,22.77541760455084,88.44586402742692,7.0,8686.371674561437,0.0,0.0,0.6,0.0,28.1,28.5,26.6,15.0,17.7,0.6,0.6,2,49
2024-02-19,A3,BERABERIA,0.2,30.1,18.7,22.77541760455084,88.44586402742692,7.0,8686.371674561437,0.2,0.0,0.0,0.0,28.9,28.1,27.6,15.2,15.0,0.2,0.8,2,50
2024-02-20,A3,BERABERIA,3.6,31.6,21.2,22.77541760455084,88.44586402742692,7.0,8686.371674561437,0.2,0.2,0.0,0.0,30.1,28.9,29.3,18.7,15.2,0.4,1.0,2,51
2024-02-21,A3,BERABERIA,0.2,33.1,20.7,22.77541760455084,88.44586402742692,7.0,8686.371674561437,3.6,0.2,0.2,0.0,31.6,30.1,28.7,21.2,18.7,4.0,4.6,2,52
2024-02-22,A3,BERABERIA,0.4,29.5,20.8,22.77541760455084,88.44586402742692,7.0,8686.371674561437,0.2,3.6,0.2,0.6,33.1,31.6,27.9,20.7,21.2,4.0,4.8,2,53
2024-02-23,A3,BERABERIA,0.2,29.1,19.6,22.77541760455084,88.44586402742692,7.0,8686.371674561437,0.4,0.2,3.6,0.0,29.5,33.1,28.5,20.8,20.7,4.2,4.6000000000000005,2,54
2024-02-24,A3,BERABERIA,0.0,28.6,17.2,22.77541760455084,88.44586402742692,7.0,8686.371674561437,0.2,0.4,0.2,0.0,29.1,29.5,28.1,19.6,20.8,0.8,4.800000000000001,2,55
2024-02-25,A3,BERABERIA,0.5,25.5,18.5,22.77541760455084,88.44586402742692,7.0,8686.371674561437,0.0,0.2,0.4,0.2,28.6,29.1,28.9,17.2,19.6,0.6000000000000001,4.800000000000001,2,56
2024-02-26,A3,BERABERIA,0.0,28.4,17.2,22.77541760455084,88.44586402742692,7.0,8686.371674561437,0.5,0.0,0.2,0.2,25.5,28.6,30.1,18.5,17.2,0.7,5.1000000000000005,2,57
2024-02-27,A3,BERABERIA,0.0,29.0,17.9,22.77541760455084,88.44586402742692,7.0,8686.371674561437,0.0,0.5,0.0,3.6,28.4,25.5,31.6,17.2,18.5,0.5,4.9,2,58
2024-02-28,A3,BERABERIA,0.0,29.8,18.2,22.77541760455084,88.44586402742692,7.0,8686.371674561437,0.0,0.0,0.5,0.2,29.0,28.4,33.1,17.9,17.2,0.5,1.3,2,59
2024-02-29,A3,BERABERIA,0.0,30.1,18.4,22.77541760455084,88.44586402742692,7.0,8686.371674561437,0.0,0.0,0.0,0.4,29.8,29.0,29.5,18.2,17.9,0.0,1.1,2,60
2024-03-01,A3,BERABERIA,0.0,30.7,17.1,22.77541760455084,88.44586402742692,7.0,8686.371674561437,0.0,0.0,0.0,0.2,30.1,29.8,29.1,18.4,18.2,0.0,0.7,3,61
2024-03-02,A3,BERABERIA,0.0,31.3,17.1,22.77541760455084,88.44586402742692,7.0,8686.371674561437,0.0,0.0,0.0,0.0,30.7,30.1,28.6,17.1,18.4,0.0,0.5,3,62
2024-03-03,A3,BERABERIA,0.1,31.7,20.6,22.77541760455084,88.44586402742692,7.0,8686.371674561437,0.0,0.0,0.0,0.5,31.3,30.7,25.5,17.1,17.1,0.0,0.5,3,63
2024-03-04,A3,BERABERIA,6.1,31.7,19.8,22.77541760455084,88.44586402742692,7.0,8686.371674561437,0.1,0.0,0.0,0.0,31.7,31.3,28.4,20.6,17.1,0.1,0.1,3,64
2024-03-05,A3,BERABERIA,0.0,31.2,20.6,22.77541760455084,88.44586402742692,7.0,8686.371674561437,6.1,0.1,0.0,0.0,31.7,31.7,29.0,19.8,20.6,6.199999999999999,6.199999999999999,3,65
2024-03-06,A3,BERABERIA,0.0,29.6,18.4,22.77541760455084,88.44586402742692,7.0,8686.371674561437,0.0,6.1,0.1,0.0,31.2,31.7,29.8,20.6,19.8,6.199999999999999,6.199999999999999,3,66
2024-03-07,A3,BERABERIA,0.0,28.7,18.8,22.77541760455084,88.44586402742692,7.0,8686.371674561437,0.0,0.0,6.1,0.0,29.6,31.2,30.1,18.4,20.6,6.1,6.199999999999999,3,67
2024-03-08,A3,BERABERIA,0.0,30.5,18.8,22.77541760455084,88.44586402742692,7.0,8686.371674561437,0.0,0.0,0.0,0.0,28.7,29.6,30.7,18.8,18.4,0.0,6.199999999999999,3,68
2024-03-09,A3,BERABERIA,0.0,29.9,15.8,22.77541760455084,88.44586402742692,7.0,8686.371674561437,0.0,0.0,0.0,0.0,30.5,28.7,31.3,18.8,18.8,0.0,6.199999999999999,3,69
2024-03-10,A3,BERABERIA,0.0,29.8,15.8,22.77541760455084,88.44586402742692,7.0,8686.371674561437,0.0,0.0,0.0,0.1,29.9,30.5,31.7,15.8,18.8,0.0,6.199999999999999,3,70
2024-03-11,A3,BERABERIA,0.0,31.4,15.2,22.77541760455084,88.44586402742692,7.0,8686.371674561437,0.0,0.0,0.0,6.1,29.8,29.9,31.7,15.8,15.8,0.0,6.1,3,71
2024-03-12,A3,BERABERIA,0.0,33.4,20.3,22.77541760455084,88.44586402742692,7.0,8686.371674561437,0.0,0.0,0.0,0.0,31.4,29.8,31.2,15.2,15.8,0.0,0.0,3,72
2024-03-13,A3,BERABERIA,1.3,34.1,23.5,22.77541760455084,88.44586402742692,7.0,8686.371674561437,0.0,0.0,0.0,0.0,33.4,31.4,29.6,20.3,15.2,0.0,0.0,3,73
2024-03-14,A3,BERABERIA,9.9,32.1,22.2,22.77541760455084,88.44586402742692,7.0,8686.371674561437,1.3,0.0,0.0,0.0,34.1,33.4,28.7,23.5,20.3,1.3,1.3,3,74
2024-03-15,A3,BERABERIA,0.7,33.5,22.4,22.77541760455084,88.44586402742692,7.0,8686.371674561437,9.9,1.3,0.0,0.0,32.1,34.1,30.5,22.2,23.5,11.200000000000001,11.200000000000001,3,75
2024-03-16,A3,BERABERIA,1.0,32.3,23.1,22.77541760455084,88.44586402742692,7.0,8686.371674561437,0.7,9.9,1.3,0.0,33.5,32.1,29.9,22.4,22.2,11.9,11.9,3,76
2024-03-17,A3,BERABERIA,0.0,31.7,21.9,22.77541760455084,88.44586402742692,7.0,8686.371674561437,1.0,0.7,9.9,0.0,32.3,33.5,29.8,23.1,22.4,11.6,12.9,3,77
2024-03-18,A3,BERABERIA,5.1,29.3,22.3,22.77541760455084,88.44586402742692,7.0,8686.371674561437,0.0,1.0,0.7,0.0,31.7,32.3,31.4,21.9,23.1,1.7,12.9,3,78
2024-03-19,A3,BERABERIA,12.3,30.0,22.6,22.77541760455084,88.44586402742692,7.0,8686.371674561437,5.1,0.0,1.0,0.0,29.3,31.7,33.4,22.3,21.9,6.1,18.0,3,79
2024-03-20,A3,BERABERIA,13.9,23.6,18.4,22.77541760455084,88.44586402742692,7.0,8686.371674561437,12.3,5.1,0.0,1.3,30.0,29.3,34.1,22.6,22.3,17.4,30.3,3,80
2024-03-21,A3,BERABERIA,4.3,26.2,18.2,22.77541760455084,88.44586402742692,7.0,8686.371674561437,13.9,12.3,5.1,9.9,23.6,30.0,32.1,18.4,22.6,31.3,42.9,3,81
2024-03-22,A3,BERABERIA,0.0,27.9,16.9,22.77541760455084,88.44586402742692,7.0,8686.371674561437,4.3,13.9,12.3,0.7,26.2,23.6,33.5,18.2,18.4,30.500000000000004,37.300000000000004,3,82
2024-03-23,A3,BERABERIA,4.2,32.1,19.4,22.77541760455084,88.44586402742692,7.0,8686.371674561437,0.0,4.3,13.9,1.0,27.9,26.2,32.3,16.9,18.2,18.200000000000003,36.6,3,83
2024-03-24,A3,BERABERIA,0.0,33.9,23.7,22.77541760455084,88.44586402742692,7.0,8686.371674561437,4.2,0.0,4.3,0.0,32.1,27.9,31.7,19.4,16.9,8.5,39.8,3,84
2024-03-25,A3,BERABERIA,9.0,33.2,22.9,22.77541760455084,88.44586402742692,7.0,8686.371674561437,0.0,4.2,0.0,5.1,33.9,32.1,29.3,23.7,19.4,4.2,39.8,3,85
2024-03-26,A3,BERABERIA,0.0,33.1,24.1,22.77541760455084,88.44586402742692,7.0,8686.371674561437,9.0,0.0,4.2,12.3,33.2,33.9,30.0,22.9,23.7,13.2,43.699999999999996,3,86
2024-03-27,A3,BERABERIA,1.4,34.8,22.9,22.77541760455084,88.44586402742692,7.0,8686.371674561437,0.0,9.0,0.0,13.9,33.1,33.2,23.6,24.1,22.9,9.0,31.4,3,87
2024-03-28,A3,BERABERIA,0.1,33.4,22.7,22.77541760455084,88.44586402742692,7.0,8686.371674561437,1.4,0.0,9.0,4.3,34.8,33.1,26.2,22.9,24.1,10.4,18.900000000000002,3,88
2024-03-29,A3,BERABERIA,0.2,34.9,24.6,22.77541760455084,88.44586402742692,7.0,8686.371674561437,0.1,1.4,0.0,0.0,33.4,34.8,27.9,22.7,22.9,1.5,14.700000000000001,3,89
2024-03-30,A3,BERABERIA,0.0,36.2,24.4,22.77541760455084,88.44586402742692,7.0,8686.371674561437,0.2,0.1,1.4,4.2,34.9,33.4,32.1,24.6,22.7,1.7,14.899999999999999,3,90
2024-03-31,A3,BERABERIA,1.2,35.0,25.4,22.77541760455084,88.44586402742692,7.0,8686.371674561437,0.0,0.2,0.1,0.0,36.2,34.9,33.9,24.4,24.6,0.30000000000000004,10.7,3,91
2024-04-01,A3,BERABERIA,0.0,36.7,25.7,22.77541760455084,88.44586402742692,7.0,8686.371674561437,1.2,0.0,0.2,9.0,35.0,36.2,33.2,25.4,24.4,1.4,11.9,4,92
2024-04-02,A3,BERABERIA,0.0,36.0,24.4,22.77541760455084,88.44586402742692,7.0,8686.371674561437,0.0,1.2,0.0,0.0,36.7,35.0,33.1,25.7,25.4,1.2,2.9,4,93
2024-04-03,A3,BERABERIA,0.0,36.5,25.3,22.77541760455084,88.44586402742692,7.0,8686.371674561437,0.0,0.0,1.2,1.4,36.0,36.7,34.8,24.4,25.7,1.2,2.9,4,94
2024-04-04,A3,BERABERIA,21.0,37.0,26.2,22.77541760455084,88.44586402742692,7.0,8686.371674561437,0.0,0.0,0.0,0.1,36.5,36.0,33.4,25.3,24.4,0.0,1.5,4,95
2024-04-05,A3,BERABERIA,0.0,37.9,26.5,22.77541760455084,88.44586402742692,7.0,8686.371674561437,21.0,0.0,0.0,0.2,37.0,36.5,34.9,26.2,25.3,21.0,22.4,4,96
2024-04-06,A3,BERABERIA,0.0,37.7,25.8,22.77541760455084,88.44586402742692,7.0,8686.371674561437,0.0,21.0,0.0,0.0,37.9,37.0,36.2,26.5,26.2,21.0,22.2,4,97
2024-04-07,A3,BERABERIA,13.3,36.1,25.9,22.77541760455084,88.44586402742692,7.0,8686.371674561437,0.0,0.0,21.0,1.2,37.7,37.9,35.0,25.8,26.5,21.0,22.2,4,98
2024-04-08,A3,BERABERIA,0.0,31.8,23.2,22.77541760455084,88.44586402742692,7.0,8686.371674561437,13.3,0.0,0.0,0.0,36.1,37.7,36.7,25.9,25.8,13.3,34.3,4,99
2024-04-09,A3,BERABERIA,0.0,34.9,22.2,22.77541760455084,88.44586402742692,7.0,8686.371674561437,0.0,13.3,0.0,0.0,31.8,36.1,36.0,23.2,25.9,13.3,34.3,4,100
2024-04-10,A3,BERABERIA,0.0,35.8,22.9,22.77541760455084,88.44586402742692,7.0,8686.371674561437,0.0,0.0,13.3,0.0,34.9,31.8,36.5,22.2,23.2,13.3,34.3,4,101
2024-04-11,A3,BERABERIA,0.9,33.6,24.0,22.77541760455084,88.44586402742692,7.0,8686.371674561437,0.0,0.0,0.0,21.0,35.8,34.9,37.0,22.9,22.2,0.0,34.3,4,102
2024-04-12,A3,BERABERIA,0.0,35.2,22.5,22.77541760455084,88.44586402742692,7.0,8686.371674561437,0.9,0.0,0.0,0.0,33.6,35.8,37.9,24.0,22.9,0.9,14.200000000000001,4,103
2024-04-13,A3,BERABERIA,0.0,36.5,23.4,22.77541760455084,88.44586402742692,7.0,8686.371674561437,0.0,0.9,0.0,0.0,35.2,33.6,37.7,22.5,24.0,0.9,14.200000000000001,4,104
2024-04-14,A3,BERABERIA,0.0,36.7,23.8,22.77541760455084,88.44586402742692,7.0,8686.371674561437,0.0,0.0,0.9,13.3,36.5,35.2,36.1,23.4,22.5,0.9,14.200000000000001,4,105
2024-04-15,A3,BERABERIA,0.0,38.4,24.4,22.77541760455084,88.44586402742692,7.0,8686.371674561437,0.0,0.0,0.0,0.0,36.7,36.5,31.8,23.8,23.4,0.0,0.9,4,106
2024-04-16,A3,BERABERIA,0.0,38.8,26.7,22.77541760455084,88.44586402742692,7.0,8686.371674561437,0.0,0.0,0.0,0.0,38.4,36.7,34.9,24.4,23.8,0.0,0.9,4,107
2024-04-17,A3,BERABERIA,0.0,38.8,27.3,22.77541760455084,88.44586402742692,7.0,8686.371674561437,0.0,0.0,0.0,0.0,38.8,38.4,35.8,26.7,24.4,0.0,0.9,4,108
2024-04-18,A3,BERABERIA,0.0,38.9,26.1,22.77541760455084,88.44586402742692,7.0,8686.371674561437,0.0,0.0,0.0,0.9,38.8,38.8,33.6,27.3,26.7,0.0,0.9,4,109
2024-04-19,A3,BERABERIA,0.0,40.8,25.2,22.77541760455084,88.44586402742692,7.0,8686.371674561437,0.0,0.0,0.0,0.0,38.9,38.8,35.2,26.1,27.3,0.0,0.0,4,110
2024-04-20,A3,BERABERIA,0.0,42.1,26.3,22.77541760455084,88.44586402742692,7.0,8686.371674561437,0.0,0.0,0.0,0.0,40.8,38.9,36.5,25.2,26.1,0.0,0.0,4,111
2024-04-21,A3,BERABERIA,0.0,40.8,27.2,22.77541760455084,88.44586402742692,7.0,8686.371674561437,0.0,0.0,0.0,0.0,42.1,40.8,36.7,26.3,25.2,0.0,0.0,4,112
2024-04-22,A3,BERABERIA,0.0,40.2,25.9,22.77541760455084,88.44586402742692,7.0,8686.371674561437,0.0,0.0,0.0,0.0,40.8,42.1,38.4,27.2,26.3,0.0,0.0,4,113
2024-04-23,A3,BERABERIA,0.0,38.7,26.9,22.77541760455084,88.44586402742692,7.0,8686.371674561437,0.0,0.0,0.0,0.0,40.2,40.8,38.8,25.9,27.2,0.0,0.0,4,114
2024-04-24,A3,BERABERIA,0.0,40.4,27.4,22.77541760455084,88.44586402742692,7.0,8686.371674561437,0.0,0.0,0.0,0.0,38.7,40.2,38.8,26.9,25.9,0.0,0.0,4,115
2024-04-25,A3,BERABERIA,0.0,40.5,25.3,22.77541760455084,88.44586402742692,7.0,8686.371674561437,0.0,0.0,0.0,0.0,40.4,38.7,38.9,27.4,26.9,0.0,0.0,4,116
2024-04-26,A3,BERABERIA,0.0,40.8,27.4,22.77541760455084,88.44586402742692,7.0,8686.371674561437,0.0,0.0,0.0,0.0,40.5,40.4,40.8,25.3,27.4,0.0,0.0,4,117
2024-04-27,A3,BERABERIA,0.0,41.5,28.0,22.77541760455084,88.44586402742692,7.0,8686.371674561437,0.0,0.0,0.0,0.0,40.8,40.5,42.1,27.4,25.3,0.0,0.0,4,118
2024-04-28,A3,BERABERIA,0.4,40.8,28.4,22.77541760455084,88.44586402742692,7.0,8686.371674561437,0.0,0.0,0.0,0.0,41.5,40.8,40.8,28.0,27.4,0.0,0.0,4,119
2024-04-29,A3,BERABERIA,0.0,41.8,28.6,22.77541760455084,88.44586402742692,7.0,8686.371674561437,0.4,0.0,0.0,0.0,40.8,41.5,40.2,28.4,28.0,0.4,0.4,4,120
2024-04-30,A3,BERABERIA,0.0,44.1,29.4,22.77541760455084,88.44586402742692,7.0,8686.371674561437,0.0,0.4,0.0,0.0,41.8,40.8,38.7,28.6,28.4,0.4,0.4,4,121
2024-05-01,A3,BERABERIA,0.0,41.7,28.9,22.77541760455084,88.44586402742692,7.0,8686.371674561437,0.0,0.0,0.4,0.0,44.1,41.8,40.4,29.4,28.6,0.4,0.4,5,122
2024-05-02,A3,BERABERIA,0.0,41.6,29.6,22.77541760455084,88.44586402742692,7.0,8686.371674561437,0.0,0.0,0.0,0.0,41.7,44.1,40.5,28.9,29.4,0.0,0.4,5,123
2024-05-03,A3,BERABERIA,0.0,40.4,26.6,22.77541760455084,88.44586402742692,7.0,8686.371674561437,0.0,0.0,0.0,0.0,41.6,41.7,40.8,29.6,28.9,0.0,0.4,5,124
2024-05-04,A3,BERABERIA,0.0,39.6,27.6,22.77541760455084,88.44586402742692,7.0,8686.371674561437,0.0,0.0,0.0,0.0,40.4,41.6,41.5,26.6,29.6,0.0,0.4,5,125
2024-05-05,A3,BERABERIA,1.5,38.0,28.4,22.77541760455084,88.44586402742692,7.0,8686.371674561437,0.0,0.0,0.0,0.4,39.6,40.4,40.8,27.6,26.6,0.0,0.4,5,126
2024-05-06,A3,BERABERIA,45.3,37.0,24.9,22.77541760455084,88.44586402742692,7.0,8686.371674561437,1.5,0.0,0.0,0.0,38.0,39.6,41.8,28.4,27.6,1.5,1.5,5,127
2024-05-07,A3,BERABERIA,1.3,33.8,24.7,22.77541760455084,88.44586402742692,7.0,8686.371674561437,45.3,1.5,0.0,0.0,37.0,38.0,44.1,24.9,28.4,46.8,46.8,5,128
2024-05-08,A3,BERABERIA,3.2,30.5,24.0,22.77541760455084,88.44586402742692,7.0,8686.371674561437,1.3,45.3,1.5,0.0,33.8,37.0,41.7,24.7,24.9,48.099999999999994,48.099999999999994,5,129
2024-05-09,A3,BERABERIA,12.3,31.2,23.9,22.77541760455084,88.44586402742692,7.0,8686.371674561437,3.2,1.3,45.3,0.0,30.5,33.8,41.6,24.0,24.7,49.8,51.3,5,130
2024-05-10,A3,BERABERIA,10.5,30.8,23.6,22.77541760455084,88.44586402742692,7.0,8686.371674561437,12.3,3.2,1.3,0.0,31.2,30.5,40.4,23.9,24.0,16.8,63.599999999999994,5,131
2024-05-11,A3,BERABERIA,14.7,31.6,25.3,22.77541760455084,88.44586402742692,7.0,8686.371674561437,10.5,12.3,3.2,0.0,30.8,31.2,39.6,23.6,23.9,26.0,74.1,5,132
2024-05-12,A3,BERABERIA,0.9,32.9,24.8,22.77541760455084,88.44586402742692,7.0,8686.371674561437,14.7,10.5,12.3,1.5,31.6,30.8,38.0,25.3,23.6,37.5,88.8,5,133
2024-05-13,A3,BERABERIA,0.0,33.7,24.4,22.77541760455084,88.44586402742692,7.0,8686.371674561437,0.9,14.7,10.5,45.3,32.9,31.6,37.0,24.8,25.3,26.099999999999998,88.2,5,134
2024-05-14,A3,BERABERIA,3.8,34.1,25.3,22.77541760455084,88.44586402742692,7.0,8686.371674561437,0.0,0.9,14.7,1.3,33.7,32.9,33.8,24.4,24.8,15.6,42.9,5,135
2024-05-15,A3,BERABERIA,0.0,35.2,26.1,22.77541760455084,88.44586402742692,7.0,8686.371674561437,3.8,0.0,0.9,3.2,34.1,33.7,30.5,25.3,24.4,4.699999999999999,45.400000000000006,5,136
2024-05-16,A3,BERABERIA,0.0,35.5,26.3,22.77541760455084,88.44586402742692,7.0,8686.371674561437,0.0,3.8,0.0,12.3,35.2,34.1,31.2,26.1,25.3,3.8,42.2,5,137
2024-05-17,A3,BERABERIA,0.0,37.6,27.5,22.77541760455084,88.44586402742692,7.0,8686.371674561437,0.0,0.0,3.8,10.5,35.5,35.2,30.8,26.3,26.1,3.8,29.9,5,138
2024-05-18,A3,BERABERIA,0.0,36.7,29.0,22.77541760455084,88.44586402742692,7.0,8686.371674561437,0.0,0.0,0.0,14.7,37.6,35.5,31.6,27.5,26.3,0.0,19.4,5,139
2024-05-19,A3,BERABERIA,0.1,34.3,29.0,22.77541760455084,88.44586402742692,7.0,8686.371674561437,0.0,0.0,0.0,0.9,36.7,37.6,32.9,29.0,27.5,0.0,4.699999999999999,5,140
2024-05-20,A3,BERABERIA,15.1,33.4,27.1,22.77541760455084,88.44586402742692,7.0,8686.371674561437,0.1,0.0,0.0,0.0,34.3,36.7,33.7,29.0,29.0,0.1,3.9,5,141
2024-05-21,A3,BERABERIA,17.6,33.8,26.9,22.77541760455084,88.44586402742692,7.0,8686.371674561437,15.1,0.1,0.0,3.8,33.4,34.3,34.1,27.1,29.0,15.2,19.0,5,142
2024-05-22,A3,BERABERIA,0.7,34.0,26.9,22.77541760455084,88.44586402742692,7.0,8686.371674561437,17.6,15.1,0.1,0.0,33.8,33.4,35.2,26.9,27.1,32.8,32.8,5,143
2024-05-23,A3,BERABERIA,0.2,34.8,26.0,22.77541760455084,88.44586402742692,7.0,8686.371674561437,0.7,17.6,15.1,0.0,34.0,33.8,35.5,26.9,26.9,33.4,33.5,5,144
2024-05-24,A3,BERABERIA,0.0,35.7,26.9,22.77541760455084,88.44586402742692,7.0,8686.371674561437,0.2,0.7,17.6,0.0,34.8,34.0,37.6,26.0,26.9,18.5,33.7,5,145
2024-05-25,A3,BERABERIA,0.6,36.3,27.6,22.77541760455084,88.44586402742692,7.0,8686.371674561437,0.0,0.2,0.7,0.0,35.7,34.8,36.7,26.9,26.0,0.8999999999999999,33.7,5,146
2024-05-26,A3,BERABERIA,27.0,30.7,26.8,22.77541760455084,88.44586402742692,7.0,8686.371674561437,0.6,0.0,0.2,0.1,36.3,35.7,34.3,27.6,26.9,0.8,34.3,5,147
2024-05-27,A3,BERABERIA,73.4,27.8,26.1,22.77541760455084,88.44586402742692,7.0,8686.371674561437,27.0,0.6,0.0,15.1,30.7,36.3,33.4,26.8,27.6,27.6,61.2,5,148
2024-05-28,A3,BERABERIA,0.4,35.8,26.4,22.77541760455084,88.44586402742692,7.0,8686.371674561437,73.4,27.0,0.6,17.6,27.8,30.7,33.8,26.1,26.8,101.0,119.50000000000001,5,149
2024-05-29,A3,BERABERIA,0.1,35.9,29.3,22.77541760455084,88.44586402742692,7.0,8686.371674561437,0.4,73.4,27.0,0.7,35.8,27.8,34.0,26.4,26.1,100.80000000000001,102.30000000000001,5,150
2024-05-30,A3,BERABERIA,0.0,35.1,29.7,22.77541760455084,88.44586402742692,7.0,8686.371674561437,0.1,0.4,73.4,0.2,35.9,35.8,34.8,29.3,26.4,73.9,101.7,5,151
2024-05-31,A3,BERABERIA,0.0,34.8,28.7,22.77541760455084,88.44586402742692,7.0,8686.371674561437,0.0,0.1,0.4,0.0,35.1,35.9,35.7,29.7,29.3,0.5,101.50000000000001,5,152
2024-06-01,A3,BERABERIA,0.3,34.5,28.0,22.77541760455084,88.44586402742692,7.0,8686.371674561437,0.0,0.0,0.1,0.6,34.8,35.1,36.3,28.7,29.7,0.1,101.50000000000001,6,153
2024-06-02,A3,BERABERIA,3.9,34.0,29.1,22.77541760455084,88.44586402742692,7.0,8686.371674561437,0.3,0.0,0.0,27.0,34.5,34.8,30.7,28.0,28.7,0.3,101.2,6,154
2024-06-03,A3,BERABERIA,0.5,34.7,28.5,22.77541760455084,88.44586402742692,7.0,8686.371674561437,3.9,0.3,0.0,73.4,34.0,34.5,27.8,29.1,28.0,4.2,78.10000000000001,6,155
2024-06-04,A3,BERABERIA,0.0,35.6,28.8,22.77541760455084,88.44586402742692,7.0,8686.371674561437,0.5,3.9,0.3,0.4,34.7,34.0,35.8,28.5,29.1,4.699999999999999,5.2,6,156
2024-06-05,A3,BERABERIA,3.6,35.9,27.5,22.77541760455084,88.44586402742692,7.0,8686.371674561437,0.0,0.5,3.9,0.1,35.6,34.7,35.9,28.8,28.5,4.4,4.8,6,157
2024-06-06,A3,BERABERIA,6.7,36.7,27.0,22.77541760455084,88.44586402742692,7.0,8686.371674561437,3.6,0.0,0.5,0.0,35.9,35.6,35.1,27.5,28.8,4.1,8.3,6,158
2024-06-07,A3,BERABERIA,0.0,36.3,25.6,22.77541760455084,88.44586402742692,7.0,8686.371674561437,6.7,3.6,0.0,0.0,36.7,35.9,34.8,27.0,27.5,10.3,15.0,6,159
2024-06-08,A3,BERABERIA,0.0,35.7,28.1,22.77541760455084,88.44586402742692,7.0,8686.371674561437,0.0,6.7,3.6,0.3,36.3,36.7,34.5,25.6,27.0,10.3,15.0,6,160
2024-06-09,A3,BERABERIA,0.0,36.6,28.3,22.77541760455084,88.44586402742692,7.0,8686.371674561437,0.0,0.0,6.7,3.9,35.7,36.3,34.0,28.1,25.6,6.700000000000001,14.7,6,161
2024-06-10,A3,BERABERIA,0.0,36.4,28.7,22.77541760455084,88.44586402742692,7.0,8686.371674561437,0.0,0.0,0.0,0.5,36.6,35.7,34.7,28.3,28.1,0.0,10.8,6,162
2024-06-11,A3,BERABERIA,0.0,36.5,29.1,22.77541760455084,88.44586402742692,7.0,8686.371674561437,0.0,0.0,0.0,0.0,36.4,36.6,35.6,28.7,28.3,0.0,10.3,6,163
2024-06-12,A3,BERABERIA,0.0,35.1,28.5,22.77541760455084,88.44586402742692,7.0,8686.371674561437,0.0,0.0,0.0,3.6,36.5,36.4,35.9,29.1,28.7,0.0,10.3,6,164
2024-06-13,A3,BERABERIA,0.0,35.8,28.7,22.77541760455084,88.44586402742692,7.0,8686.371674561437,0.0,0.0,0.0,6.7,35.1,36.5,36.7,28.5,29.1,0.0,6.699999999999999,6,165
2024-06-14,A3,BERABERIA,0.0,37.4,29.2,22.77541760455084,88.44586402742692,7.0,8686.371674561437,0.0,0.0,0.0,0.0,35.8,35.1,36.3,28.7,28.5,0.0,0.0,6,166
2024-06-15,A3,BERABERIA,0.4,37.3,29.5,22.77541760455084,88.44586402742692,7.0,8686.371674561437,0.0,0.0,0.0,0.0,37.4,35.8,35.7,29.2,28.7,0.0,0.0,6,167
2024-06-16,A3,BERABERIA,0.0,36.7,29.5,22.77541760455084,88.44586402742692,7.0,8686.371674561437,0.4,0.0,0.0,0.0,37.3,37.4,36.6,29.5,29.2,0.4,0.4,6,168
2024-06-17,A3,BERABERIA,0.3,37.0,29.4,22.77541760455084,88.44586402742692,7.0,8686.371674561437,0.0,0.4,0.0,0.0,36.7,37.3,36.4,29.5,29.5,0.4,0.4,6,169
2024-06-18,A3,BERABERIA,12.3,32.2,28.3,22.77541760455084,88.44586402742692,7.0,8686.371674561437,0.3,0.0,0.4,0.0,37.0,36.7,36.5,29.4,29.5,0.7,0.7,6,170
2024-06-19,A3,BERABERIA,1.8,34.6,28.5,22.77541760455084,88.44586402742692,7.0,8686.371674561437,12.3,0.3,0.0,0.0,32.2,37.0,35.1,28.3,29.4,12.600000000000001,13.0,6,171
2024-06-20,A3,BERABERIA,24.8,34.3,28.1,22.77541760455084,88.44586402742692,7.0,8686.371674561437,1.8,12.3,0.3,0.0,34.6,32.2,35.8,28.5,28.3,14.400000000000002,14.8,6,172
2024-06-21,A3,BERABERIA,2.6,31.8,27.5,22.77541760455084,88.44586402742692,7.0,8686.371674561437,24.8,1.8,12.3,0.0,34.3,34.6,37.4,28.1,28.5,38.900000000000006,39.6,6,173
2024-06-22,A3,BERABERIA,8.0,33.4,26.9,22.77541760455084,88.44586402742692,7.0,8686.371674561437,2.6,24.8,1.8,0.4,31.8,34.3,37.3,27.5,28.1,29.200000000000003,42.2,6,174
2024-06-23,A3,BERABERIA,5.9,33.3,26.9,22.77541760455084,88.44586402742692,7.0,8686.371674561437,8.0,2.6,24.8,0.0,33.4,31.8,36.7,26.9,27.5,35.4,49.800000000000004,6,175
2024-06-24,A3,BERABERIA,0.5,33.6,27.3,22.77541760455084,88.44586402742692,7.0,8686.371674561437,5.9,8.0,2.6,0.3,33.3,33.4,37.0,26.9,26.9,16.5,55.7,6,176
2024-06-25,A3,BERABERIA,0.8,33.8,28.2,22.77541760455084,88.44586402742692,7.0,8686.371674561437,0.5,5.9,8.0,12.3,33.6,33.3,32.2,27.3,26.9,14.4,55.9,6,177
2024-06-26,A3,BERABERIA,0.7,34.2,27.4,22.77541760455084,88.44586402742692,7.0,8686.371674561437,0.8,0.5,5.9,1.8,33.8,33.6,34.6,28.2,27.3,7.2,44.4,6,178
2024-06-27,A3,BERABERIA,12.2,32.4,27.6,22.77541760455084,88.44586402742692,7.0,8686.371674561437,0.7,0.8,0.5,24.8,34.2,33.8,34.3,27.4,28.2,2.0,43.300000000000004,6,179
2024-06-28,A3,BERABERIA,9.5,32.7,27.2,22.77541760455084,88.44586402742692,7.0,8686.371674561437,12.2,0.7,0.8,2.6,32.4,34.2,31.8,27.6,27.4,13.7,30.7,6,180
2024-06-29,A3,BERABERIA,8.3,31.5,26.8,22.77541760455084,88.44586402742692,7.0,8686.371674561437,9.5,12.2,0.7,8.0,32.7,32.4,33.4,27.2,27.6,22.4,37.599999999999994,6,181
2024-06-30,A3,BERABERIA,22.0,32.0,26.6,22.77541760455084,88.44586402742692,7.0,8686.371674561437,8.3,9.5,12.2,5.9,31.5,32.7,33.3,26.8,27.2,30.0,37.9,6,182
2024-07-01,A3,BERABERIA,19.8,31.7,26.0,22.77541760455084,88.44586402742692,7.0,8686.371674561437,22.0,8.3,9.5,0.5,32.0,31.5,33.6,26.6,26.8,39.8,54.0,7,183
2024-07-02,A3,BERABERIA,27.5,30.0,25.8,22.77541760455084,88.44586402742692,7.0,8686.371674561437,19.8,22.0,8.3,0.8,31.7,32.0,33.8,26.0,26.6,50.1,73.3,7,184
2024-07-03,A3,BERABERIA,14.9,30.0,25.7,22.77541760455084,88.44586402742692,7.0,8686.371674561437,27.5,19.8,22.0,0.7,30.0,31.7,34.2,25.8,26.0,69.3,100.0,7,185
2024-07-04,A3,BERABERIA,21.9,31.1,25.6,22.77541760455084,88.44586402742692,7.0,8686.371674561437,14.9,27.5,19.8,12.2,30.0,30.0,32.4,25.7,25.8,62.199999999999996,114.2,7,186
2024-07-05,A3,BERABERIA,25.5,32.6,25.7,22.77541760455084,88.44586402742692,7.0,8686.371674561437,21.9,14.9,27.5,9.5,31.1,30.0,32.7,25.6,25.7,64.3,123.9,7,187
2024-07-06,A3,BERABERIA,2.9,32.1,26.3,22.77541760455084,88.44586402742692,7.0,8686.371674561437,25.5,21.9,14.9,8.3,32.6,31.1,31.5,25.7,25.6,62.3,139.9,7,188
2024-07-07,A3,BERABERIA,13.8,31.8,26.4,22.77541760455084,88.44586402742692,7.0,8686.371674561437,2.9,25.5,21.9,22.0,32.1,32.6,32.0,26.3,25.7,50.3,134.50000000000003,7,189
2024-07-08,A3,BERABERIA,2.2,32.7,26.2,22.77541760455084,88.44586402742692,7.0,8686.371674561437,13.8,2.9,25.5,19.8,31.8,32.1,31.7,26.4,26.3,42.2,126.3,7,190
2024-07-09,A3,BERABERIA,3.6,31.8,27.0,22.77541760455084,88.44586402742692,7.0,8686.371674561437,2.2,13.8,2.9,27.5,32.7,31.8,30.0,26.2,26.4,18.900000000000002,108.7,7,191
2024-07-10,A3,BERABERIA,1.8,32.8,27.6,22.77541760455084,88.44586402742692,7.0,8686.371674561437,3.6,2.2,13.8,14.9,31.8,32.7,30.0,27.0,26.2,19.6,84.80000000000001,7,192
2024-07-11,A3,BERABERIA,12.9,33.0,27.5,22.77541760455084,88.44586402742692,7.0,8686.371674561437,1.8,3.6,2.2,21.9,32.8,31.8,31.1,27.6,27.0,7.6000000000000005,71.7,7,193
2024-07-12,A3,BERABERIA,11.3,31.9,26.2,22.77541760455084,88.44586402742692,7.0,8686.371674561437,12.9,1.8,3.6,25.5,33.0,32.8,32.6,27.5,27.6,18.3,62.7,7,194
2024-07-13,A3,BERABERIA,6.4,32.4,25.3,22.77541760455084,88.44586402742692,7.0,8686.371674561437,11.3,12.9,1.8,2.9,31.9,33.0,32.1,26.2,27.5,26.0,48.5,7,195
2024-07-14,A3,BERABERIA,4.2,32.5,26.3,22.77541760455084,88.44586402742692,7.0,8686.371674561437,6.4,11.3,12.9,13.8,32.4,31.9,31.8,25.3,26.2,30.6,52.0,7,196
2024-07-15,A3,BERABERIA,2.6,32.5,27.0,22.77541760455084,88.44586402742692,7.0,8686.371674561437,4.2,6.4,11.3,2.2,32.5,32.4,32.7,26.3,25.3,21.900000000000002,42.4,7,197
2024-07-16,A3,BERABERIA,2.6,32.3,26.7,22.77541760455084,88.44586402742692,7.0,8686.371674561437,2.6,4.2,6.4,3.6,32.5,32.5,31.8,27.0,26.3,13.200000000000001,42.800000000000004,7,198
2024-07-17,A3,BERABERIA,4.0,33.5,26.7,22.77541760455084,88.44586402742692,7.0,8686.371674561437,2.6,2.6,4.2,1.8,32.3,32.5,32.8,26.7,27.0,9.4,41.800000000000004,7,199
2024-07-18,A3,BERABERIA,1.3,33.6,26.8,22.77541760455084,88.44586402742692,7.0,8686.371674561437,4.0,2.6,2.6,12.9,33.5,32.3,33.0,26.7,26.7,9.2,44.0,7,200
2024-07-19,A3,BERABERIA,3.4,32.3,27.3,22.77541760455084,88.44586402742692,7.0,8686.371674561437,1.3,4.0,2.6,11.3,33.6,33.5,31.9,26.8,26.7,7.9,32.4,7,201
2024-07-20,A3,BERABERIA,3.2,32.4,27.0,22.77541760455084,88.44586402742692,7.0,8686.371674561437,3.4,1.3,4.0,6.4,32.3,33.6,32.4,27.3,26.8,8.7,24.500000000000004,7,202
2024-07-21,A3,BERABERIA,8.9,31.9,27.1,22.77541760455084,88.44586402742692,7.0,8686.371674561437,3.2,3.4,1.3,4.2,32.4,32.3,32.5,27.0,27.3,7.9,21.3,7,203
2024-07-22,A3,BERABERIA,18.9,31.8,26.8,22.77541760455084,88.44586402742692,7.0,8686.371674561437,8.9,3.2,3.4,2.6,31.9,32.4,32.5,27.1,27.0,15.5,26.0,7,204
2024-07-23,A3,BERABERIA,13.5,31.8,25.9,22.77541760455084,88.44586402742692,7.0,8686.371674561437,18.9,8.9,3.2,2.6,31.8,31.9,32.3,26.8,27.1,31.0,42.3,7,205
2024-07-24,A3,BERABERIA,24.6,32.7,26.6,22.77541760455084,88.44586402742692,7.0,8686.371674561437,13.5,18.9,8.9,4.0,31.8,31.8,33.5,25.9,26.8,41.3,53.199999999999996,7,206
2024-07-25,A3,BERABERIA,9.0,31.7,26.4,22.77541760455084,88.44586402742692,7.0,8686.371674561437,24.6,13.5,18.9,1.3,32.7,31.8,33.6,26.6,25.9,57.0,73.8,7,207
2024-07-26,A3,BERABERIA,24.3,31.6,25.9,22.77541760455084,88.44586402742692,7.0,8686.371674561437,9.0,24.6,13.5,3.4,31.7,32.7,32.3,26.4,26.6,47.10000000000001,81.5,7,208
2024-07-27,A3,BERABERIA,7.5,31.6,27.2,22.77541760455084,88.44586402742692,7.0,8686.371674561437,24.3,9.0,24.6,3.2,31.6,31.7,32.4,25.9,26.4,57.900000000000006,102.39999999999999,7,209
2024-07-28,A3,BERABERIA,23.6,31.0,26.4,22.77541760455084,88.44586402742692,7.0,8686.371674561437,7.5,24.3,9.0,8.9,31.6,31.6,31.9,27.2,25.9,40.8,106.69999999999999,7,210
2024-07-29,A3,BERABERIA,10.0,31.5,26.4,22.77541760455084,88.44586402742692,7.0,8686.371674561437,23.6,7.5,24.3,18.9,31.0,31.6,31.8,26.4,27.2,55.400000000000006,121.4,7,211
2024-07-30,A3,BERABERIA,6.2,32.9,26.1,22.77541760455084,88.44586402742692,7.0,8686.371674561437,10.0,23.6,7.5,13.5,31.5,31.0,31.8,26.4,26.4,41.1,112.5,7,212
2024-07-31,A3,BERABERIA,37.4,31.9,26.0,22.77541760455084,88.44586402742692,7.0,8686.371674561437,6.2,10.0,23.6,24.6,32.9,31.5,32.7,26.1,26.4,39.800000000000004,105.2,7,213
2024-08-01,A3,BERABERIA,46.4,28.5,25.8,22.77541760455084,88.44586402742692,7.0,8686.371674561437,37.4,6.2,10.0,9.0,31.9,32.9,31.7,26.0,26.1,53.6,118.0,8,214
2024-08-02,A3,BERABERIA,32.4,29.8,25.7,22.77541760455084,88.44586402742692,7.0,8686.371674561437,46.4,37.4,6.2,24.3,28.5,31.9,31.6,25.8,26.0,90.0,155.4,8,215
2024-08-03,A3,BERABERIA,24.1,31.3,24.9,22.77541760455084,88.44586402742692,7.0,8686.371674561437,32.4,46.4,37.4,7.5,29.8,28.5,31.6,25.7,25.8,116.19999999999999,163.5,8,216
2024-08-04,A3,BERABERIA,37.9,30.9,24.8,22.77541760455084,88.44586402742692,7.0,8686.371674561437,24.1,32.4,46.4,23.6,31.3,29.8,31.0,24.9,25.7,102.89999999999999,180.1,8,217
2024-08-05,A3,BERABERIA,24.0,32.3,24.7,22.77541760455084,88.44586402742692,7.0,8686.371674561437,37.9,24.1,32.4,10.0,30.9,31.3,31.5,24.8,24.9,94.4,194.39999999999998,8,218
2024-08-06,A3,BERABERIA,6.1,31.5,26.3,22.77541760455084,88.44586402742692,7.0,8686.371674561437,24.0,37.9,24.1,6.2,32.3,30.9,32.9,24.7,24.8,86.0,208.39999999999998,8,219
2024-08-07,A3,BERABERIA,6.4,30.6,26.0,22.77541760455084,88.44586402742692,7.0,8686.371674561437,6.1,24.0,37.9,37.4,31.5,32.3,31.9,26.3,24.7,68.0,208.3,8,220
2024-08-08,A3,BERABERIA,11.5,31.1,25.8,22.77541760455084,88.44586402742692,7.0,8686.371674561437,6.4,6.1,24.0,46.4,30.6,31.5,28.5,26.0,26.3,36.5,177.3,8,221
2024-08-09,A3,BERABERIA,10.0,31.4,25.6,22.77541760455084,88.44586402742692,7.0,8686.371674561437,11.5,6.4,6.1,32.4,31.1,30.6,29.8,25.8,26.0,24.0,142.39999999999998,8,222
2024-08-10,A3,BERABERIA,27.9,32.2,25.1,22.77541760455084,88.44586402742692,7.0,8686.371674561437,10.0,11.5,6.4,24.1,31.4,31.1,31.3,25.6,25.8,27.9,120.0,8,223
2024-08-11,A3,BERABERIA,6.5,32.5,25.3,22.77541760455084,88.44586402742692,7.0,8686.371674561437,27.9,10.0,11.5,37.9,32.2,31.4,30.9,25.1,25.6,49.4,123.80000000000001,8,224
2024-08-12,A3,BERABERIA,12.2,32.5,25.4,22.77541760455084,88.44586402742692,7.0,8686.371674561437,6.5,27.9,10.0,24.0,32.5,32.2,32.3,25.3,25.1,44.4,92.4,8,225
2024-08-13,A3,BERABERIA,7.9,32.1,25.8,22.77541760455084,88.44586402742692,7.0,8686.371674561437,12.2,6.5,27.9,6.1,32.5,32.5,31.5,25.4,25.3,46.599999999999994,80.6,8,226
2024-08-14,A3,BERABERIA,43.5,32.3,25.0,22.77541760455084,88.44586402742692,7.0,8686.371674561437,7.9,12.2,6.5,6.4,32.1,32.5,30.6,25.8,25.4,26.6,82.4,8,227
2024-08-15,A3,BERABERIA,7.5,33.0,25.7,22.77541760455084,88.44586402742692,7.0,8686.371674561437,43.5,7.9,12.2,11.5,32.3,32.1,31.1,25.0,25.8,63.6,119.5,8,228
2024-08-16,A3,BERABERIA,1.4,31.6,24.9,22.77541760455084,88.44586402742692,7.0,8686.371674561437,7.5,43.5,7.9,10.0,33.0,32.3,31.4,25.7,25.0,58.900000000000006,115.5,8,229
2024-08-17,A3,BERABERIA,9.7,33.0,25.2,22.77541760455084,88.44586402742692,7.0,8686.371674561437,1.4,7.5,43.5,27.9,31.6,33.0,32.2,24.9,25.7,52.4,106.9,8,230
2024-08-18,A3,BERABERIA,25.4,30.2,25.4,22.77541760455084,88.44586402742692,7.0,8686.371674561437,9.7,1.4,7.5,6.5,33.0,31.6,32.5,25.2,24.9,18.6,88.69999999999999,8,231
2024-08-19,A3,BERABERIA,24.6,30.8,25.5,22.77541760455084,88.44586402742692,7.0,8686.371674561437,25.4,9.7,1.4,12.2,30.2,33.0,32.5,25.4,25.2,36.5,107.6,8,232
2024-08-20,A3,BERABERIA,27.0,30.8,24.9,22.77541760455084,88.44586402742692,7.0,8686.371674561437,24.6,25.4,9.7,7.9,30.8,30.2,32.1,25.5,25.4,59.7,120.0,8,233
2024-08-21,A3,BERABERIA,28.2,31.8,25.2,22.77541760455084,88.44586402742692,7.0,8686.371674561437,27.0,24.6,25.4,43.5,30.8,30.8,32.3,24.9,25.5,77.0,139.1,8,234
2024-08-22,A3,BERABERIA,39.2,31.4,25.7,22.77541760455084,88.44586402742692,7.0,8686.371674561437,28.2,27.0,24.6,7.5,31.8,30.8,33.0,25.2,24.9,79.8,123.8,8,235
2024-08-23,A3,BERABERIA,25.3,30.5,24.9,22.77541760455084,88.44586402742692,7.0,8686.371674561437,39.2,28.2,27.0,1.4,31.4,31.8,31.6,25.7,25.2,94.4,155.5,8,236
2024-08-24,A3,BERABERIA,6.1,28.7,25.0,22.77541760455084,88.44586402742692,7.0,8686.371674561437,25.3,39.2,28.2,9.7,30.5,31.4,33.0,24.9,25.7,92.7,179.4,8,237
2024-08-25,A3,BERABERIA,42.5,29.2,24.3,22.77541760455084,88.44586402742692,7.0,8686.371674561437,6.1,25.3,39.2,25.4,28.7,30.5,30.2,25.0,24.9,70.6,175.8,8,238
2024-08-26,A3,BERABERIA,30.2,29.6,24.7,22.77541760455084,88.44586402742692,7.0,8686.371674561437,42.5,6.1,25.3,24.6,29.2,28.7,30.8,24.3,25.0,73.89999999999999,192.9,8,239
2024-08-27,A3,BERABERIA,17.4,29.7,24.6,22.77541760455084,88.44586402742692,7.0,8686.371674561437,30.2,42.5,6.1,27.0,29.6,29.2,30.8,24.7,24.3,78.8,198.5,8,240
2024-08-28,A3,BERABERIA,7.3,32.2,24.8,22.77541760455084,88.44586402742692,7.0,8686.371674561437,17.4,30.2,42.5,28.2,29.7,29.6,31.8,24.6,24.7,90.09999999999998,188.9,8,241
2024-08-29,A3,BERABERIA,3.9,32.2,25.5,22.77541760455084,88.44586402742692,7.0,8686.371674561437,7.3,17.4,30.2,39.2,32.2,29.7,31.4,24.8,24.6,54.89999999999999,167.99999999999997,8,242
2024-08-30,A3,BERABERIA,0.0,33.1,25.1,22.77541760455084,88.44586402742692,7.0,8686.371674561437,3.9,7.3,17.4,25.3,32.2,32.2,30.5,25.5,24.8,28.59999999999999,132.7,8,243
2024-08-31,A3,BERABERIA,6.0,32.2,26.3,22.77541760455084,88.44586402742692,7.0,8686.371674561437,0.0,3.9,7.3,6.1,33.1,32.2,28.7,25.1,25.5,11.199999999999992,107.4,8,244
2024-09-01,A3,BERABERIA,10.4,30.8,26.3,22.77541760455084,88.44586402742692,7.0,8686.371674561437,6.0,0.0,3.9,42.5,32.2,33.1,29.2,26.3,25.1,9.899999999999991,107.29999999999998,9,245
2024-09-02,A3,BERABERIA,5.4,32.4,25.7,22.77541760455084,88.44586402742692,7.0,8686.371674561437,10.4,6.0,0.0,30.2,30.8,32.2,29.6,26.3,26.3,16.39999999999999,75.19999999999999,9,246
2024-09-03,A3,BERABERIA,10.3,31.9,25.7,22.77541760455084,88.44586402742692,7.0,8686.371674561437,5.4,10.4,6.0,17.4,32.4,30.8,29.7,25.7,26.3,21.799999999999994,50.400000000000006,9,247
2024-09-04,A3,BERABERIA,10.6,31.6,26.1,22.77541760455084,88.44586402742692,7.0,8686.371674561437,10.3,5.4,10.4,7.3,31.9,32.4,32.2,25.7,25.7,26.099999999999994,43.3,9,248
2024-09-05,A3,BERABERIA,1.8,32.3,25.6,22.77541760455084,88.44586402742692,7.0,8686.371674561437,10.6,10.3,5.4,3.9,31.6,31.9,32.2,26.1,25.7,26.299999999999994,46.6,9,249
2024-09-06,A3,BERABERIA,2.3,33.0,26.2,22.77541760455084,88.44586402742692,7.0,8686.371674561437,1.8,10.6,10.3,0.0,32.3,31.6,33.1,25.6,26.1,22.699999999999992,44.5,9,250
2024-09-07,A3,BERABERIA,13.7,33.6,25.7,22.77541760455084,88.44586402742692,7.0,8686.371674561437,2.3,1.8,10.6,6.0,33.0,32.3,32.2,26.2,25.6,14.699999999999992,46.8,9,251
2024-09-08,A3,BERABERIA,7.7,32.1,26.3,22.77541760455084,88.44586402742692,7.0,8686.371674561437,13.7,2.3,1.8,10.4,33.6,33.0,30.8,25.7,26.2,17.79999999999999,54.5,9,252
2024-09-09,A3,BERABERIA,5.1,32.5,26.4,22.77541760455084,88.44586402742692,7.0,8686.371674561437,7.7,13.7,2.3,5.4,32.1,33.6,32.4,26.3,25.7,23.699999999999992,51.800000000000004,9,253
2024-09-10,A3,BERABERIA,5.6,31.7,26.2,22.77541760455084,88.44586402742692,7.0,8686.371674561437,5.1,7.7,13.7,10.3,32.5,32.1,31.9,26.4,26.3,26.49999999999999,51.5,9,254
2024-09-11,A3,BERABERIA,8.4,32.4,26.3,22.77541760455084,88.44586402742692,7.0,8686.371674561437,5.6,5.1,7.7,10.6,31.7,32.5,31.6,26.2,26.4,18.39999999999999,46.8,9,255
2024-09-12,A3,BERABERIA,24.7,31.8,26.2,22.77541760455084,88.44586402742692,7.0,8686.371674561437,8.4,5.6,5.1,1.8,32.4,31.7,32.3,26.3,26.2,19.099999999999994,44.599999999999994,9,256
2024-09-13,A3,BERABERIA,30.0,31.9,25.8,22.77541760455084,88.44586402742692,7.0,8686.371674561437,24.7,8.4,5.6,2.3,31.8,32.4,33.0,26.2,26.3,38.69999999999999,67.5,9,257
2024-09-14,A3,BERABERIA,47.6,28.2,25.2,22.77541760455084,88.44586402742692,7.0,8686.371674561437,30.0,24.7,8.4,13.7,31.9,31.8,33.6,25.8,26.2,63.099999999999994,95.2,9,258
2024-09-15,A3,BERABERIA,22.7,28.4,24.8,22.77541760455084,88.44586402742692,7.0,8686.371674561437,47.6,30.0,24.7,7.7,28.2,31.9,32.1,25.2,25.8,102.29999999999998,129.1,9,259
2024-09-16,A3,BERABERIA,23.5,28.2,25.1,22.77541760455084,88.44586402742692,7.0,8686.371674561437,22.7,47.6,30.0,5.1,28.4,28.2,32.5,24.8,25.2,100.29999999999998,144.1,9,260
2024-09-17,A3,BERABERIA,0.5,32.4,25.3,22.77541760455084,88.44586402742692,7.0,8686.371674561437,23.5,22.7,47.6,5.6,28.2,28.4,31.7,25.1,24.8,93.79999999999998,162.5,9,261
2024-09-18,A3,BERABERIA,0.0,32.8,24.2,22.77541760455084,88.44586402742692,7.0,8686.371674561437,0.5,23.5,22.7,8.4,32.4,28.2,32.4,25.3,25.1,46.69999999999999,157.4,9,262
2024-09-19,A3,BERABERIA,0.2,32.7,25.8,22.77541760455084,88.44586402742692,7.0,8686.371674561437,0.0,0.5,23.5,24.7,32.8,32.4,31.8,24.2,25.3,23.999999999999993,149.0,9,263
2024-09-20,A3,BERABERIA,0.9,33.8,26.4,22.77541760455084,88.44586402742692,7.0,8686.371674561437,0.2,0.0,0.5,30.0,32.7,32.8,31.9,25.8,24.2,0.6999999999999929,124.5,9,264
2024-09-21,A3,BERABERIA,4.3,33.4,26.0,22.77541760455084,88.44586402742692,7.0,8686.371674561437,0.9,0.2,0.0,47.6,33.8,32.7,28.2,26.4,25.8,1.099999999999993,95.4,9,265
2024-09-22,A3,BERABERIA,1.8,34.0,26.5,22.77541760455084,88.44586402742692,7.0,8686.371674561437,4.3,0.9,0.2,22.7,33.4,33.8,28.4,26.0,26.4,5.399999999999993,52.1,9,266
2024-09-23,A3,BERABERIA,10.9,34.2,26.1,22.77541760455084,88.44586402742692,7.0,8686.371674561437,1.8,4.3,0.9,23.5,34.0,33.4,28.2,26.5,26.0,6.999999999999992,31.2,9,267
2024-09-24,A3,BERABERIA,14.8,30.7,26.4,22.77541760455084,88.44586402742692,7.0,8686.371674561437,10.9,1.8,4.3,0.5,34.2,34.0,32.4,26.1,26.5,16.999999999999993,18.6,9,268
2024-09-25,A3,BERABERIA,39.5,29.6,24.5,22.77541760455084,88.44586402742692,7.0,8686.371674561437,14.8,10.9,1.8,0.0,30.7,34.2,32.8,26.4,26.1,27.499999999999993,32.900000000000006,9,269
2024-09-26,A3,BERABERIA,31.4,28.5,24.6,22.77541760455084,88.44586402742692,7.0,8686.371674561437,39.5,14.8,10.9,0.2,29.6,30.7,32.7,24.5,26.4,65.19999999999999,72.4,9,270
2024-09-27,A3,BERABERIA,11.9,30.4,24.5,22.77541760455084,88.44586402742692,7.0,8686.371674561437,31.4,39.5,14.8,0.9,28.5,29.6,33.8,24.6,24.5,85.69999999999999,103.6,9,271
2024-09-28,A3,BERABERIA,4.0,31.7,25.5,22.77541760455084,88.44586402742692,7.0,8686.371674561437,11.9,31.4,39.5,4.3,30.4,28.5,33.4,24.5,24.6,82.8,114.60000000000001,9,272
2024-09-29,A3,BERABERIA,1.5,32.2,26.3,22.77541760455084,88.44586402742692,7.0,8686.371674561437,4.0,11.9,31.4,1.8,31.7,30.4,34.0,25.5,24.5,47.29999999999998,114.3,9,273
2024-09-30,A3,BERABERIA,0.3,33.4,26.2,22.77541760455084,88.44586402742692,7.0,8686.371674561437,1.5,4.0,11.9,10.9,32.2,31.7,34.2,26.3,25.5,17.399999999999984,114.0,9,274
2024-10-01,A3,BERABERIA,10.9,34.1,26.5,22.77541760455084,88.44586402742692,7.0,8686.371674561437,0.3,1.5,4.0,14.8,33.4,32.2,30.7,26.2,26.3,5.799999999999986,103.39999999999999,10,275
2024-10-02,A3,BERABERIA,9.4,31.6,25.1,22.77541760455084,88.44586402742692,7.0,8686.371674561437,10.9,0.3,1.5,39.5,34.1,33.4,29.6,26.5,26.2,12.699999999999985,99.5,10,276
2024-10-03,A3,BERABERIA,2.8,31.6,26.2,22.77541760455084,88.44586402742692,7.0,8686.371674561437,9.4,10.9,0.3,31.4,31.6,34.1,28.5,25.1,26.5,20.599999999999987,69.4,10,277
2024-10-04,A3,BERABERIA,27.6,30.1,25.2,22.77541760455084,88.44586402742692,7.0,8686.371674561437,2.8,9.4,10.9,11.9,31.6,31.6,30.4,26.2,25.1,23.099999999999987,40.800000000000004,10,278
2024-10-05,A3,BERABERIA,15.7,30.3,24.9,22.77541760455084,88.44586402742692,7.0,8686.371674561437,27.6,2.8,9.4,4.0,30.1,31.6,31.7,25.2,26.2,39.79999999999999,56.5,10,279
2024-10-06,A3,BERABERIA,3.3,30.5,24.3,22.77541760455084,88.44586402742692,7.0,8686.371674561437,15.7,27.6,2.8,1.5,30.3,30.1,32.2,24.9,25.2,46.099999999999994,68.2,10,280
2024-10-07,A3,BERABERIA,10.3,30.9,24.4,22.77541760455084,88.44586402742692,7.0,8686.371674561437,3.3,15.7,27.6,0.3,30.5,30.3,33.4,24.3,24.9,46.59999999999999,70.0,10,281
2024-10-08,A3,BERABERIA,7.0,31.2,25.6,22.77541760455084,88.44586402742692,7.0,8686.371674561437,10.3,3.3,15.7,10.9,30.9,30.5,34.1,24.4,24.3,29.29999999999999,80.0,10,282
2024-10-09,A3,BERABERIA,11.2,30.1,24.8,22.77541760455084,88.44586402742692,7.0,8686.371674561437,7.0,10.3,3.3,9.4,31.2,30.9,31.6,25.6,24.4,20.59999999999999,76.1,10,283
2024-10-10,A3,BERABERIA,11.0,31.1,25.1,22.77541760455084,88.44586402742692,7.0,8686.371674561437,11.2,7.0,10.3,2.8,30.1,31.2,31.6,24.8,25.6,28.49999999999999,77.89999999999999,10,284
2024-10-11,A3,BERABERIA,7.4,31.9,25.3,22.77541760455084,88.44586402742692,7.0,8686.371674561437,11.0,11.2,7.0,27.6,31.1,30.1,30.1,25.1,24.8,29.19999999999999,86.1,10,285
2024-10-12,A3,BERABERIA,9.5,31.7,25.2,22.77541760455084,88.44586402742692,7.0,8686.371674561437,7.4,11.0,11.2,15.7,31.9,31.1,30.3,25.3,25.1,29.599999999999987,65.9,10,286
2024-10-13,A3,BERABERIA,2.6,32.0,25.0,22.77541760455084,88.44586402742692,7.0,8686.371674561437,9.5,7.4,11.0,3.3,31.7,31.9,30.5,25.2,25.3,27.89999999999999,59.7,10,287
2024-10-14,A3,BERABERIA,0.0,32.2,24.6,22.77541760455084,88.44586402742692,7.0,8686.371674561437,2.6,9.5,7.4,10.3,32.0,31.7,30.9,25.0,25.2,19.49999999999999,59.00000000000001,10,288
2024-10-15,A3,BERABERIA,4.9,31.4,24.4,22.77541760455084,88.44586402742692,7.0,8686.371674561437,0.0,2.6,9.5,7.0,32.2,32.0,31.2,24.6,25.0,12.099999999999989,48.7,10,289
2024-10-16,A3,BERABERIA,0.2,31.2,24.2,22.77541760455084,88.44586402742692,7.0,8686.371674561437,4.9,0.0,2.6,11.2,31.4,32.2,30.1,24.4,24.6,7.499999999999989,46.6,10,290
2024-10-17,A3,BERABERIA,2.8,30.9,24.2,22.77541760455084,88.44586402742692,7.0,8686.371674561437,0.2,4.9,0.0,11.0,31.2,31.4,31.1,24.2,24.4,5.09999999999999,35.6,10,291
2024-10-18,A3,BERABERIA,7.8,30.2,23.6,22.77541760455084,88.44586402742692,7.0,8686.371674561437,2.8,0.2,4.9,7.4,30.9,31.2,31.9,24.2,24.2,7.899999999999989,27.4,10,292
2024-10-19,A3,BERABERIA,9.2,30.3,23.5,22.77541760455084,88.44586402742692,7.0,8686.371674561437,7.8,2.8,0.2,9.5,30.2,30.9,31.7,23.6,24.2,10.799999999999988,27.8,10,293
2024-10-20,A3,BERABERIA,0.0,30.5,23.6,22.77541760455084,88.44586402742692,7.0,8686.371674561437,9.2,7.8,2.8,2.6,30.3,30.2,32.0,23.5,23.6,19.79999999999999,27.499999999999996,10,294
2024-10-21,A3,BERABERIA,0.0,30.5,23.7,22.77541760455084,88.44586402742692,7.0,8686.371674561437,0.0,9.2,7.8,0.0,30.5,30.3,32.2,23.6,23.5,16.999999999999986,24.9,10,295
2024-10-22,A3,BERABERIA,0.0,31.0,22.6,22.77541760455084,88.44586402742692,7.0,8686.371674561437,0.0,0.0,9.2,4.9,30.5,30.5,31.4,23.7,23.6,9.199999999999987,24.9,10,296
2024-10-23,A3,BERABERIA,3.1,30.0,24.1,22.77541760455084,88.44586402742692,7.0,8686.371674561437,0.0,0.0,0.0,0.2,31.0,30.5,31.2,22.6,23.7,0.0,20.0,10,297
2024-10-24,A3,BERABERIA,13.3,26.9,24.1,22.77541760455084,88.44586402742692,7.0,8686.371674561437,3.1,0.0,0.0,2.8,30.0,31.0,30.9,24.1,22.6,3.0999999999999877,22.9,10,298
2024-10-25,A3,BERABERIA,40.0,26.0,23.7,22.77541760455084,88.44586402742692,7.0,8686.371674561437,13.3,3.1,0.0,7.8,26.9,30.0,30.2,24.1,24.1,16.399999999999988,33.4,10,299
2024-10-26,A3,BERABERIA,4.7,31.6,24.4,22.77541760455084,88.44586402742692,7.0,8686.371674561437,40.0,13.3,3.1,9.2,26.0,26.9,30.3,23.7,24.1,56.39999999999999,65.6,10,300
2024-10-27,A3,BERABERIA,0.5,30.7,23.6,22.77541760455084,88.44586402742692,7.0,8686.371674561437,4.7,40.0,13.3,0.0,31.6,26.0,30.5,24.4,23.7,57.99999999999999,61.099999999999994,10,301
2024-10-28,A3,BERABERIA,0.3,31.3,23.6,22.77541760455084,88.44586402742692,7.0,8686.371674561437,0.5,4.7,40.0,0.0,30.7,31.6,30.5,23.6,24.4,45.199999999999996,61.599999999999994,10,302
2024-10-29,A3,BERABERIA,0.0,31.4,23.3,22.77541760455084,88.44586402742692,7.0,8686.371674561437,0.3,0.5,4.7,0.0,31.3,30.7,31.0,23.6,23.6,5.499999999999993,61.89999999999999,10,303
2024-10-30,A3,BERABERIA,0.3,31.0,23.9,22.77541760455084,88.44586402742692,7.0,8686.371674561437,0.0,0.3,0.5,3.1,31.4,31.3,30.0,23.3,23.6,0.7999999999999929,61.89999999999999,10,304
2024-10-31,A3,BERABERIA,0.2,31.1,23.9,22.77541760455084,88.44586402742692,7.0,8686.371674561437,0.3,0.0,0.3,13.3,31.0,31.4,26.9,23.9,23.3,0.5999999999999929,59.099999999999994,10,305
2024-11-01,A3,BERABERIA,0.0,32.4,23.4,22.77541760455084,88.44586402742692,7.0,8686.371674561437,0.2,0.3,0.0,40.0,31.1,31.0,26.0,23.9,23.9,0.4999999999999929,45.99999999999999,11,306
2024-11-02,A3,BERABERIA,0.0,31.4,23.3,22.77541760455084,88.44586402742692,7.0,8686.371674561437,0.0,0.2,0.3,4.7,32.4,31.1,31.6,23.4,23.9,0.4999999999999929,5.999999999999993,11,307
2024-11-03,A3,BERABERIA,0.0,30.8,20.8,22.77541760455084,88.44586402742692,7.0,8686.371674561437,0.0,0.0,0.2,0.5,31.4,32.4,30.7,23.3,23.4,0.1999999999999929,1.299999999999993,11,308
2024-11-04,A3,BERABERIA,0.0,30.3,21.6,22.77541760455084,88.44586402742692,7.0,8686.371674561437,0.0,0.0,0.0,0.3,30.8,31.4,31.3,20.8,23.3,0.0,0.7999999999999929,11,309
2024-11-05,A3,BERABERIA,0.8,29.7,22.0,22.77541760455084,88.44586402742692,7.0,8686.371674561437,0.0,0.0,0.0,0.0,30.3,30.8,31.4,21.6,20.8,0.0,0.4999999999999929,11,310
2024-11-06,A3,BERABERIA,0.3,29.6,22.1,22.77541760455084,88.44586402742692,7.0,8686.371674561437,0.8,0.0,0.0,0.3,29.7,30.3,31.0,22.0,21.6,0.7999999999999929,1.299999999999993,11,311
2024-11-07,A3,BERABERIA,0.2,30.0,20.6,22.77541760455084,88.44586402742692,7.0,8686.371674561437,0.3,0.8,0.0,0.2,29.6,29.7,31.1,22.1,22.0,1.099999999999993,1.299999999999993,11,312
2024-11-08,A3,BERABERIA,0.0,30.2,21.5,22.77541760455084,88.44586402742692,7.0,8686.371674561437,0.2,0.3,0.8,0.0,30.0,29.6,32.4,20.6,22.1,1.299999999999993,1.299999999999993,11,313
2024-11-09,A3,BERABERIA,0.0,29.7,21.2,22.77541760455084,88.44586402742692,7.0,8686.371674561437,0.0,0.2,0.3,0.0,30.2,30.0,31.4,21.5,20.6,0.4999999999999929,1.299999999999993,11,314
2024-11-10,A3,BERABERIA,0.0,30.0,20.8,22.77541760455084,88.44586402742692,7.0,8686.371674561437,0.0,0.0,0.2,0.0,29.7,30.2,30.8,21.2,21.5,0.1999999999999929,1.299999999999993,11,315
2024-11-11,A3,BERABERIA,0.0,30.2,20.6,22.77541760455084,88.44586402742692,7.0,8686.371674561437,0.0,0.0,0.0,0.0,30.0,29.7,30.3,20.8,21.2,0.0,1.299999999999993,11,316
2024-11-12,A3,BERABERIA,0.0,30.3,20.1,22.77541760455084,88.44586402742692,7.0,8686.371674561437,0.0,0.0,0.0,0.8,30.2,30.0,29.7,20.6,20.8,0.0,1.299999999999993,11,317
2024-11-13,A3,BERABERIA,0.0,32.2,20.8,22.77541760455084,88.44586402742692,7.0,8686.371674561437,0.0,0.0,0.0,0.3,30.3,30.2,29.6,20.1,20.6,0.0,0.4999999999999929,11,318
2024-11-14,A3,BERABERIA,0.0,31.7,21.4,22.77541760455084,88.44586402742692,7.0,8686.371674561437,0.0,0.0,0.0,0.2,32.2,30.3,30.0,20.8,20.1,0.0,0.1999999999999929,11,319
2024-11-15,A3,BERABERIA,0.0,30.9,19.5,22.77541760455084,88.44586402742692,7.0,8686.371674561437,0.0,0.0,0.0,0.0,31.7,32.2,30.2,21.4,20.8,0.0,0.0,11,320
2024-11-16,A3,BERABERIA,0.0,30.0,18.7,22.77541760455084,88.44586402742692,7.0,8686.371674561437,0.0,0.0,0.0,0.0,30.9,31.7,29.7,19.5,21.4,0.0,0.0,11,321
2024-11-17,A3,BERABERIA,0.0,29.7,18.2,22.77541760455084,88.44586402742692,7.0,8686.371674561437,0.0,0.0,0.0,0.0,30.0,30.9,30.0,18.7,19.5,0.0,0.0,11,322
2024-11-18,A3,BERABERIA,0.0,29.6,18.1,22.77541760455084,88.44586402742692,7.0,8686.371674561437,0.0,0.0,0.0,0.0,29.7,30.0,30.2,18.2,18.7,0.0,0.0,11,323
2024-11-19,A3,BERABERIA,0.0,29.4,18.5,22.77541760455084,88.44586402742692,7.0,8686.371674561437,0.0,0.0,0.0,0.0,29.6,29.7,30.3,18.1,18.2,0.0,0.0,11,324
2024-11-20,A3,BERABERIA,0.0,30.0,17.7,22.77541760455084,88.44586402742692,7.0,8686.371674561437,0.0,0.0,0.0,0.0,29.4,29.6,32.2,18.5,18.1,0.0,0.0,11,325
2024-11-21,A3,BERABERIA,0.0,30.0,18.5,22.77541760455084,88.44586402742692,7.0,8686.371674561437,0.0,0.0,0.0,0.0,30.0,29.4,31.7,17.7,18.5,0.0,0.0,11,326
2024-11-22,A3,BERABERIA,0.0,29.6,18.5,22.77541760455084,88.44586402742692,7.0,8686.371674561437,0.0,0.0,0.0,0.0,30.0,30.0,30.9,18.5,17.7,0.0,0.0,11,327
2024-11-23,A3,BERABERIA,0.0,29.8,17.9,22.77541760455084,88.44586402742692,7.0,8686.371674561437,0.0,0.0,0.0,0.0,29.6,30.0,30.0,18.5,18.5,0.0,0.0,11,328
2024-11-24,A3,BERABERIA,0.0,28.9,17.2,22.77541760455084,88.44586402742692,7.0,8686.371674561437,0.0,0.0,0.0,0.0,29.8,29.6,29.7,17.9,18.5,0.0,0.0,11,329
2024-11-25,A3,BERABERIA,0.0,28.4,17.5,22.77541760455084,88.44586402742692,7.0,8686.371674561437,0.0,0.0,0.0,0.0,28.9,29.8,29.6,17.2,17.9,0.0,0.0,11,330
2024-11-26,A3,BERABERIA,0.0,27.9,17.2,22.77541760455084,88.44586402742692,7.0,8686.371674561437,0.0,0.0,0.0,0.0,28.4,28.9,29.4,17.5,17.2,0.0,0.0,11,331
2024-11-27,A3,BERABERIA,0.0,28.7,16.8,22.77541760455084,88.44586402742692,7.0,8686.371674561437,0.0,0.0,0.0,0.0,27.9,28.4,30.0,17.2,17.5,0.0,0.0,11,332
2024-11-28,A3,BERABERIA,0.0,28.5,17.9,22.77541760455084,88.44586402742692,7.0,8686.371674561437,0.0,0.0,0.0,0.0,28.7,27.9,30.0,16.8,17.2,0.0,0.0,11,333
2024-11-29,A3,BERABERIA,0.0,27.3,20.1,22.77541760455084,88.44586402742692,7.0,8686.371674561437,0.0,0.0,0.0,0.0,28.5,28.7,29.6,17.9,16.8,0.0,0.0,11,334
2024-11-30,A3,BERABERIA,2.8,23.4,18.8,22.77541760455084,88.44586402742692,7.0,8686.371674561437,0.0,0.0,0.0,0.0,27.3,28.5,29.8,20.1,17.9,0.0,0.0,11,335
2024-12-01,A3,BERABERIA,0.0,28.3,18.4,22.77541760455084,88.44586402742692,7.0,8686.371674561437,2.8,0.0,0.0,0.0,23.4,27.3,28.9,18.8,20.1,2.7999999999999927,2.7999999999999927,12,336
2024-12-02,A3,BERABERIA,0.0,22.8,19.6,22.77541760455084,88.44586402742692,7.0,8686.371674561437,0.0,2.8,0.0,0.0,28.3,23.4,28.4,18.4,18.8,2.7999999999999927,2.7999999999999927,12,337
2024-12-03,A3,BERABERIA,0.0,27.9,18.8,22.77541760455084,88.44586402742692,7.0,8686.371674561437,0.0,0.0,2.8,0.0,22.8,28.3,27.9,19.6,18.4,2.7999999999999927,2.7999999999999927,12,338
2024-12-04,A3,BERABERIA,0.0,28.1,16.7,22.77541760455084,88.44586402742692,7.0,8686.371674561437,0.0,0.0,0.0,0.0,27.9,22.8,28.7,18.8,19.6,0.0,2.7999999999999927,12,339
2024-12-05,A3,BERABERIA,0.0,28.9,16.3,22.77541760455084,88.44586402742692,7.0,8686.371674561437,0.0,0.0,0.0,0.0,28.1,27.9,28.5,16.7,18.8,0.0,2.7999999999999927,12,340
2024-12-06,A3,BERABERIA,0.0,27.1,15.7,22.77541760455084,88.44586402742692,7.0,8686.371674561437,0.0,0.0,0.0,0.0,28.9,28.1,27.3,16.3,16.7,0.0,2.7999999999999927,12,341
2024-12-07,A3,BERABERIA,0.0,26.2,14.9,22.77541760455084,88.44586402742692,7.0,8686.371674561437,0.0,0.0,0.0,2.8,27.1,28.9,23.4,15.7,16.3,0.0,2.7999999999999927,12,342
2024-12-08,A3,BERABERIA,0.0,26.0,13.9,22.77541760455084,88.44586402742692,7.0,8686.371674561437,0.0,0.0,0.0,0.0,26.2,27.1,28.3,14.9,15.7,0.0,0.0,12,343
2024-12-09,A3,BERABERIA,0.0,26.6,14.9,22.77541760455084,88.44586402742692,7.0,8686.371674561437,0.0,0.0,0.0,0.0,26.0,26.2,22.8,13.9,14.9,0.0,0.0,12,344
2024-12-10,A3,BERABERIA,1.7,26.2,16.8,22.77541760455084,88.44586402742692,7.0,8686.371674561437,0.0,0.0,0.0,0.0,26.6,26.0,27.9,14.9,13.9,0.0,0.0,12,345
2024-12-11,A3,BERABERIA,0.0,24.4,15.2,22.77541760455084,88.44586402742692,7.0,8686.371674561437,1.7,0.0,0.0,0.0,26.2,26.6,28.1,16.8,14.9,1.6999999999999929,1.6999999999999929,12,346
2024-12-12,A3,BERABERIA,0.0,24.0,12.3,22.77541760455084,88.44586402742692,7.0,8686.371674561437,0.0,1.7,0.0,0.0,24.4,26.2,28.9,15.2,16.8,1.6999999999999929,1.6999999999999929,12,347
2024-12-13,A3,BERABERIA,0.0,23.5,12.2,22.77541760455084,88.44586402742692,7.0,8686.371674561437,0.0,0.0,1.7,0.0,24.0,24.4,27.1,12.3,15.2,1.6999999999999929,1.6999999999999929,12,348
2024-12-14,A3,BERABERIA,0.0,23.4,12.7,22.77541760455084,88.44586402742692,7.0,8686.371674561437,0.0,0.0,0.0,0.0,23.5,24.0,26.2,12.2,12.3,0.0,1.6999999999999929,12,349
2024-12-15,A3,BERABERIA,0.0,23.9,11.4,22.77541760455084,88.44586402742692,7.0,8686.371674561437,0.0,0.0,0.0,0.0,23.4,23.5,26.0,12.7,12.2,0.0,1.6999999999999929,12,350
2024-12-16,A3,BERABERIA,0.0,24.8,12.5,22.77541760455084,88.44586402742692,7.0,8686.371674561437,0.0,0.0,0.0,0.0,23.9,23.4,26.6,11.4,12.7,0.0,1.6999999999999929,12,351
2024-12-17,A3,BERABERIA,0.0,26.0,13.4,22.77541760455084,88.44586402742692,7.0,8686.371674561437,0.0,0.0,0.0,1.7,24.8,23.9,26.2,12.5,11.4,0.0,1.6999999999999929,12,352
2024-12-18,A3,BERABERIA,0.0,26.9,14.4,22.77541760455084,88.44586402742692,7.0,8686.371674561437,0.0,0.0,0.0,0.0,26.0,24.8,24.4,13.4,12.5,0.0,0.0,12,353
2024-12-19,A3,BERABERIA,0.0,26.4,15.3,22.77541760455084,88.44586402742692,7.0,8686.371674561437,0.0,0.0,0.0,0.0,26.9,26.0,24.0,14.4,13.4,0.0,0.0,12,354
2024-12-20,A3,BERABERIA,0.0,25.9,14.5,22.77541760455084,88.44586402742692,7.0,8686.371674561437,0.0,0.0,0.0,0.0,26.4,26.9,23.5,15.3,14.4,0.0,0.0,12,355
2024-12-21,A3,BERABERIA,2.6,20.6,15.7,22.77541760455084,88.44586402742692,7.0,8686.371674561437,0.0,0.0,0.0,0.0,25.9,26.4,23.4,14.5,15.3,0.0,0.0,12,356
2024-12-22,A3,BERABERIA,0.0,25.4,15.3,22.77541760455084,88.44586402742692,7.0,8686.371674561437,2.6,0.0,0.0,0.0,20.6,25.9,23.9,15.7,14.5,2.599999999999993,2.599999999999993,12,357
2024-12-23,A3,BERABERIA,0.0,26.5,15.6,22.77541760455084,88.44586402742692,7.0,8686.371674561437,0.0,2.6,0.0,0.0,25.4,20.6,24.8,15.3,15.7,2.599999999999993,2.599999999999993,12,358
2024-12-24,A3,BERABERIA,0.8,26.0,16.3,22.77541760455084,88.44586402742692,7.0,8686.371674561437,0.0,0.0,2.6,0.0,26.5,25.4,26.0,15.6,15.3,2.599999999999993,2.599999999999993,12,359
2024-12-25,A3,BERABERIA,0.0,25.3,17.9,22.77541760455084,88.44586402742692,7.0,8686.371674561437,0.8,0.0,0.0,0.0,26.0,26.5,26.9,16.3,15.6,0.7999999999999929,3.3999999999999932,12,360
2024-12-26,A3,BERABERIA,0.0,27.1,16.6,22.77541760455084,88.44586402742692,7.0,8686.371674561437,0.0,0.8,0.0,0.0,25.3,26.0,26.4,17.9,16.3,0.7999999999999929,3.3999999999999932,12,361
2024-12-27,A3,BERABERIA,0.0,26.9,15.4,22.77541760455084,88.44586402742692,7.0,8686.371674561437,0.0,0.0,0.8,0.0,27.1,25.3,25.9,16.6,17.9,0.7999999999999929,3.3999999999999932,12,362
2024-12-28,A3,BERABERIA,0.0,26.1,14.4,22.77541760455084,88.44586402742692,7.0,8686.371674561437,0.0,0.0,0.0,2.6,26.9,27.1,20.6,15.4,16.6,0.0,3.3999999999999932,12,363
2024-12-29,A3,BERABERIA,0.0,26.9,15.3,22.77541760455084,88.44586402742692,7.0,8686.371674561437,0.0,0.0,0.0,0.0,26.1,26.9,25.4,14.4,15.4,0.0,0.7999999999999929,12,364
2024-12-30,A3,BERABERIA,0.0,26.5,17.0,22.77541760455084,88.44586402742692,7.0,8686.371674561437,0.0,0.0,0.0,0.0,26.9,26.1,26.5,15.3,14.4,0.0,0.7999999999999929,12,365
2024-12-31,A3,BERABERIA,0.0,24.3,15.7,22.77541760455084,88.44586402742692,7.0,8686.371674561437,0.0,0.0,0.0,0.8,26.5,26.9,26.0,17.0,15.3,0.0,0.7999999999999929,12,366
2025-01-01,A3,BERABERIA,0.0,23.1,13.0,22.77541760455084,88.44586402742692,7.0,8686.371674561437,0.0,0.0,0.0,0.0,24.3,26.5,25.3,15.7,17.0,0.0,0.0,1,1
2025-01-02,A3,BERABERIA,0.0,22.3,12.2,22.77541760455084,88.44586402742692,7.0,8686.371674561437,0.0,0.0,0.0,0.0,23.1,24.3,27.1,13.0,15.7,0.0,0.0,1,2
2025-01-03,A3,BERABERIA,0.0,22.5,11.3,22.77541760455084,88.44586402742692,7.0,8686.371674561437,0.0,0.0,0.0,0.0,22.3,23.1,26.9,12.2,13.0,0.0,0.0,1,3
2025-01-04,A3,BERABERIA,0.0,24.1,13.0,22.77541760455084,88.44586402742692,7.0,8686.371674561437,0.0,0.0,0.0,0.0,22.5,22.3,26.1,11.3,12.2,0.0,0.0,1,4
2025-01-05,A3,BERABERIA,0.0,25.2,13.5,22.77541760455084,88.44586402742692,7.0,8686.371674561437,0.0,0.0,0.0,0.0,24.1,22.5,26.9,13.0,11.3,0.0,0.0,1,5
2025-01-06,A3,BERABERIA,0.0,24.9,12.8,22.77541760455084,88.44586402742692,7.0,8686.371674561437,0.0,0.0,0.0,0.0,25.2,24.1,26.5,13.5,13.0,0.0,0.0,1,6
2025-01-07,A3,BERABERIA,0.0,26.3,14.7,22.77541760455084,88.44586402742692,7.0,8686.371674561437,0.0,0.0,0.0,0.0,24.9,25.2,24.3,12.8,13.5,0.0,0.0,1,7
2025-01-08,A3,BERABERIA,0.0,22.9,14.0,22.77541760455084,88.44586402742692,7.0,8686.371674561437,0.0,0.0,0.0,0.0,26.3,24.9,23.1,14.7,12.8,0.0,0.0,1,8
2025-01-09,A3,BERABERIA,0.0,22.7,12.6,22.77541760455084,88.44586402742692,7.0,8686.371674561437,0.0,0.0,0.0,0.0,22.9,26.3,22.3,14.0,14.7,0.0,0.0,1,9
2025-01-10,A3,BERABERIA,0.0,23.4,12.6,22.77541760455084,88.44586402742692,7.0,8686.371674561437,0.0,0.0,0.0,0.0,22.7,22.9,22.5,12.6,14.0,0.0,0.0,1,10
2025-01-11,A3,BERABERIA,0.0,24.0,11.5,22.77541760455084,88.44586402742692,7.0,8686.371674561437,0.0,0.0,0.0,0.0,23.4,22.7,24.1,12.6,12.6,0.0,0.0,1,11
2025-01-12,A3,BERABERIA,0.0,25.8,13.3,22.77541760455084,88.44586402742692,7.0,8686.371674561437,0.0,0.0,0.0,0.0,24.0,23.4,25.2,11.5,12.6,0.0,0.0,1,12
2025-01-13,A3,BERABERIA,0.0,27.2,13.5,22.77541760455084,88.44586402742692,7.0,8686.371674561437,0.0,0.0,0.0,0.0,25.8,24.0,24.9,13.3,11.5,0.0,0.0,1,13
2025-01-14,A3,BERABERIA,0.0,26.0,15.5,22.77541760455084,88.44586402742692,7.0,8686.371674561437,0.0,0.0,0.0,0.0,27.2,25.8,26.3,13.5,13.3,0.0,0.0,1,14
2025-01-15,A3,BERABERIA,0.0,25.1,14.5,22.77541760455084,88.44586402742692,7.0,8686.371674561437,0.0,0.0,0.0,0.0,26.0,27.2,22.9,15.5,13.5,0.0,0.0,1,15
2025-01-16,A3,BERABERIA,0.0,25.2,13.3,22.77541760455084,88.44586402742692,7.0,8686.371674561437,0.0,0.0,0.0,0.0,25.1,26.0,22.7,14.5,15.5,0.0,0.0,1,16
2025-01-17,A3,BERABERIA,0.0,25.5,14.2,22.77541760455084,88.44586402742692,7.0,8686.371674561437,0.0,0.0,0.0,0.0,25.2,25.1,23.4,13.3,14.5,0.0,0.0,1,17
2025-01-18,A3,BERABERIA,0.0,25.4,14.3,22.77541760455084,88.44586402742692,7.0,8686.371674561437,0.0,0.0,0.0,0.0,25.5,25.2,24.0,14.2,13.3,0.0,0.0,1,18
2025-01-19,A3,BERABERIA,0.0,25.2,14.1,22.77541760455084,88.44586402742692,7.0,8686.371674561437,0.0,0.0,0.0,0.0,25.4,25.5,25.8,14.3,14.2,0.0,0.0,1,19
2025-01-20,A3,BERABERIA,0.0,24.7,12.8,22.77541760455084,88.44586402742692,7.0,8686.371674561437,0.0,0.0,0.0,0.0,25.2,25.4,27.2,14.1,14.3,0.0,0.0,1,20
2025-01-21,A3,BERABERIA,0.0,26.1,13.1,22.77541760455084,88.44586402742692,7.0,8686.371674561437,0.0,0.0,0.0,0.0,24.7,25.2,26.0,12.8,14.1,0.0,0.0,1,21
2025-01-22,A3,BERABERIA,0.0,27.7,14.7,22.77541760455084,88.44586402742692,7.0,8686.371674561437,0.0,0.0,0.0,0.0,26.1,24.7,25.1,13.1,12.8,0.0,0.0,1,22
2025-01-23,A3,BERABERIA,0.0,28.7,14.6,22.77541760455084,88.44586402742692,7.0,8686.371674561437,0.0,0.0,0.0,0.0,27.7,26.1,25.2,14.7,13.1,0.0,0.0,1,23
2025-01-24,A3,BERABERIA,0.0,28.6,15.2,22.77541760455084,88.44586402742692,7.0,8686.371674561437,0.0,0.0,0.0,0.0,28.7,27.7,25.5,14.6,14.7,0.0,0.0,1,24
2025-01-25,A3,BERABERIA,1.7,26.6,17.2,22.77541760455084,88.44586402742692,7.0,8686.371674561437,0.0,0.0,0.0,0.0,28.6,28.7,25.4,15.2,14.6,0.0,0.0,1,25
2025-01-26,A3,BERABERIA,0.0,25.3,14.6,22.77541760455084,88.44586402742692,7.0,8686.371674561437,1.7,0.0,0.0,0.0,26.6,28.6,25.2,17.2,15.2,1.6999999999999929,1.6999999999999929,1,26
2025-01-27,A3,BERABERIA,0.0,24.8,12.7,22.77541760455084,88.44586402742692,7.0,8686.371674561437,0.0,1.7,0.0,0.0,25.3,26.6,24.7,14.6,17.2,1.6999999999999929,1.6999999999999929,1,27
2025-01-28,A3,BERABERIA,0.0,27.0,12.6,22.77541760455084,88.44586402742692,7.0,8686.371674561437,0.0,0.0,1.7,0.0,24.8,25.3,26.1,12.7,14.6,1.6999999999999929,1.6999999999999929,1,28
2025-01-29,A3,BERABERIA,0.1,28.2,15.7,22.77541760455084,88.44586402742692,7.0,8686.371674561437,0.0,0.0,0.0,0.0,27.0,24.8,27.7,12.6,12.7,0.0,1.6999999999999929,1,29
2025-01-30,A3,BERABERIA,0.2,29.9,18.9,22.77541760455084,88.44586402742692,7.0,8686.371674561437,0.1,0.0,0.0,0.0,28.2,27.0,28.7,15.7,12.6,0.0999999999999929,1.799999999999993,1,30
2025-01-31,A3,BERABERIA,0.5,30.0,20.0,22.77541760455084,88.44586402742692,7.0,8686.371674561437,0.2,0.1,0.0,0.0,29.9,28.2,28.6,18.9,15.7,0.29999999999999294,1.999999999999993,1,31
2025-02-01,A3,BERABERIA,0.3,29.8,20.9,22.77541760455084,88.44586402742692,7.0,8686.371674561437,0.5,0.2,0.1,1.7,30.0,29.9,26.6,20.0,18.9,0.7999999999999929,2.499999999999993,2,32
2025-02-02,A3,BERABERIA,0.4,29.3,20.6,22.77541760455084,88.44586402742692,7.0,8686.371674561437,0.3,0.5,0.2,0.0,29.8,30.0,25.3,20.9,20.0,0.9999999999999929,1.099999999999993,2,33
2025-02-03,A3,BERABERIA,0.0,29.8,20.0,22.77541760455084,88.44586402742692,7.0,8686.371674561437,0.4,0.3,0.5,0.0,29.3,29.8,24.8,20.6,20.9,1.1999999999999929,1.499999999999993,2,34
2025-02-04,A3,BERABERIA,0.0,28.4,17.2,22.77541760455084,88.44586402742692,7.0,8686.371674561437,0.0,0.4,0.3,0.0,29.8,29.3,27.0,20.0,20.6,0.6999999999999929,1.499999999999993,2,35
2025-02-05,A3,BERABERIA,0.0,30.2,16.2,22.77541760455084,88.44586402742692,7.0,8686.371674561437,0.0,0.0,0.4,0.1,28.4,29.8,28.2,17.2,20.0,0.3999999999999929,1.499999999999993,2,36
2025-02-06,A3,BERABERIA,0.0,29.9,19.9,22.77541760455084,88.44586402742692,7.0,8686.371674561437,0.0,0.0,0.0,0.2,30.2,28.4,29.9,16.2,17.2,0.0,1.3999999999999928,2,37
2025-02-07,A3,BERABERIA,0.0,27.2,15.8,22.77541760455084,88.44586402742692,7.0,8686.371674561437,0.0,0.0,0.0,0.5,29.9,30.2,30.0,19.9,16.2,0.0,1.1999999999999929,2,38
2025-02-08,A3,BERABERIA,0.0,27.0,14.3,22.77541760455084,88.44586402742692,7.0,8686.371674561437,0.0,0.0,0.0,0.3,27.2,29.9,29.8,15.8,19.9,0.0,0.6999999999999929,2,39
2025-02-09,A3,BERABERIA,0.0,27.2,13.9,22.77541760455084,88.44586402742692,7.0,8686.371674561437,0.0,0.0,0.0,0.4,27.0,27.2,29.3,14.3,15.8,0.0,0.3999999999999929,2,40
2025-02-10,A3,BERABERIA,0.0,30.7,14.9,22.77541760455084,88.44586402742692,7.0,8686.371674561437,0.0,0.0,0.0,0.0,27.2,27.0,29.8,13.9,14.3,0.0,0.0,2,41
2025-02-11,A3,BERABERIA,0.0,31.2,19.5,22.77541760455084,88.44586402742692,7.0,8686.371674561437,0.0,0.0,0.0,0.0,30.7,27.2,28.4,14.9,13.9,0.0,0.0,2,42
2025-02-12,A3,BERABERIA,0.0,31.6,19.8,22.77541760455084,88.44586402742692,7.0,8686.371674561437,0.0,0.0,0.0,0.0,31.2,30.7,30.2,19.5,14.9,0.0,0.0,2,43
2025-02-13,A3,BERABERIA,0.1,31.4,21.8,22.77541760455084,88.44586402742692,7.0,8686.371674561437,0.0,0.0,0.0,0.0,31.6,31.2,29.9,19.8,19.5,0.0,0.0,2,44
2025-02-14,A3,BERABERIA,0.0,29.0,17.3,22.77541760455084,88.44586402742692,7.0,8686.371674561437,0.1,0.0,0.0,0.0,31.4,31.6,27.2,21.8,19.8,0.0999999999999929,0.0999999999999929,2,45
2025-02-15,A3,BERABERIA,0.0,30.5,15.7,22.77541760455084,88.44586402742692,7.0,8686.371674561437,0.0,0.1,0.0,0.0,29.0,31.4,27.0,17.3,21.8,0.0999999999999929,0.0999999999999929,2,46
2025-02-16,A3,BERABERIA,0.0,31.9,16.9,22.77541760455084,88.44586402742692,7.0,8686.371674561437,0.0,0.0,0.1,0.0,30.5,29.0,27.2,15.7,17.3,0.0999999999999929,0.0999999999999929,2,47
2025-02-17,A3,BERABERIA,0.0,31.9,19.9,22.77541760455084,88.44586402742692,7.0,8686.371674561437,0.0,0.0,0.0,0.0,31.9,30.5,30.7,16.9,15.7,0.0,0.0999999999999929,2,48
2025-02-18,A3,BERABERIA,0.8,31.7,19.9,22.77541760455084,88.44586402742692,7.0,8686.371674561437,0.0,0.0,0.0,0.0,31.9,31.9,31.2,19.9,16.9,0.0,0.0999999999999929,2,49
2025-02-19,A3,BERABERIA,3.0,29.6,19.6,22.77541760455084,88.44586402742692,7.0,8686.371674561437,0.8,0.0,0.0,0.0,31.7,31.9,31.6,19.9,19.9,0.7999999999999929,0.8999999999999929,2,50
2025-02-20,A3,BERABERIA,4.6,27.3,19.8,22.77541760455084,88.44586402742692,7.0,8686.371674561437,3.0,0.8,0.0,0.1,29.6,31.7,31.4,19.6,19.9,3.7999999999999927,3.899999999999993,2,51
2025-02-21,A3,BERABERIA,0.0,29.4,18.3,22.77541760455084,88.44586402742692,7.0,8686.371674561437,4.6,3.0,0.8,0.0,27.3,29.6,29.0,19.8,19.6,8.399999999999991,8.399999999999991,2,52
2025-02-22,A3,BERABERIA,10.1,29.4,19.2,22.77541760455084,88.44586402742692,7.0,8686.371674561437,0.0,4.6,3.0,0.0,29.4,27.3,30.5,18.3,19.8,7.5999999999999925,8.399999999999991,2,53
2025-02-23,A3,BERABERIA,2.9,28.3,18.3,22.77541760455084,88.44586402742692,7.0,8686.371674561437,10.1,0.0,4.6,0.0,29.4,29.4,31.9,19.2,18.3,14.699999999999992,18.499999999999993,2,54
2025-02-24,A3,BERABERIA,0.0,29.6,17.9,22.77541760455084,88.44586402742692,7.0,8686.371674561437,2.9,10.1,0.0,0.0,28.3,29.4,31.9,18.3,19.2,12.999999999999993,21.39999999999999,2,55
2025-02-25,A3,BERABERIA,0.0,29.5,18.7,22.77541760455084,88.44586402742692,7.0,8686.371674561437,0.0,2.9,10.1,0.8,29.6,28.3,31.7,17.9,18.3,12.999999999999993,21.39999999999999,2,56
2025-02-26,A3,BERABERIA,0.0,30.3,18.6,22.77541760455084,88.44586402742692,7.0,8686.371674561437,0.0,0.0,2.9,3.0,29.5,29.6,29.6,18.7,17.9,2.899999999999993,20.59999999999999,2,57
2025-02-27,A3,BERABERIA,0.0,30.3,18.2,22.77541760455084,88.44586402742692,7.0,8686.371674561437,0.0,0.0,0.0,4.6,30.3,29.5,27.3,18.6,18.7,0.0,17.59999999999999,2,58
2025-02-28,A3,BERABERIA,0.0,31.4,19.6,22.77541760455084,88.44586402742692,7.0,8686.371674561437,0.0,0.0,0.0,0.0,30.3,30.3,29.4,18.2,18.6,0.0,12.999999999999995,2,59
2025-03-01,A3,BERABERIA,0.0,34.1,20.7,22.77541760455084,88.44586402742692,7.0,8686.371674561437,0.0,0.0,0.0,10.1,31.4,30.3,29.4,19.6,18.2,0.0,12.999999999999993,3,60
2025-03-02,A3,BERABERIA,0.0,34.4,21.9,22.77541760455084,88.44586402742692,7.0,8686.371674561437,0.0,0.0,0.0,2.9,34.1,31.4,28.3,20.7,19.6,0.0,2.8999999999999946,3,61
2025-03-03,A3,BERABERIA,0.0,33.1,21.5,22.77541760455084,88.44586402742692,7.0,8686.371674561437,0.0,0.0,0.0,0.0,34.4,34.1,29.6,21.9,20.7,0.0,0.0,3,62
2025-03-04,A3,BERABERIA,0.0,32.5,21.4,22.77541760455084,88.44586402742692,7.0,8686.371674561437,0.0,0.0,0.0,0.0,33.1,34.4,29.5,21.5,21.9,0.0,0.0,3,63
2025-03-05,A3,BERABERIA,0.0,32.1,20.8,22.77541760455084,88.44586402742692,7.0,8686.371674561437,0.0,0.0,0.0,0.0,32.5,33.1,30.3,21.4,21.5,0.0,0.0,3,64
2025-03-06,A3,BERABERIA,0.0,29.2,19.4,22.77541760455084,88.44586402742692,7.0,8686.371674561437,0.0,0.0,0.0,0.0,32.1,32.5,30.3,20.8,21.4,0.0,0.0,3,65
2025-03-07,A3,BERABERIA,0.0,30.7,17.0,22.77541760455084,88.44586402742692,7.0,8686.371674561437,0.0,0.0,0.0,0.0,29.2,32.1,31.4,19.4,20.8,0.0,0.0,3,66
2025-03-08,A3,BERABERIA,0.0,32.9,18.4,22.77541760455084,88.44586402742692,7.0,8686.371674561437,0.0,0.0,0.0,0.0,30.7,29.2,34.1,17.0,19.4,0.0,0.0,3,67
2025-03-09,A3,BERABERIA,0.0,33.5,21.1,22.77541760455084,88.44586402742692,7.0,8686.371674561437,0.0,0.0,0.0,0.0,32.9,30.7,34.4,18.4,17.0,0.0,0.0,3,68
2025-03-10,A3,BERABERIA,0.0,35.0,21.0,22.77541760455084,88.44586402742692,7.0,8686.371674561437,0.0,0.0,0.0,0.0,33.5,32.9,33.1,21.1,18.4,0.0,0.0,3,69
2025-03-11,A3,BERABERIA,0.0,34.1,21.9,22.77541760455084,88.44586402742692,7.0,8686.371674561437,0.0,0.0,0.0,0.0,35.0,33.5,32.5,21.0,21.1,0.0,0.0,3,70
2025-03-12,A3,BERABERIA,0.0,35.9,21.2,22.77541760455084,88.44586402742692,7.0,8686.371674561437,0.0,0.0,0.0,0.0,34.1,35.0,32.1,21.9,21.0,0.0,0.0,3,71
2025-03-13,A3,BERABERIA,0.0,37.0,24.0,22.77541760455084,88.44586402742692,7.0,8686.371674561437,0.0,0.0,0.0,0.0,35.9,34.1,29.2,21.2,21.9,0.0,0.0,3,72
2025-03-14,A3,BERABERIA,0.0,38.2,24.4,22.77541760455084,88.44586402742692,7.0,8686.371674561437,0.0,0.0,0.0,0.0,37.0,35.9,30.7,24.0,21.2,0.0,0.0,3,73
2025-03-15,A3,BERABERIA,0.0,38.4,24.7,22.77541760455084,88.44586402742692,7.0,8686.371674561437,0.0,0.0,0.0,0.0,38.2,37.0,32.9,24.4,24.0,0.0,0.0,3,74
2025-03-16,A3,BERABERIA,5.7,39.7,25.0,22.77541760455084,88.44586402742692,7.0,8686.371674561437,0.0,0.0,0.0,0.0,38.4,38.2,33.5,24.7,24.4,0.0,0.0,3,75
2025-03-17,A3,BERABERIA,7.2,36.6,24.3,22.77541760455084,88.44586402742692,7.0,8686.371674561437,5.7,0.0,0.0,0.0,39.7,38.4,35.0,25.0,24.7,5.699999999999993,5.699999999999995,3,76
2025-03-18,A3,BERABERIA,0.0,35.1,24.4,22.77541760455084,88.44586402742692,7.0,8686.371674561437,7.2,5.7,0.0,0.0,36.6,39.7,34.1,24.3,25.0,12.899999999999993,12.899999999999995,3,77
2025-03-19,A3,BERABERIA,0.4,36.8,22.8,22.77541760455084,88.44586402742692,7.0,8686.371674561437,0.0,7.2,5.7,0.0,35.1,36.6,35.9,24.4,24.3,12.899999999999993,12.899999999999995,3,78
2025-03-20,A3,BERABERIA,0.4,33.5,25.1,22.77541760455084,88.44586402742692,7.0,8686.371674561437,0.4,0.0,7.2,0.0,36.8,35.1,37.0,22.8,24.4,7.599999999999993,13.299999999999995,3,79
2025-03-21,A3,BERABERIA,2.1,32.9,21.8,22.77541760455084,88.44586402742692,7.0,8686.371674561437,0.4,0.4,0.0,0.0,33.5,36.8,38.2,25.1,22.8,0.7999999999999929,13.699999999999996,3,80
2025-03-22,A3,BERABERIA,9.2,26.8,21.0,22.77541760455084,88.44586402742692,7.0,8686.371674561437,2.1,0.4,0.4,0.0,32.9,33.5,38.4,21.8,25.1,2.8999999999999932,15.799999999999995,3,81
2025-03-23,A3,BERABERIA,0.3,29.1,19.8,22.77541760455084,88.44586402742692,7.0,8686.371674561437,9.2,2.1,0.4,5.7,26.8,32.9,39.7,21.0,21.8,11.699999999999992,24.999999999999993,3,82
2025-03-24,A3,BERABERIA,0.0,31.6,19.1,22.77541760455084,88.44586402742692,7.0,8686.371674561437,0.3,9.2,2.1,7.2,29.1,26.8,36.6,19.8,21.0,11.599999999999993,19.599999999999994,3,83
2025-03-25,A3,BERABERIA,0.0,32.8,19.6,22.77541760455084,88.44586402742692,7.0,8686.371674561437,0.0,0.3,9.2,0.0,31.6,29.1,35.1,19.1,19.8,9.499999999999993,12.399999999999995,3,84
2025-03-26,A3,BERABERIA,0.0,35.2,21.6,22.77541760455084,88.44586402742692,7.0,8686.371674561437,0.0,0.0,0.3,0.4,32.8,31.6,36.8,19.6,19.1,0.2999999999999929,12.399999999999995,3,85
2025-03-27,A3,BERABERIA,0.0,36.6,23.6,22.77541760455084,88.44586402742692,7.0,8686.371674561437,0.0,0.0,0.0,0.4,35.2,32.8,33.5,21.6,19.6,0.0,11.999999999999995,3,86
2025-03-28,A3,BERABERIA,0.0,37.9,24.5,22.77541760455084,88.44586402742692,7.0,8686.371674561437,0.0,0.0,0.0,2.1,36.6,35.2,32.9,23.6,21.6,0.0,11.599999999999994,3,87
2025-03-29,A3,BERABERIA,0.0,37.1,24.7,22.77541760455084,88.44586402742692,7.0,8686.371674561437,0.0,0.0,0.0,9.2,37.9,36.6,26.8,24.5,23.6,0.0,9.499999999999995,3,88
2025-03-30,A3,BERABERIA,0.0,38.0,25.3,22.77541760455084,88.44586402742692,7.0,8686.371674561437,0.0,0.0,0.0,0.3,37.1,37.9,29.1,24.7,24.5,0.0,0.29999999999999466,3,89
2025-03-31,A3,BERABERIA,0.1,37.2,26.2,22.77541760455084,88.44586402742692,7.0,8686.371674561437,0.0,0.0,0.0,0.0,38.0,37.1,31.6,25.3,24.7,0.0,0.0,3,90
2025-04-01,A3,BERABERIA,0.0,36.9,25.8,22.77541760455084,88.44586402742692,7.0,8686.371674561437,0.1,0.0,0.0,0.0,37.2,38.0,32.8,26.2,25.3,0.0999999999999929,0.09999999999999468,4,91
2025-04-02,A3,BERABERIA,0.6,37.8,25.8,22.77541760455084,88.44586402742692,7.0,8686.371674561437,0.0,0.1,0.0,0.0,36.9,37.2,35.2,25.8,26.2,0.0999999999999929,0.09999999999999468,4,92
2025-04-03,A3,BERABERIA,0.0,37.4,25.4,22.77541760455084,88.44586402742692,7.0,8686.371674561437,0.6,0.0,0.1,0.0,37.8,36.9,36.6,25.8,25.8,0.6999999999999929,0.6999999999999946,4,93
2025-04-04,A3,BERABERIA,0.0,34.1,25.8,22.77541760455084,88.44586402742692,7.0,8686.371674561437,0.0,0.6,0.0,0.0,37.4,37.8,37.9,25.4,25.8,0.5999999999999929,0.6999999999999946,4,94
2025-04-05,A3,BERABERIA,0.0,37.7,25.3,22.77541760455084,88.44586402742692,7.0,8686.371674561437,0.0,0.0,0.6,0.0,34.1,37.4,37.1,25.8,25.4,0.5999999999999929,0.6999999999999946,4,95
2025-04-06,A3,BERABERIA,0.1,37.5,25.8,22.77541760455084,88.44586402742692,7.0,8686.371674561437,0.0,0.0,0.0,0.0,37.7,34.1,38.0,25.3,25.8,0.0,0.6999999999999946,4,96
2025-04-07,A3,BERABERIA,0.5,36.6,25.3,22.77541760455084,88.44586402742692,7.0,8686.371674561437,0.1,0.0,0.0,0.1,37.5,37.7,37.2,25.8,25.3,0.0999999999999929,0.7999999999999946,4,97
2025-04-08,A3,BERABERIA,1.0,35.4,25.2,22.77541760455084,88.44586402742692,7.0,8686.371674561437,0.5,0.1,0.0,0.0,36.6,37.5,36.9,25.3,25.8,0.5999999999999929,1.1999999999999946,4,98
2025-04-09,A3,BERABERIA,0.2,35.6,24.5,22.77541760455084,88.44586402742692,7.0,8686.371674561437,1.0,0.5,0.1,0.6,35.4,36.6,37.8,25.2,25.3,1.599999999999993,2.199999999999995,4,99
2025-04-10,A3,BERABERIA,7.5,35.6,22.1,22.77541760455084,88.44586402742692,7.0,8686.371674561437,0.2,1.0,0.5,0.0,35.6,35.4,37.4,24.5,25.2,1.6999999999999929,1.7999999999999945,4,100
2025-04-11,A3,BERABERIA,0.0,33.3,22.5,22.77541760455084,88.44586402742692,7.0,8686.371674561437,7.5,0.2,1.0,0.0,35.6,35.6,34.1,22.1,24.5,8.699999999999992,9.299999999999994,4,101
2025-04-12,A3,BERABERIA,1.8,37.0,24.6,22.77541760455084,88.44586402742692,7.0,8686.371674561437,0.0,7.5,0.2,0.0,33.3,35.6,37.7,22.5,22.1,7.699999999999993,9.299999999999994,4,102
2025-04-13,A3,BERABERIA,0.0,34.1,24.8,22.77541760455084,88.44586402742692,7.0,8686.371674561437,1.8,0.0,7.5,0.1,37.0,33.3,37.5,24.6,22.5,9.299999999999994,11.099999999999994,4,103
2025-04-14,A3,BERABERIA,0.9,32.9,24.0,22.77541760455084,88.44586402742692,7.0,8686.371674561437,0.0,1.8,0.0,0.5,34.1,37.0,36.6,24.8,24.6,1.799999999999993,10.999999999999995,4,104
2025-04-15,A3,BERABERIA,0.7,34.0,23.4,22.77541760455084,88.44586402742692,7.0,8686.371674561437,0.9,0.0,1.8,1.0,32.9,34.1,35.4,24.0,24.8,2.699999999999993,11.399999999999995,4,105
2025-04-16,A3,BERABERIA,1.9,34.4,24.7,22.77541760455084,88.44586402742692,7.0,8686.371674561437,0.7,0.9,0.0,0.2,34.0,32.9,35.6,23.4,24.0,1.599999999999993,11.099999999999994,4,106
2025-04-17,A3,BERABERIA,25.4,34.0,23.1,22.77541760455084,88.44586402742692,7.0,8686.371674561437,1.9,0.7,0.9,7.5,34.4,34.0,35.6,24.7,23.4,3.499999999999993,12.799999999999994,4,107
2025-04-18,A3,BERABERIA,2.1,31.4,23.3,22.77541760455084,88.44586402742692,7.0,8686.371674561437,25.4,1.9,0.7,0.0,34.0,34.4,33.3,23.1,24.7,27.999999999999993,30.699999999999992,4,108
2025-04-19,A3,BERABERIA,2.7,30.9,23.5,22.77541760455084,88.44586402742692,7.0,8686.371674561437,2.1,25.4,1.9,1.8,31.4,34.0,37.0,23.3,23.1,29.399999999999995,32.79999999999999,4,109
2025-04-20,A3,BERABERIA,0.7,36.3,25.5,22.77541760455084,88.44586402742692,7.0,8686.371674561437,2.7,2.1,25.4,0.0,30.9,31.4,34.1,23.5,23.3,30.199999999999992,33.69999999999999,4,110
2025-04-21,A3,BERABERIA,0.0,36.6,28.2,22.77541760455084,88.44586402742692,7.0,8686.371674561437,0.7,2.7,2.1,0.9,36.3,30.9,32.9,25.5,23.5,5.499999999999993,34.39999999999999,4,111
2025-04-22,A3,BERABERIA,0.0,37.1,27.7,22.77541760455084,88.44586402742692,7.0,8686.371674561437,0.0,0.7,2.7,0.7,36.6,36.3,34.0,28.2,25.5,3.3999999999999932,33.49999999999999,4,112
2025-04-23,A3,BERABERIA,0.0,40.2,27.6,22.77541760455084,88.44586402742692,7.0,8686.371674561437,0.0,0.0,0.7,1.9,37.1,36.6,34.4,27.7,28.2,0.6999999999999929,32.79999999999999,4,113
2025-04-24,A3,BERABERIA,0.0,38.3,27.7,22.77541760455084,88.44586402742692,7.0,8686.371674561437,0.0,0.0,0.0,25.4,40.2,37.1,34.0,27.6,27.7,0.0,30.89999999999999,4,114
2025-04-25,A3,BERABERIA,0.2,39.2,28.0,22.77541760455084,88.44586402742692,7.0,8686.371674561437,0.0,0.0,0.0,2.1,38.3,40.2,31.4,27.7,27.6,0.0,5.499999999999993,4,115
2025-04-26,A3,BERABERIA,6.5,37.4,27.6,22.77541760455084,88.44586402742692,7.0,8686.371674561437,0.2,0.0,0.0,2.7,39.2,38.3,30.9,28.0,27.7,0.1999999999999929,3.599999999999993,4,116
2025-04-27,A3,BERABERIA,0.0,36.8,28.3,22.77541760455084,88.44586402742692,7.0,8686.371674561437,6.5,0.2,0.0,0.7,37.4,39.2,36.3,27.6,28.0,6.699999999999993,7.399999999999993,4,117
2025-04-28,A3,BERABERIA,6.1,30.3,25.5,22.77541760455084,88.44586402742692,7.0,8686.371674561437,0.0,6.5,0.2,0.0,36.8,37.4,36.6,28.3,27.6,6.699999999999993,6.699999999999993,4,118
2025-04-29,A3,BERABERIA,7.1,31.3,22.8,22.77541760455084,88.44586402742692,7.0,8686.371674561437,6.1,0.0,6.5,0.0,30.3,36.8,37.1,25.5,28.3,12.599999999999993,12.799999999999994,4,119
2025-04-30,A3,BERABERIA,0.7,31.0,22.5,22.77541760455084,88.44586402742692,7.0,8686.371674561437,7.1,6.1,0.0,0.0,31.3,30.3,40.2,22.8,25.5,13.199999999999992,19.89999999999999,4,120
2025-05-01,A3,BERABERIA,2.5,31.7,22.6,22.77541760455084,88.44586402742692,7.0,8686.371674561437,0.7,7.1,6.1,0.0,31.0,31.3,38.3,22.5,22.8,13.899999999999991,20.59999999999999,5,121
2025-05-02,A3,BERABERIA,0.0,31.0,21.6,22.77541760455084,88.44586402742692,7.0,8686.371674561437,2.5,0.7,7.1,0.2,31.7,31.0,39.2,22.6,22.5,10.299999999999994,23.099999999999994,5,122
2025-05-03,A3,BERABERIA,0.7,32.6,24.0,22.77541760455084,88.44586402742692,7.0,8686.371674561437,0.0,2.5,0.7,6.5,31.0,31.7,37.4,21.6,22.6,3.199999999999993,22.89999999999999,5,123
2025-05-04,A3,BERABERIA,4.7,32.1,24.2,22.77541760455084,88.44586402742692,7.0,8686.371674561437,0.7,0.0,2.5,0.0,32.6,31.0,36.8,24.0,21.6,3.199999999999993,17.099999999999994,5,124
2025-05-05,A3,BERABERIA,2.9,34.1,24.0,22.77541760455084,88.44586402742692,7.0,8686.371674561437,4.7,0.7,0.0,6.1,32.1,32.6,30.3,24.2,24.0,5.399999999999993,21.799999999999994,5,125
2025-05-06,A3,BERABERIA,12.8,33.9,25.1,22.77541760455084,88.44586402742692,7.0,8686.371674561437,2.9,4.7,0.7,7.1,34.1,32.1,31.3,24.0,24.2,8.299999999999994,18.59999999999999,5,126
2025-05-07,A3,BERABERIA,2.0,35.0,24.6,22.77541760455084,88.44586402742692,7.0,8686.371674561437,12.8,2.9,4.7,0.7,33.9,34.1,31.0,25.1,24.0,20.399999999999995,24.299999999999997,5,127
2025-05-08,A3,BERABERIA,0.0,37.2,27.3,22.77541760455084,88.44586402742692,7.0,8686.371674561437,2.0,12.8,2.9,2.5,35.0,33.9,31.7,24.6,25.1,17.699999999999996,25.599999999999994,5,128
2025-05-09,A3,BERABERIA,0.0,38.1,27.3,22.77541760455084,88.44586402742692,7.0,8686.371674561437,0.0,2.0,12.8,0.0,37.2,35.0,31.0,27.3,24.6,14.799999999999995,23.099999999999994,5,129
2025-05-10,A3,BERABERIA,0.3,37.9,27.7,22.77541760455084,88.44586402742692,7.0,8686.371674561437,0.0,0.0,2.0,0.7,38.1,37.2,32.6,27.3,27.3,1.9999999999999947,23.099999999999994,5,130
2025-05-11,A3,BERABERIA,0.0,38.3,28.3,22.77541760455084,88.44586402742692,7.0,8686.371674561437,0.3,0.0,0.0,4.7,37.9,38.1,32.1,27.7,27.3,0.29999999999999466,22.699999999999992,5,131
2025-05-12,A3,BERABERIA,0.2,38.1,29.8,22.77541760455084,88.44586402742692,7.0,8686.371674561437,0.0,0.3,0.0,2.9,38.3,37.9,34.1,28.3,27.7,0.29999999999999466,17.999999999999993,5,132
2025-05-13,A3,BERABERIA,2.6,36.7,29.2,22.77541760455084,88.44586402742692,7.0,8686.371674561437,0.2,0.0,0.3,12.8,38.1,38.3,33.9,29.8,28.3,0.49999999999999467,15.299999999999994,5,133
2025-05-14,A3,BERABERIA,1.9,37.5,28.8,22.77541760455084,88.44586402742692,7.0,8686.371674561437,2.6,0.2,0.0,2.0,36.7,38.1,35.0,29.2,29.8,2.799999999999995,5.0999999999999925,5,134
2025-05-15,A3,BERABERIA,7.4,36.8,28.7,22.77541760455084,88.44586402742692,7.0,8686.371674561437,1.9,2.6,0.2,0.0,37.5,36.7,37.2,28.8,29.2,4.699999999999995,4.999999999999993,5,135
2025-05-16,A3,BERABERIA,0.5,35.6,28.6,22.77541760455084,88.44586402742692,7.0,8686.371674561437,7.4,1.9,2.6,0.0,36.8,37.5,38.1,28.7,28.8,11.899999999999995,12.399999999999993,5,136
2025-05-17,A3,BERABERIA,7.3,35.7,25.9,22.77541760455084,88.44586402742692,7.0,8686.371674561437,0.5,7.4,1.9,0.3,35.6,36.8,37.9,28.6,28.7,9.799999999999995,12.899999999999993,5,137
2025-05-18,A3,BERABERIA,4.6,31.6,27.5,22.77541760455084,88.44586402742692,7.0,8686.371674561437,7.3,0.5,7.4,0.0,35.7,35.6,38.3,25.9,28.6,15.199999999999996,19.89999999999999,5,138
2025-05-19,A3,BERABERIA,2.0,35.0,26.1,22.77541760455084,88.44586402742692,7.0,8686.371674561437,4.6,7.3,0.5,0.2,31.6,35.7,38.1,27.5,25.9,12.399999999999995,24.499999999999993,5,139
2025-05-20,A3,BERABERIA,13.5,34.6,25.7,22.77541760455084,88.44586402742692,7.0,8686.371674561437,2.0,4.6,7.3,2.6,35.0,31.6,36.7,26.1,27.5,13.899999999999995,26.299999999999994,5,140
2025-05-21,A3,BERABERIA,20.5,35.0,25.6,22.77541760455084,88.44586402742692,7.0,8686.371674561437,13.5,2.0,4.6,1.9,34.6,35.0,37.5,25.7,26.1,20.099999999999994,37.19999999999999,5,141
2025-05-22,A3,BERABERIA,4.7,32.6,26.3,22.77541760455084,88.44586402742692,7.0,8686.371674561437,20.5,13.5,2.0,7.4,35.0,34.6,36.8,25.6,25.7,35.99999999999999,55.8,5,142
2025-05-23,A3,BERABERIA,4.7,32.1,26.0,22.77541760455084,88.44586402742692,7.0,8686.371674561437,4.7,20.5,13.5,0.5,32.6,35.0,35.6,26.3,25.6,38.699999999999996,53.099999999999994,5,143
2025-05-24,A3,BERABERIA,9.1,32.5,25.3,22.77541760455084,88.44586402742692,7.0,8686.371674561437,4.7,4.7,20.5,7.3,32.1,32.6,35.7,26.0,26.3,29.89999999999999,57.3,5,144
2025-05-25,A3,BERABERIA,18.7,31.0,25.7,22.77541760455084,88.44586402742692,7.0,8686.371674561437,9.1,4.7,4.7,4.6,32.5,32.1,31.6,25.3,26.0,18.499999999999993,59.099999999999994,5,145
2025-05-26,A3,BERABERIA,12.6,31.3,25.7,22.77541760455084,88.44586402742692,7.0,8686.371674561437,18.7,9.1,4.7,2.0,31.0,32.5,35.0,25.7,25.3,32.49999999999999,73.19999999999999,5,146
2025-05-27,A3,BERABERIA,4.9,31.1,25.6,22.77541760455084,88.44586402742692,7.0,8686.371674561437,12.6,18.7,9.1,13.5,31.3,31.0,34.6,25.7,25.7,40.39999999999999,83.8,5,147
2025-05-28,A3,BERABERIA,18.3,31.4,26.2,22.77541760455084,88.44586402742692,7.0,8686.371674561437,4.9,12.6,18.7,20.5,31.1,31.3,35.0,25.6,25.7,36.19999999999999,75.19999999999999,5,148
2025-05-29,A3,BERABERIA,39.0,29.2,25.1,22.77541760455084,88.44586402742692,7.0,8686.371674561437,18.3,4.9,12.6,4.7,31.4,31.1,32.6,26.2,25.6,35.8,73.0,5,149
2025-05-30,A3,BERABERIA,15.9,33.4,24.9,22.77541760455084,88.44586402742692,7.0,8686.371674561437,39.0,18.3,4.9,4.7,29.2,31.4,32.1,25.1,26.2,62.199999999999996,107.3,5,150
2025-05-31,A3,BERABERIA,43.0,32.2,25.7,22.77541760455084,88.44586402742692,7.0,8686.371674561437,15.9,39.0,18.3,9.1,33.4,29.2,32.5,24.9,25.1,73.2,118.5,5,151
2025-06-01,A3,BERABERIA,15.5,31.3,26.4,22.77541760455084,88.44586402742692,7.0,8686.371674561437,43.0,15.9,39.0,18.7,32.2,33.4,31.0,25.7,24.9,97.9,152.4,6,152
2025-06-02,A3,BERABERIA,0.2,36.0,27.2,22.77541760455084,88.44586402742692,7.0,8686.371674561437,15.5,43.0,15.9,12.6,31.3,32.2,31.3,26.4,25.7,74.4,149.2,6,153
2025-06-03,A3,BERABERIA,0.7,35.3,27.2,22.77541760455084,88.44586402742692,7.0,8686.371674561437,0.2,15.5,43.0,4.9,36.0,31.3,31.1,27.2,26.4,58.7,136.79999999999998,6,154
2025-06-04,A3,BERABERIA,0.7,34.1,27.1,22.77541760455084,88.44586402742692,7.0,8686.371674561437,0.7,0.2,15.5,18.3,35.3,36.0,31.4,27.2,27.2,16.4,132.6,6,155
2025-06-05,A3,BERABERIA,2.0,32.0,26.9,22.77541760455084,88.44586402742692,7.0,8686.371674561437,0.7,0.7,0.2,39.0,34.1,35.3,29.2,27.1,27.2,1.5999999999999999,115.0,6,156
2025-06-06,A3,BERABERIA,2.9,33.1,25.7,22.77541760455084,88.44586402742692,7.0,8686.371674561437,2.0,0.7,0.7,15.9,32.0,34.1,33.4,26.9,27.1,3.4,78.0,6,157
2025-06-07,A3,BERABERIA,0.0,34.0,25.6,22.77541760455084,88.44586402742692,7.0,8686.371674561437,2.9,2.0,0.7,43.0,33.1,32.0,32.2,25.7,26.9,5.6,65.0,6,158
2025-06-08,A3,BERABERIA,1.2,34.3,26.9,22.77541760455084,88.44586402742692,7.0,8686.371674561437,0.0,2.9,2.0,15.5,34.0,33.1,31.3,25.6,25.7,4.9,22.0,6,159
2025-06-09,A3,BERABERIA,1.5,33.9,26.9,22.77541760455084,88.44586402742692,7.0,8686.371674561437,1.2,0.0,2.9,0.2,34.3,34.0,36.0,26.9,25.6,4.1,7.7,6,160
2025-06-10,A3,BERABERIA,0.3,35.2,26.7,22.77541760455084,88.44586402742692,7.0,8686.371674561437,1.5,1.2,0.0,0.7,33.9,34.3,35.3,26.9,26.9,2.7,9.0,6,161
2025-06-11,A3,BERABERIA,0.4,34.4,27.3,22.77541760455084,88.44586402742692,7.0,8686.371674561437,0.3,1.5,1.2,0.7,35.2,33.9,34.1,26.7,26.9,3.0,8.6,6,162
2025-06-12,A3,BERABERIA,0.5,34.6,26.3,22.77541760455084,88.44586402742692,7.0,8686.371674561437,0.4,0.3,1.5,2.0,34.4,35.2,32.0,27.3,26.7,2.2,8.3,6,163
2025-06-13,A3,BERABERIA,4.7,34.5,27.3,22.77541760455084,88.44586402742692,7.0,8686.371674561437,0.5,0.4,0.3,2.9,34.6,34.4,33.1,26.3,27.3,1.2,6.800000000000001,6,164
2025-06-14,A3,BERABERIA,0.9,35.3,27.8,22.77541760455084,88.44586402742692,7.0,8686.371674561437,4.7,0.5,0.4,0.0,34.5,34.6,34.0,27.3,26.3,5.6,8.600000000000001,6,165
2025-06-15,A3,BERABERIA,22.3,31.1,27.2,22.77541760455084,88.44586402742692,7.0,8686.371674561437,0.9,4.7,0.5,1.2,35.3,34.5,34.3,27.8,27.3,6.1000000000000005,9.5,6,166
2025-06-16,A3,BERABERIA,24.8,32.4,26.3,22.77541760455084,88.44586402742692,7.0,8686.371674561437,22.3,0.9,4.7,1.5,31.1,35.3,33.9,27.2,27.8,27.900000000000002,30.6,6,167
2025-06-17,A3,BERABERIA,33.0,29.2,25.5,22.77541760455084,88.44586402742692,7.0,8686.371674561437,24.8,22.3,0.9,0.3,32.4,31.1,35.2,26.3,27.2,48.0,53.900000000000006,6,168
2025-06-18,A3,BERABERIA,34.0,29.3,25.5,22.77541760455084,88.44586402742692,7.0,8686.371674561437,33.0,24.8,22.3,0.4,29.2,32.4,34.4,25.5,26.3,80.1,86.60000000000001,6,169
2025-06-19,A3,BERABERIA,50.4,30.7,24.1,22.77541760455084,88.44586402742692,7.0,8686.371674561437,34.0,33.0,24.8,0.5,29.3,29.2,34.6,25.5,25.5,91.8,120.2,6,170
2025-06-20,A3,BERABERIA,2.6,32.5,26.2,22.77541760455084,88.44586402742692,7.0,8686.371674561437,50.4,34.0,33.0,4.7,30.7,29.3,34.5,24.1,25.5,117.4,170.1,6,171
2025-06-21,A3,BERABERIA,1.1,33.7,26.5,22.77541760455084,88.44586402742692,7.0,8686.371674561437,2.6,50.4,34.0,0.9,32.5,30.7,35.3,26.2,24.1,87.0,168.0,6,172
2025-06-22,A3,BERABERIA,23.7,32.4,25.9,22.77541760455084,88.44586402742692,7.0,8686.371674561437,1.1,2.6,50.4,22.3,33.7,32.5,31.1,26.5,26.2,54.1,168.20000000000002,6,173
2025-06-23,A3,BERABERIA,16.5,32.1,26.5,22.77541760455084,88.44586402742692,7.0,8686.371674561437,23.7,1.1,2.6,24.8,32.4,33.7,32.4,25.9,26.5,27.4,169.6,6,174
2025-06-24,A3,BERABERIA,3.6,32.5,26.3,22.77541760455084,88.44586402742692,7.0,8686.371674561437,16.5,23.7,1.1,33.0,32.1,32.4,29.2,26.5,25.9,41.3,161.3,6,175
2025-06-25,A3,BERABERIA,17.8,31.9,26.3,22.77541760455084,88.44586402742692,7.0,8686.371674561437,3.6,16.5,23.7,34.0,32.5,32.1,29.3,26.3,26.5,43.8,131.9,6,176
2025-06-26,A3,BERABERIA,5.7,32.3,25.9,22.77541760455084,88.44586402742692,7.0,8686.371674561437,17.8,3.6,16.5,50.4,31.9,32.5,30.7,26.3,26.3,37.900000000000006,115.7,6,177
2025-06-27,A3,BERABERIA,18.6,31.4,25.4,22.77541760455084,88.44586402742692,7.0,8686.371674561437,5.7,17.8,3.6,2.6,32.3,31.9,32.5,25.9,26.3,27.1,71.00000000000001,6,178
2025-06-28,A3,BERABERIA,17.8,30.4,25.1,22.77541760455084,88.44586402742692,7.0,8686.371674561437,18.6,5.7,17.8,1.1,31.4,32.3,33.7,25.4,25.9,42.1,87.0,6,179
2025-06-29,A3,BERABERIA,47.3,31.0,25.7,22.77541760455084,88.44586402742692,7.0,8686.371674561437,17.8,18.6,5.7,23.7,30.4,31.4,32.4,25.1,25.4,42.1,103.7,6,180
2025-06-30,A3,BERABERIA,17.3,30.6,25.5,22.77541760455084,88.44586402742692,7.0,8686.371674561437,47.3,17.8,18.6,16.5,31.0,30.4,32.1,25.7,25.1,83.69999999999999,127.3,6,181
2025-07-01,A3,BERABERIA,10.9,30.2,25.9,22.77541760455084,88.44586402742692,7.0,8686.371674561437,17.3,47.3,17.8,3.6,30.6,31.0,32.5,25.5,25.7,82.4,128.1,7,182
2025-07-02,A3,BERABERIA,27.7,32.2,25.9,22.77541760455084,88.44586402742692,7.0,8686.371674561437,10.9,17.3,47.3,17.8,30.2,30.6,31.9,25.9,25.5,75.49999999999999,135.4,7,183
2025-07-03,A3,BERABERIA,20.6,31.1,25.8,22.77541760455084,88.44586402742692,7.0,8686.371674561437,27.7,10.9,17.3,5.7,32.2,30.2,32.3,25.9,25.9,55.9,145.29999999999998,7,184
2025-07-04,A3,BERABERIA,22.9,31.4,25.2,22.77541760455084,88.44586402742692,7.0,8686.371674561437,20.6,27.7,10.9,18.6,31.1,32.2,31.4,25.8,25.9,59.199999999999996,160.2,7,185
2025-07-05,A3,BERABERIA,4.9,31.3,25.6,22.77541760455084,88.44586402742692,7.0,8686.371674561437,22.9,20.6,27.7,17.8,31.4,31.1,30.4,25.2,25.8,71.19999999999999,164.49999999999997,7,186
2025-07-06,A3,BERABERIA,7.4,29.8,24.8,22.77541760455084,88.44586402742692,7.0,8686.371674561437,4.9,22.9,20.6,47.3,31.3,31.4,31.0,25.6,25.2,48.4,151.6,7,187
2025-07-07,A3,BERABERIA,13.1,28.7,25.5,22.77541760455084,88.44586402742692,7.0,8686.371674561437,7.4,4.9,22.9,17.3,29.8,31.3,30.6,24.8,25.6,35.2,111.7,7,188
2025-07-08,A3,BERABERIA,28.4,28.4,24.4,22.77541760455084,88.44586402742692,7.0,8686.371674561437,13.1,7.4,4.9,10.9,28.7,29.8,30.2,25.5,24.8,25.4,107.5,7,189
2025-07-09,A3,BERABERIA,13.6,30.3,24.8,22.77541760455084,88.44586402742692,7.0,8686.371674561437,28.4,13.1,7.4,27.7,28.4,28.7,32.2,24.4,25.5,48.9,125.0,7,190
2025-07-10,A3,BERABERIA,32.9,32.1,24.9,22.77541760455084,88.44586402742692,7.0,8686.371674561437,13.6,28.4,13.1,20.6,30.3,28.4,31.1,24.8,24.4,55.1,110.9,7,191
2025-07-11,A3,BERABERIA,16.9,30.9,25.7,22.77541760455084,88.44586402742692,7.0,8686.371674561437,32.9,13.6,28.4,22.9,32.1,30.3,31.4,24.9,24.8,74.9,123.19999999999999,7,192
2025-07-12,A3,BERABERIA,11.5,33.4,25.6,22.77541760455084,88.44586402742692,7.0,8686.371674561437,16.9,32.9,13.6,4.9,30.9,32.1,31.3,25.7,24.9,63.4,117.19999999999999,7,193
2025-07-13,A3,BERABERIA,6.5,31.5,26.5,22.77541760455084,88.44586402742692,7.0,8686.371674561437,11.5,16.9,32.9,7.4,33.4,30.9,29.8,25.6,25.7,61.3,123.8,7,194
2025-07-14,A3,BERABERIA,37.5,27.7,25.2,22.77541760455084,88.44586402742692,7.0,8686.371674561437,6.5,11.5,16.9,13.1,31.5,33.4,28.7,26.5,25.6,34.9,122.89999999999999,7,195
2025-07-15,A3,BERABERIA,24.4,30.7,25.0,22.77541760455084,88.44586402742692,7.0,8686.371674561437,37.5,6.5,11.5,28.4,27.7,31.5,28.4,25.2,26.5,55.5,147.3,7,196
2025-07-16,A3,BERABERIA,11.3,31.2,26.1,22.77541760455084,88.44586402742692,7.0,8686.371674561437,24.4,37.5,6.5,13.6,30.7,27.7,30.3,25.0,25.2,68.4,143.29999999999998,7,197
2025-07-17,A3,BERABERIA,0.7,32.9,26.6,22.77541760455084,88.44586402742692,7.0,8686.371674561437,11.3,24.4,37.5,32.9,31.2,30.7,32.1,26.1,25.0,73.2,141.0,7,198
2025-07-18,A3,BERABERIA,8.8,32.7,27.0,22.77541760455084,88.44586402742692,7.0,8686.371674561437,0.7,11.3,24.4,16.9,32.9,31.2,30.9,26.6,26.1,36.4,108.8,7,199
2025-07-19,A3,BERABERIA,1.5,33.5,27.0,22.77541760455084,88.44586402742692,7.0,8686.371674561437,8.8,0.7,11.3,11.5,32.7,32.9,33.4,27.0,26.6,20.8,100.7,7,200
2025-07-20,A3,BERABERIA,1.1,33.0,27.0,22.77541760455084,88.44586402742692,7.0,8686.371674561437,1.5,8.8,0.7,6.5,33.5,32.7,31.5,27.0,27.0,11.0,90.7,7,201
2025-07-21,A3,BERABERIA,1.5,32.9,27.2,22.77541760455084,88.44586402742692,7.0,8686.371674561437,1.1,1.5,8.8,37.5,33.0,33.5,27.7,27.0,27.0,11.4,85.3,7,202
2025-07-22,A3,BERABERIA,2.2,33.4,26.9,22.77541760455084,88.44586402742692,7.0,8686.371674561437,1.5,1.1,1.5,24.4,32.9,33.0,30.7,27.2,27.0,4.1,49.3,7,203
2025-07-23,A3,BERABERIA,0.6,33.9,27.3,22.77541760455084,88.44586402742692,7.0,8686.371674561437,2.2,1.5,1.1,11.3,33.4,32.9,31.2,26.9,27.2,4.800000000000001,27.1,7,204
2025-07-24,A3,BERABERIA,8.3,32.6,26.9,22.77541760455084,88.44586402742692,7.0,8686.371674561437,0.6,2.2,1.5,0.7,33.9,33.4,32.9,27.3,26.9,4.3,16.4,7,205
2025-07-25,A3,BERABERIA,30.2,31.8,26.0,22.77541760455084,88.44586402742692,7.0,8686.371674561437,8.3,0.6,2.2,8.8,32.6,33.9,32.7,26.9,27.3,11.100000000000001,24.0,7,206
2025-07-26,A3,BERABERIA,6.6,30.9,26.3,22.77541760455084,88.44586402742692,7.0,8686.371674561437,30.2,8.3,0.6,1.5,31.8,32.6,33.5,26.0,26.9,39.1,45.400000000000006,7,207
2025-07-27,A3,BERABERIA,8.5,32.7,26.3,22.77541760455084,88.44586402742692,7.0,8686.371674561437,6.6,30.2,8.3,1.1,30.9,31.8,33.0,26.3,26.0,45.1,50.5,7,208
2025-07-28,A3,BERABERIA,7.8,31.0,26.9,22.77541760455084,88.44586402742692,7.0,8686.371674561437,8.5,6.6,30.2,1.5,32.7,30.9,32.9,26.3,26.3,45.3,57.9,7,209
2025-07-29,A3,BERABERIA,66.6,29.5,25.3,22.77541760455084,88.44586402742692,7.0,8686.371674561437,7.8,8.5,6.6,2.2,31.0,32.7,33.4,26.9,26.3,22.9,64.2,7,210
2025-07-30,A3,BERABERIA,31.8,29.0,25.2,22.77541760455084,88.44586402742692,7.0,8686.371674561437,66.6,7.8,8.5,0.6,29.5,31.0,33.9,25.3,26.9,82.89999999999999,128.6,7,211
2025-07-31,A3,BERABERIA,56.3,29.2,25.0,22.77541760455084,88.44586402742692,7.0,8686.371674561437,31.8,66.6,7.8,8.3,29.0,29.5,32.6,25.2,25.3,106.19999999999999,159.79999999999998,7,212
2025-08-01,A3,BERABERIA,24.5,32.0,25.7,22.77541760455084,88.44586402742692,7.0,8686.371674561437,56.3,31.8,66.6,30.2,29.2,29.0,31.8,25.0,25.2,154.7,207.8,8,213
2025-08-02,A3,BERABERIA,8.3,32.3,26.0,22.77541760455084,88.44586402742692,7.0,8686.371674561437,24.5,56.3,31.8,6.6,32.0,29.2,30.9,25.7,25.0,112.6,202.09999999999997,8,214
2025-08-03,A3,BERABERIA,13.0,32.5,26.8,22.77541760455084,88.44586402742692,7.0,8686.371674561437,8.3,24.5,56.3,8.5,32.3,32.0,32.7,26.0,25.7,89.1,203.79999999999998,8,215
2025-08-04,A3,BERABERIA,19.4,31.9,25.9,22.77541760455084,88.44586402742692,7.0,8686.371674561437,13.0,8.3,24.5,7.8,32.5,32.3,31.0,26.8,26.0,45.8,208.29999999999998,8,216
2025-08-05,A3,BERABERIA,17.9,32.7,26.2,22.77541760455084,88.44586402742692,7.0,8686.371674561437,19.4,13.0,8.3,66.6,31.9,32.5,29.5,25.9,26.8,40.7,219.89999999999998,8,217
2025-08-06,A3,BERABERIA,11.1,29.8,25.2,22.77541760455084,88.44586402742692,7.0,8686.371674561437,17.9,19.4,13.0,31.8,32.7,31.9,29.0,26.2,25.9,50.3,171.20000000000002,8,218
2025-08-07,A3,BERABERIA,6.5,31.6,25.5,22.77541760455084,88.44586402742692,7.0,8686.371674561437,11.1,17.9,19.4,56.3,29.8,32.7,29.2,25.2,26.2,48.4,150.5,8,219
2025-08-08,A3,BERABERIA,2.6,31.0,24.5,22.77541760455084,88.44586402742692,7.0,8686.371674561437,6.5,11.1,17.9,24.5,31.6,29.8,32.0,25.5,25.2,35.5,100.7,8,220
2025-08-09,A3,BERABERIA,4.5,31.6,25.1,22.77541760455084,88.44586402742692,7.0,8686.371674561437,2.6,6.5,11.1,8.3,31.0,31.6,32.3,24.5,25.5,20.2,78.8,8,221
2025-08-10,A3,BERABERIA,0.3,32.9,26.8,22.77541760455084,88.44586402742692,7.0,8686.371674561437,4.5,2.6,6.5,13.0,31.6,31.0,32.5,25.1,24.5,13.6,75.0,8,222
2025-08-11,A3,BERABERIA,5.7,32.1,26.8,22.77541760455084,88.44586402742692,7.0,8686.371674561437,0.3,4.5,2.6,19.4,32.9,31.6,31.9,26.8,25.1,7.3999999999999995,62.3,8,223
2025-08-12,A3,BERABERIA,3.8,33.7,26.8,22.77541760455084,88.44586402742692,7.0,8686.371674561437,5.7,0.3,4.5,17.9,32.1,32.9,32.7,26.8,26.8,10.5,48.599999999999994,8,224
2025-08-13,A3,BERABERIA,16.1,31.0,26.5,22.77541760455084,88.44586402742692,7.0,8686.371674561437,3.8,5.7,0.3,11.1,33.7,32.1,29.8,26.8,26.8,9.799999999999999,34.5,8,225
2025-08-14,A3,BERABERIA,8.7,29.8,25.8,22.77541760455084,88.44586402742692,7.0,8686.371674561437,16.1,3.8,5.7,6.5,31.0,33.7,31.6,26.5,26.8,25.6,39.5,8,226
2025-08-15,A3,BERABERIA,14.7,31.4,25.4,22.77541760455084,88.44586402742692,7.0,8686.371674561437,8.7,16.1,3.8,2.6,29.8,31.0,31.0,25.8,26.5,28.6,41.7,8,227
2025-08-16,A3,BERABERIA,6.7,32.5,26.0,22.77541760455084,88.44586402742692,7.0,8686.371674561437,14.7,8.7,16.1,4.5,31.4,29.8,31.6,25.4,25.8,39.5,53.8,8,228
2025-08-17,A3,BERABERIA,13.4,32.2,26.2,22.77541760455084,88.44586402742692,7.0,8686.371674561437,6.7,14.7,8.7,0.3,32.5,31.4,32.9,26.0,25.4,30.099999999999998,56.0,8,229
2025-08-18,A3,BERABERIA,9.5,31.8,26.3,22.77541760455084,88.44586402742692,7.0,8686.371674561437,13.4,6.7,14.7,5.7,32.2,32.5,32.1,26.2,26.0,34.8,69.1,8,230
2025-08-19,A3,BERABERIA,17.6,30.3,25.7,22.77541760455084,88.44586402742692,7.0,8686.371674561437,9.5,13.4,6.7,3.8,31.8,32.2,33.7,26.3,26.2,29.6,72.9,8,231
2025-08-20,A3,BERABERIA,3.2,29.9,25.6,22.77541760455084,88.44586402742692,7.0,8686.371674561437,17.6,9.5,13.4,16.1,30.3,31.8,31.0,25.7,26.3,40.5,86.7,8,232
2025-08-21,A3,BERABERIA,50.4,29.1,24.6,22.77541760455084,88.44586402742692,7.0,8686.371674561437,3.2,17.6,9.5,8.7,29.9,30.3,29.8,25.6,25.7,30.3,73.8,8,233
2025-08-22,A3,BERABERIA,18.6,30.2,24.7,22.77541760455084,88.44586402742692,7.0,8686.371674561437,50.4,3.2,17.6,14.7,29.1,29.9,31.4,24.6,25.6,71.2,115.5,8,234
2025-08-23,A3,BERABERIA,6.4,28.6,24.7,22.77541760455084,88.44586402742692,7.0,8686.371674561437,18.6,50.4,3.2,6.7,30.2,29.1,32.5,24.7,24.6,72.19999999999999,119.4,8,235
2025-08-24,A3,BERABERIA,9.9,30.6,24.7,22.77541760455084,88.44586402742692,7.0,8686.371674561437,6.4,18.6,50.4,13.4,28.6,30.2,32.2,24.7,24.7,75.39999999999999,119.10000000000001,8,236
2025-08-25,A3,BERABERIA,6.0,31.9,24.8,22.77541760455084,88.44586402742692,7.0,8686.371674561437,9.9,6.4,18.6,9.5,30.6,28.6,31.8,24.7,24.7,34.89999999999999,115.60000000000001,8,237
2025-08-26,A3,BERABERIA,2.1,32.0,25.7,22.77541760455084,88.44586402742692,7.0,8686.371674561437,6.0,9.9,6.4,17.6,31.9,30.6,30.3,24.8,24.7,22.299999999999994,112.1,8,238
2025-08-27,A3,BERABERIA,6.8,31.9,25.7,22.77541760455084,88.44586402742692,7.0,8686.371674561437,2.1,6.0,9.9,3.2,32.0,31.9,29.9,25.7,24.8,17.999999999999993,96.60000000000001,8,239
2025-08-28,A3,BERABERIA,15.8,31.3,25.9,22.77541760455084,88.44586402742692,7.0,8686.371674561437,6.8,2.1,6.0,50.4,31.9,32.0,29.1,25.7,25.7,14.899999999999993,100.2,8,240
2025-08-29,A3,BERABERIA,19.4,30.1,25.7,22.77541760455084,88.44586402742692,7.0,8686.371674561437,15.8,6.8,2.1,18.6,31.3,31.9,30.2,25.9,25.7,24.699999999999996,65.60000000000001,8,241
2025-08-30,A3,BERABERIA,12.8,31.0,25.7,22.77541760455084,88.44586402742692,7.0,8686.371674561437,19.4,15.8,6.8,6.4,30.1,31.3,28.6,25.7,25.9,41.99999999999999,66.4,8,242
2025-08-31,A3,BERABERIA,2.3,32.4,25.4,22.77541760455084,88.44586402742692,7.0,8686.371674561437,12.8,19.4,15.8,9.9,31.0,30.1,30.6,25.7,25.7,48.0,72.8,8,243
2025-09-01,A3,BERABERIA,17.1,33.7,25.9,22.77541760455084,88.44586402742692,7.0,8686.371674561437,2.3,12.8,19.4,6.0,32.4,31.0,31.9,25.4,25.7,34.49999999999999,65.19999999999999,9,244
2025-09-02,A3,BERABERIA,17.7,30.5,25.7,22.77541760455084,88.44586402742692,7.0,8686.371674561437,17.1,2.3,12.8,2.1,33.7,32.4,32.0,25.9,25.4,32.199999999999996,76.3,9,245
2025-09-03,A3,BERABERIA,25.9,29.2,25.2,22.77541760455084,88.44586402742692,7.0,8686.371674561437,17.7,17.1,2.3,6.8,30.5,33.7,31.9,25.7,25.9,37.099999999999994,91.9,9,246
2025-09-04,A3,BERABERIA,10.1,30.5,25.6,22.77541760455084,88.44586402742692,7.0,8686.371674561437,25.9,17.7,17.1,15.8,29.2,30.5,31.3,25.2,25.7,60.699999999999996,111.0,9,247
2025-09-05,A3,BERABERIA,9.8,32.2,25.7,22.77541760455084,88.44586402742692,7.0,8686.371674561437,10.1,25.9,17.7,19.4,30.5,29.2,30.1,25.6,25.2,53.699999999999996,105.3,9,248
2025-09-06,A3,BERABERIA,1.3,32.6,25.5,22.77541760455084,88.44586402742692,7.0,8686.371674561437,9.8,10.1,25.9,12.8,32.2,30.5,31.0,25.7,25.6,45.79999999999999,95.7,9,249
2025-09-07,A3,BERABERIA,0.2,33.3,25.9,22.77541760455084,88.44586402742692,7.0,8686.371674561437,1.3,9.8,10.1,2.3,32.6,32.2,32.4,25.5,25.7,21.199999999999992,84.2,9,250
2025-09-08,A3,BERABERIA,0.6,33.0,25.9,22.77541760455084,88.44586402742692,7.0,8686.371674561437,0.2,1.3,9.8,17.1,33.3,32.6,33.7,25.9,25.5,11.299999999999994,82.10000000000001,9,251
2025-09-09,A3,BERABERIA,0.1,33.5,26.1,22.77541760455084,88.44586402742692,7.0,8686.371674561437,0.6,0.2,1.3,17.7,33.0,33.3,30.5,25.9,25.9,2.099999999999993,65.6,9,252
2025-09-10,A3,BERABERIA,0.0,34.2,26.6,22.77541760455084,88.44586402742692,7.0,8686.371674561437,0.1,0.6,0.2,25.9,33.5,33.0,29.2,26.1,25.9,0.8999999999999929,47.99999999999999,9,253
2025-09-11,A3,BERABERIA,6.6,33.4,26.4,22.77541760455084,88.44586402742692,7.0,8686.371674561437,0.0,0.1,0.6,10.1,34.2,33.5,30.5,26.6,26.1,0.6999999999999929,22.1,9,254
2025-09-12,A3,BERABERIA,15.7,31.6,25.3,22.77541760455084,88.44586402742692,7.0,8686.371674561437,6.6,0.0,0.1,9.8,33.4,34.2,32.2,26.4,26.6,6.699999999999992,18.6,9,255
2025-09-13,A3,BERABERIA,8.3,31.0,25.9,22.77541760455084,88.44586402742692,7.0,8686.371674561437,15.7,6.6,0.0,1.3,31.6,33.4,32.6,25.3,26.4,22.29999999999999,24.5,9,256
2025-09-14,A3,BERABERIA,13.5,31.2,26.3,22.77541760455084,88.44586402742692,7.0,8686.371674561437,8.3,15.7,6.6,0.2,31.0,31.6,33.3,25.9,25.3,30.599999999999994,31.5,9,257
2025-09-15,A3,BERABERIA,25.3,29.5,24.3,22.77541760455084,88.44586402742692,7.0,8686.371674561437,13.5,8.3,15.7,0.6,31.2,31.0,33.0,26.3,25.9,37.49999999999999,44.8,9,258
2025-09-16,A3,BERABERIA,7.9,30.0,24.5,22.77541760455084,88.44586402742692,7.0,8686.371674561437,25.3,13.5,8.3,0.1,29.5,31.2,33.5,24.3,26.3,47.099999999999994,69.5,9,259
2025-09-17,A3,BERABERIA,6.4,31.2,25.3,22.77541760455084,88.44586402742692,7.0,8686.371674561437,7.9,25.3,13.5,0.0,30.0,29.5,34.2,24.5,24.3,46.69999999999999,77.30000000000001,9,260
2025-09-18,A3,BERABERIA,3.2,32.2,26.5,22.77541760455084,88.44586402742692,7.0,8686.371674561437,6.4,7.9,25.3,6.6,31.2,30.0,33.4,25.3,24.5,39.599999999999994,83.7,9,261
2025-09-19,A3,BERABERIA,13.0,30.9,25.9,22.77541760455084,88.44586402742692,7.0,8686.371674561437,3.2,6.4,7.9,15.7,32.2,31.2,31.6,26.5,25.3,17.499999999999993,80.3,9,262
2025-09-20,A3,BERABERIA,6.5,32.4,26.2,22.77541760455084,88.44586402742692,7.0,8686.371674561437,13.0,3.2,6.4,8.3,30.9,32.2,31.0,25.9,26.5,22.599999999999994,77.6,9,263
2025-09-21,A3,BERABERIA,4.3,32.6,25.4,22.77541760455084,88.44586402742692,7.0,8686.371674561437,6.5,13.0,3.2,13.5,32.4,30.9,31.2,26.2,25.9,22.699999999999996,75.8,9,264
2025-09-22,A3,BERABERIA,16.2,30.0,25.5,22.77541760455084,88.44586402742692,7.0,8686.371674561437,4.3,6.5,13.0,25.3,32.6,32.4,29.5,25.4,26.2,23.79999999999999,66.6,9,265
2025-09-23,A3,BERABERIA,11.6,30.9,24.8,22.77541760455084,88.44586402742692,7.0,8686.371674561437,16.2,4.3,6.5,7.9,30.0,32.6,30.0,25.5,25.4,26.99999999999999,57.5,9,266
2025-09-24,A3,BERABERIA,10.5,31.5,25.1,22.77541760455084,88.44586402742692,7.0,8686.371674561437,11.6,16.2,4.3,6.4,30.9,30.0,31.2,24.8,25.5,32.09999999999999,61.2,9,267
2025-09-25,A3,BERABERIA,13.3,33.1,25.5,22.77541760455084,88.44586402742692,7.0,8686.371674561437,10.5,11.6,16.2,3.2,31.5,30.9,32.2,25.1,24.8,38.29999999999999,65.3,9,268
2025-09-26,A3,BERABERIA,9.3,31.7,25.6,22.77541760455084,88.44586402742692,7.0,8686.371674561437,13.3,10.5,11.6,13.0,33.1,31.5,30.9,25.5,25.1,35.39999999999999,75.4,9,269
2025-09-27,A3,BERABERIA,6.6,30.5,25.9,22.77541760455084,88.44586402742692,7.0,8686.371674561437,9.3,13.3,10.5,6.5,31.7,33.1,32.4,25.6,25.5,33.09999999999999,71.7,9,270
2025-09-28,A3,BERABERIA,7.7,31.8,25.5,22.77541760455084,88.44586402742692,7.0,8686.371674561437,6.6,9.3,13.3,4.3,30.5,31.7,32.6,25.9,25.6,29.19999999999999,71.8,9,271
2025-09-29,A3,BERABERIA,0.6,32.4,25.8,22.77541760455084,88.44586402742692,7.0,8686.371674561437,7.7,6.6,9.3,16.2,31.8,30.5,30.0,25.5,25.9,23.59999999999999,75.2,9,272
2025-09-30,A3,BERABERIA,7.4,32.4,26.2,22.77541760455084,88.44586402742692,7.0,8686.371674561437,0.6,7.7,6.6,11.6,32.4,31.8,30.9,25.8,25.5,14.89999999999999,59.6,9,273
2025-10-01,A3,BERABERIA,11.2,31.7,24.6,22.77541760455084,88.44586402742692,7.0,8686.371674561437,7.4,0.6,7.7,10.5,32.4,32.4,31.5,26.2,25.8,15.699999999999989,55.4,10,274
2025-10-02,A3,BERABERIA,41.7,27.4,24.5,22.77541760455084,88.44586402742692,7.0,8686.371674561437,11.2,7.4,0.6,13.3,31.7,32.4,33.1,24.6,26.2,19.19999999999999,56.099999999999994,10,275
2025-10-03,A3,BERABERIA,8.2,29.9,25.2,22.77541760455084,88.44586402742692,7.0,8686.371674561437,41.7,11.2,7.4,9.3,27.4,31.7,31.7,24.5,24.6,60.29999999999999,84.5,10,276
2025-10-04,A3,BERABERIA,12.2,32.0,25.3,22.77541760455084,88.44586402742692,7.0,8686.371674561437,8.2,41.7,11.2,6.6,29.9,27.4,30.5,25.2,24.5,61.099999999999994,83.4,10,277
2025-10-05,A3,BERABERIA,22.4,30.4,24.8,22.77541760455084,88.44586402742692,7.0,8686.371674561437,12.2,8.2,41.7,7.7,32.0,29.9,31.8,25.3,25.2,62.09999999999999,89.0,10,278
2025-10-06,A3,BERABERIA,6.4,29.3,24.7,22.77541760455084,88.44586402742692,7.0,8686.371674561437,22.4,12.2,8.2,0.6,30.4,32.0,32.4,24.8,25.3,42.79999999999998,103.69999999999999,10,279
2025-10-07,A3,BERABERIA,3.6,31.2,25.0,22.77541760455084,88.44586402742692,7.0,8686.371674561437,6.4,22.4,12.2,7.4,29.3,30.4,32.4,24.7,24.8,40.99999999999998,109.5,10,280
2025-10-08,A3,BERABERIA,8.9,30.7,24.8,22.77541760455084,88.44586402742692,7.0,8686.371674561437,3.6,6.4,22.4,11.2,31.2,29.3,31.7,25.0,24.7,32.399999999999984,105.69999999999999,10,281
2025-10-09,A3,BERABERIA,7.0,31.6,25.2,22.77541760455084,88.44586402742692,7.0,8686.371674561437,8.9,3.6,6.4,41.7,30.7,31.2,27.4,24.8,25.0,18.899999999999984,103.4,10,282
2025-10-10,A3,BERABERIA,7.3,31.5,24.5,22.77541760455084,88.44586402742692,7.0,8686.371674561437,7.0,8.9,3.6,8.2,31.6,30.7,29.9,25.2,24.8,19.499999999999986,68.7,10,283
2025-10-11,A3,BERABERIA,2.1,30.6,23.9,22.77541760455084,88.44586402742692,7.0,8686.371674561437,7.3,7.0,8.9,12.2,31.5,31.6,32.0,24.5,25.2,23.199999999999985,67.8,10,284
2025-10-12,A3,BERABERIA,0.0,31.3,24.8,22.77541760455084,88.44586402742692,7.0,8686.371674561437,2.1,7.3,7.0,22.4,30.6,31.5,30.4,23.9,24.5,16.399999999999984,57.699999999999996,10,285
2025-10-13,A3,BERABERIA,0.0,30.8,23.8,22.77541760455084,88.44586402742692,7.0,8686.371674561437,0.0,2.1,7.3,6.4,31.3,30.6,29.3,24.8,23.9,9.399999999999986,35.3,10,286
2025-10-14,A3,BERABERIA,0.0,31.2,23.6,22.77541760455084,88.44586402742692,7.0,8686.371674561437,0.0,0.0,2.1,3.6,30.8,31.3,31.2,23.8,24.8,2.099999999999986,28.900000000000002,10,287
2025-10-15,A3,BERABERIA,0.0,31.2,23.4,22.77541760455084,88.44586402742692,7.0,8686.371674561437,0.0,0.0,0.0,8.9,31.2,30.8,30.7,23.6,23.8,0.0,25.3,10,288
2025-10-16,A3,BERABERIA,0.0,31.0,22.2,22.77541760455084,88.44586402742692,7.0,8686.371674561437,0.0,0.0,0.0,7.0,31.2,31.2,31.6,23.4,23.6,0.0,16.4,10,289
2025-10-17,A3,BERABERIA,0.0,32.1,22.7,22.77541760455084,88.44586402742692,7.0,8686.371674561437,0.0,0.0,0.0,7.3,31.0,31.2,31.5,22.2,23.4,0.0,9.4,10,290
2025-10-18,A3,BERABERIA,1.2,32.0,24.1,22.77541760455084,88.44586402742692,7.0,8686.371674561437,0.0,0.0,0.0,2.1,32.1,31.0,30.6,22.7,22.2,0.0,2.1,10,291
2025-10-19,A3,BERABERIA,0.4,32.9,24.2,22.77541760455084,88.44586402742692,7.0,8686.371674561437,1.2,0.0,0.0,0.0,32.0,32.1,31.3,24.1,22.7,1.1999999999999857,1.2,10,292
2025-10-20,A3,BERABERIA,0.0,33.2,24.4,22.77541760455084,88.44586402742692,7.0,8686.371674561437,0.4,1.2,0.0,0.0,32.9,32.0,30.8,24.2,24.1,1.5999999999999859,1.6,10,293
2025-10-21,A3,BERABERIA,0.0,33.0,24.2,22.77541760455084,88.44586402742692,7.0,8686.371674561437,0.0,0.4,1.2,0.0,33.2,32.9,31.2,24.4,24.2,1.5999999999999859,1.6,10,294
2025-10-22,A3,BERABERIA,0.0,32.5,23.5,22.77541760455084,88.44586402742692,7.0,8686.371674561437,0.0,0.0,0.4,0.0,33.0,33.2,31.2,24.2,24.4,0.3999999999999858,1.6,10,295
2025-10-23,A3,BERABERIA,0.0,32.4,23.5,22.77541760455084,88.44586402742692,7.0,8686.371674561437,0.0,0.0,0.0,0.0,32.5,33.0,31.0,23.5,24.2,0.0,1.6,10,296
2025-10-24,A3,BERABERIA,0.0,32.3,23.4,22.77541760455084,88.44586402742692,7.0,8686.371674561437,0.0,0.0,0.0,0.0,32.4,32.5,32.1,23.5,23.5,0.0,1.6,10,297
2025-10-25,A3,BERABERIA,0.0,32.2,23.5,22.77541760455084,88.44586402742692,7.0,8686.371674561437,0.0,0.0,0.0,1.2,32.3,32.4,32.0,23.4,23.5,0.0,1.6,10,298
2025-10-26,A3,BERABERIA,0.0,32.2,24.4,22.77541760455084,88.44586402742692,7.0,8686.371674561437,0.0,0.0,0.0,0.4,32.2,32.3,32.9,23.5,23.4,0.0,0.4,10,299
2025-10-27,A3,BERABERIA,0.1,32.2,24.3,22.77541760455084,88.44586402742692,7.0,8686.371674561437,0.0,0.0,0.0,0.0,32.2,32.2,33.2,24.4,23.5,0.0,0.0,10,300
2025-10-28,A3,BERABERIA,0.8,32.7,24.8,22.77541760455084,88.44586402742692,7.0,8686.371674561437,0.1,0.0,0.0,0.0,32.2,32.2,33.0,24.3,24.4,0.0999999999999858,0.1,10,301
2025-10-29,A3,BERABERIA,14.2,28.3,24.6,22.77541760455084,88.44586402742692,7.0,8686.371674561437,0.8,0.1,0.0,0.0,32.7,32.2,32.5,24.8,24.3,0.8999999999999858,0.9,10,302
2025-10-30,A3,BERABERIA,9.9,29.9,23.9,22.77541760455084,88.44586402742692,7.0,8686.371674561437,14.2,0.8,0.1,0.0,28.3,32.7,32.4,24.6,24.8,15.099999999999985,15.1,10,303
2025-10-31,A3,BERABERIA,0.6,31.6,24.8,22.77541760455084,88.44586402742692,7.0,8686.371674561437,9.9,14.2,0.8,0.0,29.9,28.3,32.3,23.9,24.6,24.899999999999984,25.0,10,304
2025-11-01,A3,BERABERIA,17.0,30.4,25.2,22.77541760455084,88.44586402742692,7.0,8686.371674561437,0.6,9.9,14.2,0.0,31.6,29.9,32.2,24.8,23.9,24.699999999999985,25.6,11,305
2025-11-02,A3,BERABERIA,0.0,28.6,23.6,22.77541760455084,88.44586402742692,7.0,8686.371674561437,17.0,0.6,9.9,0.0,30.4,31.6,32.2,25.2,24.8,27.499999999999986,42.6,11,306
2025-11-03,A3,BERABERIA,0.0,29.7,22.3,22.77541760455084,88.44586402742692,7.0,8686.371674561437,0.0,17.0,0.6,0.1,28.6,30.4,32.2,23.6,25.2,17.599999999999987,42.6,11,307
2025-11-04,A3,BERABERIA,0.0,29.6,19.9,22.77541760455084,88.44586402742692,7.0,8686.371674561437,0.0,0.0,17.0,0.8,29.7,28.6,32.7,22.3,23.6,16.999999999999986,42.5,11,308
2025-11-05,A3,BERABERIA,0.0,29.8,21.4,22.77541760455084,88.44586402742692,7.0,8686.371674561437,0.0,0.0,0.0,14.2,29.6,29.7,28.3,19.9,22.3,0.0,41.7,11,309
2025-11-06,A3,BERABERIA,0.3,30.0,21.6,22.77541760455084,88.44586402742692,7.0,8686.371674561437,0.0,0.0,0.0,9.9,29.8,29.6,29.9,21.4,19.9,0.0,27.5,11,310
2025-11-07,A3,BERABERIA,0.0,30.0,22.8,22.77541760455084,88.44586402742692,7.0,8686.371674561437,0.3,0.0,0.0,0.6,30.0,29.8,31.6,21.6,21.4,0.2999999999999858,17.900000000000002,11,311
2025-11-08,A3,BERABERIA,0.0,29.2,19.9,22.77541760455084,88.44586402742692,7.0,8686.371674561437,0.0,0.3,0.0,17.0,30.0,30.0,30.4,22.8,21.6,0.2999999999999858,17.3,11,312
2025-11-09,A3,BERABERIA,0.0,28.0,17.8,22.77541760455084,88.44586402742692,7.0,8686.371674561437,0.0,0.0,0.3,0.0,29.2,30.0,28.6,19.9,22.8,0.2999999999999858,0.3,11,313
2025-11-10,A3,BERABERIA,0.0,28.6,18.3,22.77541760455084,88.44586402742692,7.0,8686.371674561437,0.0,0.0,0.0,0.0,28.0,29.2,29.7,17.8,19.9,0.0,0.3,11,314
2025-11-11,A3,BERABERIA,0.0,27.6,17.1,22.77541760455084,88.44586402742692,7.0,8686.371674561437,0.0,0.0,0.0,0.0,28.6,28.0,29.6,18.3,17.8,0.0,0.3,11,315
2025-11-12,A3,BERABERIA,0.0,26.7,17.0,22.77541760455084,88.44586402742692,7.0,8686.371674561437,0.0,0.0,0.0,0.0,27.6,28.6,29.8,17.1,18.3,0.0,0.3,11,316
2025-11-13,A3,BERABERIA,0.0,26.9,16.2,22.77541760455084,88.44586402742692,7.0,8686.371674561437,0.0,0.0,0.0,0.3,26.7,27.6,30.0,17.0,17.1,0.0,0.3,11,317
2025-11-14,A3,BERABERIA,0.0,26.9,16.4,22.77541760455084,88.44586402742692,7.0,8686.371674561437,0.0,0.0,0.0,0.0,26.9,26.7,30.0,16.2,17.0,0.0,0.0,11,318
2025-11-15,A3,BERABERIA,0.0,27.1,16.9,22.77541760455084,88.44586402742692,7.0,8686.371674561437,0.0,0.0,0.0,0.0,26.9,26.9,29.2,16.4,16.2,0.0,0.0,11,319
2025-11-16,A3,BERABERIA,0.0,27.0,16.6,22.77541760455084,88.44586402742692,7.0,8686.371674561437,0.0,0.0,0.0,0.0,27.1,26.9,28.0,16.9,16.4,0.0,0.0,11,320
2025-11-17,A3,BERABERIA,0.0,27.2,18.0,22.77541760455084,88.44586402742692,7.0,8686.371674561437,0.0,0.0,0.0,0.0,27.0,27.1,28.6,16.6,16.9,0.0,0.0,11,321
2025-11-18,A3,BERABERIA,0.0,28.0,17.7,22.77541760455084,88.44586402742692,7.0,8686.371674561437,0.0,0.0,0.0,0.0,27.2,27.0,27.6,18.0,16.6,0.0,0.0,11,322
2025-11-19,A3,BERABERIA,0.0,28.9,16.9,22.77541760455084,88.44586402742692,7.0,8686.371674561437,0.0,0.0,0.0,0.0,28.0,27.2,26.7,17.7,18.0,0.0,0.0,11,323
2025-11-20,A3,BERABERIA,0.0,28.4,17.8,22.77541760455084,88.44586402742692,7.0,8686.371674561437,0.0,0.0,0.0,0.0,28.9,28.0,26.9,16.9,17.7,0.0,0.0,11,324
2025-11-21,A3,BERABERIA,0.0,28.4,18.1,22.77541760455084,88.44586402742692,7.0,8686.371674561437,0.0,0.0,0.0,0.0,28.4,28.9,26.9,17.8,16.9,0.0,0.0,11,325
2025-11-22,A3,BERABERIA,0.0,28.0,17.3,22.77541760455084,88.44586402742692,7.0,8686.371674561437,0.0,0.0,0.0,0.0,28.4,28.4,27.1,18.1,17.8,0.0,0.0,11,326
2025-11-23,A3,BERABERIA,0.0,28.0,17.5,22.77541760455084,88.44586402742692,7.0,8686.371674561437,0.0,0.0,0.0,0.0,28.0,28.4,27.0,17.3,18.1,0.0,0.0,11,327
2025-11-24,A3,BERABERIA,0.0,27.2,17.3,22.77541760455084,88.44586402742692,7.0,8686.371674561437,0.0,0.0,0.0,0.0,28.0,28.0,27.2,17.5,17.3,0.0,0.0,11,328
2025-11-25,A3,BERABERIA,0.0,26.5,16.4,22.77541760455084,88.44586402742692,7.0,8686.371674561437,0.0,0.0,0.0,0.0,27.2,28.0,28.0,17.3,17.5,0.0,0.0,11,329
2025-11-26,A3,BERABERIA,0.0,26.3,15.9,22.77541760455084,88.44586402742692,7.0,8686.371674561437,0.0,0.0,0.0,0.0,26.5,27.2,28.9,16.4,17.3,0.0,0.0,11,330
2025-11-27,A3,BERABERIA,0.0,27.4,16.1,22.77541760455084,88.44586402742692,7.0,8686.371674561437,0.0,0.0,0.0,0.0,26.3,26.5,28.4,15.9,16.4,0.0,0.0,11,331
2025-11-28,A3,BERABERIA,0.0,27.8,16.6,22.77541760455084,88.44586402742692,7.0,8686.371674561437,0.0,0.0,0.0,0.0,27.4,26.3,28.4,16.1,15.9,0.0,0.0,11,332
2025-11-29,A3,BERABERIA,0.0,27.6,16.8,22.77541760455084,88.44586402742692,7.0,8686.371674561437,0.0,0.0,0.0,0.0,27.8,27.4,28.0,16.6,16.1,0.0,0.0,11,333
2025-11-30,A3,BERABERIA,0.0,27.5,16.9,22.77541760455084,88.44586402742692,7.0,8686.371674561437,0.0,0.0,0.0,0.0,27.6,27.8,28.0,16.8,16.6,0.0,0.0,11,334
2025-12-01,A3,BERABERIA,0.0,27.2,17.5,22.77541760455084,88.44586402742692,7.0,8686.371674561437,0.0,0.0,0.0,0.0,27.5,27.6,27.2,16.9,16.8,0.0,0.0,12,335
2025-12-02,A3,BERABERIA,0.0,27.3,18.2,22.77541760455084,88.44586402742692,7.0,8686.371674561437,0.0,0.0,0.0,0.0,27.2,27.5,26.5,17.5,16.9,0.0,0.0,12,336
2025-12-03,A3,BERABERIA,0.0,26.6,16.5,22.77541760455084,88.44586402742692,7.0,8686.371674561437,0.0,0.0,0.0,0.0,27.3,27.2,26.3,18.2,17.5,0.0,0.0,12,337
2025-12-04,A3,BERABERIA,0.0,25.9,14.9,22.77541760455084,88.44586402742692,7.0,8686.371674561437,0.0,0.0,0.0,0.0,26.6,27.3,27.4,16.5,18.2,0.0,0.0,12,338
2025-12-05,A3,BERABERIA,0.0,26.2,15.8,22.77541760455084,88.44586402742692,7.0,8686.371674561437,0.0,0.0,0.0,0.0,25.9,26.6,27.8,14.9,16.5,0.0,0.0,12,339
2025-12-06,A3,BERABERIA,0.0,25.3,13.7,22.77541760455084,88.44586402742692,7.0,8686.371674561437,0.0,0.0,0.0,0.0,26.2,25.9,27.6,15.8,14.9,0.0,0.0,12,340
2025-12-07,A3,BERABERIA,0.0,25.5,14.0,22.77541760455084,88.44586402742692,7.0,8686.371674561437,0.0,0.0,0.0,0.0,25.3,26.2,27.5,13.7,15.8,0.0,0.0,12,341
2025-12-08,A3,BERABERIA,0.0,25.5,14.4,22.77541760455084,88.44586402742692,7.0,8686.371674561437,0.0,0.0,0.0,0.0,25.5,25.3,27.2,14.0,13.7,0.0,0.0,12,342
2025-12-09,A3,BERABERIA,0.0,25.8,14.5,22.77541760455084,88.44586402742692,7.0,8686.371674561437,0.0,0.0,0.0,0.0,25.5,25.5,27.3,14.4,14.0,0.0,0.0,12,343
2025-12-10,A3,BERABERIA,0.0,25.9,15.1,22.77541760455084,88.44586402742692,7.0,8686.371674561437,0.0,0.0,0.0,0.0,25.8,25.5,26.6,14.5,14.4,0.0,0.0,12,344
2025-12-11,A3,BERABERIA,0.0,25.7,14.5,22.77541760455084,88.44586402742692,7.0,8686.371674561437,0.0,0.0,0.0,0.0,25.9,25.8,25.9,15.1,14.5,0.0,0.0,12,345
2025-12-12,A3,BERABERIA,0.0,25.8,14.5,22.77541760455084,88.44586402742692,7.0,8686.371674561437,0.0,0.0,0.0,0.0,25.7,25.9,26.2,14.5,15.1,0.0,0.0,12,346
2025-12-13,A3,BERABERIA,0.0,26.0,15.0,22.77541760455084,88.44586402742692,7.0,8686.371674561437,0.0,0.0,0.0,0.0,25.8,25.7,25.3,14.5,14.5,0.0,0.0,12,347
2025-12-14,A3,BERABERIA,0.0,27.0,15.5,22.77541760455084,88.44586402742692,7.0,8686.371674561437,0.0,0.0,0.0,0.0,26.0,25.8,25.5,15.0,14.5,0.0,0.0,12,348
2025-12-15,A3,BERABERIA,0.0,26.8,15.6,22.77541760455084,88.44586402742692,7.0,8686.371674561437,0.0,0.0,0.0,0.0,27.0,26.0,25.5,15.5,15.0,0.0,0.0,12,349
2025-12-16,A3,BERABERIA,0.0,25.7,15.1,22.77541760455084,88.44586402742692,7.0,8686.371674561437,0.0,0.0,0.0,0.0,26.8,27.0,25.8,15.6,15.5,0.0,0.0,12,350
2025-12-17,A3,BERABERIA,0.0,25.6,15.0,22.77541760455084,88.44586402742692,7.0,8686.371674561437,0.0,0.0,0.0,0.0,25.7,26.8,25.9,15.1,15.6,0.0,0.0,12,351
2025-12-18,A3,BERABERIA,0.0,27.1,15.7,22.77541760455084,88.44586402742692,7.0,8686.371674561437,0.0,0.0,0.0,0.0,25.6,25.7,25.7,15.0,15.1,0.0,0.0,12,352
2025-12-19,A3,BERABERIA,0.0,26.6,16.0,22.77541760455084,88.44586402742692,7.0,8686.371674561437,0.0,0.0,0.0,0.0,27.1,25.6,25.8,15.7,15.0,0.0,0.0,12,353
2025-12-20,A3,BERABERIA,0.3,24.3,16.3,22.77541760455084,88.44586402742692,7.0,8686.371674561437,0.0,0.0,0.0,0.0,26.6,27.1,26.0,16.0,15.7,0.0,0.0,12,354
2025-12-21,A3,BERABERIA,0.0,24.2,14.8,22.77541760455084,88.44586402742692,7.0,8686.371674561437,0.3,0.0,0.0,0.0,24.3,26.6,27.0,16.3,16.0,0.2999999999999858,0.3,12,355
2025-12-22,A3,BERABERIA,0.0,25.1,14.7,22.77541760455084,88.44586402742692,7.0,8686.371674561437,0.0,0.3,0.0,0.0,24.2,24.3,26.8,14.8,16.3,0.2999999999999858,0.3,12,356
2025-12-23,A3,BERABERIA,0.0,24.4,14.4,22.77541760455084,88.44586402742692,7.0,8686.371674561437,0.0,0.0,0.3,0.0,25.1,24.2,25.7,14.7,14.8,0.2999999999999858,0.3,12,357
2025-12-24,A3,BERABERIA,0.0,24.1,14.0,22.77541760455084,88.44586402742692,7.0,8686.371674561437,0.0,0.0,0.0,0.0,24.4,25.1,25.6,14.4,14.7,0.0,0.3,12,358
2025-12-25,A3,BERABERIA,0.0,22.1,13.0,22.77541760455084,88.44586402742692,7.0,8686.371674561437,0.0,0.0,0.0,0.0,24.1,24.4,27.1,14.0,14.4,0.0,0.3,12,359
2025-12-26,A3,BERABERIA,0.0,22.3,11.6,22.77541760455084,88.44586402742692,7.0,8686.371674561437,0.0,0.0,0.0,0.0,22.1,24.1,26.6,13.0,14.0,0.0,0.3,12,360
2025-12-27,A3,BERABERIA,0.0,23.3,12.5,22.77541760455084,88.44586402742692,7.0,8686.371674561437,0.0,0.0,0.0,0.3,22.3,22.1,24.3,11.6,13.0,0.0,0.3,12,361
2025-12-28,A3,BERABERIA,0.0,22.4,13.0,22.77541760455084,88.44586402742692,7.0,8686.371674561437,0.0,0.0,0.0,0.0,23.3,22.3,24.2,12.5,11.6,0.0,0.0,12,362
2025-12-29,A3,BERABERIA,0.0,21.0,12.2,22.77541760455084,88.44586402742692,7.0,8686.371674561437,0.0,0.0,0.0,0.0,22.4,23.3,25.1,13.0,12.5,0.0,0.0,12,363
2025-12-30,A3,BERABERIA,0.0,20.1,11.1,22.77541760455084,88.44586402742692,7.0,8686.371674561437,0.0,0.0,0.0,0.0,21.0,22.4,24.4,12.2,13.0,0.0,0.0,12,364
2025-12-31,A3,BERABERIA,0.0,21.4,9.9,22.77541760455084,88.44586402742692,7.0,8686.371674561437,0.0,0.0,0.0,0.0,20.1,21.0,24.1,11.1,12.2,0.0,0.0,12,365
2024-01-08,A4,BODAI,0.0,25.6,15.2,22.7930050666728,88.47801808816678,6.0,11369.58505495532,0.0,0.0,0.0,0.0,25.9,26.3,24.8,15.0,13.0,0.0,0.0,1,8
2024-01-09,A4,BODAI,0.0,25.0,13.6,22.7930050666728,88.47801808816678,6.0,11369.58505495532,0.0,0.0,0.0,0.0,25.6,25.9,23.2,15.2,15.0,0.0,0.0,1,9
2024-01-10,A4,BODAI,0.0,25.6,12.5,22.7930050666728,88.47801808816678,6.0,11369.58505495532,0.0,0.0,0.0,0.0,25.0,25.6,24.3,13.6,15.2,0.0,0.0,1,10
2024-01-11,A4,BODAI,0.0,24.8,13.4,22.7930050666728,88.47801808816678,6.0,11369.58505495532,0.0,0.0,0.0,0.0,25.6,25.0,25.1,12.5,13.6,0.0,0.0,1,11
2024-01-12,A4,BODAI,0.0,22.6,11.3,22.7930050666728,88.47801808816678,6.0,11369.58505495532,0.0,0.0,0.0,0.0,24.8,25.6,25.6,13.4,12.5,0.0,0.0,1,12
2024-01-13,A4,BODAI,0.0,22.5,9.9,22.7930050666728,88.47801808816678,6.0,11369.58505495532,0.0,0.0,0.0,0.0,22.6,24.8,26.3,11.3,13.4,0.0,0.0,1,13
2024-01-14,A4,BODAI,0.0,22.1,10.2,22.7930050666728,88.47801808816678,6.0,11369.58505495532,0.0,0.0,0.0,0.0,22.5,22.6,25.9,9.9,11.3,0.0,0.0,1,14
2024-01-15,A4,BODAI,0.0,21.7,10.1,22.7930050666728,88.47801808816678,6.0,11369.58505495532,0.0,0.0,0.0,0.0,22.1,22.5,25.6,10.2,9.9,0.0,0.0,1,15
2024-01-16,A4,BODAI,0.0,22.0,10.4,22.7930050666728,88.47801808816678,6.0,11369.58505495532,0.0,0.0,0.0,0.0,21.7,22.1,25.0,10.1,10.2,0.0,0.0,1,16
2024-01-17,A4,BODAI,0.1,23.3,10.1,22.7930050666728,88.47801808816678,6.0,11369.58505495532,0.0,0.0,0.0,0.0,22.0,21.7,25.6,10.4,10.1,0.0,0.0,1,17
2024-01-18,A4,BODAI,4.2,21.8,14.8,22.7930050666728,88.47801808816678,6.0,11369.58505495532,0.1,0.0,0.0,0.0,23.3,22.0,24.8,10.1,10.4,0.1,0.1,1,18
2024-01-19,A4,BODAI,0.0,22.9,14.7,22.7930050666728,88.47801808816678,6.0,11369.58505495532,4.2,0.1,0.0,0.0,21.8,23.3,22.6,14.8,10.1,4.3,4.3,1,19
2024-01-20,A4,BODAI,0.0,22.3,12.4,22.7930050666728,88.47801808816678,6.0,11369.58505495532,0.0,4.2,0.1,0.0,22.9,21.8,22.5,14.7,14.8,4.3,4.3,1,20
2024-01-21,A4,BODAI,0.0,22.3,13.0,22.7930050666728,88.47801808816678,6.0,11369.58505495532,0.0,0.0,4.2,0.0,22.3,22.9,22.1,12.4,14.7,4.2,4.3,1,21
2024-01-22,A4,BODAI,0.0,20.9,10.6,22.7930050666728,88.47801808816678,6.0,11369.58505495532,0.0,0.0,0.0,0.0,22.3,22.3,21.7,13.0,12.4,0.0,4.3,1,22
2024-01-23,A4,BODAI,0.0,22.3,9.0,22.7930050666728,88.47801808816678,6.0,11369.58505495532,0.0,0.0,0.0,0.0,20.9,22.3,22.0,10.6,13.0,0.0,4.3,1,23
2024-01-24,A4,BODAI,3.2,21.5,15.0,22.7930050666728,88.47801808816678,6.0,11369.58505495532,0.0,0.0,0.0,0.1,22.3,20.9,23.3,9.0,10.6,0.0,4.3,1,24
2024-01-25,A4,BODAI,0.0,22.8,12.8,22.7930050666728,88.47801808816678,6.0,11369.58505495532,3.2,0.0,0.0,4.2,21.5,22.3,21.8,15.0,9.0,3.2,7.4,1,25
2024-01-26,A4,BODAI,0.0,22.7,11.9,22.7930050666728,88.47801808816678,6.0,11369.58505495532,0.0,3.2,0.0,0.0,22.8,21.5,22.9,12.8,15.0,3.2,3.2,1,26
2024-01-27,A4,BODAI,0.0,22.7,10.8,22.7930050666728,88.47801808816678,6.0,11369.58505495532,0.0,0.0,3.2,0.0,22.7,22.8,22.3,11.9,12.8,3.2,3.2,1,27
2024-01-28,A4,BODAI,0.0,23.3,10.1,22.7930050666728,88.47801808816678,6.0,11369.58505495532,0.0,0.0,0.0,0.0,22.7,22.7,22.3,10.8,11.9,0.0,3.2,1,28
2024-01-29,A4,BODAI,0.0,24.7,10.8,22.7930050666728,88.47801808816678,6.0,11369.58505495532,0.0,0.0,0.0,0.0,23.3,22.7,20.9,10.1,10.8,0.0,3.2,1,29
2024-01-30,A4,BODAI,0.7,26.2,12.9,22.7930050666728,88.47801808816678,6.0,11369.58505495532,0.0,0.0,0.0,0.0,24.7,23.3,22.3,10.8,10.1,0.0,3.2,1,30
2024-01-31,A4,BODAI,27.1,25.1,17.4,22.7930050666728,88.47801808816678,6.0,11369.58505495532,0.7,0.0,0.0,3.2,26.2,24.7,21.5,12.9,10.8,0.7,3.9000000000000004,1,31
2024-02-01,A4,BODAI,6.3,24.5,16.2,22.7930050666728,88.47801808816678,6.0,11369.58505495532,27.1,0.7,0.0,0.0,25.1,26.2,22.8,17.4,12.9,27.8,27.8,2,32
2024-02-02,A4,BODAI,0.1,26.5,16.4,22.7930050666728,88.47801808816678,6.0,11369.58505495532,6.3,27.1,0.7,0.0,24.5,25.1,22.7,16.2,17.4,34.1,34.1,2,33
2024-02-03,A4,BODAI,0.0,25.8,15.2,22.7930050666728,88.47801808816678,6.0,11369.58505495532,0.1,6.3,27.1,0.0,26.5,24.5,22.7,16.4,16.2,33.5,34.2,2,34
2024-02-04,A4,BODAI,0.0,26.0,12.4,22.7930050666728,88.47801808816678,6.0,11369.58505495532,0.0,0.1,6.3,0.0,25.8,26.5,23.3,15.2,16.4,6.3999999999999995,34.2,2,35
2024-02-05,A4,BODAI,0.0,26.8,14.5,22.7930050666728,88.47801808816678,6.0,11369.58505495532,0.0,0.0,0.1,0.0,26.0,25.8,24.7,12.4,15.2,0.1,34.2,2,36
2024-02-06,A4,BODAI,0.7,27.0,17.8,22.7930050666728,88.47801808816678,6.0,11369.58505495532,0.0,0.0,0.0,0.7,26.8,26.0,26.2,14.5,12.4,0.0,34.2,2,37
2024-02-07,A4,BODAI,0.0,25.2,17.9,22.7930050666728,88.47801808816678,6.0,11369.58505495532,0.7,0.0,0.0,27.1,27.0,26.8,25.1,17.8,14.5,0.7,34.199999999999996,2,38
2024-02-08,A4,BODAI,0.0,24.2,14.4,22.7930050666728,88.47801808816678,6.0,11369.58505495532,0.0,0.7,0.0,6.3,25.2,27.0,24.5,17.9,17.8,0.7,7.1,2,39
2024-02-09,A4,BODAI,0.0,22.9,12.2,22.7930050666728,88.47801808816678,6.0,11369.58505495532,0.0,0.0,0.7,0.1,24.2,25.2,26.5,14.4,17.9,0.7,0.7999999999999999,2,40
2024-02-10,A4,BODAI,0.0,24.6,11.4,22.7930050666728,88.47801808816678,6.0,11369.58505495532,0.0,0.0,0.0,0.0,22.9,24.2,25.8,12.2,14.4,0.0,0.7,2,41
2024-02-11,A4,BODAI,0.0,26.4,11.9,22.7930050666728,88.47801808816678,6.0,11369.58505495532,0.0,0.0,0.0,0.0,24.6,22.9,26.0,11.4,12.2,0.0,0.7,2,42
2024-02-12,A4,BODAI,0.0,27.3,13.8,22.7930050666728,88.47801808816678,6.0,11369.58505495532,0.0,0.0,0.0,0.0,26.4,24.6,26.8,11.9,11.4,0.0,0.7,2,43
2024-02-13,A4,BODAI,0.0,28.9,16.7,22.7930050666728,88.47801808816678,6.0,11369.58505495532,0.0,0.0,0.0,0.7,27.3,26.4,27.0,13.8,11.9,0.0,0.7,2,44
2024-02-14,A4,BODAI,0.0,28.3,15.8,22.7930050666728,88.47801808816678,6.0,11369.58505495532,0.0,0.0,0.0,0.0,28.9,27.3,25.2,16.7,13.8,0.0,0.0,2,45
2024-02-15,A4,BODAI,0.6,27.8,17.0,22.7930050666728,88.47801808816678,6.0,11369.58505495532,0.0,0.0,0.0,0.0,28.3,28.9,24.2,15.8,16.7,0.0,0.0,2,46
2024-02-16,A4,BODAI,0.0,28.5,17.3,22.7930050666728,88.47801808816678,6.0,11369.58505495532,0.6,0.0,0.0,0.0,27.8,28.3,22.9,17.0,15.8,0.6,0.6,2,47
2024-02-17,A4,BODAI,0.0,27.7,15.0,22.7930050666728,88.47801808816678,6.0,11369.58505495532,0.0,0.6,0.0,0.0,28.5,27.8,24.6,17.3,17.0,0.6,0.6,2,48
2024-02-18,A4,BODAI,0.2,28.6,14.9,22.7930050666728,88.47801808816678,6.0,11369.58505495532,0.0,0.0,0.6,0.0,27.7,28.5,26.4,15.0,17.3,0.6,0.6,2,49
2024-02-19,A4,BODAI,0.4,29.6,17.8,22.7930050666728,88.47801808816678,6.0,11369.58505495532,0.2,0.0,0.0,0.0,28.6,27.7,27.3,14.9,15.0,0.2,0.8,2,50
2024-02-20,A4,BODAI,0.3,31.4,20.8,22.7930050666728,88.47801808816678,6.0,11369.58505495532,0.4,0.2,0.0,0.0,29.6,28.6,28.9,17.8,14.9,0.6000000000000001,1.2,2,51
2024-02-21,A4,BODAI,0.0,32.7,20.2,22.7930050666728,88.47801808816678,6.0,11369.58505495532,0.3,0.4,0.2,0.0,31.4,29.6,28.3,20.8,17.8,0.9,1.5,2,52
2024-02-22,A4,BODAI,0.1,28.8,20.5,22.7930050666728,88.47801808816678,6.0,11369.58505495532,0.0,0.3,0.4,0.6,32.7,31.4,27.8,20.2,20.8,0.7,1.5,2,53
2024-02-23,A4,BODAI,0.0,28.4,19.3,22.7930050666728,88.47801808816678,6.0,11369.58505495532,0.1,0.0,0.3,0.0,28.8,32.7,28.5,20.5,20.2,0.4,1.0,2,54
2024-02-24,A4,BODAI,0.0,28.2,16.7,22.7930050666728,88.47801808816678,6.0,11369.58505495532,0.0,0.1,0.0,0.0,28.4,28.8,27.7,19.3,20.5,0.1,1.0,2,55
2024-02-25,A4,BODAI,0.5,25.0,17.9,22.7930050666728,88.47801808816678,6.0,11369.58505495532,0.0,0.0,0.1,0.2,28.2,28.4,28.6,16.7,19.3,0.1,1.0,2,56
2024-02-26,A4,BODAI,0.0,28.0,16.9,22.7930050666728,88.47801808816678,6.0,11369.58505495532,0.5,0.0,0.0,0.4,25.0,28.2,29.6,17.9,16.7,0.5,1.3,2,57
2024-02-27,A4,BODAI,0.0,28.5,17.2,22.7930050666728,88.47801808816678,6.0,11369.58505495532,0.0,0.5,0.0,0.3,28.0,25.0,31.4,16.9,17.9,0.5,0.8999999999999999,2,58
2024-02-28,A4,BODAI,0.0,29.1,17.8,22.7930050666728,88.47801808816678,6.0,11369.58505495532,0.0,0.0,0.5,0.0,28.5,28.0,32.7,17.2,16.9,0.5,0.6,2,59
2024-02-29,A4,BODAI,0.0,29.6,17.8,22.7930050666728,88.47801808816678,6.0,11369.58505495532,0.0,0.0,0.0,0.1,29.1,28.5,28.8,17.8,17.2,0.0,0.6,2,60
2024-03-01,A4,BODAI,0.0,30.2,16.4,22.7930050666728,88.47801808816678,6.0,11369.58505495532,0.0,0.0,0.0,0.0,29.6,29.1,28.4,17.8,17.8,0.0,0.5,3,61
2024-03-02,A4,BODAI,0.0,30.6,15.9,22.7930050666728,88.47801808816678,6.0,11369.58505495532,0.0,0.0,0.0,0.0,30.2,29.6,28.2,16.4,17.8,0.0,0.5,3,62
2024-03-03,A4,BODAI,0.2,31.2,18.7,22.7930050666728,88.47801808816678,6.0,11369.58505495532,0.0,0.0,0.0,0.5,30.6,30.2,25.0,15.9,16.4,0.0,0.5,3,63
2024-03-04,A4,BODAI,1.1,31.2,19.2,22.7930050666728,88.47801808816678,6.0,11369.58505495532,0.2,0.0,0.0,0.0,31.2,30.6,28.0,18.7,15.9,0.2,0.2,3,64
2024-03-05,A4,BODAI,0.0,30.4,19.8,22.7930050666728,88.47801808816678,6.0,11369.58505495532,1.1,0.2,0.0,0.0,31.2,31.2,28.5,19.2,18.7,1.3,1.3,3,65
2024-03-06,A4,BODAI,0.0,28.9,17.8,22.7930050666728,88.47801808816678,6.0,11369.58505495532,0.0,1.1,0.2,0.0,30.4,31.2,29.1,19.8,19.2,1.3,1.3,3,66
2024-03-07,A4,BODAI,0.0,28.3,18.4,22.7930050666728,88.47801808816678,6.0,11369.58505495532,0.0,0.0,1.1,0.0,28.9,30.4,29.6,17.8,19.8,1.1,1.3,3,67
2024-03-08,A4,BODAI,0.0,29.9,18.4,22.7930050666728,88.47801808816678,6.0,11369.58505495532,0.0,0.0,0.0,0.0,28.3,28.9,30.2,18.4,17.8,0.0,1.3,3,68
2024-03-09,A4,BODAI,0.0,29.3,15.1,22.7930050666728,88.47801808816678,6.0,11369.58505495532,0.0,0.0,0.0,0.0,29.9,28.3,30.6,18.4,18.4,0.0,1.3,3,69
2024-03-10,A4,BODAI,0.0,29.2,14.7,22.7930050666728,88.47801808816678,6.0,11369.58505495532,0.0,0.0,0.0,0.2,29.3,29.9,31.2,15.1,18.4,0.0,1.3,3,70
2024-03-11,A4,BODAI,0.0,30.6,14.5,22.7930050666728,88.47801808816678,6.0,11369.58505495532,0.0,0.0,0.0,1.1,29.2,29.3,31.2,14.7,15.1,0.0,1.1,3,71
2024-03-12,A4,BODAI,0.0,32.7,19.6,22.7930050666728,88.47801808816678,6.0,11369.58505495532,0.0,0.0,0.0,0.0,30.6,29.2,30.4,14.5,14.7,0.0,0.0,3,72
2024-03-13,A4,BODAI,0.6,33.6,23.2,22.7930050666728,88.47801808816678,6.0,11369.58505495532,0.0,0.0,0.0,0.0,32.7,30.6,28.9,19.6,14.5,0.0,0.0,3,73
2024-03-14,A4,BODAI,12.3,31.8,21.5,22.7930050666728,88.47801808816678,6.0,11369.58505495532,0.6,0.0,0.0,0.0,33.6,32.7,28.3,23.2,19.6,0.6,0.6,3,74
2024-03-15,A4,BODAI,0.9,33.4,21.9,22.7930050666728,88.47801808816678,6.0,11369.58505495532,12.3,0.6,0.0,0.0,31.8,33.6,29.9,21.5,23.2,12.9,12.9,3,75
2024-03-16,A4,BODAI,1.4,31.7,22.5,22.7930050666728,88.47801808816678,6.0,11369.58505495532,0.9,12.3,0.6,0.0,33.4,31.8,29.3,21.9,21.5,13.8,13.8,3,76
2024-03-17,A4,BODAI,0.0,31.6,21.4,22.7930050666728,88.47801808816678,6.0,11369.58505495532,1.4,0.9,12.3,0.0,31.7,33.4,29.2,22.5,21.9,14.600000000000001,15.2,3,77
2024-03-18,A4,BODAI,2.0,29.6,21.7,22.7930050666728,88.47801808816678,6.0,11369.58505495532,0.0,1.4,0.9,0.0,31.6,31.7,30.6,21.4,22.5,2.3,15.2,3,78
2024-03-19,A4,BODAI,11.9,30.2,22.6,22.7930050666728,88.47801808816678,6.0,11369.58505495532,2.0,0.0,1.4,0.0,29.6,31.6,32.7,21.7,21.4,3.4,17.2,3,79
2024-03-20,A4,BODAI,12.9,23.5,18.4,22.7930050666728,88.47801808816678,6.0,11369.58505495532,11.9,2.0,0.0,0.6,30.2,29.6,33.6,22.6,21.7,13.9,29.1,3,80
2024-03-21,A4,BODAI,7.4,26.5,18.3,22.7930050666728,88.47801808816678,6.0,11369.58505495532,12.9,11.9,2.0,12.3,23.5,30.2,31.8,18.4,22.6,26.8,41.4,3,81
2024-03-22,A4,BODAI,0.3,27.5,16.7,22.7930050666728,88.47801808816678,6.0,11369.58505495532,7.4,12.9,11.9,0.9,26.5,23.5,33.4,18.3,18.4,32.2,36.5,3,82
2024-03-23,A4,BODAI,5.0,31.9,19.1,22.7930050666728,88.47801808816678,6.0,11369.58505495532,0.3,7.4,12.9,1.4,27.5,26.5,31.7,16.7,18.3,20.6,35.900000000000006,3,83
2024-03-24,A4,BODAI,0.0,33.7,23.7,22.7930050666728,88.47801808816678,6.0,11369.58505495532,5.0,0.3,7.4,0.0,31.9,27.5,31.6,19.1,16.7,12.7,39.5,3,84
2024-03-25,A4,BODAI,15.3,33.0,22.7,22.7930050666728,88.47801808816678,6.0,11369.58505495532,0.0,5.0,0.3,2.0,33.7,31.9,29.6,23.7,19.1,5.3,39.5,3,85
2024-03-26,A4,BODAI,0.0,32.4,23.8,22.7930050666728,88.47801808816678,6.0,11369.58505495532,15.3,0.0,5.0,11.9,33.0,33.7,30.2,22.7,23.7,20.3,52.8,3,86
2024-03-27,A4,BODAI,0.1,34.4,22.7,22.7930050666728,88.47801808816678,6.0,11369.58505495532,0.0,15.3,0.0,12.9,32.4,33.0,23.5,23.8,22.7,15.3,40.900000000000006,3,87
2024-03-28,A4,BODAI,0.3,32.8,22.3,22.7930050666728,88.47801808816678,6.0,11369.58505495532,0.1,0.0,15.3,7.4,34.4,32.4,26.5,22.7,23.8,15.4,28.100000000000005,3,88
2024-03-29,A4,BODAI,0.2,34.2,24.7,22.7930050666728,88.47801808816678,6.0,11369.58505495532,0.3,0.1,0.0,0.3,32.8,34.4,27.5,22.3,22.7,0.4,21.0,3,89
2024-03-30,A4,BODAI,0.3,35.7,24.8,22.7930050666728,88.47801808816678,6.0,11369.58505495532,0.2,0.3,0.1,5.0,34.2,32.8,31.9,24.7,22.3,0.6000000000000001,20.900000000000002,3,90
2024-03-31,A4,BODAI,4.8,34.7,25.1,22.7930050666728,88.47801808816678,6.0,11369.58505495532,0.3,0.2,0.3,0.0,35.7,34.2,33.7,24.8,24.7,0.8,16.2,3,91
2024-04-01,A4,BODAI,0.0,36.4,25.1,22.7930050666728,88.47801808816678,6.0,11369.58505495532,4.8,0.3,0.2,15.3,34.7,35.7,33.0,25.1,24.8,5.3,21.0,4,92
2024-04-02,A4,BODAI,0.0,35.7,23.9,22.7930050666728,88.47801808816678,6.0,11369.58505495532,0.0,4.8,0.3,0.0,36.4,34.7,32.4,25.1,25.1,5.1,5.7,4,93
2024-04-03,A4,BODAI,0.0,36.0,25.1,22.7930050666728,88.47801808816678,6.0,11369.58505495532,0.0,0.0,4.8,0.1,35.7,36.4,34.4,23.9,25.1,4.8,5.7,4,94
2024-04-04,A4,BODAI,23.9,37.2,25.9,22.7930050666728,88.47801808816678,6.0,11369.58505495532,0.0,0.0,0.0,0.3,36.0,35.7,32.8,25.1,23.9,0.0,5.6000000000000005,4,95
2024-04-05,A4,BODAI,0.0,37.4,26.3,22.7930050666728,88.47801808816678,6.0,11369.58505495532,23.9,0.0,0.0,0.2,37.2,36.0,34.2,25.9,25.1,23.9,29.2,4,96
2024-04-06,A4,BODAI,0.2,37.8,25.9,22.7930050666728,88.47801808816678,6.0,11369.58505495532,0.0,23.9,0.0,0.3,37.4,37.2,35.7,26.3,25.9,23.9,29.0,4,97
2024-04-07,A4,BODAI,1.0,36.2,25.8,22.7930050666728,88.47801808816678,6.0,11369.58505495532,0.2,0.0,23.9,4.8,37.8,37.4,34.7,25.9,26.3,24.099999999999998,28.9,4,98
2024-04-08,A4,BODAI,0.0,31.3,22.6,22.7930050666728,88.47801808816678,6.0,11369.58505495532,1.0,0.2,0.0,0.0,36.2,37.8,36.4,25.8,25.9,1.2,25.099999999999998,4,99
2024-04-09,A4,BODAI,0.0,34.7,22.1,22.7930050666728,88.47801808816678,6.0,11369.58505495532,0.0,1.0,0.2,0.0,31.3,36.2,35.7,22.6,25.8,1.2,25.099999999999998,4,100
2024-04-10,A4,BODAI,0.0,35.8,22.7,22.7930050666728,88.47801808816678,6.0,11369.58505495532,0.0,0.0,1.0,0.0,34.7,31.3,36.0,22.1,22.6,1.0,25.099999999999998,4,101
2024-04-11,A4,BODAI,6.0,33.2,23.9,22.7930050666728,88.47801808816678,6.0,11369.58505495532,0.0,0.0,0.0,23.9,35.8,34.7,37.2,22.7,22.1,0.0,25.099999999999998,4,102
2024-04-12,A4,BODAI,0.0,35.0,23.5,22.7930050666728,88.47801808816678,6.0,11369.58505495532,6.0,0.0,0.0,0.0,33.2,35.8,37.4,23.9,22.7,6.0,7.2,4,103
2024-04-13,A4,BODAI,0.0,36.1,23.7,22.7930050666728,88.47801808816678,6.0,11369.58505495532,0.0,6.0,0.0,0.2,35.0,33.2,37.8,23.5,23.9,6.0,7.2,4,104
2024-04-14,A4,BODAI,0.0,36.9,23.2,22.7930050666728,88.47801808816678,6.0,11369.58505495532,0.0,0.0,6.0,1.0,36.1,35.0,36.2,23.7,23.5,6.0,7.0,4,105
2024-04-15,A4,BODAI,0.0,38.2,23.9,22.7930050666728,88.47801808816678,6.0,11369.58505495532,0.0,0.0,0.0,0.0,36.9,36.1,31.3,23.2,23.7,0.0,6.0,4,106
2024-04-16,A4,BODAI,0.0,38.2,26.3,22.7930050666728,88.47801808816678,6.0,11369.58505495532,0.0,0.0,0.0,0.0,38.2,36.9,34.7,23.9,23.2,0.0,6.0,4,107
2024-04-17,A4,BODAI,0.0,37.9,27.2,22.7930050666728,88.47801808816678,6.0,11369.58505495532,0.0,0.0,0.0,0.0,38.2,38.2,35.8,26.3,23.9,0.0,6.0,4,108
2024-04-18,A4,BODAI,0.0,38.3,25.6,22.7930050666728,88.47801808816678,6.0,11369.58505495532,0.0,0.0,0.0,6.0,37.9,38.2,33.2,27.2,26.3,0.0,6.0,4,109
2024-04-19,A4,BODAI,0.0,40.3,24.9,22.7930050666728,88.47801808816678,6.0,11369.58505495532,0.0,0.0,0.0,0.0,38.3,37.9,35.0,25.6,27.2,0.0,0.0,4,110
2024-04-20,A4,BODAI,0.0,41.6,26.0,22.7930050666728,88.47801808816678,6.0,11369.58505495532,0.0,0.0,0.0,0.0,40.3,38.3,36.1,24.9,25.6,0.0,0.0,4,111
2024-04-21,A4,BODAI,0.0,40.8,27.1,22.7930050666728,88.47801808816678,6.0,11369.58505495532,0.0,0.0,0.0,0.0,41.6,40.3,36.9,26.0,24.9,0.0,0.0,4,112
2024-04-22,A4,BODAI,0.0,39.9,25.9,22.7930050666728,88.47801808816678,6.0,11369.58505495532,0.0,0.0,0.0,0.0,40.8,41.6,38.2,27.1,26.0,0.0,0.0,4,113
2024-04-23,A4,BODAI,0.0,38.4,26.5,22.7930050666728,88.47801808816678,6.0,11369.58505495532,0.0,0.0,0.0,0.0,39.9,40.8,38.2,25.9,27.1,0.0,0.0,4,114
2024-04-24,A4,BODAI,0.0,40.2,27.1,22.7930050666728,88.47801808816678,6.0,11369.58505495532,0.0,0.0,0.0,0.0,38.4,39.9,37.9,26.5,25.9,0.0,0.0,4,115
2024-04-25,A4,BODAI,0.0,40.3,24.8,22.7930050666728,88.47801808816678,6.0,11369.58505495532,0.0,0.0,0.0,0.0,40.2,38.4,38.3,27.1,26.5,0.0,0.0,4,116
2024-04-26,A4,BODAI,0.0,40.8,27.1,22.7930050666728,88.47801808816678,6.0,11369.58505495532,0.0,0.0,0.0,0.0,40.3,40.2,40.3,24.8,27.1,0.0,0.0,4,117
2024-04-27,A4,BODAI,0.0,41.4,27.8,22.7930050666728,88.47801808816678,6.0,11369.58505495532,0.0,0.0,0.0,0.0,40.8,40.3,41.6,27.1,24.8,0.0,0.0,4,118
2024-04-28,A4,BODAI,0.9,40.1,28.3,22.7930050666728,88.47801808816678,6.0,11369.58505495532,0.0,0.0,0.0,0.0,41.4,40.8,40.8,27.8,27.1,0.0,0.0,4,119
2024-04-29,A4,BODAI,0.0,41.7,28.5,22.7930050666728,88.47801808816678,6.0,11369.58505495532,0.9,0.0,0.0,0.0,40.1,41.4,39.9,28.3,27.8,0.9,0.9,4,120
2024-04-30,A4,BODAI,0.0,43.7,29.2,22.7930050666728,88.47801808816678,6.0,11369.58505495532,0.0,0.9,0.0,0.0,41.7,40.1,38.4,28.5,28.3,0.9,0.9,4,121
2024-05-01,A4,BODAI,0.0,41.5,28.7,22.7930050666728,88.47801808816678,6.0,11369.58505495532,0.0,0.0,0.9,0.0,43.7,41.7,40.2,29.2,28.5,0.9,0.9,5,122
2024-05-02,A4,BODAI,0.0,41.1,29.4,22.7930050666728,88.47801808816678,6.0,11369.58505495532,0.0,0.0,0.0,0.0,41.5,43.7,40.3,28.7,29.2,0.0,0.9,5,123
2024-05-03,A4,BODAI,0.0,40.2,26.1,22.7930050666728,88.47801808816678,6.0,11369.58505495532,0.0,0.0,0.0,0.0,41.1,41.5,40.8,29.4,28.7,0.0,0.9,5,124
2024-05-04,A4,BODAI,0.1,39.9,27.4,22.7930050666728,88.47801808816678,6.0,11369.58505495532,0.0,0.0,0.0,0.0,40.2,41.1,41.4,26.1,29.4,0.0,0.9,5,125
2024-05-05,A4,BODAI,0.5,37.9,28.5,22.7930050666728,88.47801808816678,6.0,11369.58505495532,0.1,0.0,0.0,0.9,39.9,40.2,40.1,27.4,26.1,0.1,1.0,5,126
2024-05-06,A4,BODAI,86.6,37.3,24.8,22.7930050666728,88.47801808816678,6.0,11369.58505495532,0.5,0.1,0.0,0.0,37.9,39.9,41.7,28.5,27.4,0.6,0.6,5,127
2024-05-07,A4,BODAI,2.1,33.4,24.3,22.7930050666728,88.47801808816678,6.0,11369.58505495532,86.6,0.5,0.1,0.0,37.3,37.9,43.7,24.8,28.5,87.19999999999999,87.19999999999999,5,128
2024-05-08,A4,BODAI,3.6,30.4,23.8,22.7930050666728,88.47801808816678,6.0,11369.58505495532,2.1,86.6,0.5,0.0,33.4,37.3,41.5,24.3,24.8,89.19999999999999,89.29999999999998,5,129
2024-05-09,A4,BODAI,9.0,31.3,24.0,22.7930050666728,88.47801808816678,6.0,11369.58505495532,3.6,2.1,86.6,0.0,30.4,33.4,41.1,23.8,24.3,92.3,92.89999999999999,5,130
2024-05-10,A4,BODAI,10.1,31.3,23.6,22.7930050666728,88.47801808816678,6.0,11369.58505495532,9.0,3.6,2.1,0.0,31.3,30.4,40.2,24.0,23.8,14.7,101.89999999999999,5,131
2024-05-11,A4,BODAI,16.1,31.5,25.0,22.7930050666728,88.47801808816678,6.0,11369.58505495532,10.1,9.0,3.6,0.1,31.3,31.3,39.9,23.6,24.0,22.7,111.99999999999999,5,132
2024-05-12,A4,BODAI,3.3,32.7,25.0,22.7930050666728,88.47801808816678,6.0,11369.58505495532,16.1,10.1,9.0,0.5,31.5,31.3,37.9,25.0,23.6,35.2,128.0,5,133
2024-05-13,A4,BODAI,0.0,33.6,24.0,22.7930050666728,88.47801808816678,6.0,11369.58505495532,3.3,16.1,10.1,86.6,32.7,31.5,37.3,25.0,25.0,29.5,130.79999999999998,5,134
2024-05-14,A4,BODAI,2.5,34.0,25.1,22.7930050666728,88.47801808816678,6.0,11369.58505495532,0.0,3.3,16.1,2.1,33.6,32.7,33.4,24.0,25.0,19.4,44.199999999999996,5,135
2024-05-15,A4,BODAI,0.0,35.2,26.0,22.7930050666728,88.47801808816678,6.0,11369.58505495532,2.5,0.0,3.3,3.6,34.0,33.6,30.4,25.1,24.0,5.799999999999996,44.599999999999994,5,136
2024-05-16,A4,BODAI,0.0,35.6,26.1,22.7930050666728,88.47801808816678,6.0,11369.58505495532,0.0,2.5,0.0,9.0,35.2,34.0,31.3,26.0,25.1,2.4999999999999964,40.99999999999999,5,137
2024-05-17,A4,BODAI,0.0,37.4,27.3,22.7930050666728,88.47801808816678,6.0,11369.58505495532,0.0,0.0,2.5,10.1,35.6,35.2,31.3,26.1,26.0,2.4999999999999964,32.0,5,138
2024-05-18,A4,BODAI,0.0,36.5,28.7,22.7930050666728,88.47801808816678,6.0,11369.58505495532,0.0,0.0,0.0,16.1,37.4,35.6,31.5,27.3,26.1,0.0,21.9,5,139
2024-05-19,A4,BODAI,0.1,33.8,28.8,22.7930050666728,88.47801808816678,6.0,11369.58505495532,0.0,0.0,0.0,3.3,36.5,37.4,32.7,28.7,27.3,0.0,5.799999999999996,5,140
2024-05-20,A4,BODAI,12.9,33.2,26.9,22.7930050666728,88.47801808816678,6.0,11369.58505495532,0.1,0.0,0.0,0.0,33.8,36.5,33.6,28.8,28.7,0.09999999999999645,2.5999999999999965,5,141
2024-05-21,A4,BODAI,7.0,33.3,26.4,22.7930050666728,88.47801808816678,6.0,11369.58505495532,12.9,0.1,0.0,2.5,33.2,33.8,34.0,26.9,28.8,12.999999999999996,15.499999999999996,5,142
2024-05-22,A4,BODAI,2.1,33.8,26.7,22.7930050666728,88.47801808816678,6.0,11369.58505495532,7.0,12.9,0.1,0.0,33.3,33.2,35.2,26.4,26.9,19.999999999999996,19.999999999999996,5,143
2024-05-23,A4,BODAI,0.0,35.0,26.0,22.7930050666728,88.47801808816678,6.0,11369.58505495532,2.1,7.0,12.9,0.0,33.8,33.3,35.6,26.7,26.4,21.999999999999996,22.099999999999998,5,144
2024-05-24,A4,BODAI,0.0,35.6,26.3,22.7930050666728,88.47801808816678,6.0,11369.58505495532,0.0,2.1,7.0,0.0,35.0,33.8,37.4,26.0,26.7,9.099999999999996,22.099999999999998,5,145
2024-05-25,A4,BODAI,0.1,36.5,27.4,22.7930050666728,88.47801808816678,6.0,11369.58505495532,0.0,0.0,2.1,0.0,35.6,35.0,36.5,26.3,26.0,2.0999999999999965,22.099999999999998,5,146
2024-05-26,A4,BODAI,30.6,30.7,26.8,22.7930050666728,88.47801808816678,6.0,11369.58505495532,0.1,0.0,0.0,0.1,36.5,35.6,33.8,27.4,26.3,0.09999999999999645,22.199999999999996,5,147
2024-05-27,A4,BODAI,70.7,27.6,26.1,22.7930050666728,88.47801808816678,6.0,11369.58505495532,30.6,0.1,0.0,12.9,30.7,36.5,33.2,26.8,27.4,30.7,52.699999999999996,5,148
2024-05-28,A4,BODAI,0.1,35.5,26.4,22.7930050666728,88.47801808816678,6.0,11369.58505495532,70.7,30.6,0.1,7.0,27.6,30.7,33.3,26.1,26.8,101.4,110.5,5,149
2024-05-29,A4,BODAI,0.0,35.9,29.3,22.7930050666728,88.47801808816678,6.0,11369.58505495532,0.1,70.7,30.6,2.1,35.5,27.6,33.8,26.4,26.1,101.4,103.6,5,150
2024-05-30,A4,BODAI,0.2,35.3,29.4,22.7930050666728,88.47801808816678,6.0,11369.58505495532,0.0,0.1,70.7,0.0,35.9,35.5,35.0,29.3,26.4,70.8,101.5,5,151
2024-05-31,A4,BODAI,0.0,34.9,28.5,22.7930050666728,88.47801808816678,6.0,11369.58505495532,0.2,0.0,0.1,0.0,35.3,35.9,35.6,29.4,29.3,0.30000000000000004,101.7,5,152
2024-06-01,A4,BODAI,0.8,34.6,28.1,22.7930050666728,88.47801808816678,6.0,11369.58505495532,0.0,0.2,0.0,0.1,34.9,35.3,36.5,28.5,29.4,0.2,101.7,6,153
2024-06-02,A4,BODAI,2.7,34.2,29.0,22.7930050666728,88.47801808816678,6.0,11369.58505495532,0.8,0.0,0.2,30.6,34.6,34.9,30.7,28.1,28.5,1.0,102.39999999999999,6,154
2024-06-03,A4,BODAI,0.5,34.5,28.3,22.7930050666728,88.47801808816678,6.0,11369.58505495532,2.7,0.8,0.0,70.7,34.2,34.6,27.6,29.0,28.1,3.5,74.5,6,155
2024-06-04,A4,BODAI,0.0,35.7,28.6,22.7930050666728,88.47801808816678,6.0,11369.58505495532,0.5,2.7,0.8,0.1,34.5,34.2,35.5,28.3,29.0,4.0,4.300000000000001,6,156
2024-06-05,A4,BODAI,0.4,35.8,28.0,22.7930050666728,88.47801808816678,6.0,11369.58505495532,0.0,0.5,2.7,0.0,35.7,34.5,35.9,28.6,28.3,3.2,4.200000000000001,6,157
2024-06-06,A4,BODAI,2.4,36.5,26.7,22.7930050666728,88.47801808816678,6.0,11369.58505495532,0.4,0.0,0.5,0.2,35.8,35.7,35.3,28.0,28.6,0.9,4.6000000000000005,6,158
2024-06-07,A4,BODAI,0.0,36.3,25.9,22.7930050666728,88.47801808816678,6.0,11369.58505495532,2.4,0.4,0.0,0.0,36.5,35.8,34.9,26.7,28.0,2.8,6.800000000000001,6,159
2024-06-08,A4,BODAI,0.0,35.6,28.0,22.7930050666728,88.47801808816678,6.0,11369.58505495532,0.0,2.4,0.4,0.8,36.3,36.5,34.6,25.9,26.7,2.8,6.800000000000001,6,160
2024-06-09,A4,BODAI,0.0,36.5,28.2,22.7930050666728,88.47801808816678,6.0,11369.58505495532,0.0,0.0,2.4,2.7,35.6,36.3,34.2,28.0,25.9,2.4,6.0,6,161
2024-06-10,A4,BODAI,0.0,36.4,28.5,22.7930050666728,88.47801808816678,6.0,11369.58505495532,0.0,0.0,0.0,0.5,36.5,35.6,34.5,28.2,28.0,0.0,3.3,6,162
2024-06-11,A4,BODAI,0.0,36.7,28.9,22.7930050666728,88.47801808816678,6.0,11369.58505495532,0.0,0.0,0.0,0.0,36.4,36.5,35.7,28.5,28.2,0.0,2.8,6,163
2024-06-12,A4,BODAI,0.0,35.3,28.3,22.7930050666728,88.47801808816678,6.0,11369.58505495532,0.0,0.0,0.0,0.4,36.7,36.4,35.8,28.9,28.5,0.0,2.8,6,164
2024-06-13,A4,BODAI,0.0,36.0,28.6,22.7930050666728,88.47801808816678,6.0,11369.58505495532,0.0,0.0,0.0,2.4,35.3,36.7,36.5,28.3,28.9,0.0,2.4,6,165
2024-06-14,A4,BODAI,0.0,37.2,29.1,22.7930050666728,88.47801808816678,6.0,11369.58505495532,0.0,0.0,0.0,0.0,36.0,35.3,36.3,28.6,28.3,0.0,0.0,6,166
2024-06-15,A4,BODAI,0.0,37.3,29.4,22.7930050666728,88.47801808816678,6.0,11369.58505495532,0.0,0.0,0.0,0.0,37.2,36.0,35.6,29.1,28.6,0.0,0.0,6,167
2024-06-16,A4,BODAI,0.0,36.9,29.4,22.7930050666728,88.47801808816678,6.0,11369.58505495532,0.0,0.0,0.0,0.0,37.3,37.2,36.5,29.4,29.1,0.0,0.0,6,168
2024-06-17,A4,BODAI,0.1,36.8,29.2,22.7930050666728,88.47801808816678,6.0,11369.58505495532,0.0,0.0,0.0,0.0,36.9,37.3,36.4,29.4,29.4,0.0,0.0,6,169
2024-06-18,A4,BODAI,10.9,32.5,28.4,22.7930050666728,88.47801808816678,6.0,11369.58505495532,0.1,0.0,0.0,0.0,36.8,36.9,36.7,29.2,29.4,0.1,0.1,6,170
2024-06-19,A4,BODAI,8.1,34.6,28.5,22.7930050666728,88.47801808816678,6.0,11369.58505495532,10.9,0.1,0.0,0.0,32.5,36.8,35.3,28.4,29.2,11.0,11.0,6,171
2024-06-20,A4,BODAI,31.5,33.8,27.9,22.7930050666728,88.47801808816678,6.0,11369.58505495532,8.1,10.9,0.1,0.0,34.6,32.5,36.0,28.5,28.4,19.1,19.1,6,172
2024-06-21,A4,BODAI,3.9,32.0,27.2,22.7930050666728,88.47801808816678,6.0,11369.58505495532,31.5,8.1,10.9,0.0,33.8,34.6,37.2,27.9,28.5,50.5,50.6,6,173
2024-06-22,A4,BODAI,1.9,33.3,26.4,22.7930050666728,88.47801808816678,6.0,11369.58505495532,3.9,31.5,8.1,0.0,32.0,33.8,37.3,27.2,27.9,43.5,54.5,6,174
2024-06-23,A4,BODAI,3.3,33.6,26.7,22.7930050666728,88.47801808816678,6.0,11369.58505495532,1.9,3.9,31.5,0.0,33.3,32.0,36.9,26.4,27.2,37.3,56.4,6,175
2024-06-24,A4,BODAI,0.8,34.0,27.2,22.7930050666728,88.47801808816678,6.0,11369.58505495532,3.3,1.9,3.9,0.1,33.6,33.3,36.8,26.7,26.4,9.1,59.7,6,176
2024-06-25,A4,BODAI,0.6,34.0,28.0,22.7930050666728,88.47801808816678,6.0,11369.58505495532,0.8,3.3,1.9,10.9,34.0,33.6,32.5,27.2,26.7,5.999999999999999,60.4,6,177
2024-06-26,A4,BODAI,0.7,34.3,27.3,22.7930050666728,88.47801808816678,6.0,11369.58505495532,0.6,0.8,3.3,8.1,34.0,34.0,34.6,28.0,27.2,4.7,50.1,6,178
2024-06-27,A4,BODAI,10.2,32.1,27.4,22.7930050666728,88.47801808816678,6.0,11369.58505495532,0.7,0.6,0.8,31.5,34.3,34.0,33.8,27.3,28.0,2.1,42.7,6,179
2024-06-28,A4,BODAI,7.8,33.0,27.2,22.7930050666728,88.47801808816678,6.0,11369.58505495532,10.2,0.7,0.6,3.9,32.1,34.3,32.0,27.4,27.3,11.5,21.4,6,180
2024-06-29,A4,BODAI,7.0,31.6,26.8,22.7930050666728,88.47801808816678,6.0,11369.58505495532,7.8,10.2,0.7,1.9,33.0,32.1,33.3,27.2,27.4,18.7,25.3,6,181
2024-06-30,A4,BODAI,34.0,32.0,26.4,22.7930050666728,88.47801808816678,6.0,11369.58505495532,7.0,7.8,10.2,3.3,31.6,33.0,33.6,26.8,27.2,25.0,30.4,6,182
2024-07-01,A4,BODAI,18.6,31.4,25.9,22.7930050666728,88.47801808816678,6.0,11369.58505495532,34.0,7.0,7.8,0.8,32.0,31.6,34.0,26.4,26.8,48.8,61.1,7,183
2024-07-02,A4,BODAI,25.4,30.5,25.9,22.7930050666728,88.47801808816678,6.0,11369.58505495532,18.6,34.0,7.0,0.6,31.4,32.0,34.0,25.9,26.4,59.6,78.9,7,184
2024-07-03,A4,BODAI,11.2,30.7,25.8,22.7930050666728,88.47801808816678,6.0,11369.58505495532,25.4,18.6,34.0,0.7,30.5,31.4,34.3,25.9,25.9,78.0,103.7,7,185
2024-07-04,A4,BODAI,21.9,30.7,25.4,22.7930050666728,88.47801808816678,6.0,11369.58505495532,11.2,25.4,18.6,10.2,30.7,30.5,32.1,25.8,25.9,55.2,114.2,7,186
2024-07-05,A4,BODAI,27.6,32.4,25.7,22.7930050666728,88.47801808816678,6.0,11369.58505495532,21.9,11.2,25.4,7.8,30.7,30.7,33.0,25.4,25.8,58.5,125.89999999999999,7,187
2024-07-06,A4,BODAI,2.7,32.1,26.1,22.7930050666728,88.47801808816678,6.0,11369.58505495532,27.6,21.9,11.2,7.0,32.4,30.7,31.6,25.7,25.4,60.7,145.7,7,188
2024-07-07,A4,BODAI,11.7,32.0,26.4,22.7930050666728,88.47801808816678,6.0,11369.58505495532,2.7,27.6,21.9,34.0,32.1,32.4,32.0,26.1,25.7,52.199999999999996,141.4,7,189
2024-07-08,A4,BODAI,1.3,32.3,26.2,22.7930050666728,88.47801808816678,6.0,11369.58505495532,11.7,2.7,27.6,18.6,32.0,32.1,31.4,26.4,26.1,42.0,119.1,7,190
2024-07-09,A4,BODAI,3.5,31.5,27.0,22.7930050666728,88.47801808816678,6.0,11369.58505495532,1.3,11.7,2.7,25.4,32.3,32.0,30.5,26.2,26.4,15.7,101.8,7,191
2024-07-10,A4,BODAI,1.8,32.8,27.5,22.7930050666728,88.47801808816678,6.0,11369.58505495532,3.5,1.3,11.7,11.2,31.5,32.3,30.7,27.0,26.2,16.5,79.89999999999999,7,192
2024-07-11,A4,BODAI,27.9,32.8,27.6,22.7930050666728,88.47801808816678,6.0,11369.58505495532,1.8,3.5,1.3,21.9,32.8,31.5,30.7,27.5,27.0,6.6,70.5,7,193
2024-07-12,A4,BODAI,8.8,32.0,26.0,22.7930050666728,88.47801808816678,6.0,11369.58505495532,27.9,1.8,3.5,27.6,32.8,32.8,32.4,27.6,27.5,33.199999999999996,76.5,7,194
2024-07-13,A4,BODAI,5.5,32.8,25.4,22.7930050666728,88.47801808816678,6.0,11369.58505495532,8.8,27.9,1.8,2.7,32.0,32.8,32.1,26.0,27.6,38.5,57.699999999999996,7,195
2024-07-14,A4,BODAI,3.8,32.6,26.3,22.7930050666728,88.47801808816678,6.0,11369.58505495532,5.5,8.8,27.9,11.7,32.8,32.0,32.0,25.4,26.0,42.2,60.5,7,196
2024-07-15,A4,BODAI,1.9,32.6,27.0,22.7930050666728,88.47801808816678,6.0,11369.58505495532,3.8,5.5,8.8,1.3,32.6,32.8,32.3,26.3,25.4,18.1,52.599999999999994,7,197
2024-07-16,A4,BODAI,4.2,32.3,26.6,22.7930050666728,88.47801808816678,6.0,11369.58505495532,1.9,3.8,5.5,3.5,32.6,32.6,31.5,27.0,26.3,11.2,53.2,7,198
2024-07-17,A4,BODAI,6.8,33.1,26.6,22.7930050666728,88.47801808816678,6.0,11369.58505495532,4.2,1.9,3.8,1.8,32.3,32.6,32.8,26.6,27.0,9.9,53.9,7,199
2024-07-18,A4,BODAI,1.5,33.4,26.7,22.7930050666728,88.47801808816678,6.0,11369.58505495532,6.8,4.2,1.9,27.9,33.1,32.3,32.8,26.6,26.6,12.9,58.900000000000006,7,200
2024-07-19,A4,BODAI,5.6,32.4,27.3,22.7930050666728,88.47801808816678,6.0,11369.58505495532,1.5,6.8,4.2,8.8,33.4,33.1,32.0,26.7,26.6,12.5,32.5,7,201
2024-07-20,A4,BODAI,2.7,32.4,27.1,22.7930050666728,88.47801808816678,6.0,11369.58505495532,5.6,1.5,6.8,5.5,32.4,33.4,32.8,27.3,26.7,13.9,29.3,7,202
2024-07-21,A4,BODAI,9.7,32.2,27.0,22.7930050666728,88.47801808816678,6.0,11369.58505495532,2.7,5.6,1.5,3.8,32.4,32.4,32.6,27.1,27.3,9.8,26.5,7,203
2024-07-22,A4,BODAI,12.6,31.3,26.7,22.7930050666728,88.47801808816678,6.0,11369.58505495532,9.7,2.7,5.6,1.9,32.2,32.4,32.6,27.0,27.1,18.0,32.4,7,204
2024-07-23,A4,BODAI,15.6,32.3,25.9,22.7930050666728,88.47801808816678,6.0,11369.58505495532,12.6,9.7,2.7,4.2,31.3,32.2,32.3,26.7,27.0,25.0,43.1,7,205
2024-07-24,A4,BODAI,13.3,32.6,26.6,22.7930050666728,88.47801808816678,6.0,11369.58505495532,15.6,12.6,9.7,6.8,32.3,31.3,33.1,25.9,26.7,37.9,54.5,7,206
2024-07-25,A4,BODAI,8.7,32.4,26.3,22.7930050666728,88.47801808816678,6.0,11369.58505495532,13.3,15.6,12.6,1.5,32.6,32.3,33.4,26.6,25.9,41.5,61.0,7,207
2024-07-26,A4,BODAI,21.8,31.4,26.2,22.7930050666728,88.47801808816678,6.0,11369.58505495532,8.7,13.3,15.6,5.6,32.4,32.6,32.4,26.3,26.6,37.6,68.2,7,208
2024-07-27,A4,BODAI,5.9,32.3,27.0,22.7930050666728,88.47801808816678,6.0,11369.58505495532,21.8,8.7,13.3,2.7,31.4,32.4,32.4,26.2,26.3,43.8,84.4,7,209
2024-07-28,A4,BODAI,21.8,31.1,26.3,22.7930050666728,88.47801808816678,6.0,11369.58505495532,5.9,21.8,8.7,9.7,32.3,31.4,32.2,27.0,26.2,36.4,87.6,7,210
2024-07-29,A4,BODAI,8.3,32.0,26.4,22.7930050666728,88.47801808816678,6.0,11369.58505495532,21.8,5.9,21.8,12.6,31.1,32.3,31.3,26.3,27.0,49.5,99.70000000000002,7,211
2024-07-30,A4,BODAI,5.2,33.0,26.2,22.7930050666728,88.47801808816678,6.0,11369.58505495532,8.3,21.8,5.9,15.6,32.0,31.1,32.3,26.4,26.3,36.0,95.4,7,212
2024-07-31,A4,BODAI,28.3,32.0,25.9,22.7930050666728,88.47801808816678,6.0,11369.58505495532,5.2,8.3,21.8,13.3,33.0,32.0,32.6,26.2,26.4,35.300000000000004,85.00000000000001,7,213
2024-08-01,A4,BODAI,67.5,28.9,25.3,22.7930050666728,88.47801808816678,6.0,11369.58505495532,28.3,5.2,8.3,8.7,32.0,33.0,32.4,25.9,26.2,41.8,100.00000000000001,8,214
2024-08-02,A4,BODAI,31.4,30.1,25.6,22.7930050666728,88.47801808816678,6.0,11369.58505495532,67.5,28.3,5.2,21.8,28.9,32.0,31.4,25.3,25.9,101.0,158.8,8,215
2024-08-03,A4,BODAI,28.2,31.0,24.9,22.7930050666728,88.47801808816678,6.0,11369.58505495532,31.4,67.5,28.3,5.9,30.1,28.9,32.3,25.6,25.3,127.19999999999999,168.4,8,216
2024-08-04,A4,BODAI,38.3,30.9,24.7,22.7930050666728,88.47801808816678,6.0,11369.58505495532,28.2,31.4,67.5,21.8,31.0,30.1,31.1,24.9,25.6,127.1,190.7,8,217
2024-08-05,A4,BODAI,18.6,32.4,24.8,22.7930050666728,88.47801808816678,6.0,11369.58505495532,38.3,28.2,31.4,8.3,30.9,31.0,32.0,24.7,24.9,97.89999999999999,207.2,8,218
2024-08-06,A4,BODAI,9.9,31.3,26.2,22.7930050666728,88.47801808816678,6.0,11369.58505495532,18.6,38.3,28.2,5.2,32.4,30.9,33.0,24.8,24.7,85.1,217.5,8,219
2024-08-07,A4,BODAI,3.0,30.5,25.8,22.7930050666728,88.47801808816678,6.0,11369.58505495532,9.9,18.6,38.3,28.3,31.3,32.4,32.0,26.2,24.8,66.8,222.20000000000002,8,220
2024-08-08,A4,BODAI,11.9,31.0,25.9,22.7930050666728,88.47801808816678,6.0,11369.58505495532,3.0,9.9,18.6,67.5,30.5,31.3,28.9,25.8,26.2,31.5,196.9,8,221
2024-08-09,A4,BODAI,11.5,30.9,25.3,22.7930050666728,88.47801808816678,6.0,11369.58505495532,11.9,3.0,9.9,31.4,31.0,30.5,30.1,25.9,25.8,24.8,141.29999999999998,8,222
2024-08-10,A4,BODAI,32.7,32.2,24.9,22.7930050666728,88.47801808816678,6.0,11369.58505495532,11.5,11.9,3.0,28.2,30.9,31.0,31.0,25.3,25.9,26.4,121.39999999999999,8,223
2024-08-11,A4,BODAI,10.0,32.3,25.1,22.7930050666728,88.47801808816678,6.0,11369.58505495532,32.7,11.5,11.9,38.3,32.2,30.9,30.9,24.9,25.3,56.1,125.9,8,224
2024-08-12,A4,BODAI,11.5,32.4,25.4,22.7930050666728,88.47801808816678,6.0,11369.58505495532,10.0,32.7,11.5,18.6,32.3,32.2,32.4,25.1,24.9,54.2,97.60000000000001,8,225
2024-08-13,A4,BODAI,13.0,32.3,25.4,22.7930050666728,88.47801808816678,6.0,11369.58505495532,11.5,10.0,32.7,9.9,32.4,32.3,31.3,25.4,25.1,54.2,90.5,8,226
2024-08-14,A4,BODAI,16.6,32.4,25.0,22.7930050666728,88.47801808816678,6.0,11369.58505495532,13.0,11.5,10.0,3.0,32.3,32.4,30.5,25.4,25.4,34.5,93.60000000000001,8,227
2024-08-15,A4,BODAI,9.2,32.9,25.7,22.7930050666728,88.47801808816678,6.0,11369.58505495532,16.6,13.0,11.5,11.9,32.4,32.3,31.0,25.0,25.4,41.1,107.20000000000002,8,228
2024-08-16,A4,BODAI,1.1,31.3,25.2,22.7930050666728,88.47801808816678,6.0,11369.58505495532,9.2,16.6,13.0,11.5,32.9,32.4,30.9,25.7,25.0,38.8,104.5,8,229
2024-08-17,A4,BODAI,16.8,32.8,25.3,22.7930050666728,88.47801808816678,6.0,11369.58505495532,1.1,9.2,16.6,32.7,31.3,32.9,32.2,25.2,25.7,26.900000000000002,94.10000000000001,8,230
2024-08-18,A4,BODAI,16.5,29.4,25.2,22.7930050666728,88.47801808816678,6.0,11369.58505495532,16.8,1.1,9.2,10.0,32.8,31.3,32.3,25.3,25.2,27.1,78.2,8,231
2024-08-19,A4,BODAI,17.0,30.6,25.7,22.7930050666728,88.47801808816678,6.0,11369.58505495532,16.5,16.8,1.1,11.5,29.4,32.8,32.4,25.2,25.3,34.400000000000006,84.7,8,232
2024-08-20,A4,BODAI,19.2,30.9,24.8,22.7930050666728,88.47801808816678,6.0,11369.58505495532,17.0,16.5,16.8,13.0,30.6,29.4,32.3,25.7,25.2,50.3,90.2,8,233
2024-08-21,A4,BODAI,29.5,31.8,24.9,22.7930050666728,88.47801808816678,6.0,11369.58505495532,19.2,17.0,16.5,16.6,30.9,30.6,32.4,24.8,25.7,52.7,96.4,8,234
2024-08-22,A4,BODAI,24.7,31.5,25.6,22.7930050666728,88.47801808816678,6.0,11369.58505495532,29.5,19.2,17.0,9.2,31.8,30.9,32.9,24.9,24.8,65.7,109.30000000000001,8,235
2024-08-23,A4,BODAI,33.6,30.5,24.6,22.7930050666728,88.47801808816678,6.0,11369.58505495532,24.7,29.5,19.2,1.1,31.5,31.8,31.3,25.6,24.9,73.4,124.80000000000001,8,236
2024-08-24,A4,BODAI,5.0,29.2,25.0,22.7930050666728,88.47801808816678,6.0,11369.58505495532,33.6,24.7,29.5,16.8,30.5,31.5,32.8,24.6,25.6,87.8,157.3,8,237
2024-08-25,A4,BODAI,42.7,29.4,24.2,22.7930050666728,88.47801808816678,6.0,11369.58505495532,5.0,33.6,24.7,16.5,29.2,30.5,29.4,25.0,24.6,63.3,145.5,8,238
2024-08-26,A4,BODAI,29.0,29.6,24.6,22.7930050666728,88.47801808816678,6.0,11369.58505495532,42.7,5.0,33.6,17.0,29.4,29.2,30.6,24.2,25.0,81.3,171.7,8,239
2024-08-27,A4,BODAI,23.8,30.5,24.6,22.7930050666728,88.47801808816678,6.0,11369.58505495532,29.0,42.7,5.0,19.2,29.6,29.4,30.9,24.6,24.2,76.7,183.7,8,240
2024-08-28,A4,BODAI,6.8,32.0,24.7,22.7930050666728,88.47801808816678,6.0,11369.58505495532,23.8,29.0,42.7,29.5,30.5,29.6,31.8,24.6,24.6,95.5,188.3,8,241
2024-08-29,A4,BODAI,5.5,32.3,25.5,22.7930050666728,88.47801808816678,6.0,11369.58505495532,6.8,23.8,29.0,24.7,32.0,30.5,31.5,24.7,24.6,59.6,165.6,8,242
2024-08-30,A4,BODAI,0.3,32.9,24.9,22.7930050666728,88.47801808816678,6.0,11369.58505495532,5.5,6.8,23.8,33.6,32.3,32.0,30.5,25.5,24.7,36.1,146.4,8,243
2024-08-31,A4,BODAI,3.6,32.3,26.2,22.7930050666728,88.47801808816678,6.0,11369.58505495532,0.3,5.5,6.8,5.0,32.9,32.3,29.2,24.9,25.5,12.6,113.10000000000001,8,244
2024-09-01,A4,BODAI,10.6,30.5,26.2,22.7930050666728,88.47801808816678,6.0,11369.58505495532,3.6,0.3,5.5,42.7,32.3,32.9,29.4,26.2,24.9,9.4,111.7,9,245
2024-09-02,A4,BODAI,3.0,32.2,25.5,22.7930050666728,88.47801808816678,6.0,11369.58505495532,10.6,3.6,0.3,29.0,30.5,32.3,29.6,26.2,26.2,14.5,79.6,9,246
2024-09-03,A4,BODAI,6.7,31.9,25.3,22.7930050666728,88.47801808816678,6.0,11369.58505495532,3.0,10.6,3.6,23.8,32.2,30.5,30.5,25.5,26.2,17.2,53.6,9,247
2024-09-04,A4,BODAI,9.4,31.4,25.6,22.7930050666728,88.47801808816678,6.0,11369.58505495532,6.7,3.0,10.6,6.8,31.9,32.2,32.0,25.3,25.5,20.3,36.5,9,248
2024-09-05,A4,BODAI,3.1,32.4,25.4,22.7930050666728,88.47801808816678,6.0,11369.58505495532,9.4,6.7,3.0,5.5,31.4,31.9,32.3,25.6,25.3,19.1,39.099999999999994,9,249
2024-09-06,A4,BODAI,2.3,33.2,25.9,22.7930050666728,88.47801808816678,6.0,11369.58505495532,3.1,9.4,6.7,0.3,32.4,31.4,32.9,25.4,25.6,19.2,36.699999999999996,9,250
2024-09-07,A4,BODAI,14.8,33.6,25.5,22.7930050666728,88.47801808816678,6.0,11369.58505495532,2.3,3.1,9.4,3.6,33.2,32.4,32.3,25.9,25.4,14.8,38.7,9,251
2024-09-08,A4,BODAI,7.7,32.1,26.2,22.7930050666728,88.47801808816678,6.0,11369.58505495532,14.8,2.3,3.1,10.6,33.6,33.2,30.5,25.5,25.9,20.2,49.9,9,252
2024-09-09,A4,BODAI,3.6,32.3,26.5,22.7930050666728,88.47801808816678,6.0,11369.58505495532,7.7,14.8,2.3,3.0,32.1,33.6,32.2,26.2,25.5,24.799999999999997,47.0,9,253
2024-09-10,A4,BODAI,5.7,31.6,25.9,22.7930050666728,88.47801808816678,6.0,11369.58505495532,3.6,7.7,14.8,6.7,32.3,32.1,31.9,26.5,26.2,26.1,47.6,9,254
2024-09-11,A4,BODAI,10.0,32.3,26.1,22.7930050666728,88.47801808816678,6.0,11369.58505495532,5.7,3.6,7.7,9.4,31.6,32.3,31.4,25.9,26.5,17.0,46.6,9,255
2024-09-12,A4,BODAI,15.9,32.0,26.2,22.7930050666728,88.47801808816678,6.0,11369.58505495532,10.0,5.7,3.6,3.1,32.3,31.6,32.4,26.1,25.9,19.299999999999997,47.2,9,256
2024-09-13,A4,BODAI,28.3,32.2,25.7,22.7930050666728,88.47801808816678,6.0,11369.58505495532,15.9,10.0,5.7,2.3,32.0,32.3,33.2,26.2,26.1,31.599999999999998,60.0,9,257
2024-09-14,A4,BODAI,48.7,27.6,25.1,22.7930050666728,88.47801808816678,6.0,11369.58505495532,28.3,15.9,10.0,14.8,32.2,32.0,33.6,25.7,26.2,54.2,86.0,9,258
2024-09-15,A4,BODAI,18.8,28.6,24.9,22.7930050666728,88.47801808816678,6.0,11369.58505495532,48.7,28.3,15.9,7.7,27.6,32.2,32.1,25.1,25.7,92.9,119.9,9,259
2024-09-16,A4,BODAI,16.9,27.9,25.2,22.7930050666728,88.47801808816678,6.0,11369.58505495532,18.8,48.7,28.3,3.6,28.6,27.6,32.3,24.9,25.1,95.8,131.0,9,260
2024-09-17,A4,BODAI,0.2,32.3,25.6,22.7930050666728,88.47801808816678,6.0,11369.58505495532,16.9,18.8,48.7,5.7,27.9,28.6,31.6,25.2,24.9,84.4,144.3,9,261
2024-09-18,A4,BODAI,0.0,32.8,24.4,22.7930050666728,88.47801808816678,6.0,11369.58505495532,0.2,16.9,18.8,10.0,32.3,27.9,32.3,25.6,25.2,35.9,138.79999999999998,9,262
2024-09-19,A4,BODAI,3.2,32.8,25.8,22.7930050666728,88.47801808816678,6.0,11369.58505495532,0.0,0.2,16.9,15.9,32.8,32.3,32.0,24.4,25.6,17.099999999999998,128.79999999999998,9,263
2024-09-20,A4,BODAI,0.6,33.9,26.4,22.7930050666728,88.47801808816678,6.0,11369.58505495532,3.2,0.0,0.2,28.3,32.8,32.8,32.2,25.8,24.4,3.4000000000000004,116.1,9,264
2024-09-21,A4,BODAI,3.7,33.4,26.1,22.7930050666728,88.47801808816678,6.0,11369.58505495532,0.6,3.2,0.0,48.7,33.9,32.8,27.6,26.4,25.8,3.8000000000000003,88.4,9,265
2024-09-22,A4,BODAI,0.0,34.1,26.8,22.7930050666728,88.47801808816678,6.0,11369.58505495532,3.7,0.6,3.2,18.8,33.4,33.9,28.6,26.1,26.4,7.5,43.4,9,266
2024-09-23,A4,BODAI,8.0,34.1,26.1,22.7930050666728,88.47801808816678,6.0,11369.58505495532,0.0,3.7,0.6,16.9,34.1,33.4,27.9,26.8,26.1,4.300000000000001,24.599999999999998,9,267
2024-09-24,A4,BODAI,10.5,30.7,26.3,22.7930050666728,88.47801808816678,6.0,11369.58505495532,8.0,0.0,3.7,0.2,34.1,34.1,32.3,26.1,26.8,11.700000000000001,15.700000000000001,9,268
2024-09-25,A4,BODAI,26.3,28.8,24.1,22.7930050666728,88.47801808816678,6.0,11369.58505495532,10.5,8.0,0.0,0.0,30.7,34.1,32.8,26.3,26.1,18.5,26.0,9,269
2024-09-26,A4,BODAI,26.5,28.4,24.4,22.7930050666728,88.47801808816678,6.0,11369.58505495532,26.3,10.5,8.0,3.2,28.8,30.7,32.8,24.1,26.3,44.8,52.300000000000004,9,270
2024-09-27,A4,BODAI,12.2,30.8,24.6,22.7930050666728,88.47801808816678,6.0,11369.58505495532,26.5,26.3,10.5,0.6,28.4,28.8,33.9,24.4,24.1,63.3,75.6,9,271
2024-09-28,A4,BODAI,4.1,31.6,25.0,22.7930050666728,88.47801808816678,6.0,11369.58505495532,12.2,26.5,26.3,3.7,30.8,28.4,33.4,24.6,24.4,65.0,87.2,9,272
2024-09-29,A4,BODAI,5.5,32.2,26.2,22.7930050666728,88.47801808816678,6.0,11369.58505495532,4.1,12.2,26.5,0.0,31.6,30.8,34.1,25.0,24.6,42.800000000000004,87.60000000000001,9,273
2024-09-30,A4,BODAI,0.4,33.2,26.0,22.7930050666728,88.47801808816678,6.0,11369.58505495532,5.5,4.1,12.2,8.0,32.2,31.6,34.1,26.2,25.0,21.799999999999997,93.10000000000001,9,274
2024-10-01,A4,BODAI,9.5,34.0,26.4,22.7930050666728,88.47801808816678,6.0,11369.58505495532,0.4,5.5,4.1,10.5,33.2,32.2,30.7,26.0,26.2,10.0,85.5,10,275
2024-10-02,A4,BODAI,8.4,32.1,24.6,22.7930050666728,88.47801808816678,6.0,11369.58505495532,9.5,0.4,5.5,26.3,34.0,33.2,28.8,26.4,26.0,15.4,84.5,10,276
2024-10-03,A4,BODAI,19.3,30.8,26.0,22.7930050666728,88.47801808816678,6.0,11369.58505495532,8.4,9.5,0.4,26.5,32.1,34.0,28.4,24.6,26.4,18.3,66.6,10,277
2024-10-04,A4,BODAI,31.9,30.4,24.8,22.7930050666728,88.47801808816678,6.0,11369.58505495532,19.3,8.4,9.5,12.2,30.8,32.1,30.8,26.0,24.6,37.2,59.4,10,278
2024-10-05,A4,BODAI,22.9,30.4,24.7,22.7930050666728,88.47801808816678,6.0,11369.58505495532,31.9,19.3,8.4,4.1,30.4,30.8,31.6,24.8,26.0,59.6,79.1,10,279
2024-10-06,A4,BODAI,7.9,30.4,24.5,22.7930050666728,88.47801808816678,6.0,11369.58505495532,22.9,31.9,19.3,5.5,30.4,30.4,32.2,24.7,24.8,74.1,97.89999999999999,10,280
2024-10-07,A4,BODAI,9.6,30.9,24.0,22.7930050666728,88.47801808816678,6.0,11369.58505495532,7.9,22.9,31.9,0.4,30.4,30.4,33.2,24.5,24.7,62.699999999999996,100.3,10,281
2024-10-08,A4,BODAI,8.3,30.7,25.3,22.7930050666728,88.47801808816678,6.0,11369.58505495532,9.6,7.9,22.9,9.5,30.9,30.4,34.0,24.0,24.5,40.4,109.5,10,282
2024-10-09,A4,BODAI,10.3,30.3,24.8,22.7930050666728,88.47801808816678,6.0,11369.58505495532,8.3,9.6,7.9,8.4,30.7,30.9,32.1,25.3,24.0,25.8,108.3,10,283
2024-10-10,A4,BODAI,12.4,30.7,24.7,22.7930050666728,88.47801808816678,6.0,11369.58505495532,10.3,8.3,9.6,19.3,30.3,30.7,30.8,24.8,25.3,28.2,110.19999999999999,10,284
2024-10-11,A4,BODAI,5.3,32.0,25.2,22.7930050666728,88.47801808816678,6.0,11369.58505495532,12.4,10.3,8.3,31.9,30.7,30.3,30.4,24.7,24.8,31.0,103.3,10,285
2024-10-12,A4,BODAI,6.9,31.9,24.6,22.7930050666728,88.47801808816678,6.0,11369.58505495532,5.3,12.4,10.3,22.9,32.0,30.7,30.4,25.2,24.7,28.0,76.7,10,286
2024-10-13,A4,BODAI,1.2,32.0,24.6,22.7930050666728,88.47801808816678,6.0,11369.58505495532,6.9,5.3,12.4,7.9,31.9,32.0,30.4,24.6,25.2,24.6,60.7,10,287
2024-10-14,A4,BODAI,0.0,32.1,23.9,22.7930050666728,88.47801808816678,6.0,11369.58505495532,1.2,6.9,5.3,9.6,32.0,31.9,30.9,24.6,24.6,13.4,54.0,10,288
2024-10-15,A4,BODAI,9.0,31.6,24.3,22.7930050666728,88.47801808816678,6.0,11369.58505495532,0.0,1.2,6.9,8.3,32.1,32.0,30.7,23.9,24.6,8.100000000000001,44.4,10,289
2024-10-16,A4,BODAI,0.1,31.3,23.9,22.7930050666728,88.47801808816678,6.0,11369.58505495532,9.0,0.0,1.2,10.3,31.6,32.1,30.3,24.3,23.9,10.2,45.099999999999994,10,290
2024-10-17,A4,BODAI,8.2,31.1,23.8,22.7930050666728,88.47801808816678,6.0,11369.58505495532,0.1,9.0,0.0,12.4,31.3,31.6,30.7,23.9,24.3,9.1,34.9,10,291
2024-10-18,A4,BODAI,5.4,29.5,23.4,22.7930050666728,88.47801808816678,6.0,11369.58505495532,8.2,0.1,9.0,5.3,31.1,31.3,32.0,23.8,23.9,17.299999999999997,30.700000000000003,10,292
2024-10-19,A4,BODAI,9.0,30.2,23.4,22.7930050666728,88.47801808816678,6.0,11369.58505495532,5.4,8.2,0.1,6.9,29.5,31.1,31.9,23.4,23.8,13.7,30.8,10,293
2024-10-20,A4,BODAI,0.0,30.6,23.5,22.7930050666728,88.47801808816678,6.0,11369.58505495532,9.0,5.4,8.2,1.2,30.2,29.5,32.0,23.4,23.4,22.6,32.9,10,294
2024-10-21,A4,BODAI,0.0,30.6,23.7,22.7930050666728,88.47801808816678,6.0,11369.58505495532,0.0,9.0,5.4,0.0,30.6,30.2,32.1,23.5,23.4,14.4,31.7,10,295
2024-10-22,A4,BODAI,0.0,31.0,22.6,22.7930050666728,88.47801808816678,6.0,11369.58505495532,0.0,0.0,9.0,9.0,30.6,30.6,31.6,23.7,23.5,9.0,31.7,10,296
2024-10-23,A4,BODAI,12.6,29.9,24.0,22.7930050666728,88.47801808816678,6.0,11369.58505495532,0.0,0.0,0.0,0.1,31.0,30.6,31.3,22.6,23.7,0.0,22.7,10,297
2024-10-24,A4,BODAI,14.5,27.1,24.1,22.7930050666728,88.47801808816678,6.0,11369.58505495532,12.6,0.0,0.0,8.2,29.9,31.0,31.1,24.0,22.6,12.6,35.199999999999996,10,298
2024-10-25,A4,BODAI,28.6,25.9,23.7,22.7930050666728,88.47801808816678,6.0,11369.58505495532,14.5,12.6,0.0,5.4,27.1,29.9,29.5,24.1,24.0,27.1,41.5,10,299
2024-10-26,A4,BODAI,2.8,31.5,24.5,22.7930050666728,88.47801808816678,6.0,11369.58505495532,28.6,14.5,12.6,9.0,25.9,27.1,30.2,23.7,24.1,55.7,64.69999999999999,10,300
2024-10-27,A4,BODAI,0.3,31.1,23.5,22.7930050666728,88.47801808816678,6.0,11369.58505495532,2.8,28.6,14.5,0.0,31.5,25.9,30.6,24.5,23.7,45.9,58.49999999999999,10,301
2024-10-28,A4,BODAI,0.3,31.4,23.1,22.7930050666728,88.47801808816678,6.0,11369.58505495532,0.3,2.8,28.6,0.0,31.1,31.5,30.6,23.5,24.5,31.700000000000003,58.800000000000004,10,302
2024-10-29,A4,BODAI,0.0,31.3,23.4,22.7930050666728,88.47801808816678,6.0,11369.58505495532,0.3,0.3,2.8,0.0,31.4,31.1,31.0,23.1,23.5,3.4,59.099999999999994,10,303
2024-10-30,A4,BODAI,0.6,31.1,23.6,22.7930050666728,88.47801808816678,6.0,11369.58505495532,0.0,0.3,0.3,12.6,31.3,31.4,29.9,23.4,23.1,0.6,59.099999999999994,10,304
2024-10-31,A4,BODAI,0.8,31.2,23.8,22.7930050666728,88.47801808816678,6.0,11369.58505495532,0.6,0.0,0.3,14.5,31.1,31.3,27.1,23.6,23.4,0.8999999999999999,47.1,10,305
2024-11-01,A4,BODAI,0.0,32.3,23.0,22.7930050666728,88.47801808816678,6.0,11369.58505495532,0.8,0.6,0.0,28.6,31.2,31.1,25.9,23.8,23.6,1.4,33.4,11,306
2024-11-02,A4,BODAI,0.0,31.4,20.9,22.7930050666728,88.47801808816678,6.0,11369.58505495532,0.0,0.8,0.6,2.8,32.3,31.2,31.5,23.0,23.8,1.4,4.8,11,307
2024-11-03,A4,BODAI,0.0,30.7,20.6,22.7930050666728,88.47801808816678,6.0,11369.58505495532,0.0,0.0,0.8,0.3,31.4,32.3,31.1,20.9,23.0,0.8000000000000002,2.0,11,308
2024-11-04,A4,BODAI,0.0,30.5,20.8,22.7930050666728,88.47801808816678,6.0,11369.58505495532,0.0,0.0,0.0,0.3,30.7,31.4,31.4,20.6,20.9,0.0,1.7,11,309
2024-11-05,A4,BODAI,0.4,29.8,21.9,22.7930050666728,88.47801808816678,6.0,11369.58505495532,0.0,0.0,0.0,0.0,30.5,30.7,31.3,20.8,20.6,0.0,1.4,11,310
2024-11-06,A4,BODAI,0.5,29.4,21.8,22.7930050666728,88.47801808816678,6.0,11369.58505495532,0.4,0.0,0.0,0.6,29.8,30.5,31.1,21.9,20.8,0.40000000000000013,1.7999999999999998,11,311
2024-11-07,A4,BODAI,0.3,30.0,20.6,22.7930050666728,88.47801808816678,6.0,11369.58505495532,0.5,0.4,0.0,0.8,29.4,29.8,31.2,21.8,21.9,0.9000000000000001,1.7000000000000002,11,312
2024-11-08,A4,BODAI,0.0,30.2,21.4,22.7930050666728,88.47801808816678,6.0,11369.58505495532,0.3,0.5,0.4,0.0,30.0,29.4,32.3,20.6,21.8,1.2000000000000002,1.2,11,313
2024-11-09,A4,BODAI,0.0,29.7,20.9,22.7930050666728,88.47801808816678,6.0,11369.58505495532,0.0,0.3,0.5,0.0,30.2,30.0,31.4,21.4,20.6,0.8,1.2,11,314
2024-11-10,A4,BODAI,0.0,30.1,20.4,22.7930050666728,88.47801808816678,6.0,11369.58505495532,0.0,0.0,0.3,0.0,29.7,30.2,30.7,20.9,21.4,0.3000000000000001,1.2,11,315
2024-11-11,A4,BODAI,0.0,30.2,20.2,22.7930050666728,88.47801808816678,6.0,11369.58505495532,0.0,0.0,0.0,0.0,30.1,29.7,30.5,20.4,20.9,0.0,1.2,11,316
2024-11-12,A4,BODAI,0.0,30.2,19.8,22.7930050666728,88.47801808816678,6.0,11369.58505495532,0.0,0.0,0.0,0.4,30.2,30.1,29.8,20.2,20.4,0.0,1.2,11,317
2024-11-13,A4,BODAI,0.0,31.2,20.3,22.7930050666728,88.47801808816678,6.0,11369.58505495532,0.0,0.0,0.0,0.5,30.2,30.2,29.4,19.8,20.2,0.0,0.8,11,318
2024-11-14,A4,BODAI,0.0,31.1,20.2,22.7930050666728,88.47801808816678,6.0,11369.58505495532,0.0,0.0,0.0,0.3,31.2,30.2,30.0,20.3,19.8,0.0,0.3,11,319
2024-11-15,A4,BODAI,0.0,30.9,19.0,22.7930050666728,88.47801808816678,6.0,11369.58505495532,0.0,0.0,0.0,0.0,31.1,31.2,30.2,20.2,20.3,0.0,0.0,11,320
2024-11-16,A4,BODAI,0.0,29.7,17.8,22.7930050666728,88.47801808816678,6.0,11369.58505495532,0.0,0.0,0.0,0.0,30.9,31.1,29.7,19.0,20.2,0.0,0.0,11,321
2024-11-17,A4,BODAI,0.0,29.1,17.8,22.7930050666728,88.47801808816678,6.0,11369.58505495532,0.0,0.0,0.0,0.0,29.7,30.9,30.1,17.8,19.0,0.0,0.0,11,322
2024-11-18,A4,BODAI,0.0,28.8,17.1,22.7930050666728,88.47801808816678,6.0,11369.58505495532,0.0,0.0,0.0,0.0,29.1,29.7,30.2,17.8,17.8,0.0,0.0,11,323
2024-11-19,A4,BODAI,0.0,28.3,17.6,22.7930050666728,88.47801808816678,6.0,11369.58505495532,0.0,0.0,0.0,0.0,28.8,29.1,30.2,17.1,17.8,0.0,0.0,11,324
2024-11-20,A4,BODAI,0.0,29.4,17.4,22.7930050666728,88.47801808816678,6.0,11369.58505495532,0.0,0.0,0.0,0.0,28.3,28.8,31.2,17.6,17.1,0.0,0.0,11,325
2024-11-21,A4,BODAI,0.0,29.2,18.4,22.7930050666728,88.47801808816678,6.0,11369.58505495532,0.0,0.0,0.0,0.0,29.4,28.3,31.1,17.4,17.6,0.0,0.0,11,326
2024-11-22,A4,BODAI,0.0,29.2,17.9,22.7930050666728,88.47801808816678,6.0,11369.58505495532,0.0,0.0,0.0,0.0,29.2,29.4,30.9,18.4,17.4,0.0,0.0,11,327
2024-11-23,A4,BODAI,0.0,29.0,17.7,22.7930050666728,88.47801808816678,6.0,11369.58505495532,0.0,0.0,0.0,0.0,29.2,29.2,29.7,17.9,18.4,0.0,0.0,11,328
2024-11-24,A4,BODAI,0.0,28.4,16.5,22.7930050666728,88.47801808816678,6.0,11369.58505495532,0.0,0.0,0.0,0.0,29.0,29.2,29.1,17.7,17.9,0.0,0.0,11,329
2024-11-25,A4,BODAI,0.0,27.8,16.2,22.7930050666728,88.47801808816678,6.0,11369.58505495532,0.0,0.0,0.0,0.0,28.4,29.0,28.8,16.5,17.7,0.0,0.0,11,330
2024-11-26,A4,BODAI,0.0,27.8,16.1,22.7930050666728,88.47801808816678,6.0,11369.58505495532,0.0,0.0,0.0,0.0,27.8,28.4,28.3,16.2,16.5,0.0,0.0,11,331
2024-11-27,A4,BODAI,0.0,28.3,16.4,22.7930050666728,88.47801808816678,6.0,11369.58505495532,0.0,0.0,0.0,0.0,27.8,27.8,29.4,16.1,16.2,0.0,0.0,11,332
2024-11-28,A4,BODAI,0.0,28.1,16.9,22.7930050666728,88.47801808816678,6.0,11369.58505495532,0.0,0.0,0.0,0.0,28.3,27.8,29.2,16.4,16.1,0.0,0.0,11,333
2024-11-29,A4,BODAI,0.3,27.1,19.6,22.7930050666728,88.47801808816678,6.0,11369.58505495532,0.0,0.0,0.0,0.0,28.1,28.3,29.2,16.9,16.4,0.0,0.0,11,334
2024-11-30,A4,BODAI,19.3,23.2,18.5,22.7930050666728,88.47801808816678,6.0,11369.58505495532,0.3,0.0,0.0,0.0,27.1,28.1,29.0,19.6,16.9,0.3000000000000001,0.3,11,335
2024-12-01,A4,BODAI,0.0,28.1,18.3,22.7930050666728,88.47801808816678,6.0,11369.58505495532,19.3,0.3,0.0,0.0,23.2,27.1,28.4,18.5,19.6,19.6,19.6,12,336
2024-12-02,A4,BODAI,0.3,22.8,19.1,22.7930050666728,88.47801808816678,6.0,11369.58505495532,0.0,19.3,0.3,0.0,28.1,23.2,27.8,18.3,18.5,19.6,19.6,12,337
2024-12-03,A4,BODAI,0.0,28.3,18.2,22.7930050666728,88.47801808816678,6.0,11369.58505495532,0.3,0.0,19.3,0.0,22.8,28.1,27.8,19.1,18.3,19.6,19.900000000000002,12,338
2024-12-04,A4,BODAI,0.0,27.9,16.2,22.7930050666728,88.47801808816678,6.0,11369.58505495532,0.0,0.3,0.0,0.0,28.3,22.8,28.3,18.2,19.1,0.3,19.900000000000002,12,339
2024-12-05,A4,BODAI,0.0,28.8,15.6,22.7930050666728,88.47801808816678,6.0,11369.58505495532,0.0,0.0,0.3,0.0,27.9,28.3,28.1,16.2,18.2,0.3,19.900000000000002,12,340
2024-12-06,A4,BODAI,0.0,27.0,15.4,22.7930050666728,88.47801808816678,6.0,11369.58505495532,0.0,0.0,0.0,0.3,28.8,27.9,27.1,15.6,16.2,0.0,19.900000000000002,12,341
2024-12-07,A4,BODAI,0.0,25.9,14.0,22.7930050666728,88.47801808816678,6.0,11369.58505495532,0.0,0.0,0.0,19.3,27.0,28.8,23.2,15.4,15.6,0.0,19.6,12,342
2024-12-08,A4,BODAI,0.0,25.6,13.1,22.7930050666728,88.47801808816678,6.0,11369.58505495532,0.0,0.0,0.0,0.0,25.9,27.0,28.1,14.0,15.4,0.0,0.3,12,343
2024-12-09,A4,BODAI,0.0,26.0,14.4,22.7930050666728,88.47801808816678,6.0,11369.58505495532,0.0,0.0,0.0,0.3,25.6,25.9,22.8,13.1,14.0,0.0,0.3,12,344
2024-12-10,A4,BODAI,0.2,26.0,16.2,22.7930050666728,88.47801808816678,6.0,11369.58505495532,0.0,0.0,0.0,0.0,26.0,25.6,28.3,14.4,13.1,0.0,0.0,12,345
2024-12-11,A4,BODAI,0.0,24.3,14.2,22.7930050666728,88.47801808816678,6.0,11369.58505495532,0.2,0.0,0.0,0.0,26.0,26.0,27.9,16.2,14.4,0.2,0.2,12,346
2024-12-12,A4,BODAI,0.0,23.8,12.1,22.7930050666728,88.47801808816678,6.0,11369.58505495532,0.0,0.2,0.0,0.0,24.3,26.0,28.8,14.2,16.2,0.2,0.2,12,347
2024-12-13,A4,BODAI,0.0,23.4,11.4,22.7930050666728,88.47801808816678,6.0,11369.58505495532,0.0,0.0,0.2,0.0,23.8,24.3,27.0,12.1,14.2,0.2,0.2,12,348
2024-12-14,A4,BODAI,0.0,23.2,11.8,22.7930050666728,88.47801808816678,6.0,11369.58505495532,0.0,0.0,0.0,0.0,23.4,23.8,25.9,11.4,12.1,0.0,0.2,12,349
2024-12-15,A4,BODAI,0.0,23.8,10.8,22.7930050666728,88.47801808816678,6.0,11369.58505495532,0.0,0.0,0.0,0.0,23.2,23.4,25.6,11.8,11.4,0.0,0.2,12,350
2024-12-16,A4,BODAI,0.0,24.6,12.3,22.7930050666728,88.47801808816678,6.0,11369.58505495532,0.0,0.0,0.0,0.0,23.8,23.2,26.0,10.8,11.8,0.0,0.2,12,351
2024-12-17,A4,BODAI,0.0,25.5,13.0,22.7930050666728,88.47801808816678,6.0,11369.58505495532,0.0,0.0,0.0,0.2,24.6,23.8,26.0,12.3,10.8,0.0,0.2,12,352
2024-12-18,A4,BODAI,0.0,26.6,14.1,22.7930050666728,88.47801808816678,6.0,11369.58505495532,0.0,0.0,0.0,0.0,25.5,24.6,24.3,13.0,12.3,0.0,0.0,12,353
2024-12-19,A4,BODAI,0.0,25.9,14.3,22.7930050666728,88.47801808816678,6.0,11369.58505495532,0.0,0.0,0.0,0.0,26.6,25.5,23.8,14.1,13.0,0.0,0.0,12,354
2024-12-20,A4,BODAI,0.4,25.5,13.8,22.7930050666728,88.47801808816678,6.0,11369.58505495532,0.0,0.0,0.0,0.0,25.9,26.6,23.4,14.3,14.1,0.0,0.0,12,355
2024-12-21,A4,BODAI,2.2,20.4,15.4,22.7930050666728,88.47801808816678,6.0,11369.58505495532,0.4,0.0,0.0,0.0,25.5,25.9,23.2,13.8,14.3,0.4,0.4,12,356
2024-12-22,A4,BODAI,0.0,25.1,14.8,22.7930050666728,88.47801808816678,6.0,11369.58505495532,2.2,0.4,0.0,0.0,20.4,25.5,23.8,15.4,13.8,2.6,2.6,12,357
2024-12-23,A4,BODAI,0.0,26.2,15.1,22.7930050666728,88.47801808816678,6.0,11369.58505495532,0.0,2.2,0.4,0.0,25.1,20.4,24.6,14.8,15.4,2.6,2.6,12,358
2024-12-24,A4,BODAI,0.0,25.7,15.2,22.7930050666728,88.47801808816678,6.0,11369.58505495532,0.0,0.0,2.2,0.0,26.2,25.1,25.5,15.1,14.8,2.2,2.6,12,359
2024-12-25,A4,BODAI,0.0,25.5,17.0,22.7930050666728,88.47801808816678,6.0,11369.58505495532,0.0,0.0,0.0,0.0,25.7,26.2,26.6,15.2,15.1,0.0,2.6,12,360
2024-12-26,A4,BODAI,0.0,26.8,15.9,22.7930050666728,88.47801808816678,6.0,11369.58505495532,0.0,0.0,0.0,0.0,25.5,25.7,25.9,17.0,15.2,0.0,2.6,12,361
2024-12-27,A4,BODAI,0.0,26.6,14.8,22.7930050666728,88.47801808816678,6.0,11369.58505495532,0.0,0.0,0.0,0.4,26.8,25.5,25.5,15.9,17.0,0.0,2.6,12,362
2024-12-28,A4,BODAI,0.0,25.9,13.9,22.7930050666728,88.47801808816678,6.0,11369.58505495532,0.0,0.0,0.0,2.2,26.6,26.8,20.4,14.8,15.9,0.0,2.2,12,363
2024-12-29,A4,BODAI,0.0,26.7,15.2,22.7930050666728,88.47801808816678,6.0,11369.58505495532,0.0,0.0,0.0,0.0,25.9,26.6,25.1,13.9,14.8,0.0,0.0,12,364
2024-12-30,A4,BODAI,0.0,26.1,16.3,22.7930050666728,88.47801808816678,6.0,11369.58505495532,0.0,0.0,0.0,0.0,26.7,25.9,26.2,15.2,13.9,0.0,0.0,12,365
2024-12-31,A4,BODAI,0.0,23.9,15.1,22.7930050666728,88.47801808816678,6.0,11369.58505495532,0.0,0.0,0.0,0.0,26.1,26.7,25.7,16.3,15.2,0.0,0.0,12,366
2025-01-01,A4,BODAI,0.0,22.8,12.8,22.7930050666728,88.47801808816678,6.0,11369.58505495532,0.0,0.0,0.0,0.0,23.9,26.1,25.5,15.1,16.3,0.0,0.0,1,1
2025-01-02,A4,BODAI,0.0,22.2,12.1,22.7930050666728,88.47801808816678,6.0,11369.58505495532,0.0,0.0,0.0,0.0,22.8,23.9,26.8,12.8,15.1,0.0,0.0,1,2
2025-01-03,A4,BODAI,0.0,22.3,10.9,22.7930050666728,88.47801808816678,6.0,11369.58505495532,0.0,0.0,0.0,0.0,22.2,22.8,26.6,12.1,12.8,0.0,0.0,1,3
2025-01-04,A4,BODAI,0.0,23.7,12.7,22.7930050666728,88.47801808816678,6.0,11369.58505495532,0.0,0.0,0.0,0.0,22.3,22.2,25.9,10.9,12.1,0.0,0.0,1,4
2025-01-05,A4,BODAI,0.0,24.3,13.5,22.7930050666728,88.47801808816678,6.0,11369.58505495532,0.0,0.0,0.0,0.0,23.7,22.3,26.7,12.7,10.9,0.0,0.0,1,5
2025-01-06,A4,BODAI,0.0,24.4,12.4,22.7930050666728,88.47801808816678,6.0,11369.58505495532,0.0,0.0,0.0,0.0,24.3,23.7,26.1,13.5,12.7,0.0,0.0,1,6
2025-01-07,A4,BODAI,0.0,25.8,14.1,22.7930050666728,88.47801808816678,6.0,11369.58505495532,0.0,0.0,0.0,0.0,24.4,24.3,23.9,12.4,13.5,0.0,0.0,1,7
2025-01-08,A4,BODAI,0.0,22.4,13.2,22.7930050666728,88.47801808816678,6.0,11369.58505495532,0.0,0.0,0.0,0.0,25.8,24.4,22.8,14.1,12.4,0.0,0.0,1,8
2025-01-09,A4,BODAI,0.0,21.9,11.9,22.7930050666728,88.47801808816678,6.0,11369.58505495532,0.0,0.0,0.0,0.0,22.4,25.8,22.2,13.2,14.1,0.0,0.0,1,9
2025-01-10,A4,BODAI,0.0,22.6,12.0,22.7930050666728,88.47801808816678,6.0,11369.58505495532,0.0,0.0,0.0,0.0,21.9,22.4,22.3,11.9,13.2,0.0,0.0,1,10
2025-01-11,A4,BODAI,0.0,23.2,11.2,22.7930050666728,88.47801808816678,6.0,11369.58505495532,0.0,0.0,0.0,0.0,22.6,21.9,23.7,12.0,11.9,0.0,0.0,1,11
2025-01-12,A4,BODAI,0.0,24.7,12.5,22.7930050666728,88.47801808816678,6.0,11369.58505495532,0.0,0.0,0.0,0.0,23.2,22.6,24.3,11.2,12.0,0.0,0.0,1,12
2025-01-13,A4,BODAI,0.0,26.3,13.5,22.7930050666728,88.47801808816678,6.0,11369.58505495532,0.0,0.0,0.0,0.0,24.7,23.2,24.4,12.5,11.2,0.0,0.0,1,13
2025-01-14,A4,BODAI,0.0,25.1,15.1,22.7930050666728,88.47801808816678,6.0,11369.58505495532,0.0,0.0,0.0,0.0,26.3,24.7,25.8,13.5,12.5,0.0,0.0,1,14
2025-01-15,A4,BODAI,0.0,24.2,14.0,22.7930050666728,88.47801808816678,6.0,11369.58505495532,0.0,0.0,0.0,0.0,25.1,26.3,22.4,15.1,13.5,0.0,0.0,1,15
2025-01-16,A4,BODAI,0.0,24.3,12.6,22.7930050666728,88.47801808816678,6.0,11369.58505495532,0.0,0.0,0.0,0.0,24.2,25.1,21.9,14.0,15.1,0.0,0.0,1,16
2025-01-17,A4,BODAI,0.0,24.5,13.9,22.7930050666728,88.47801808816678,6.0,11369.58505495532,0.0,0.0,0.0,0.0,24.3,24.2,22.6,12.6,14.0,0.0,0.0,1,17
2025-01-18,A4,BODAI,0.0,24.5,13.7,22.7930050666728,88.47801808816678,6.0,11369.58505495532,0.0,0.0,0.0,0.0,24.5,24.3,23.2,13.9,12.6,0.0,0.0,1,18
2025-01-19,A4,BODAI,0.0,24.4,13.2,22.7930050666728,88.47801808816678,6.0,11369.58505495532,0.0,0.0,0.0,0.0,24.5,24.5,24.7,13.7,13.9,0.0,0.0,1,19
2025-01-20,A4,BODAI,0.0,23.8,12.2,22.7930050666728,88.47801808816678,6.0,11369.58505495532,0.0,0.0,0.0,0.0,24.4,24.5,26.3,13.2,13.7,0.0,0.0,1,20
2025-01-21,A4,BODAI,0.0,25.3,13.0,22.7930050666728,88.47801808816678,6.0,11369.58505495532,0.0,0.0,0.0,0.0,23.8,24.4,25.1,12.2,13.2,0.0,0.0,1,21
2025-01-22,A4,BODAI,0.0,26.2,13.7,22.7930050666728,88.47801808816678,6.0,11369.58505495532,0.0,0.0,0.0,0.0,25.3,23.8,24.2,13.0,12.2,0.0,0.0,1,22
2025-01-23,A4,BODAI,0.0,27.6,13.4,22.7930050666728,88.47801808816678,6.0,11369.58505495532,0.0,0.0,0.0,0.0,26.2,25.3,24.3,13.7,13.0,0.0,0.0,1,23
2025-01-24,A4,BODAI,0.0,27.8,14.5,22.7930050666728,88.47801808816678,6.0,11369.58505495532,0.0,0.0,0.0,0.0,27.6,26.2,24.5,13.4,13.7,0.0,0.0,1,24
2025-01-25,A4,BODAI,0.3,25.4,16.1,22.7930050666728,88.47801808816678,6.0,11369.58505495532,0.0,0.0,0.0,0.0,27.8,27.6,24.5,14.5,13.4,0.0,0.0,1,25
2025-01-26,A4,BODAI,0.0,24.3,13.3,22.7930050666728,88.47801808816678,6.0,11369.58505495532,0.3,0.0,0.0,0.0,25.4,27.8,24.4,16.1,14.5,0.3,0.3,1,26
2025-01-27,A4,BODAI,0.0,24.0,12.7,22.7930050666728,88.47801808816678,6.0,11369.58505495532,0.0,0.3,0.0,0.0,24.3,25.4,23.8,13.3,16.1,0.3,0.3,1,27
2025-01-28,A4,BODAI,0.0,25.6,12.6,22.7930050666728,88.47801808816678,6.0,11369.58505495532,0.0,0.0,0.3,0.0,24.0,24.3,25.3,12.7,13.3,0.3,0.3,1,28
2025-01-29,A4,BODAI,0.2,26.9,14.5,22.7930050666728,88.47801808816678,6.0,11369.58505495532,0.0,0.0,0.0,0.0,25.6,24.0,26.2,12.6,12.7,0.0,0.3,1,29
2025-01-30,A4,BODAI,0.1,29.1,17.5,22.7930050666728,88.47801808816678,6.0,11369.58505495532,0.2,0.0,0.0,0.0,26.9,25.6,27.6,14.5,12.6,0.2,0.5,1,30
2025-01-31,A4,BODAI,0.1,29.1,19.2,22.7930050666728,88.47801808816678,6.0,11369.58505495532,0.1,0.2,0.0,0.0,29.1,26.9,27.8,17.5,14.5,0.30000000000000004,0.6,1,31
2025-02-01,A4,BODAI,0.5,28.8,20.0,22.7930050666728,88.47801808816678,6.0,11369.58505495532,0.1,0.1,0.2,0.3,29.1,29.1,25.4,19.2,17.5,0.4,0.7,2,32
2025-02-02,A4,BODAI,0.2,28.5,20.2,22.7930050666728,88.47801808816678,6.0,11369.58505495532,0.5,0.1,0.1,0.0,28.8,29.1,24.3,20.0,19.2,0.7,0.8999999999999999,2,33
2025-02-03,A4,BODAI,0.0,28.5,18.7,22.7930050666728,88.47801808816678,6.0,11369.58505495532,0.2,0.5,0.1,0.0,28.5,28.8,24.0,20.2,20.0,0.8,1.1,2,34
2025-02-04,A4,BODAI,0.0,27.1,16.6,22.7930050666728,88.47801808816678,6.0,11369.58505495532,0.0,0.2,0.5,0.0,28.5,28.5,25.6,18.7,20.2,0.7,1.1,2,35
2025-02-05,A4,BODAI,0.0,29.0,15.9,22.7930050666728,88.47801808816678,6.0,11369.58505495532,0.0,0.0,0.2,0.2,27.1,28.5,26.9,16.6,18.7,0.2,1.1,2,36
2025-02-06,A4,BODAI,0.0,28.7,18.8,22.7930050666728,88.47801808816678,6.0,11369.58505495532,0.0,0.0,0.0,0.1,29.0,27.1,29.1,15.9,16.6,0.0,0.9,2,37
2025-02-07,A4,BODAI,0.0,25.6,14.4,22.7930050666728,88.47801808816678,6.0,11369.58505495532,0.0,0.0,0.0,0.1,28.7,29.0,29.1,18.8,15.9,0.0,0.7999999999999999,2,38
2025-02-08,A4,BODAI,0.0,25.4,13.2,22.7930050666728,88.47801808816678,6.0,11369.58505495532,0.0,0.0,0.0,0.5,25.6,28.7,28.8,14.4,18.8,0.0,0.7,2,39
2025-02-09,A4,BODAI,0.0,26.0,13.4,22.7930050666728,88.47801808816678,6.0,11369.58505495532,0.0,0.0,0.0,0.2,25.4,25.6,28.5,13.2,14.4,0.0,0.19999999999999996,2,40
2025-02-10,A4,BODAI,0.0,29.3,14.2,22.7930050666728,88.47801808816678,6.0,11369.58505495532,0.0,0.0,0.0,0.0,26.0,25.4,28.5,13.4,13.2,0.0,0.0,2,41
2025-02-11,A4,BODAI,0.0,29.9,18.8,22.7930050666728,88.47801808816678,6.0,11369.58505495532,0.0,0.0,0.0,0.0,29.3,26.0,27.1,14.2,13.4,0.0,0.0,2,42
2025-02-12,A4,BODAI,0.4,29.7,19.3,22.7930050666728,88.47801808816678,6.0,11369.58505495532,0.0,0.0,0.0,0.0,29.9,29.3,29.0,18.8,14.2,0.0,0.0,2,43
2025-02-13,A4,BODAI,0.1,30.2,20.6,22.7930050666728,88.47801808816678,6.0,11369.58505495532,0.4,0.0,0.0,0.0,29.7,29.9,28.7,19.3,18.8,0.4,0.39999999999999997,2,44
2025-02-14,A4,BODAI,0.0,27.8,15.7,22.7930050666728,88.47801808816678,6.0,11369.58505495532,0.1,0.4,0.0,0.0,30.2,29.7,25.6,20.6,19.3,0.5,0.5,2,45
2025-02-15,A4,BODAI,0.0,28.8,15.4,22.7930050666728,88.47801808816678,6.0,11369.58505495532,0.0,0.1,0.4,0.0,27.8,30.2,25.4,15.7,20.6,0.5,0.5,2,46
2025-02-16,A4,BODAI,0.0,30.7,16.3,22.7930050666728,88.47801808816678,6.0,11369.58505495532,0.0,0.0,0.1,0.0,28.8,27.8,26.0,15.4,15.7,0.1,0.5,2,47
2025-02-17,A4,BODAI,0.1,31.1,18.6,22.7930050666728,88.47801808816678,6.0,11369.58505495532,0.0,0.0,0.0,0.0,30.7,28.8,29.3,16.3,15.4,0.0,0.5,2,48
2025-02-18,A4,BODAI,0.2,29.8,18.4,22.7930050666728,88.47801808816678,6.0,11369.58505495532,0.1,0.0,0.0,0.0,31.1,30.7,29.9,18.6,16.3,0.1,0.6,2,49
2025-02-19,A4,BODAI,1.4,28.3,18.7,22.7930050666728,88.47801808816678,6.0,11369.58505495532,0.2,0.1,0.0,0.4,29.8,31.1,29.7,18.4,18.6,0.30000000000000004,0.8,2,50
2025-02-20,A4,BODAI,5.0,27.0,18.7,22.7930050666728,88.47801808816678,6.0,11369.58505495532,1.4,0.2,0.1,0.1,28.3,29.8,30.2,18.7,18.4,1.7,1.7999999999999998,2,51
2025-02-21,A4,BODAI,0.0,28.8,17.4,22.7930050666728,88.47801808816678,6.0,11369.58505495532,5.0,1.4,0.2,0.0,27.0,28.3,27.8,18.7,18.7,6.6,6.699999999999999,2,52
2025-02-22,A4,BODAI,9.7,28.7,18.9,22.7930050666728,88.47801808816678,6.0,11369.58505495532,0.0,5.0,1.4,0.0,28.8,27.0,28.8,17.4,18.7,6.3999999999999995,6.699999999999999,2,53
2025-02-23,A4,BODAI,7.8,28.0,17.9,22.7930050666728,88.47801808816678,6.0,11369.58505495532,9.7,0.0,5.0,0.0,28.7,28.8,30.7,18.9,17.4,14.7,16.4,2,54
2025-02-24,A4,BODAI,0.0,28.9,17.3,22.7930050666728,88.47801808816678,6.0,11369.58505495532,7.8,9.7,0.0,0.1,28.0,28.7,31.1,17.9,18.9,17.5,24.2,2,55
2025-02-25,A4,BODAI,0.0,29.1,18.1,22.7930050666728,88.47801808816678,6.0,11369.58505495532,0.0,7.8,9.7,0.2,28.9,28.0,29.8,17.3,17.9,17.5,24.099999999999998,2,56
2025-02-26,A4,BODAI,0.0,29.3,17.8,22.7930050666728,88.47801808816678,6.0,11369.58505495532,0.0,0.0,7.8,1.4,29.1,28.9,28.3,18.1,17.3,7.8,23.9,2,57
2025-02-27,A4,BODAI,0.0,29.6,17.6,22.7930050666728,88.47801808816678,6.0,11369.58505495532,0.0,0.0,0.0,5.0,29.3,29.1,27.0,17.8,18.1,0.0,22.5,2,58
2025-02-28,A4,BODAI,0.0,30.6,19.4,22.7930050666728,88.47801808816678,6.0,11369.58505495532,0.0,0.0,0.0,0.0,29.6,29.3,28.8,17.6,17.8,0.0,17.5,2,59
2025-03-01,A4,BODAI,0.0,33.1,20.0,22.7930050666728,88.47801808816678,6.0,11369.58505495532,0.0,0.0,0.0,9.7,30.6,29.6,28.7,19.4,17.6,0.0,17.5,3,60
2025-03-02,A4,BODAI,0.0,33.3,20.6,22.7930050666728,88.47801808816678,6.0,11369.58505495532,0.0,0.0,0.0,7.8,33.1,30.6,28.0,20.0,19.4,0.0,7.8,3,61
2025-03-03,A4,BODAI,0.0,31.7,20.3,22.7930050666728,88.47801808816678,6.0,11369.58505495532,0.0,0.0,0.0,0.0,33.3,33.1,28.9,20.6,20.0,0.0,0.0,3,62
2025-03-04,A4,BODAI,0.0,31.0,20.3,22.7930050666728,88.47801808816678,6.0,11369.58505495532,0.0,0.0,0.0,0.0,31.7,33.3,29.1,20.3,20.6,0.0,0.0,3,63
2025-03-05,A4,BODAI,0.0,30.9,19.6,22.7930050666728,88.47801808816678,6.0,11369.58505495532,0.0,0.0,0.0,0.0,31.0,31.7,29.3,20.3,20.3,0.0,0.0,3,64
2025-03-06,A4,BODAI,0.0,27.6,17.0,22.7930050666728,88.47801808816678,6.0,11369.58505495532,0.0,0.0,0.0,0.0,30.9,31.0,29.6,19.6,20.3,0.0,0.0,3,65
2025-03-07,A4,BODAI,0.0,29.5,15.3,22.7930050666728,88.47801808816678,6.0,11369.58505495532,0.0,0.0,0.0,0.0,27.6,30.9,30.6,17.0,19.6,0.0,0.0,3,66
2025-03-08,A4,BODAI,0.0,31.6,17.5,22.7930050666728,88.47801808816678,6.0,11369.58505495532,0.0,0.0,0.0,0.0,29.5,27.6,33.1,15.3,17.0,0.0,0.0,3,67
2025-03-09,A4,BODAI,0.0,31.5,19.0,22.7930050666728,88.47801808816678,6.0,11369.58505495532,0.0,0.0,0.0,0.0,31.6,29.5,33.3,17.5,15.3,0.0,0.0,3,68
2025-03-10,A4,BODAI,0.0,32.4,19.6,22.7930050666728,88.47801808816678,6.0,11369.58505495532,0.0,0.0,0.0,0.0,31.5,31.6,31.7,19.0,17.5,0.0,0.0,3,69
2025-03-11,A4,BODAI,0.0,33.0,20.7,22.7930050666728,88.47801808816678,6.0,11369.58505495532,0.0,0.0,0.0,0.0,32.4,31.5,31.0,19.6,19.0,0.0,0.0,3,70
2025-03-12,A4,BODAI,0.0,34.5,20.5,22.7930050666728,88.47801808816678,6.0,11369.58505495532,0.0,0.0,0.0,0.0,33.0,32.4,30.9,20.7,19.6,0.0,0.0,3,71
2025-03-13,A4,BODAI,0.0,35.6,22.1,22.7930050666728,88.47801808816678,6.0,11369.58505495532,0.0,0.0,0.0,0.0,34.5,33.0,27.6,20.5,20.7,0.0,0.0,3,72
2025-03-14,A4,BODAI,0.0,36.6,22.9,22.7930050666728,88.47801808816678,6.0,11369.58505495532,0.0,0.0,0.0,0.0,35.6,34.5,29.5,22.1,20.5,0.0,0.0,3,73
2025-03-15,A4,BODAI,0.1,35.4,23.6,22.7930050666728,88.47801808816678,6.0,11369.58505495532,0.0,0.0,0.0,0.0,36.6,35.6,31.6,22.9,22.1,0.0,0.0,3,74
2025-03-16,A4,BODAI,0.1,38.0,24.2,22.7930050666728,88.47801808816678,6.0,11369.58505495532,0.1,0.0,0.0,0.0,35.4,36.6,31.5,23.6,22.9,0.1,0.1,3,75
2025-03-17,A4,BODAI,7.3,34.8,23.3,22.7930050666728,88.47801808816678,6.0,11369.58505495532,0.1,0.1,0.0,0.0,38.0,35.4,32.4,24.2,23.6,0.2,0.2,3,76
2025-03-18,A4,BODAI,0.0,33.7,23.7,22.7930050666728,88.47801808816678,6.0,11369.58505495532,7.3,0.1,0.1,0.0,34.8,38.0,33.0,23.3,24.2,7.5,7.5,3,77
2025-03-19,A4,BODAI,0.0,35.5,22.2,22.7930050666728,88.47801808816678,6.0,11369.58505495532,0.0,7.3,0.1,0.0,33.7,34.8,34.5,23.7,23.3,7.4,7.5,3,78
2025-03-20,A4,BODAI,8.5,32.1,23.9,22.7930050666728,88.47801808816678,6.0,11369.58505495532,0.0,0.0,7.3,0.0,35.5,33.7,35.6,22.2,23.7,7.3,7.5,3,79
2025-03-21,A4,BODAI,5.7,31.1,21.2,22.7930050666728,88.47801808816678,6.0,11369.58505495532,8.5,0.0,0.0,0.0,32.1,35.5,36.6,23.9,22.2,8.5,16.0,3,80
2025-03-22,A4,BODAI,3.4,26.7,20.8,22.7930050666728,88.47801808816678,6.0,11369.58505495532,5.7,8.5,0.0,0.1,31.1,32.1,35.4,21.2,23.9,14.2,21.7,3,81
2025-03-23,A4,BODAI,1.2,28.7,18.7,22.7930050666728,88.47801808816678,6.0,11369.58505495532,3.4,5.7,8.5,0.1,26.7,31.1,38.0,20.8,21.2,17.6,25.0,3,82
2025-03-24,A4,BODAI,0.0,30.7,17.8,22.7930050666728,88.47801808816678,6.0,11369.58505495532,1.2,3.4,5.7,7.3,28.7,26.7,34.8,18.7,20.8,10.3,26.1,3,83
2025-03-25,A4,BODAI,0.0,32.0,19.1,22.7930050666728,88.47801808816678,6.0,11369.58505495532,0.0,1.2,3.4,0.0,30.7,28.7,33.7,17.8,18.7,4.6,18.8,3,84
2025-03-26,A4,BODAI,0.0,34.3,21.2,22.7930050666728,88.47801808816678,6.0,11369.58505495532,0.0,0.0,1.2,0.0,32.0,30.7,35.5,19.1,17.8,1.2,18.8,3,85
2025-03-27,A4,BODAI,0.0,35.6,23.0,22.7930050666728,88.47801808816678,6.0,11369.58505495532,0.0,0.0,0.0,8.5,34.3,32.0,32.1,21.2,19.1,0.0,18.8,3,86
2025-03-28,A4,BODAI,0.0,36.8,22.9,22.7930050666728,88.47801808816678,6.0,11369.58505495532,0.0,0.0,0.0,5.7,35.6,34.3,31.1,23.0,21.2,0.0,10.3,3,87
2025-03-29,A4,BODAI,0.0,35.9,23.3,22.7930050666728,88.47801808816678,6.0,11369.58505495532,0.0,0.0,0.0,3.4,36.8,35.6,26.7,22.9,23.0,0.0,4.6,3,88
2025-03-30,A4,BODAI,0.1,36.0,24.3,22.7930050666728,88.47801808816678,6.0,11369.58505495532,0.0,0.0,0.0,1.2,35.9,36.8,28.7,23.3,22.9,0.0,1.2,3,89
2025-03-31,A4,BODAI,0.0,36.1,25.2,22.7930050666728,88.47801808816678,6.0,11369.58505495532,0.1,0.0,0.0,0.0,36.0,35.9,30.7,24.3,23.3,0.1,0.1,3,90
2025-04-01,A4,BODAI,0.0,36.2,24.9,22.7930050666728,88.47801808816678,6.0,11369.58505495532,0.0,0.1,0.0,0.0,36.1,36.0,32.0,25.2,24.3,0.1,0.1,4,91
2025-04-02,A4,BODAI,0.2,36.7,24.8,22.7930050666728,88.47801808816678,6.0,11369.58505495532,0.0,0.0,0.1,0.0,36.2,36.1,34.3,24.9,25.2,0.1,0.1,4,92
2025-04-03,A4,BODAI,0.0,36.0,24.7,22.7930050666728,88.47801808816678,6.0,11369.58505495532,0.2,0.0,0.0,0.0,36.7,36.2,35.6,24.8,24.9,0.2,0.30000000000000004,4,93
2025-04-04,A4,BODAI,0.0,34.0,25.2,22.7930050666728,88.47801808816678,6.0,11369.58505495532,0.0,0.2,0.0,0.0,36.0,36.7,36.8,24.7,24.8,0.2,0.30000000000000004,4,94
2025-04-05,A4,BODAI,0.0,36.5,24.3,22.7930050666728,88.47801808816678,6.0,11369.58505495532,0.0,0.0,0.2,0.0,34.0,36.0,35.9,25.2,24.7,0.2,0.30000000000000004,4,95
2025-04-06,A4,BODAI,0.2,35.5,24.4,22.7930050666728,88.47801808816678,6.0,11369.58505495532,0.0,0.0,0.0,0.1,36.5,34.0,36.0,24.3,25.2,0.0,0.30000000000000004,4,96
2025-04-07,A4,BODAI,0.0,35.3,24.5,22.7930050666728,88.47801808816678,6.0,11369.58505495532,0.2,0.0,0.0,0.0,35.5,36.5,36.1,24.4,24.3,0.2,0.4,4,97
2025-04-08,A4,BODAI,1.9,34.0,24.1,22.7930050666728,88.47801808816678,6.0,11369.58505495532,0.0,0.2,0.0,0.0,35.3,35.5,36.2,24.5,24.4,0.2,0.4,4,98
2025-04-09,A4,BODAI,0.0,33.8,23.4,22.7930050666728,88.47801808816678,6.0,11369.58505495532,1.9,0.0,0.2,0.2,34.0,35.3,36.7,24.1,24.5,2.1,2.3,4,99
2025-04-10,A4,BODAI,14.8,34.5,22.4,22.7930050666728,88.47801808816678,6.0,11369.58505495532,0.0,1.9,0.0,0.0,33.8,34.0,36.0,23.4,24.1,1.9,2.0999999999999996,4,100
2025-04-11,A4,BODAI,0.1,32.0,22.0,22.7930050666728,88.47801808816678,6.0,11369.58505495532,14.8,0.0,1.9,0.0,34.5,33.8,34.0,22.4,23.4,16.7,16.9,4,101
2025-04-12,A4,BODAI,2.9,34.9,23.5,22.7930050666728,88.47801808816678,6.0,11369.58505495532,0.1,14.8,0.0,0.0,32.0,34.5,36.5,22.0,22.4,14.9,17.0,4,102
2025-04-13,A4,BODAI,0.0,33.1,23.6,22.7930050666728,88.47801808816678,6.0,11369.58505495532,2.9,0.1,14.8,0.2,34.9,32.0,35.5,23.5,22.0,17.8,19.9,4,103
2025-04-14,A4,BODAI,1.0,32.0,23.8,22.7930050666728,88.47801808816678,6.0,11369.58505495532,0.0,2.9,0.1,0.0,33.1,34.9,35.3,23.6,23.5,3.0,19.700000000000003,4,104
2025-04-15,A4,BODAI,1.7,32.3,23.3,22.7930050666728,88.47801808816678,6.0,11369.58505495532,1.0,0.0,2.9,1.9,32.0,33.1,34.0,23.8,23.6,3.9,20.700000000000003,4,105
2025-04-16,A4,BODAI,3.6,33.0,23.3,22.7930050666728,88.47801808816678,6.0,11369.58505495532,1.7,1.0,0.0,0.0,32.3,32.0,33.8,23.3,23.8,2.7,20.500000000000004,4,106
2025-04-17,A4,BODAI,17.7,32.1,23.0,22.7930050666728,88.47801808816678,6.0,11369.58505495532,3.6,1.7,1.0,14.8,33.0,32.3,34.5,23.3,23.3,6.3,24.099999999999998,4,107
2025-04-18,A4,BODAI,7.2,30.4,22.6,22.7930050666728,88.47801808816678,6.0,11369.58505495532,17.7,3.6,1.7,0.1,32.1,33.0,32.0,23.0,23.3,23.0,27.0,4,108
2025-04-19,A4,BODAI,5.0,30.3,22.9,22.7930050666728,88.47801808816678,6.0,11369.58505495532,7.2,17.7,3.6,2.9,30.4,32.1,34.9,22.6,23.0,28.5,34.099999999999994,4,109
2025-04-20,A4,BODAI,1.8,35.2,24.9,22.7930050666728,88.47801808816678,6.0,11369.58505495532,5.0,7.2,17.7,0.0,30.3,30.4,33.1,22.9,22.6,29.9,36.199999999999996,4,110
2025-04-21,A4,BODAI,0.0,35.9,27.7,22.7930050666728,88.47801808816678,6.0,11369.58505495532,1.8,5.0,7.2,1.0,35.2,30.3,32.0,24.9,22.9,14.0,38.0,4,111
2025-04-22,A4,BODAI,0.1,36.2,27.4,22.7930050666728,88.47801808816678,6.0,11369.58505495532,0.0,1.8,5.0,1.7,35.9,35.2,32.3,27.7,24.9,6.8,37.0,4,112
2025-04-23,A4,BODAI,0.0,38.6,27.1,22.7930050666728,88.47801808816678,6.0,11369.58505495532,0.1,0.0,1.8,3.6,36.2,35.9,33.0,27.4,27.7,1.9000000000000001,35.39999999999999,4,113
2025-04-24,A4,BODAI,0.0,36.8,27.2,22.7930050666728,88.47801808816678,6.0,11369.58505495532,0.0,0.1,0.0,17.7,38.6,36.2,32.1,27.1,27.4,0.1,31.799999999999997,4,114
2025-04-25,A4,BODAI,1.6,37.7,27.4,22.7930050666728,88.47801808816678,6.0,11369.58505495532,0.0,0.0,0.1,7.2,36.8,38.6,30.4,27.2,27.1,0.1,14.099999999999996,4,115
2025-04-26,A4,BODAI,3.4,36.1,27.0,22.7930050666728,88.47801808816678,6.0,11369.58505495532,1.6,0.0,0.0,5.0,37.7,36.8,30.3,27.4,27.2,1.6,8.499999999999996,4,116
2025-04-27,A4,BODAI,0.0,35.7,27.6,22.7930050666728,88.47801808816678,6.0,11369.58505495532,3.4,1.6,0.0,1.8,36.1,37.7,35.2,27.0,27.4,5.0,6.899999999999997,4,117
2025-04-28,A4,BODAI,4.1,29.7,24.6,22.7930050666728,88.47801808816678,6.0,11369.58505495532,0.0,3.4,1.6,0.0,35.7,36.1,35.9,27.6,27.0,5.0,5.099999999999997,4,118
2025-04-29,A4,BODAI,6.1,30.8,22.4,22.7930050666728,88.47801808816678,6.0,11369.58505495532,4.1,0.0,3.4,0.1,29.7,35.7,36.2,24.6,27.6,7.5,9.199999999999996,4,119
2025-04-30,A4,BODAI,3.3,30.5,21.5,22.7930050666728,88.47801808816678,6.0,11369.58505495532,6.1,4.1,0.0,0.0,30.8,29.7,38.6,22.4,24.6,10.2,15.199999999999996,4,120
2025-05-01,A4,BODAI,1.2,31.3,21.9,22.7930050666728,88.47801808816678,6.0,11369.58505495532,3.3,6.1,4.1,0.0,30.5,30.8,36.8,21.5,22.4,13.5,18.499999999999996,5,121
2025-05-02,A4,BODAI,0.0,30.6,21.5,22.7930050666728,88.47801808816678,6.0,11369.58505495532,1.2,3.3,6.1,1.6,31.3,30.5,37.7,21.9,21.5,10.6,19.699999999999996,5,122
2025-05-03,A4,BODAI,0.6,32.3,23.3,22.7930050666728,88.47801808816678,6.0,11369.58505495532,0.0,1.2,3.3,3.4,30.6,31.3,36.1,21.5,21.9,4.5,18.099999999999994,5,123
2025-05-04,A4,BODAI,3.9,30.9,23.6,22.7930050666728,88.47801808816678,6.0,11369.58505495532,0.6,0.0,1.2,0.0,32.3,30.6,35.7,23.3,21.5,1.7999999999999998,15.299999999999997,5,124
2025-05-05,A4,BODAI,4.4,32.9,23.6,22.7930050666728,88.47801808816678,6.0,11369.58505495532,3.9,0.6,0.0,4.1,30.9,32.3,29.7,23.6,23.3,4.5,19.199999999999996,5,125
2025-05-06,A4,BODAI,20.6,32.6,24.4,22.7930050666728,88.47801808816678,6.0,11369.58505495532,4.4,3.9,0.6,6.1,32.9,30.9,30.8,23.6,23.6,8.9,19.499999999999993,5,126
2025-05-07,A4,BODAI,3.4,33.4,24.1,22.7930050666728,88.47801808816678,6.0,11369.58505495532,20.6,4.4,3.9,3.3,32.6,32.9,30.5,24.4,23.6,28.900000000000002,34.0,5,127
2025-05-08,A4,BODAI,0.0,36.2,26.7,22.7930050666728,88.47801808816678,6.0,11369.58505495532,3.4,20.6,4.4,1.2,33.4,32.6,31.3,24.1,24.4,28.4,34.099999999999994,5,128
2025-05-09,A4,BODAI,0.0,36.9,26.6,22.7930050666728,88.47801808816678,6.0,11369.58505495532,0.0,3.4,20.6,0.0,36.2,33.4,30.6,26.7,24.1,24.0,32.89999999999999,5,129
2025-05-10,A4,BODAI,0.0,36.9,26.9,22.7930050666728,88.47801808816678,6.0,11369.58505495532,0.0,0.0,3.4,0.6,36.9,36.2,32.3,26.6,26.7,3.4,32.89999999999999,5,130
2025-05-11,A4,BODAI,0.0,37.2,27.1,22.7930050666728,88.47801808816678,6.0,11369.58505495532,0.0,0.0,0.0,3.9,36.9,36.9,30.9,26.9,26.6,0.0,32.3,5,131
2025-05-12,A4,BODAI,0.2,37.5,28.7,22.7930050666728,88.47801808816678,6.0,11369.58505495532,0.0,0.0,0.0,4.4,37.2,36.9,32.9,27.1,26.9,0.0,28.399999999999995,5,132
2025-05-13,A4,BODAI,2.4,35.5,28.4,22.7930050666728,88.47801808816678,6.0,11369.58505495532,0.2,0.0,0.0,20.6,37.5,37.2,32.6,28.7,27.1,0.2,24.199999999999996,5,133
2025-05-14,A4,BODAI,0.1,36.4,28.2,22.7930050666728,88.47801808816678,6.0,11369.58505495532,2.4,0.2,0.0,3.4,35.5,37.5,33.4,28.4,28.7,2.6,5.999999999999993,5,134
2025-05-15,A4,BODAI,6.8,35.3,27.3,22.7930050666728,88.47801808816678,6.0,11369.58505495532,0.1,2.4,0.2,0.0,36.4,35.5,36.2,28.2,28.4,2.7,2.699999999999993,5,135
2025-05-16,A4,BODAI,4.9,34.9,27.9,22.7930050666728,88.47801808816678,6.0,11369.58505495532,6.8,0.1,2.4,0.0,35.3,36.4,36.9,27.3,28.2,9.3,9.499999999999993,5,136
2025-05-17,A4,BODAI,26.1,34.9,25.8,22.7930050666728,88.47801808816678,6.0,11369.58505495532,4.9,6.8,0.1,0.0,34.9,35.3,36.9,27.9,27.3,11.8,14.399999999999993,5,137
2025-05-18,A4,BODAI,6.4,30.6,26.4,22.7930050666728,88.47801808816678,6.0,11369.58505495532,26.1,4.9,6.8,0.0,34.9,34.9,37.2,25.8,27.9,37.800000000000004,40.49999999999999,5,138
2025-05-19,A4,BODAI,3.1,33.8,26.2,22.7930050666728,88.47801808816678,6.0,11369.58505495532,6.4,26.1,4.9,0.2,30.6,34.9,37.5,26.4,25.8,37.400000000000006,46.89999999999999,5,139
2025-05-20,A4,BODAI,14.3,34.4,25.4,22.7930050666728,88.47801808816678,6.0,11369.58505495532,3.1,6.4,26.1,2.4,33.8,30.6,35.5,26.2,26.4,35.60000000000001,49.79999999999999,5,140
2025-05-21,A4,BODAI,21.3,33.8,25.6,22.7930050666728,88.47801808816678,6.0,11369.58505495532,14.3,3.1,6.4,0.1,34.4,33.8,36.4,25.4,26.2,23.800000000000004,61.69999999999999,5,141
2025-05-22,A4,BODAI,4.2,32.2,26.2,22.7930050666728,88.47801808816678,6.0,11369.58505495532,21.3,14.3,3.1,6.8,33.8,34.4,35.3,25.6,25.4,38.7,82.89999999999999,5,142
2025-05-23,A4,BODAI,6.4,31.7,25.6,22.7930050666728,88.47801808816678,6.0,11369.58505495532,4.2,21.3,14.3,4.9,32.2,33.8,34.9,26.2,25.6,39.800000000000004,80.3,5,143
2025-05-24,A4,BODAI,10.3,32.1,25.4,22.7930050666728,88.47801808816678,6.0,11369.58505495532,6.4,4.2,21.3,26.1,31.7,32.2,34.9,25.6,26.2,31.900000000000006,81.79999999999998,5,144
2025-05-25,A4,BODAI,18.1,30.8,25.7,22.7930050666728,88.47801808816678,6.0,11369.58505495532,10.3,6.4,4.2,6.4,32.1,31.7,30.6,25.4,25.6,20.900000000000006,66.0,5,145
2025-05-26,A4,BODAI,17.9,30.7,25.2,22.7930050666728,88.47801808816678,6.0,11369.58505495532,18.1,10.3,6.4,3.1,30.8,32.1,33.8,25.7,25.4,34.80000000000001,77.7,5,146
2025-05-27,A4,BODAI,9.5,31.4,25.4,22.7930050666728,88.47801808816678,6.0,11369.58505495532,17.9,18.1,10.3,14.3,30.7,30.8,34.4,25.2,25.7,46.300000000000004,92.49999999999999,5,147
2025-05-28,A4,BODAI,14.9,31.6,26.0,22.7930050666728,88.47801808816678,6.0,11369.58505495532,9.5,17.9,18.1,21.3,31.4,30.7,33.8,25.4,25.2,45.5,87.69999999999999,5,148
2025-05-29,A4,BODAI,38.3,29.5,25.3,22.7930050666728,88.47801808816678,6.0,11369.58505495532,14.9,9.5,17.9,4.2,31.6,31.4,32.2,26.0,25.4,42.300000000000004,81.3,5,149
2025-05-30,A4,BODAI,18.4,33.2,24.8,22.7930050666728,88.47801808816678,6.0,11369.58505495532,38.3,14.9,9.5,6.4,29.5,31.6,31.7,25.3,26.0,62.7,115.39999999999999,5,150
2025-05-31,A4,BODAI,34.7,32.1,25.4,22.7930050666728,88.47801808816678,6.0,11369.58505495532,18.4,38.3,14.9,10.3,33.2,29.5,32.1,24.8,25.3,71.6,127.4,5,151
2025-06-01,A4,BODAI,10.8,31.3,26.7,22.7930050666728,88.47801808816678,6.0,11369.58505495532,34.7,18.4,38.3,18.1,32.1,33.2,30.8,25.4,24.8,91.4,151.79999999999998,6,152
2025-06-02,A4,BODAI,0.4,36.0,26.9,22.7930050666728,88.47801808816678,6.0,11369.58505495532,10.8,34.7,18.4,17.9,31.3,32.1,30.7,26.7,25.4,63.900000000000006,144.5,6,153
2025-06-03,A4,BODAI,0.9,34.9,26.9,22.7930050666728,88.47801808816678,6.0,11369.58505495532,0.4,10.8,34.7,9.5,36.0,31.3,31.4,26.9,26.7,45.90000000000001,126.99999999999999,6,154
2025-06-04,A4,BODAI,1.0,34.0,27.1,22.7930050666728,88.47801808816678,6.0,11369.58505495532,0.9,0.4,10.8,14.9,34.9,36.0,31.6,26.9,26.9,12.100000000000009,118.39999999999999,6,155
2025-06-05,A4,BODAI,4.7,32.2,26.4,22.7930050666728,88.47801808816678,6.0,11369.58505495532,1.0,0.9,0.4,38.3,34.0,34.9,29.5,27.1,26.9,2.300000000000007,104.5,6,156
2025-06-06,A4,BODAI,5.8,32.9,25.9,22.7930050666728,88.47801808816678,6.0,11369.58505495532,4.7,1.0,0.9,18.4,32.2,34.0,33.2,26.4,27.1,6.600000000000007,70.89999999999999,6,157
2025-06-07,A4,BODAI,0.0,33.9,25.3,22.7930050666728,88.47801808816678,6.0,11369.58505495532,5.8,4.7,1.0,34.7,32.9,32.2,32.1,25.9,26.4,11.500000000000007,58.3,6,158
2025-06-08,A4,BODAI,1.1,33.7,26.3,22.7930050666728,88.47801808816678,6.0,11369.58505495532,0.0,5.8,4.7,10.8,33.9,32.9,31.3,25.3,25.9,10.500000000000007,23.599999999999994,6,159
2025-06-09,A4,BODAI,0.8,33.6,26.3,22.7930050666728,88.47801808816678,6.0,11369.58505495532,1.1,0.0,5.8,0.4,33.7,33.9,36.0,26.3,25.3,6.9000000000000075,13.899999999999993,6,160
2025-06-10,A4,BODAI,0.5,34.2,26.3,22.7930050666728,88.47801808816678,6.0,11369.58505495532,0.8,1.1,0.0,0.9,33.6,33.7,34.9,26.3,26.3,1.9000000000000072,14.299999999999992,6,161
2025-06-11,A4,BODAI,0.8,33.1,26.9,22.7930050666728,88.47801808816678,6.0,11369.58505495532,0.5,0.8,1.1,1.0,34.2,33.6,34.0,26.3,26.3,2.4000000000000075,13.899999999999991,6,162
2025-06-12,A4,BODAI,0.2,33.2,25.8,22.7930050666728,88.47801808816678,6.0,11369.58505495532,0.8,0.5,0.8,4.7,33.1,34.2,32.2,26.9,26.3,2.100000000000007,13.699999999999992,6,163
2025-06-13,A4,BODAI,0.9,33.3,26.6,22.7930050666728,88.47801808816678,6.0,11369.58505495532,0.2,0.8,0.5,5.8,33.2,33.1,32.9,25.8,26.9,1.500000000000007,9.199999999999992,6,164
2025-06-14,A4,BODAI,0.7,34.3,27.2,22.7930050666728,88.47801808816678,6.0,11369.58505495532,0.9,0.2,0.8,0.0,33.3,33.2,33.9,26.6,25.8,1.9000000000000072,4.299999999999994,6,165
2025-06-15,A4,BODAI,21.5,30.6,26.6,22.7930050666728,88.47801808816678,6.0,11369.58505495532,0.7,0.9,0.2,1.1,34.3,33.3,33.7,27.2,26.6,1.8000000000000071,4.999999999999993,6,166
2025-06-16,A4,BODAI,34.9,31.8,26.0,22.7930050666728,88.47801808816678,6.0,11369.58505495532,21.5,0.7,0.9,0.8,30.6,34.3,33.6,26.6,27.2,23.10000000000001,25.39999999999999,6,167
2025-06-17,A4,BODAI,35.4,28.9,25.3,22.7930050666728,88.47801808816678,6.0,11369.58505495532,34.9,21.5,0.7,0.5,31.8,30.6,34.2,26.0,26.6,57.10000000000001,59.499999999999986,6,168
2025-06-18,A4,BODAI,28.7,28.9,25.3,22.7930050666728,88.47801808816678,6.0,11369.58505495532,35.4,34.9,21.5,0.8,28.9,31.8,33.1,25.3,26.0,91.80000000000001,94.39999999999999,6,169
2025-06-19,A4,BODAI,46.4,30.7,24.1,22.7930050666728,88.47801808816678,6.0,11369.58505495532,28.7,35.4,34.9,0.2,28.9,28.9,33.2,25.3,25.3,99.0,122.3,6,170
2025-06-20,A4,BODAI,9.3,32.2,26.1,22.7930050666728,88.47801808816678,6.0,11369.58505495532,46.4,28.7,35.4,0.9,30.7,28.9,33.3,24.1,25.3,110.5,168.5,6,171
2025-06-21,A4,BODAI,1.4,33.3,26.3,22.7930050666728,88.47801808816678,6.0,11369.58505495532,9.3,46.4,28.7,0.7,32.2,30.7,34.3,26.1,24.1,84.4,176.89999999999998,6,172
2025-06-22,A4,BODAI,16.4,32.6,26.0,22.7930050666728,88.47801808816678,6.0,11369.58505495532,1.4,9.3,46.4,21.5,33.3,32.2,30.6,26.3,26.1,57.10000000000001,177.6,6,173
2025-06-23,A4,BODAI,12.8,31.7,26.5,22.7930050666728,88.47801808816678,6.0,11369.58505495532,16.4,1.4,9.3,34.9,32.6,33.3,31.8,26.0,26.3,27.100000000000012,172.5,6,174
2025-06-24,A4,BODAI,8.1,32.3,26.2,22.7930050666728,88.47801808816678,6.0,11369.58505495532,12.8,16.4,1.4,35.4,31.7,32.6,28.9,26.5,26.0,30.600000000000012,150.39999999999998,6,175
2025-06-25,A4,BODAI,8.1,31.5,26.1,22.7930050666728,88.47801808816678,6.0,11369.58505495532,8.1,12.8,16.4,28.7,32.3,31.7,28.9,26.2,26.5,37.30000000000001,123.09999999999998,6,176
2025-06-26,A4,BODAI,3.9,32.2,26.1,22.7930050666728,88.47801808816678,6.0,11369.58505495532,8.1,8.1,12.8,46.4,31.5,32.3,30.7,26.1,26.2,29.000000000000014,102.49999999999999,6,177
2025-06-27,A4,BODAI,16.3,31.3,25.2,22.7930050666728,88.47801808816678,6.0,11369.58505495532,3.9,8.1,8.1,9.3,32.2,31.5,32.2,26.1,26.1,20.100000000000012,59.999999999999986,6,178
2025-06-28,A4,BODAI,18.7,30.3,25.3,22.7930050666728,88.47801808816678,6.0,11369.58505495532,16.3,3.9,8.1,1.4,31.3,32.2,33.3,25.2,26.1,28.30000000000001,66.99999999999999,6,179
2025-06-29,A4,BODAI,42.3,31.0,25.4,22.7930050666728,88.47801808816678,6.0,11369.58505495532,18.7,16.3,3.9,16.4,30.3,31.3,32.6,25.3,25.2,38.90000000000001,84.29999999999998,6,180
2025-06-30,A4,BODAI,21.2,30.3,25.3,22.7930050666728,88.47801808816678,6.0,11369.58505495532,42.3,18.7,16.3,12.8,31.0,30.3,31.7,25.4,25.3,77.30000000000001,110.19999999999999,6,181
2025-07-01,A4,BODAI,7.1,30.5,26.0,22.7930050666728,88.47801808816678,6.0,11369.58505495532,21.2,42.3,18.7,8.1,30.3,31.0,32.3,25.3,25.4,82.20000000000002,118.59999999999998,7,182
2025-07-02,A4,BODAI,20.6,32.4,25.8,22.7930050666728,88.47801808816678,6.0,11369.58505495532,7.1,21.2,42.3,8.1,30.5,30.3,31.5,26.0,25.3,70.60000000000001,117.59999999999998,7,183
2025-07-03,A4,BODAI,33.6,31.0,25.7,22.7930050666728,88.47801808816678,6.0,11369.58505495532,20.6,7.1,21.2,3.9,32.4,30.5,32.2,25.8,26.0,48.90000000000001,130.1,7,184
2025-07-04,A4,BODAI,31.8,31.7,24.8,22.7930050666728,88.47801808816678,6.0,11369.58505495532,33.6,20.6,7.1,16.3,31.0,32.4,31.3,25.7,25.8,61.30000000000001,159.79999999999998,7,185
2025-07-05,A4,BODAI,9.6,30.8,25.7,22.7930050666728,88.47801808816678,6.0,11369.58505495532,31.8,33.6,20.6,18.7,31.7,31.0,30.3,24.8,25.7,86.00000000000001,175.3,7,186
2025-07-06,A4,BODAI,3.9,29.4,25.1,22.7930050666728,88.47801808816678,6.0,11369.58505495532,9.6,31.8,33.6,42.3,30.8,31.7,31.0,25.7,24.8,75.00000000000001,166.2,7,187
2025-07-07,A4,BODAI,14.8,28.9,25.3,22.7930050666728,88.47801808816678,6.0,11369.58505495532,3.9,9.6,31.8,21.2,29.4,30.8,30.3,25.1,25.7,45.30000000000001,127.79999999999998,7,188
2025-07-08,A4,BODAI,22.5,28.1,24.5,22.7930050666728,88.47801808816678,6.0,11369.58505495532,14.8,3.9,9.6,7.1,28.9,29.4,30.5,25.3,25.1,28.300000000000015,121.39999999999998,7,189
2025-07-09,A4,BODAI,13.7,30.0,24.8,22.7930050666728,88.47801808816678,6.0,11369.58505495532,22.5,14.8,3.9,20.6,28.1,28.9,32.4,24.5,25.3,41.20000000000002,136.79999999999998,7,190
2025-07-10,A4,BODAI,22.8,31.7,25.0,22.7930050666728,88.47801808816678,6.0,11369.58505495532,13.7,22.5,14.8,33.6,30.0,28.1,31.0,24.8,24.5,51.000000000000014,129.9,7,191
2025-07-11,A4,BODAI,9.9,30.6,25.5,22.7930050666728,88.47801808816678,6.0,11369.58505495532,22.8,13.7,22.5,31.8,31.7,30.0,31.7,25.0,24.8,59.000000000000014,119.1,7,192
2025-07-12,A4,BODAI,6.2,33.3,25.5,22.7930050666728,88.47801808816678,6.0,11369.58505495532,9.9,22.8,13.7,9.6,30.6,31.7,30.8,25.5,25.0,46.40000000000001,97.19999999999999,7,193
2025-07-13,A4,BODAI,10.6,31.7,26.1,22.7930050666728,88.47801808816678,6.0,11369.58505495532,6.2,9.9,22.8,3.9,33.3,30.6,29.4,25.5,25.5,38.90000000000002,93.79999999999998,7,194
2025-07-14,A4,BODAI,40.3,27.8,25.2,22.7930050666728,88.47801808816678,6.0,11369.58505495532,10.6,6.2,9.9,14.8,31.7,33.3,28.9,26.1,25.5,26.700000000000014,100.49999999999999,7,195
2025-07-15,A4,BODAI,16.6,30.3,24.9,22.7930050666728,88.47801808816678,6.0,11369.58505495532,40.3,10.6,6.2,22.5,27.8,31.7,28.1,25.2,26.1,57.10000000000001,125.99999999999999,7,196
2025-07-16,A4,BODAI,9.0,30.4,25.9,22.7930050666728,88.47801808816678,6.0,11369.58505495532,16.6,40.3,10.6,13.7,30.3,27.8,30.0,24.9,25.2,67.50000000000001,120.09999999999997,7,197
2025-07-17,A4,BODAI,0.1,33.1,26.3,22.7930050666728,88.47801808816678,6.0,11369.58505495532,9.0,16.6,40.3,22.8,30.4,30.3,31.7,25.9,24.9,65.9,115.39999999999998,7,198
2025-07-18,A4,BODAI,6.3,33.0,26.6,22.7930050666728,88.47801808816678,6.0,11369.58505495532,0.1,9.0,16.6,9.9,33.1,30.4,30.6,26.3,25.9,25.700000000000017,92.69999999999997,7,199
2025-07-19,A4,BODAI,1.0,33.4,26.6,22.7930050666728,88.47801808816678,6.0,11369.58505495532,6.3,0.1,9.0,6.2,33.0,33.1,33.3,26.6,26.3,15.400000000000013,89.09999999999998,7,200
2025-07-20,A4,BODAI,0.6,32.8,26.7,22.7930050666728,88.47801808816678,6.0,11369.58505495532,1.0,6.3,0.1,10.6,33.4,33.0,31.7,26.6,26.6,7.400000000000014,83.89999999999998,7,201
2025-07-21,A4,BODAI,0.6,32.8,26.5,22.7930050666728,88.47801808816678,6.0,11369.58505495532,0.6,1.0,6.3,40.3,32.8,33.4,27.8,26.7,26.6,7.900000000000014,73.89999999999998,7,202
2025-07-22,A4,BODAI,7.6,33.2,26.8,22.7930050666728,88.47801808816678,6.0,11369.58505495532,0.6,0.6,1.0,16.6,32.8,32.8,30.3,26.5,26.7,2.2000000000000144,34.19999999999999,7,203
2025-07-23,A4,BODAI,0.5,33.8,27.0,22.7930050666728,88.47801808816678,6.0,11369.58505495532,7.6,0.6,0.6,9.0,33.2,32.8,30.4,26.8,26.5,8.800000000000015,25.199999999999985,7,204
2025-07-24,A4,BODAI,11.5,32.7,26.2,22.7930050666728,88.47801808816678,6.0,11369.58505495532,0.5,7.6,0.6,0.1,33.8,33.2,33.1,27.0,26.8,8.700000000000014,16.699999999999985,7,205
2025-07-25,A4,BODAI,52.5,31.1,25.9,22.7930050666728,88.47801808816678,6.0,11369.58505495532,11.5,0.5,7.6,6.3,32.7,33.8,33.0,26.2,27.0,19.600000000000016,28.099999999999984,7,206
2025-07-26,A4,BODAI,3.4,31.1,26.2,22.7930050666728,88.47801808816678,6.0,11369.58505495532,52.5,11.5,0.5,1.0,31.1,32.7,33.4,25.9,26.2,64.50000000000001,74.29999999999998,7,207
2025-07-27,A4,BODAI,5.8,32.6,26.1,22.7930050666728,88.47801808816678,6.0,11369.58505495532,3.4,52.5,11.5,0.6,31.1,31.1,32.8,26.2,25.9,67.40000000000002,76.69999999999999,7,208
2025-07-28,A4,BODAI,3.6,30.5,26.7,22.7930050666728,88.47801808816678,6.0,11369.58505495532,5.8,3.4,52.5,0.6,32.6,31.1,32.8,26.1,26.2,61.70000000000002,81.89999999999999,7,209
2025-07-29,A4,BODAI,53.3,29.5,25.4,22.7930050666728,88.47801808816678,6.0,11369.58505495532,3.6,5.8,3.4,7.6,30.5,32.6,33.2,26.7,26.1,12.800000000000013,84.89999999999998,7,210
2025-07-30,A4,BODAI,19.0,29.3,25.2,22.7930050666728,88.47801808816678,6.0,11369.58505495532,53.3,3.6,5.8,0.5,29.5,30.5,33.8,25.4,26.7,62.70000000000001,130.59999999999997,7,211
2025-07-31,A4,BODAI,36.6,29.3,24.8,22.7930050666728,88.47801808816678,6.0,11369.58505495532,19.0,53.3,3.6,11.5,29.3,29.5,32.7,25.2,25.4,75.9,149.09999999999997,7,212
2025-08-01,A4,BODAI,19.3,32.2,25.7,22.7930050666728,88.47801808816678,6.0,11369.58505495532,36.6,19.0,53.3,52.5,29.3,29.3,31.1,24.8,25.2,108.9,174.2,8,213
2025-08-02,A4,BODAI,6.5,32.2,25.8,22.7930050666728,88.47801808816678,6.0,11369.58505495532,19.3,36.6,19.0,3.4,32.2,29.3,31.1,25.7,24.8,74.90000000000002,140.99999999999997,8,214
2025-08-03,A4,BODAI,15.0,32.6,26.7,22.7930050666728,88.47801808816678,6.0,11369.58505495532,6.5,19.3,36.6,5.8,32.2,32.2,32.6,25.8,25.7,62.40000000000002,144.09999999999997,8,215
2025-08-04,A4,BODAI,28.0,31.7,25.8,22.7930050666728,88.47801808816678,6.0,11369.58505495532,15.0,6.5,19.3,3.6,32.6,32.2,30.5,26.7,25.8,40.80000000000001,153.29999999999998,8,216
2025-08-05,A4,BODAI,15.3,32.2,26.2,22.7930050666728,88.47801808816678,6.0,11369.58505495532,28.0,15.0,6.5,53.3,31.7,32.6,29.5,25.8,26.7,49.500000000000014,177.69999999999996,8,217
2025-08-06,A4,BODAI,10.6,30.3,25.3,22.7930050666728,88.47801808816678,6.0,11369.58505495532,15.3,28.0,15.0,19.0,32.2,31.7,29.3,26.2,25.8,58.30000000000001,139.7,8,218
2025-08-07,A4,BODAI,8.6,31.7,25.4,22.7930050666728,88.47801808816678,6.0,11369.58505495532,10.6,15.3,28.0,36.6,30.3,32.2,29.3,25.3,26.2,53.90000000000001,131.29999999999998,8,219
2025-08-08,A4,BODAI,2.2,31.0,24.4,22.7930050666728,88.47801808816678,6.0,11369.58505495532,8.6,10.6,15.3,19.3,31.7,30.3,32.2,25.4,25.3,34.500000000000014,103.3,8,220
2025-08-09,A4,BODAI,10.6,31.4,25.1,22.7930050666728,88.47801808816678,6.0,11369.58505495532,2.2,8.6,10.6,6.5,31.0,31.7,32.2,24.4,25.4,21.400000000000013,86.19999999999999,8,221
2025-08-10,A4,BODAI,0.6,32.8,26.7,22.7930050666728,88.47801808816678,6.0,11369.58505495532,10.6,2.2,8.6,15.0,31.4,31.0,32.6,25.1,24.4,21.400000000000013,90.29999999999998,8,222
2025-08-11,A4,BODAI,5.2,32.3,26.4,22.7930050666728,88.47801808816678,6.0,11369.58505495532,0.6,10.6,2.2,28.0,32.8,31.4,31.7,26.7,25.1,13.400000000000015,75.89999999999998,8,223
2025-08-12,A4,BODAI,4.7,33.5,26.5,22.7930050666728,88.47801808816678,6.0,11369.58505495532,5.2,0.6,10.6,15.3,32.3,32.8,32.2,26.4,26.7,16.400000000000013,53.09999999999998,8,224
2025-08-13,A4,BODAI,15.3,30.8,26.4,22.7930050666728,88.47801808816678,6.0,11369.58505495532,4.7,5.2,0.6,10.6,33.5,32.3,30.3,26.5,26.4,10.500000000000016,42.499999999999986,8,225
2025-08-14,A4,BODAI,7.4,29.8,25.7,22.7930050666728,88.47801808816678,6.0,11369.58505495532,15.3,4.7,5.2,8.6,30.8,33.5,31.7,26.4,26.5,25.200000000000017,47.19999999999999,8,226
2025-08-15,A4,BODAI,13.6,31.5,25.4,22.7930050666728,88.47801808816678,6.0,11369.58505495532,7.4,15.3,4.7,2.2,29.8,30.8,31.0,25.7,26.4,27.40000000000002,45.99999999999999,8,227
2025-08-16,A4,BODAI,6.9,32.1,25.7,22.7930050666728,88.47801808816678,6.0,11369.58505495532,13.6,7.4,15.3,10.6,31.5,29.8,31.4,25.4,25.7,36.30000000000001,57.39999999999999,8,228
2025-08-17,A4,BODAI,9.1,32.0,26.1,22.7930050666728,88.47801808816678,6.0,11369.58505495532,6.9,13.6,7.4,0.6,32.1,31.5,32.8,25.7,25.4,27.90000000000002,53.69999999999999,8,229
2025-08-18,A4,BODAI,8.0,31.7,26.4,22.7930050666728,88.47801808816678,6.0,11369.58505495532,9.1,6.9,13.6,5.2,32.0,32.1,32.3,26.1,25.7,29.600000000000016,62.19999999999999,8,230
2025-08-19,A4,BODAI,12.1,30.2,25.7,22.7930050666728,88.47801808816678,6.0,11369.58505495532,8.0,9.1,6.9,4.7,31.7,32.0,33.5,26.4,26.1,24.000000000000014,64.99999999999999,8,231
2025-08-20,A4,BODAI,2.2,30.0,25.4,22.7930050666728,88.47801808816678,6.0,11369.58505495532,12.1,8.0,9.1,15.3,30.2,31.7,30.8,25.7,26.4,29.200000000000017,72.39999999999999,8,232
2025-08-21,A4,BODAI,51.0,28.6,24.6,22.7930050666728,88.47801808816678,6.0,11369.58505495532,2.2,12.1,8.0,7.4,30.0,30.2,29.8,25.4,25.7,22.300000000000015,59.29999999999999,8,233
2025-08-22,A4,BODAI,31.5,30.3,24.5,22.7930050666728,88.47801808816678,6.0,11369.58505495532,51.0,2.2,12.1,13.6,28.6,30.0,31.5,24.6,25.4,65.30000000000001,102.89999999999998,8,234
2025-08-23,A4,BODAI,13.2,29.0,24.7,22.7930050666728,88.47801808816678,6.0,11369.58505495532,31.5,51.0,2.2,6.9,30.3,28.6,32.1,24.5,24.6,84.70000000000002,120.79999999999998,8,235
2025-08-24,A4,BODAI,11.1,30.3,24.7,22.7930050666728,88.47801808816678,6.0,11369.58505495532,13.2,31.5,51.0,9.1,29.0,30.3,32.0,24.7,24.5,95.70000000000002,127.09999999999998,8,236
2025-08-25,A4,BODAI,2.6,31.6,24.9,22.7930050666728,88.47801808816678,6.0,11369.58505495532,11.1,13.2,31.5,8.0,30.3,29.0,31.7,24.7,24.7,55.80000000000002,129.1,8,237
2025-08-26,A4,BODAI,1.6,31.9,25.2,22.7930050666728,88.47801808816678,6.0,11369.58505495532,2.6,11.1,13.2,12.1,31.6,30.3,30.2,24.9,24.7,26.90000000000002,123.69999999999999,8,238
2025-08-27,A4,BODAI,5.0,31.8,25.6,22.7930050666728,88.47801808816678,6.0,11369.58505495532,1.6,2.6,11.1,2.2,31.9,31.6,30.0,25.2,24.9,15.300000000000022,113.19999999999997,8,239
2025-08-28,A4,BODAI,14.5,30.7,25.7,22.7930050666728,88.47801808816678,6.0,11369.58505495532,5.0,1.6,2.6,51.0,31.8,31.9,28.6,25.6,25.2,9.20000000000002,115.99999999999999,8,240
2025-08-29,A4,BODAI,21.0,30.1,25.6,22.7930050666728,88.47801808816678,6.0,11369.58505495532,14.5,5.0,1.6,31.5,30.7,31.8,30.3,25.7,25.6,21.100000000000023,79.49999999999997,8,241
2025-08-30,A4,BODAI,15.7,30.3,25.6,22.7930050666728,88.47801808816678,6.0,11369.58505495532,21.0,14.5,5.0,13.2,30.1,30.7,29.0,25.6,25.7,40.50000000000002,68.99999999999999,8,242
2025-08-31,A4,BODAI,3.7,32.0,25.1,22.7930050666728,88.47801808816678,6.0,11369.58505495532,15.7,21.0,14.5,11.1,30.3,30.1,30.3,25.6,25.6,51.20000000000002,71.49999999999999,8,243
2025-09-01,A4,BODAI,21.5,33.5,26.1,22.7930050666728,88.47801808816678,6.0,11369.58505495532,3.7,15.7,21.0,2.6,32.0,30.3,31.6,25.1,25.6,40.40000000000002,64.1,9,244
2025-09-02,A4,BODAI,15.6,30.4,25.7,22.7930050666728,88.47801808816678,6.0,11369.58505495532,21.5,3.7,15.7,1.6,33.5,32.0,31.9,26.1,25.1,40.90000000000002,82.99999999999999,9,245
2025-09-03,A4,BODAI,18.8,29.3,25.0,22.7930050666728,88.47801808816678,6.0,11369.58505495532,15.6,21.5,3.7,5.0,30.4,33.5,31.8,25.7,26.1,40.80000000000002,96.99999999999999,9,246
2025-09-04,A4,BODAI,7.4,30.2,25.6,22.7930050666728,88.47801808816678,6.0,11369.58505495532,18.8,15.6,21.5,14.5,29.3,30.4,30.7,25.0,25.7,55.90000000000002,110.79999999999998,9,247
2025-09-05,A4,BODAI,10.0,31.9,25.4,22.7930050666728,88.47801808816678,6.0,11369.58505495532,7.4,18.8,15.6,21.0,30.2,29.3,30.1,25.6,25.0,41.80000000000002,103.69999999999999,9,248
2025-09-06,A4,BODAI,3.8,32.5,25.1,22.7930050666728,88.47801808816678,6.0,11369.58505495532,10.0,7.4,18.8,15.7,31.9,30.2,30.3,25.4,25.6,36.200000000000024,92.69999999999999,9,249
2025-09-07,A4,BODAI,0.4,33.1,25.4,22.7930050666728,88.47801808816678,6.0,11369.58505495532,3.8,10.0,7.4,3.7,32.5,31.9,32.0,25.1,25.4,21.20000000000002,80.79999999999998,9,250
2025-09-08,A4,BODAI,0.2,32.9,25.5,22.7930050666728,88.47801808816678,6.0,11369.58505495532,0.4,3.8,10.0,21.5,33.1,32.5,33.5,25.4,25.1,14.20000000000002,77.49999999999999,9,251
2025-09-09,A4,BODAI,0.2,33.1,25.7,22.7930050666728,88.47801808816678,6.0,11369.58505495532,0.2,0.4,3.8,15.6,32.9,33.1,30.4,25.5,25.4,4.400000000000021,56.19999999999998,9,252
2025-09-10,A4,BODAI,0.2,33.7,26.2,22.7930050666728,88.47801808816678,6.0,11369.58505495532,0.2,0.2,0.4,18.8,33.1,32.9,29.3,25.7,25.5,0.8000000000000214,40.79999999999998,9,253
2025-09-11,A4,BODAI,4.1,32.8,26.2,22.7930050666728,88.47801808816678,6.0,11369.58505495532,0.2,0.2,0.2,7.4,33.7,33.1,30.2,26.2,25.7,0.6000000000000001,22.199999999999985,9,254
2025-09-12,A4,BODAI,19.0,31.1,25.2,22.7930050666728,88.47801808816678,6.0,11369.58505495532,4.1,0.2,0.2,10.0,32.8,33.7,31.9,26.2,26.2,4.500000000000021,18.899999999999984,9,255
2025-09-13,A4,BODAI,6.9,30.4,25.6,22.7930050666728,88.47801808816678,6.0,11369.58505495532,19.0,4.1,0.2,3.8,31.1,32.8,32.5,25.2,26.2,23.300000000000022,27.899999999999984,9,256
2025-09-14,A4,BODAI,40.9,30.6,26.1,22.7930050666728,88.47801808816678,6.0,11369.58505495532,6.9,19.0,4.1,0.4,30.4,31.1,33.1,25.6,25.2,30.00000000000002,30.999999999999986,9,257
2025-09-15,A4,BODAI,25.8,29.3,24.4,22.7930050666728,88.47801808816678,6.0,11369.58505495532,40.9,6.9,19.0,0.2,30.6,30.4,32.9,26.1,25.6,66.80000000000001,71.49999999999999,9,258
2025-09-16,A4,BODAI,10.7,29.6,24.4,22.7930050666728,88.47801808816678,6.0,11369.58505495532,25.8,40.9,6.9,0.2,29.3,30.6,33.1,24.4,26.1,73.60000000000002,97.09999999999998,9,259
2025-09-17,A4,BODAI,8.4,30.5,24.9,22.7930050666728,88.47801808816678,6.0,11369.58505495532,10.7,25.8,40.9,0.2,29.6,29.3,33.7,24.4,24.4,77.4,107.59999999999998,9,260
2025-09-18,A4,BODAI,3.5,32.1,26.0,22.7930050666728,88.47801808816678,6.0,11369.58505495532,8.4,10.7,25.8,4.1,30.5,29.6,32.8,24.9,24.4,44.90000000000002,115.8,9,261
2025-09-19,A4,BODAI,12.4,30.7,25.4,22.7930050666728,88.47801808816678,6.0,11369.58505495532,3.5,8.4,10.7,19.0,32.1,30.5,31.1,26.0,24.9,22.600000000000023,115.19999999999999,9,262
2025-09-20,A4,BODAI,8.9,32.3,25.9,22.7930050666728,88.47801808816678,6.0,11369.58505495532,12.4,3.5,8.4,6.9,30.7,32.1,30.4,25.4,26.0,24.300000000000022,108.59999999999998,9,263
2025-09-21,A4,BODAI,1.1,32.6,25.3,22.7930050666728,88.47801808816678,6.0,11369.58505495532,8.9,12.4,3.5,40.9,32.3,30.7,30.6,25.9,25.4,24.800000000000022,110.6,9,264
2025-09-22,A4,BODAI,21.0,30.1,25.0,22.7930050666728,88.47801808816678,6.0,11369.58505495532,1.1,8.9,12.4,25.8,32.6,32.3,29.3,25.3,25.9,22.400000000000023,70.79999999999998,9,265
2025-09-23,A4,BODAI,10.8,31.0,24.4,22.7930050666728,88.47801808816678,6.0,11369.58505495532,21.0,1.1,8.9,10.7,30.1,32.6,29.6,25.0,25.3,31.00000000000002,65.99999999999999,9,266
2025-09-24,A4,BODAI,4.1,31.5,24.8,22.7930050666728,88.47801808816678,6.0,11369.58505495532,10.8,21.0,1.1,8.4,31.0,30.1,30.5,24.4,25.0,32.90000000000002,66.1,9,267
2025-09-25,A4,BODAI,10.8,32.8,25.5,22.7930050666728,88.47801808816678,6.0,11369.58505495532,4.1,10.8,21.0,3.5,31.5,31.0,32.1,24.8,24.4,35.90000000000002,61.79999999999999,9,268
2025-09-26,A4,BODAI,3.8,31.9,25.4,22.7930050666728,88.47801808816678,6.0,11369.58505495532,10.8,4.1,10.8,12.4,32.8,31.5,30.7,25.5,24.8,25.700000000000024,69.1,9,269
2025-09-27,A4,BODAI,8.0,30.1,25.6,22.7930050666728,88.47801808816678,6.0,11369.58505495532,3.8,10.8,4.1,8.9,31.9,32.8,32.3,25.4,25.5,18.70000000000002,60.499999999999986,9,270
2025-09-28,A4,BODAI,6.8,31.6,25.5,22.7930050666728,88.47801808816678,6.0,11369.58505495532,8.0,3.8,10.8,1.1,30.1,31.9,32.6,25.6,25.4,22.600000000000023,59.59999999999999,9,271
2025-09-29,A4,BODAI,2.6,32.1,25.7,22.7930050666728,88.47801808816678,6.0,11369.58505495532,6.8,8.0,3.8,21.0,31.6,30.1,30.1,25.5,25.6,18.60000000000002,65.29999999999998,9,272
2025-09-30,A4,BODAI,4.3,32.1,26.3,22.7930050666728,88.47801808816678,6.0,11369.58505495532,2.6,6.8,8.0,10.8,32.1,31.6,31.0,25.7,25.5,17.40000000000002,46.899999999999984,9,273
2025-10-01,A4,BODAI,15.3,31.4,24.5,22.7930050666728,88.47801808816678,6.0,11369.58505495532,4.3,2.6,6.8,4.1,32.1,32.1,31.5,26.3,25.7,13.700000000000019,40.399999999999984,10,274
2025-10-02,A4,BODAI,29.0,27.4,24.5,22.7930050666728,88.47801808816678,6.0,11369.58505495532,15.3,4.3,2.6,10.8,31.4,32.1,32.8,24.5,26.3,22.20000000000002,51.59999999999999,10,275
2025-10-03,A4,BODAI,14.7,29.5,25.3,22.7930050666728,88.47801808816678,6.0,11369.58505495532,29.0,15.3,4.3,3.8,27.4,31.4,31.9,24.5,24.5,48.60000000000002,69.79999999999998,10,276
2025-10-04,A4,BODAI,9.7,32.0,25.2,22.7930050666728,88.47801808816678,6.0,11369.58505495532,14.7,29.0,15.3,8.0,29.5,27.4,30.1,25.3,24.5,59.00000000000002,80.69999999999999,10,277
2025-10-05,A4,BODAI,31.3,30.5,24.2,22.7930050666728,88.47801808816678,6.0,11369.58505495532,9.7,14.7,29.0,6.8,32.0,29.5,31.6,25.2,25.3,53.40000000000002,82.39999999999999,10,278
2025-10-06,A4,BODAI,4.0,28.8,24.2,22.7930050666728,88.47801808816678,6.0,11369.58505495532,31.3,9.7,14.7,2.6,30.5,32.0,32.1,24.2,25.2,55.70000000000002,106.89999999999999,10,279
2025-10-07,A4,BODAI,7.2,31.1,24.1,22.7930050666728,88.47801808816678,6.0,11369.58505495532,4.0,31.3,9.7,4.3,28.8,30.5,32.1,24.2,24.2,45.000000000000014,108.29999999999998,10,280
2025-10-08,A4,BODAI,11.8,30.8,24.4,22.7930050666728,88.47801808816678,6.0,11369.58505495532,7.2,4.0,31.3,15.3,31.1,28.8,31.4,24.1,24.2,42.50000000000002,111.19999999999999,10,281
2025-10-09,A4,BODAI,3.3,31.2,24.6,22.7930050666728,88.47801808816678,6.0,11369.58505495532,11.8,7.2,4.0,29.0,30.8,31.1,27.4,24.4,24.1,23.000000000000018,107.69999999999999,10,282
2025-10-10,A4,BODAI,11.4,31.3,24.4,22.7930050666728,88.47801808816678,6.0,11369.58505495532,3.3,11.8,7.2,14.7,31.2,30.8,29.5,24.6,24.4,22.30000000000002,81.99999999999999,10,283
2025-10-11,A4,BODAI,2.9,30.5,24.1,22.7930050666728,88.47801808816678,6.0,11369.58505495532,11.4,3.3,11.8,9.7,31.3,31.2,32.0,24.4,24.6,26.500000000000018,78.69999999999999,10,284
2025-10-12,A4,BODAI,0.0,31.2,24.3,22.7930050666728,88.47801808816678,6.0,11369.58505495532,2.9,11.4,3.3,31.3,30.5,31.3,30.5,24.1,24.4,17.600000000000016,71.89999999999999,10,285
2025-10-13,A4,BODAI,0.0,30.6,23.7,22.7930050666728,88.47801808816678,6.0,11369.58505495532,0.0,2.9,11.4,4.0,31.2,30.5,28.8,24.3,24.1,14.300000000000017,40.59999999999999,10,286
2025-10-14,A4,BODAI,0.0,31.1,23.1,22.7930050666728,88.47801808816678,6.0,11369.58505495532,0.0,0.0,2.9,7.2,30.6,31.2,31.1,23.7,24.3,2.9000000000000177,36.59999999999999,10,287
2025-10-15,A4,BODAI,0.0,31.0,22.9,22.7930050666728,88.47801808816678,6.0,11369.58505495532,0.0,0.0,0.0,11.8,31.1,30.6,30.8,23.1,23.7,0.0,29.399999999999988,10,288
2025-10-16,A4,BODAI,0.0,30.8,22.0,22.7930050666728,88.47801808816678,6.0,11369.58505495532,0.0,0.0,0.0,3.3,31.0,31.1,31.2,22.9,23.1,0.0,17.599999999999987,10,289
2025-10-17,A4,BODAI,0.0,31.5,22.4,22.7930050666728,88.47801808816678,6.0,11369.58505495532,0.0,0.0,0.0,11.4,30.8,31.0,31.3,22.0,22.9,0.0,14.299999999999988,10,290
2025-10-18,A4,BODAI,0.1,31.6,23.7,22.7930050666728,88.47801808816678,6.0,11369.58505495532,0.0,0.0,0.0,2.9,31.5,30.8,30.5,22.4,22.0,0.0,2.8999999999999893,10,291
2025-10-19,A4,BODAI,0.1,32.7,24.3,22.7930050666728,88.47801808816678,6.0,11369.58505495532,0.1,0.0,0.0,0.0,31.6,31.5,31.2,23.7,22.4,0.10000000000001777,0.09999999999998935,10,292
2025-10-20,A4,BODAI,0.0,32.9,23.5,22.7930050666728,88.47801808816678,6.0,11369.58505495532,0.1,0.1,0.0,0.0,32.7,31.6,30.6,24.3,23.7,0.20000000000001777,0.19999999999998935,10,293
2025-10-21,A4,BODAI,0.0,32.9,23.3,22.7930050666728,88.47801808816678,6.0,11369.58505495532,0.0,0.1,0.1,0.0,32.9,32.7,31.1,23.5,24.3,0.20000000000001777,0.19999999999998935,10,294
2025-10-22,A4,BODAI,0.0,32.2,22.9,22.7930050666728,88.47801808816678,6.0,11369.58505495532,0.0,0.0,0.1,0.0,32.9,32.9,31.0,23.3,23.5,0.10000000000001777,0.19999999999998935,10,295
2025-10-23,A4,BODAI,0.0,32.2,22.9,22.7930050666728,88.47801808816678,6.0,11369.58505495532,0.0,0.0,0.0,0.0,32.2,32.9,30.8,22.9,23.3,0.0,0.19999999999998935,10,296
2025-10-24,A4,BODAI,0.0,32.1,22.5,22.7930050666728,88.47801808816678,6.0,11369.58505495532,0.0,0.0,0.0,0.0,32.2,32.2,31.5,22.9,22.9,0.0,0.19999999999998935,10,297
2025-10-25,A4,BODAI,0.0,32.0,23.3,22.7930050666728,88.47801808816678,6.0,11369.58505495532,0.0,0.0,0.0,0.1,32.1,32.2,31.6,22.5,22.9,0.0,0.19999999999998935,10,298
2025-10-26,A4,BODAI,0.0,32.1,24.1,22.7930050666728,88.47801808816678,6.0,11369.58505495532,0.0,0.0,0.0,0.1,32.0,32.1,32.7,23.3,22.5,0.0,0.09999999999998935,10,299
2025-10-27,A4,BODAI,0.1,32.2,23.7,22.7930050666728,88.47801808816678,6.0,11369.58505495532,0.0,0.0,0.0,0.0,32.1,32.0,32.9,24.1,23.3,0.0,0.0,10,300
2025-10-28,A4,BODAI,0.5,32.5,24.3,22.7930050666728,88.47801808816678,6.0,11369.58505495532,0.1,0.0,0.0,0.0,32.2,32.1,32.9,23.7,24.1,0.10000000000001777,0.09999999999998935,10,301
2025-10-29,A4,BODAI,17.2,28.4,24.5,22.7930050666728,88.47801808816678,6.0,11369.58505495532,0.5,0.1,0.0,0.0,32.5,32.2,32.2,24.3,23.7,0.6000000000000177,0.5999999999999893,10,302
2025-10-30,A4,BODAI,15.5,30.2,23.8,22.7930050666728,88.47801808816678,6.0,11369.58505495532,17.2,0.5,0.1,0.0,28.4,32.5,32.2,24.5,24.3,17.80000000000002,17.79999999999999,10,303
2025-10-31,A4,BODAI,0.7,31.6,24.3,22.7930050666728,88.47801808816678,6.0,11369.58505495532,15.5,17.2,0.5,0.0,30.2,28.4,32.1,23.8,24.5,33.20000000000002,33.29999999999999,10,304
2025-11-01,A4,BODAI,19.3,30.5,25.1,22.7930050666728,88.47801808816678,6.0,11369.58505495532,0.7,15.5,17.2,0.0,31.6,30.2,32.0,24.3,23.8,33.40000000000002,33.99999999999999,11,305
2025-11-02,A4,BODAI,0.0,28.5,23.3,22.7930050666728,88.47801808816678,6.0,11369.58505495532,19.3,0.7,15.5,0.0,30.5,31.6,32.1,25.1,24.3,35.500000000000014,53.29999999999999,11,306
2025-11-03,A4,BODAI,0.0,29.7,22.2,22.7930050666728,88.47801808816678,6.0,11369.58505495532,0.0,19.3,0.7,0.1,28.5,30.5,32.2,23.3,25.1,20.000000000000018,53.29999999999999,11,307
2025-11-04,A4,BODAI,0.0,29.6,19.7,22.7930050666728,88.47801808816678,6.0,11369.58505495532,0.0,0.0,19.3,0.5,29.7,28.5,32.5,22.2,23.3,19.30000000000002,53.19999999999999,11,308
2025-11-05,A4,BODAI,0.0,29.8,21.1,22.7930050666728,88.47801808816678,6.0,11369.58505495532,0.0,0.0,0.0,17.2,29.6,29.7,28.4,19.7,22.2,0.0,52.69999999999999,11,309
2025-11-06,A4,BODAI,0.5,30.1,21.2,22.7930050666728,88.47801808816678,6.0,11369.58505495532,0.0,0.0,0.0,15.5,29.8,29.6,30.2,21.1,19.7,0.0,35.499999999999986,11,310
2025-11-07,A4,BODAI,0.1,29.9,22.4,22.7930050666728,88.47801808816678,6.0,11369.58505495532,0.5,0.0,0.0,0.7,30.1,29.8,31.6,21.2,21.1,0.5000000000000178,20.49999999999999,11,311
2025-11-08,A4,BODAI,0.0,29.2,19.8,22.7930050666728,88.47801808816678,6.0,11369.58505495532,0.1,0.5,0.0,19.3,29.9,30.1,30.5,22.4,21.2,0.6000000000000177,19.89999999999999,11,312
2025-11-09,A4,BODAI,0.0,28.0,17.8,22.7930050666728,88.47801808816678,6.0,11369.58505495532,0.0,0.1,0.5,0.0,29.2,29.9,28.5,19.8,22.4,0.6000000000000177,0.5999999999999893,11,313
2025-11-10,A4,BODAI,0.0,28.4,18.0,22.7930050666728,88.47801808816678,6.0,11369.58505495532,0.0,0.0,0.1,0.0,28.0,29.2,29.7,17.8,19.8,0.10000000000001777,0.5999999999999893,11,314
2025-11-11,A4,BODAI,0.0,27.5,16.9,22.7930050666728,88.47801808816678,6.0,11369.58505495532,0.0,0.0,0.0,0.0,28.4,28.0,29.6,18.0,17.8,0.0,0.5999999999999893,11,315
2025-11-12,A4,BODAI,0.0,26.7,16.3,22.7930050666728,88.47801808816678,6.0,11369.58505495532,0.0,0.0,0.0,0.0,27.5,28.4,29.8,16.9,18.0,0.0,0.5999999999999893,11,316
2025-11-13,A4,BODAI,0.0,26.9,16.2,22.7930050666728,88.47801808816678,6.0,11369.58505495532,0.0,0.0,0.0,0.5,26.7,27.5,30.1,16.3,16.9,0.0,0.5999999999999893,11,317
2025-11-14,A4,BODAI,0.0,26.7,16.2,22.7930050666728,88.47801808816678,6.0,11369.58505495532,0.0,0.0,0.0,0.1,26.9,26.7,29.9,16.2,16.3,0.0,0.09999999999998935,11,318
2025-11-15,A4,BODAI,0.0,27.0,16.4,22.7930050666728,88.47801808816678,6.0,11369.58505495532,0.0,0.0,0.0,0.0,26.7,26.9,29.2,16.2,16.2,0.0,0.0,11,319
2025-11-16,A4,BODAI,0.0,27.1,16.4,22.7930050666728,88.47801808816678,6.0,11369.58505495532,0.0,0.0,0.0,0.0,27.0,26.7,28.0,16.4,16.2,0.0,0.0,11,320
2025-11-17,A4,BODAI,0.0,27.0,17.3,22.7930050666728,88.47801808816678,6.0,11369.58505495532,0.0,0.0,0.0,0.0,27.1,27.0,28.4,16.4,16.4,0.0,0.0,11,321
2025-11-18,A4,BODAI,0.0,27.9,16.9,22.7930050666728,88.47801808816678,6.0,11369.58505495532,0.0,0.0,0.0,0.0,27.0,27.1,27.5,17.3,16.4,0.0,0.0,11,322
2025-11-19,A4,BODAI,0.0,28.6,16.3,22.7930050666728,88.47801808816678,6.0,11369.58505495532,0.0,0.0,0.0,0.0,27.9,27.0,26.7,16.9,17.3,0.0,0.0,11,323
2025-11-20,A4,BODAI,0.0,28.1,17.4,22.7930050666728,88.47801808816678,6.0,11369.58505495532,0.0,0.0,0.0,0.0,28.6,27.9,26.9,16.3,16.9,0.0,0.0,11,324
2025-11-21,A4,BODAI,0.0,28.2,17.6,22.7930050666728,88.47801808816678,6.0,11369.58505495532,0.0,0.0,0.0,0.0,28.1,28.6,26.7,17.4,16.3,0.0,0.0,11,325
2025-11-22,A4,BODAI,0.0,27.8,17.1,22.7930050666728,88.47801808816678,6.0,11369.58505495532,0.0,0.0,0.0,0.0,28.2,28.1,27.0,17.6,17.4,0.0,0.0,11,326
2025-11-23,A4,BODAI,0.0,27.7,16.7,22.7930050666728,88.47801808816678,6.0,11369.58505495532,0.0,0.0,0.0,0.0,27.8,28.2,27.1,17.1,17.6,0.0,0.0,11,327
2025-11-24,A4,BODAI,0.0,26.7,16.4,22.7930050666728,88.47801808816678,6.0,11369.58505495532,0.0,0.0,0.0,0.0,27.7,27.8,27.0,16.7,17.1,0.0,0.0,11,328
2025-11-25,A4,BODAI,0.0,26.1,15.3,22.7930050666728,88.47801808816678,6.0,11369.58505495532,0.0,0.0,0.0,0.0,26.7,27.7,27.9,16.4,16.7,0.0,0.0,11,329
2025-11-26,A4,BODAI,0.0,25.8,14.7,22.7930050666728,88.47801808816678,6.0,11369.58505495532,0.0,0.0,0.0,0.0,26.1,26.7,28.6,15.3,16.4,0.0,0.0,11,330
2025-11-27,A4,BODAI,0.0,26.8,15.3,22.7930050666728,88.47801808816678,6.0,11369.58505495532,0.0,0.0,0.0,0.0,25.8,26.1,28.1,14.7,15.3,0.0,0.0,11,331
2025-11-28,A4,BODAI,0.0,27.1,16.5,22.7930050666728,88.47801808816678,6.0,11369.58505495532,0.0,0.0,0.0,0.0,26.8,25.8,28.2,15.3,14.7,0.0,0.0,11,332
2025-11-29,A4,BODAI,0.0,26.9,16.6,22.7930050666728,88.47801808816678,6.0,11369.58505495532,0.0,0.0,0.0,0.0,27.1,26.8,27.8,16.5,15.3,0.0,0.0,11,333
2025-11-30,A4,BODAI,0.0,26.9,16.5,22.7930050666728,88.47801808816678,6.0,11369.58505495532,0.0,0.0,0.0,0.0,26.9,27.1,27.7,16.6,16.5,0.0,0.0,11,334
2025-12-01,A4,BODAI,0.0,26.6,16.4,22.7930050666728,88.47801808816678,6.0,11369.58505495532,0.0,0.0,0.0,0.0,26.9,26.9,26.7,16.5,16.6,0.0,0.0,12,335
2025-12-02,A4,BODAI,0.0,26.7,17.2,22.7930050666728,88.47801808816678,6.0,11369.58505495532,0.0,0.0,0.0,0.0,26.6,26.9,26.1,16.4,16.5,0.0,0.0,12,336
2025-12-03,A4,BODAI,0.0,25.9,15.6,22.7930050666728,88.47801808816678,6.0,11369.58505495532,0.0,0.0,0.0,0.0,26.7,26.6,25.8,17.2,16.4,0.0,0.0,12,337
2025-12-04,A4,BODAI,0.0,25.3,14.3,22.7930050666728,88.47801808816678,6.0,11369.58505495532,0.0,0.0,0.0,0.0,25.9,26.7,26.8,15.6,17.2,0.0,0.0,12,338
2025-12-05,A4,BODAI,0.0,25.4,14.6,22.7930050666728,88.47801808816678,6.0,11369.58505495532,0.0,0.0,0.0,0.0,25.3,25.9,27.1,14.3,15.6,0.0,0.0,12,339
2025-12-06,A4,BODAI,0.0,24.5,12.6,22.7930050666728,88.47801808816678,6.0,11369.58505495532,0.0,0.0,0.0,0.0,25.4,25.3,26.9,14.6,14.3,0.0,0.0,12,340
2025-12-07,A4,BODAI,0.0,24.8,13.4,22.7930050666728,88.47801808816678,6.0,11369.58505495532,0.0,0.0,0.0,0.0,24.5,25.4,26.9,12.6,14.6,0.0,0.0,12,341
2025-12-08,A4,BODAI,0.0,24.9,13.7,22.7930050666728,88.47801808816678,6.0,11369.58505495532,0.0,0.0,0.0,0.0,24.8,24.5,26.6,13.4,12.6,0.0,0.0,12,342
2025-12-09,A4,BODAI,0.0,25.1,14.2,22.7930050666728,88.47801808816678,6.0,11369.58505495532,0.0,0.0,0.0,0.0,24.9,24.8,26.7,13.7,13.4,0.0,0.0,12,343
2025-12-10,A4,BODAI,0.0,25.2,14.1,22.7930050666728,88.47801808816678,6.0,11369.58505495532,0.0,0.0,0.0,0.0,25.1,24.9,25.9,14.2,13.7,0.0,0.0,12,344
2025-12-11,A4,BODAI,0.0,25.1,13.7,22.7930050666728,88.47801808816678,6.0,11369.58505495532,0.0,0.0,0.0,0.0,25.2,25.1,25.3,14.1,14.2,0.0,0.0,12,345
2025-12-12,A4,BODAI,0.0,25.0,13.9,22.7930050666728,88.47801808816678,6.0,11369.58505495532,0.0,0.0,0.0,0.0,25.1,25.2,25.4,13.7,14.1,0.0,0.0,12,346
2025-12-13,A4,BODAI,0.0,25.4,14.2,22.7930050666728,88.47801808816678,6.0,11369.58505495532,0.0,0.0,0.0,0.0,25.0,25.1,24.5,13.9,13.7,0.0,0.0,12,347
2025-12-14,A4,BODAI,0.0,26.5,14.4,22.7930050666728,88.47801808816678,6.0,11369.58505495532,0.0,0.0,0.0,0.0,25.4,25.0,24.8,14.2,13.9,0.0,0.0,12,348
2025-12-15,A4,BODAI,0.0,26.1,14.8,22.7930050666728,88.47801808816678,6.0,11369.58505495532,0.0,0.0,0.0,0.0,26.5,25.4,24.9,14.4,14.2,0.0,0.0,12,349
2025-12-16,A4,BODAI,0.0,25.1,14.4,22.7930050666728,88.47801808816678,6.0,11369.58505495532,0.0,0.0,0.0,0.0,26.1,26.5,25.1,14.8,14.4,0.0,0.0,12,350
2025-12-17,A4,BODAI,0.0,25.3,14.3,22.7930050666728,88.47801808816678,6.0,11369.58505495532,0.0,0.0,0.0,0.0,25.1,26.1,25.2,14.4,14.8,0.0,0.0,12,351
2025-12-18,A4,BODAI,0.0,26.4,14.6,22.7930050666728,88.47801808816678,6.0,11369.58505495532,0.0,0.0,0.0,0.0,25.3,25.1,25.1,14.3,14.4,0.0,0.0,12,352
2025-12-19,A4,BODAI,0.0,26.1,15.4,22.7930050666728,88.47801808816678,6.0,11369.58505495532,0.0,0.0,0.0,0.0,26.4,25.3,25.0,14.6,14.3,0.0,0.0,12,353
2025-12-20,A4,BODAI,0.0,24.0,15.2,22.7930050666728,88.47801808816678,6.0,11369.58505495532,0.0,0.0,0.0,0.0,26.1,26.4,25.4,15.4,14.6,0.0,0.0,12,354
2025-12-21,A4,BODAI,0.0,23.8,14.3,22.7930050666728,88.47801808816678,6.0,11369.58505495532,0.0,0.0,0.0,0.0,24.0,26.1,26.5,15.2,15.4,0.0,0.0,12,355
2025-12-22,A4,BODAI,0.0,24.5,14.4,22.7930050666728,88.47801808816678,6.0,11369.58505495532,0.0,0.0,0.0,0.0,23.8,24.0,26.1,14.3,15.2,0.0,0.0,12,356
2025-12-23,A4,BODAI,0.0,24.0,13.8,22.7930050666728,88.47801808816678,6.0,11369.58505495532,0.0,0.0,0.0,0.0,24.5,23.8,25.1,14.4,14.3,0.0,0.0,12,357
2025-12-24,A4,BODAI,0.0,23.7,13.2,22.7930050666728,88.47801808816678,6.0,11369.58505495532,0.0,0.0,0.0,0.0,24.0,24.5,25.3,13.8,14.4,0.0,0.0,12,358
2025-12-25,A4,BODAI,0.0,21.4,11.7,22.7930050666728,88.47801808816678,6.0,11369.58505495532,0.0,0.0,0.0,0.0,23.7,24.0,26.4,13.2,13.8,0.0,0.0,12,359
2025-12-26,A4,BODAI,0.0,21.8,10.9,22.7930050666728,88.47801808816678,6.0,11369.58505495532,0.0,0.0,0.0,0.0,21.4,23.7,26.1,11.7,13.2,0.0,0.0,12,360
2025-12-27,A4,BODAI,0.0,23.1,12.0,22.7930050666728,88.47801808816678,6.0,11369.58505495532,0.0,0.0,0.0,0.0,21.8,21.4,24.0,10.9,11.7,0.0,0.0,12,361
2025-12-28,A4,BODAI,0.0,22.0,12.7,22.7930050666728,88.47801808816678,6.0,11369.58505495532,0.0,0.0,0.0,0.0,23.1,21.8,23.8,12.0,10.9,0.0,0.0,12,362
2025-12-29,A4,BODAI,0.0,20.4,11.7,22.7930050666728,88.47801808816678,6.0,11369.58505495532,0.0,0.0,0.0,0.0,22.0,23.1,24.5,12.7,12.0,0.0,0.0,12,363
2025-12-30,A4,BODAI,0.0,19.6,10.4,22.7930050666728,88.47801808816678,6.0,11369.58505495532,0.0,0.0,0.0,0.0,20.4,22.0,24.0,11.7,12.7,0.0,0.0,12,364
2025-12-31,A4,BODAI,0.0,20.8,9.0,22.7930050666728,88.47801808816678,6.0,11369.58505495532,0.0,0.0,0.0,0.0,19.6,20.4,23.7,10.4,11.7,0.0,0.0,12,365
2024-01-08,A5,CHANDIGARH,0.0,25.5,15.4,22.865638306682047,88.48422220761489,4.0,9459.177717061471,0.0,0.0,0.0,0.0,25.8,26.2,24.7,14.9,12.9,0.0,0.0,1,8
2024-01-09,A5,CHANDIGARH,0.0,24.9,13.3,22.865638306682047,88.48422220761489,4.0,9459.177717061471,0.0,0.0,0.0,0.0,25.5,25.8,22.9,15.4,14.9,0.0,0.0,1,9
2024-01-10,A5,CHANDIGARH,0.0,25.5,12.7,22.865638306682047,88.48422220761489,4.0,9459.177717061471,0.0,0.0,0.0,0.0,24.9,25.5,24.3,13.3,15.4,0.0,0.0,1,10
2024-01-11,A5,CHANDIGARH,0.0,24.6,13.0,22.865638306682047,88.48422220761489,4.0,9459.177717061471,0.0,0.0,0.0,0.0,25.5,24.9,25.0,12.7,13.3,0.0,0.0,1,11
2024-01-12,A5,CHANDIGARH,0.0,22.4,10.8,22.865638306682047,88.48422220761489,4.0,9459.177717061471,0.0,0.0,0.0,0.0,24.6,25.5,25.5,13.0,12.7,0.0,0.0,1,12
2024-01-13,A5,CHANDIGARH,0.0,22.4,10.2,22.865638306682047,88.48422220761489,4.0,9459.177717061471,0.0,0.0,0.0,0.0,22.4,24.6,26.2,10.8,13.0,0.0,0.0,1,13
2024-01-14,A5,CHANDIGARH,0.0,21.9,10.4,22.865638306682047,88.48422220761489,4.0,9459.177717061471,0.0,0.0,0.0,0.0,22.4,22.4,25.8,10.2,10.8,0.0,0.0,1,14
2024-01-15,A5,CHANDIGARH,0.0,21.6,10.4,22.865638306682047,88.48422220761489,4.0,9459.177717061471,0.0,0.0,0.0,0.0,21.9,22.4,25.5,10.4,10.2,0.0,0.0,1,15
2024-01-16,A5,CHANDIGARH,0.0,21.8,10.3,22.865638306682047,88.48422220761489,4.0,9459.177717061471,0.0,0.0,0.0,0.0,21.6,21.9,24.9,10.4,10.4,0.0,0.0,1,16
2024-01-17,A5,CHANDIGARH,0.1,23.1,9.9,22.865638306682047,88.48422220761489,4.0,9459.177717061471,0.0,0.0,0.0,0.0,21.8,21.6,25.5,10.3,10.4,0.0,0.0,1,17
2024-01-18,A5,CHANDIGARH,7.1,22.3,14.9,22.865638306682047,88.48422220761489,4.0,9459.177717061471,0.1,0.0,0.0,0.0,23.1,21.8,24.6,9.9,10.3,0.1,0.1,1,18
2024-01-19,A5,CHANDIGARH,0.0,22.9,14.7,22.865638306682047,88.48422220761489,4.0,9459.177717061471,7.1,0.1,0.0,0.0,22.3,23.1,22.4,14.9,9.9,7.199999999999999,7.199999999999999,1,19
2024-01-20,A5,CHANDIGARH,0.0,22.3,12.3,22.865638306682047,88.48422220761489,4.0,9459.177717061471,0.0,7.1,0.1,0.0,22.9,22.3,22.4,14.7,14.9,7.199999999999999,7.199999999999999,1,20
2024-01-21,A5,CHANDIGARH,0.0,22.6,12.9,22.865638306682047,88.48422220761489,4.0,9459.177717061471,0.0,0.0,7.1,0.0,22.3,22.9,21.9,12.3,14.7,7.1,7.199999999999999,1,21
2024-01-22,A5,CHANDIGARH,0.0,20.8,10.6,22.865638306682047,88.48422220761489,4.0,9459.177717061471,0.0,0.0,0.0,0.0,22.6,22.3,21.6,12.9,12.3,0.0,7.199999999999999,1,22
2024-01-23,A5,CHANDIGARH,0.0,22.1,9.2,22.865638306682047,88.48422220761489,4.0,9459.177717061471,0.0,0.0,0.0,0.0,20.8,22.6,21.8,10.6,12.9,0.0,7.199999999999999,1,23
2024-01-24,A5,CHANDIGARH,3.2,21.5,15.1,22.865638306682047,88.48422220761489,4.0,9459.177717061471,0.0,0.0,0.0,0.1,22.1,20.8,23.1,9.2,10.6,0.0,7.199999999999999,1,24
2024-01-25,A5,CHANDIGARH,0.0,22.7,13.0,22.865638306682047,88.48422220761489,4.0,9459.177717061471,3.2,0.0,0.0,7.1,21.5,22.1,22.3,15.1,9.2,3.2,10.3,1,25
2024-01-26,A5,CHANDIGARH,0.0,22.6,12.5,22.865638306682047,88.48422220761489,4.0,9459.177717061471,0.0,3.2,0.0,0.0,22.7,21.5,22.9,13.0,15.1,3.2,3.2,1,26
2024-01-27,A5,CHANDIGARH,0.0,22.6,11.0,22.865638306682047,88.48422220761489,4.0,9459.177717061471,0.0,0.0,3.2,0.0,22.6,22.7,22.3,12.5,13.0,3.2,3.2,1,27
2024-01-28,A5,CHANDIGARH,0.0,23.1,10.0,22.865638306682047,88.48422220761489,4.0,9459.177717061471,0.0,0.0,0.0,0.0,22.6,22.6,22.6,11.0,12.5,0.0,3.2,1,28
2024-01-29,A5,CHANDIGARH,0.0,24.4,10.4,22.865638306682047,88.48422220761489,4.0,9459.177717061471,0.0,0.0,0.0,0.0,23.1,22.6,20.8,10.0,11.0,0.0,3.2,1,29
2024-01-30,A5,CHANDIGARH,0.9,26.0,12.8,22.865638306682047,88.48422220761489,4.0,9459.177717061471,0.0,0.0,0.0,0.0,24.4,23.1,22.1,10.4,10.0,0.0,3.2,1,30
2024-01-31,A5,CHANDIGARH,14.2,24.9,17.4,22.865638306682047,88.48422220761489,4.0,9459.177717061471,0.9,0.0,0.0,3.2,26.0,24.4,21.5,12.8,10.4,0.9,4.1000000000000005,1,31
2024-02-01,A5,CHANDIGARH,4.0,24.4,16.1,22.865638306682047,88.48422220761489,4.0,9459.177717061471,14.2,0.9,0.0,0.0,24.9,26.0,22.7,17.4,12.8,15.1,15.1,2,32
2024-02-02,A5,CHANDIGARH,0.5,26.3,16.5,22.865638306682047,88.48422220761489,4.0,9459.177717061471,4.0,14.2,0.9,0.0,24.4,24.9,22.6,16.1,17.4,19.1,19.1,2,33
2024-02-03,A5,CHANDIGARH,0.0,25.5,14.9,22.865638306682047,88.48422220761489,4.0,9459.177717061471,0.5,4.0,14.2,0.0,26.3,24.4,22.6,16.5,16.1,18.700000000000003,19.6,2,34
2024-02-04,A5,CHANDIGARH,0.0,25.9,12.5,22.865638306682047,88.48422220761489,4.0,9459.177717061471,0.0,0.5,4.0,0.0,25.5,26.3,23.1,14.9,16.5,4.5,19.6,2,35
2024-02-05,A5,CHANDIGARH,0.0,26.7,14.6,22.865638306682047,88.48422220761489,4.0,9459.177717061471,0.0,0.0,0.5,0.0,25.9,25.5,24.4,12.5,14.9,0.5,19.6,2,36
2024-02-06,A5,CHANDIGARH,1.3,26.7,17.6,22.865638306682047,88.48422220761489,4.0,9459.177717061471,0.0,0.0,0.0,0.9,26.7,25.9,26.0,14.6,12.5,0.0,19.6,2,37
2024-02-07,A5,CHANDIGARH,0.0,25.2,17.2,22.865638306682047,88.48422220761489,4.0,9459.177717061471,1.3,0.0,0.0,14.2,26.7,26.7,24.9,17.6,14.6,1.3,20.0,2,38
2024-02-08,A5,CHANDIGARH,0.0,24.3,13.9,22.865638306682047,88.48422220761489,4.0,9459.177717061471,0.0,1.3,0.0,4.0,25.2,26.7,24.4,17.2,17.6,1.3,5.8,2,39
2024-02-09,A5,CHANDIGARH,0.0,22.8,12.8,22.865638306682047,88.48422220761489,4.0,9459.177717061471,0.0,0.0,1.3,0.5,24.3,25.2,26.3,13.9,17.2,1.3,1.8,2,40
2024-02-10,A5,CHANDIGARH,0.0,24.5,11.2,22.865638306682047,88.48422220761489,4.0,9459.177717061471,0.0,0.0,0.0,0.0,22.8,24.3,25.5,12.8,13.9,0.0,1.3,2,41
2024-02-11,A5,CHANDIGARH,0.0,26.3,12.0,22.865638306682047,88.48422220761489,4.0,9459.177717061471,0.0,0.0,0.0,0.0,24.5,22.8,25.9,11.2,12.8,0.0,1.3,2,42
2024-02-12,A5,CHANDIGARH,0.0,27.1,13.8,22.865638306682047,88.48422220761489,4.0,9459.177717061471,0.0,0.0,0.0,0.0,26.3,24.5,26.7,12.0,11.2,0.0,1.3,2,43
2024-02-13,A5,CHANDIGARH,0.0,28.7,16.8,22.865638306682047,88.48422220761489,4.0,9459.177717061471,0.0,0.0,0.0,1.3,27.1,26.3,26.7,13.8,12.0,0.0,1.3,2,44
2024-02-14,A5,CHANDIGARH,0.0,28.1,15.8,22.865638306682047,88.48422220761489,4.0,9459.177717061471,0.0,0.0,0.0,0.0,28.7,27.1,25.2,16.8,13.8,0.0,0.0,2,45
2024-02-15,A5,CHANDIGARH,0.6,27.5,17.1,22.865638306682047,88.48422220761489,4.0,9459.177717061471,0.0,0.0,0.0,0.0,28.1,28.7,24.3,15.8,16.8,0.0,0.0,2,46
2024-02-16,A5,CHANDIGARH,0.0,28.5,17.4,22.865638306682047,88.48422220761489,4.0,9459.177717061471,0.6,0.0,0.0,0.0,27.5,28.1,22.8,17.1,15.8,0.6,0.6,2,47
2024-02-17,A5,CHANDIGARH,0.0,27.5,15.2,22.865638306682047,88.48422220761489,4.0,9459.177717061471,0.0,0.6,0.0,0.0,28.5,27.5,24.5,17.4,17.1,0.6,0.6,2,48
2024-02-18,A5,CHANDIGARH,0.2,28.4,15.7,22.865638306682047,88.48422220761489,4.0,9459.177717061471,0.0,0.0,0.6,0.0,27.5,28.5,26.3,15.2,17.4,0.6,0.6,2,49
2024-02-19,A5,CHANDIGARH,0.2,29.2,18.0,22.865638306682047,88.48422220761489,4.0,9459.177717061471,0.2,0.0,0.0,0.0,28.4,27.5,27.1,15.7,15.2,0.2,0.8,2,50
2024-02-20,A5,CHANDIGARH,0.8,31.0,20.8,22.865638306682047,88.48422220761489,4.0,9459.177717061471,0.2,0.2,0.0,0.0,29.2,28.4,28.7,18.0,15.7,0.4,1.0,2,51
2024-02-21,A5,CHANDIGARH,0.0,32.5,20.6,22.865638306682047,88.48422220761489,4.0,9459.177717061471,0.8,0.2,0.2,0.0,31.0,29.2,28.1,20.8,18.0,1.2000000000000002,1.8,2,52
2024-02-22,A5,CHANDIGARH,0.5,28.8,20.6,22.865638306682047,88.48422220761489,4.0,9459.177717061471,0.0,0.8,0.2,0.6,32.5,31.0,27.5,20.6,20.8,1.0,1.8,2,53
2024-02-23,A5,CHANDIGARH,1.0,28.4,19.1,22.865638306682047,88.48422220761489,4.0,9459.177717061471,0.5,0.0,0.8,0.0,28.8,32.5,28.5,20.6,20.6,1.3,1.7000000000000002,2,54
2024-02-24,A5,CHANDIGARH,0.2,28.3,16.8,22.865638306682047,88.48422220761489,4.0,9459.177717061471,1.0,0.5,0.0,0.0,28.4,28.8,27.5,19.1,20.6,1.5,2.7,2,55
2024-02-25,A5,CHANDIGARH,0.0,25.2,18.2,22.865638306682047,88.48422220761489,4.0,9459.177717061471,0.2,1.0,0.5,0.2,28.3,28.4,28.4,16.8,19.1,1.7,2.9000000000000004,2,56
2024-02-26,A5,CHANDIGARH,0.0,27.9,17.0,22.865638306682047,88.48422220761489,4.0,9459.177717061471,0.0,0.2,1.0,0.2,25.2,28.3,29.2,18.2,16.8,1.2,2.7,2,57
2024-02-27,A5,CHANDIGARH,0.0,28.4,17.2,22.865638306682047,88.48422220761489,4.0,9459.177717061471,0.0,0.0,0.2,0.8,27.9,25.2,31.0,17.0,18.2,0.2,2.5,2,58
2024-02-28,A5,CHANDIGARH,0.0,28.9,17.9,22.865638306682047,88.48422220761489,4.0,9459.177717061471,0.0,0.0,0.0,0.0,28.4,27.9,32.5,17.2,17.0,0.0,1.7,2,59
2024-02-29,A5,CHANDIGARH,0.0,29.4,17.8,22.865638306682047,88.48422220761489,4.0,9459.177717061471,0.0,0.0,0.0,0.5,28.9,28.4,28.8,17.9,17.2,0.0,1.7,2,60
2024-03-01,A5,CHANDIGARH,0.0,29.9,16.4,22.865638306682047,88.48422220761489,4.0,9459.177717061471,0.0,0.0,0.0,1.0,29.4,28.9,28.4,17.8,17.9,0.0,1.2,3,61
2024-03-02,A5,CHANDIGARH,0.0,30.0,16.1,22.865638306682047,88.48422220761489,4.0,9459.177717061471,0.0,0.0,0.0,0.2,29.9,29.4,28.3,16.4,17.8,0.0,0.2,3,62
2024-03-03,A5,CHANDIGARH,0.1,31.0,18.3,22.865638306682047,88.48422220761489,4.0,9459.177717061471,0.0,0.0,0.0,0.0,30.0,29.9,25.2,16.1,16.4,0.0,0.0,3,63
2024-03-04,A5,CHANDIGARH,0.7,30.9,19.8,22.865638306682047,88.48422220761489,4.0,9459.177717061471,0.1,0.0,0.0,0.0,31.0,30.0,27.9,18.3,16.1,0.1,0.1,3,64
2024-03-05,A5,CHANDIGARH,0.0,30.3,20.1,22.865638306682047,88.48422220761489,4.0,9459.177717061471,0.7,0.1,0.0,0.0,30.9,31.0,28.4,19.8,18.3,0.7999999999999999,0.7999999999999999,3,65
2024-03-06,A5,CHANDIGARH,0.0,29.0,17.9,22.865638306682047,88.48422220761489,4.0,9459.177717061471,0.0,0.7,0.1,0.0,30.3,30.9,28.9,20.1,19.8,0.7999999999999999,0.7999999999999999,3,66
2024-03-07,A5,CHANDIGARH,0.0,28.4,18.5,22.865638306682047,88.48422220761489,4.0,9459.177717061471,0.0,0.0,0.7,0.0,29.0,30.3,29.4,17.9,20.1,0.7,0.7999999999999999,3,67
2024-03-08,A5,CHANDIGARH,0.0,29.9,18.3,22.865638306682047,88.48422220761489,4.0,9459.177717061471,0.0,0.0,0.0,0.0,28.4,29.0,29.9,18.5,17.9,0.0,0.7999999999999999,3,68
2024-03-09,A5,CHANDIGARH,0.0,29.2,15.2,22.865638306682047,88.48422220761489,4.0,9459.177717061471,0.0,0.0,0.0,0.0,29.9,28.4,30.0,18.3,18.5,0.0,0.7999999999999999,3,69
2024-03-10,A5,CHANDIGARH,0.0,29.1,14.7,22.865638306682047,88.48422220761489,4.0,9459.177717061471,0.0,0.0,0.0,0.1,29.2,29.9,31.0,15.2,18.3,0.0,0.7999999999999999,3,70
2024-03-11,A5,CHANDIGARH,0.0,30.1,14.9,22.865638306682047,88.48422220761489,4.0,9459.177717061471,0.0,0.0,0.0,0.7,29.1,29.2,30.9,14.7,15.2,0.0,0.7,3,71
2024-03-12,A5,CHANDIGARH,0.0,32.3,19.5,22.865638306682047,88.48422220761489,4.0,9459.177717061471,0.0,0.0,0.0,0.0,30.1,29.1,30.3,14.9,14.7,0.0,0.0,3,72
2024-03-13,A5,CHANDIGARH,0.4,33.3,23.0,22.865638306682047,88.48422220761489,4.0,9459.177717061471,0.0,0.0,0.0,0.0,32.3,30.1,29.0,19.5,14.9,0.0,0.0,3,73
2024-03-14,A5,CHANDIGARH,12.7,31.5,21.7,22.865638306682047,88.48422220761489,4.0,9459.177717061471,0.4,0.0,0.0,0.0,33.3,32.3,28.4,23.0,19.5,0.4,0.4,3,74
2024-03-15,A5,CHANDIGARH,0.9,33.3,22.0,22.865638306682047,88.48422220761489,4.0,9459.177717061471,12.7,0.4,0.0,0.0,31.5,33.3,29.9,21.7,23.0,13.1,13.1,3,75
2024-03-16,A5,CHANDIGARH,0.8,30.8,22.5,22.865638306682047,88.48422220761489,4.0,9459.177717061471,0.9,12.7,0.4,0.0,33.3,31.5,29.2,22.0,21.7,14.0,14.0,3,76
2024-03-17,A5,CHANDIGARH,0.0,31.4,21.2,22.865638306682047,88.48422220761489,4.0,9459.177717061471,0.8,0.9,12.7,0.0,30.8,33.3,29.1,22.5,22.0,14.399999999999999,14.799999999999999,3,77
2024-03-18,A5,CHANDIGARH,1.6,29.7,21.8,22.865638306682047,88.48422220761489,4.0,9459.177717061471,0.0,0.8,0.9,0.0,31.4,30.8,30.1,21.2,22.5,1.7000000000000002,14.799999999999999,3,78
2024-03-19,A5,CHANDIGARH,9.7,30.2,22.2,22.865638306682047,88.48422220761489,4.0,9459.177717061471,1.6,0.0,0.8,0.0,29.7,31.4,32.3,21.8,21.2,2.4000000000000004,16.4,3,79
2024-03-20,A5,CHANDIGARH,13.7,23.2,18.8,22.865638306682047,88.48422220761489,4.0,9459.177717061471,9.7,1.6,0.0,0.4,30.2,29.7,33.3,22.2,21.8,11.299999999999999,26.1,3,80
2024-03-21,A5,CHANDIGARH,6.8,26.9,18.6,22.865638306682047,88.48422220761489,4.0,9459.177717061471,13.7,9.7,1.6,12.7,23.2,30.2,31.5,18.8,22.2,25.0,39.4,3,81
2024-03-22,A5,CHANDIGARH,0.2,27.5,17.3,22.865638306682047,88.48422220761489,4.0,9459.177717061471,6.8,13.7,9.7,0.9,26.9,23.2,33.3,18.6,18.8,30.199999999999996,33.5,3,82
2024-03-23,A5,CHANDIGARH,5.5,31.7,19.0,22.865638306682047,88.48422220761489,4.0,9459.177717061471,0.2,6.8,13.7,0.8,27.5,26.9,30.8,17.3,18.6,20.7,32.8,3,83
2024-03-24,A5,CHANDIGARH,0.0,33.5,23.7,22.865638306682047,88.48422220761489,4.0,9459.177717061471,5.5,0.2,6.8,0.0,31.7,27.5,31.4,19.0,17.3,12.5,37.5,3,84
2024-03-25,A5,CHANDIGARH,13.8,33.0,22.6,22.865638306682047,88.48422220761489,4.0,9459.177717061471,0.0,5.5,0.2,1.6,33.5,31.7,29.7,23.7,19.0,5.7,37.5,3,85
2024-03-26,A5,CHANDIGARH,0.6,32.2,23.8,22.865638306682047,88.48422220761489,4.0,9459.177717061471,13.8,0.0,5.5,9.7,33.0,33.5,30.2,22.6,23.7,19.3,49.699999999999996,3,86
2024-03-27,A5,CHANDIGARH,0.8,34.1,22.6,22.865638306682047,88.48422220761489,4.0,9459.177717061471,0.6,13.8,0.0,13.7,32.2,33.0,23.2,23.8,22.6,14.4,40.6,3,87
2024-03-28,A5,CHANDIGARH,1.2,32.6,22.4,22.865638306682047,88.48422220761489,4.0,9459.177717061471,0.8,0.6,13.8,6.8,34.1,32.2,26.9,22.6,23.8,15.200000000000001,27.7,3,88
2024-03-29,A5,CHANDIGARH,0.0,33.6,24.5,22.865638306682047,88.48422220761489,4.0,9459.177717061471,1.2,0.8,0.6,0.2,32.6,34.1,27.5,22.4,22.6,2.6,22.1,3,89
2024-03-30,A5,CHANDIGARH,0.0,35.4,24.7,22.865638306682047,88.48422220761489,4.0,9459.177717061471,0.0,1.2,0.8,5.5,33.6,32.6,31.7,24.5,22.4,2.0,21.900000000000002,3,90
2024-03-31,A5,CHANDIGARH,6.4,35.0,25.0,22.865638306682047,88.48422220761489,4.0,9459.177717061471,0.0,0.0,1.2,0.0,35.4,33.6,33.5,24.7,24.5,1.2000000000000002,16.4,3,91
2024-04-01,A5,CHANDIGARH,0.0,35.9,24.9,22.865638306682047,88.48422220761489,4.0,9459.177717061471,6.4,0.0,0.0,13.8,35.0,35.4,33.0,25.0,24.7,6.4,22.799999999999997,4,92
2024-04-02,A5,CHANDIGARH,0.0,35.6,23.4,22.865638306682047,88.48422220761489,4.0,9459.177717061471,0.0,6.4,0.0,0.6,35.9,35.0,32.2,24.9,25.0,6.4,9.0,4,93
2024-04-03,A5,CHANDIGARH,0.0,35.6,25.0,22.865638306682047,88.48422220761489,4.0,9459.177717061471,0.0,0.0,6.4,0.8,35.6,35.9,34.1,23.4,24.9,6.4,8.4,4,94
2024-04-04,A5,CHANDIGARH,15.1,36.7,25.9,22.865638306682047,88.48422220761489,4.0,9459.177717061471,0.0,0.0,0.0,1.2,35.6,35.6,32.6,25.0,23.4,0.0,7.6,4,95
2024-04-05,A5,CHANDIGARH,0.0,37.1,26.3,22.865638306682047,88.48422220761489,4.0,9459.177717061471,15.1,0.0,0.0,0.0,36.7,35.6,33.6,25.9,25.0,15.1,21.5,4,96
2024-04-06,A5,CHANDIGARH,0.0,37.4,26.3,22.865638306682047,88.48422220761489,4.0,9459.177717061471,0.0,15.1,0.0,0.0,37.1,36.7,35.4,26.3,25.9,15.1,21.5,4,97
2024-04-07,A5,CHANDIGARH,3.6,36.0,25.9,22.865638306682047,88.48422220761489,4.0,9459.177717061471,0.0,0.0,15.1,6.4,37.4,37.1,35.0,26.3,26.3,15.1,21.5,4,98
2024-04-08,A5,CHANDIGARH,0.1,30.5,22.5,22.865638306682047,88.48422220761489,4.0,9459.177717061471,3.6,0.0,0.0,0.0,36.0,37.4,35.9,25.9,26.3,3.6,18.7,4,99
2024-04-09,A5,CHANDIGARH,0.6,34.3,21.9,22.865638306682047,88.48422220761489,4.0,9459.177717061471,0.1,3.6,0.0,0.0,30.5,36.0,35.6,22.5,25.9,3.7,18.8,4,100
2024-04-10,A5,CHANDIGARH,0.0,35.1,22.2,22.865638306682047,88.48422220761489,4.0,9459.177717061471,0.6,0.1,3.6,0.0,34.3,30.5,35.6,21.9,22.5,4.3,19.4,4,101
2024-04-11,A5,CHANDIGARH,5.6,33.1,23.5,22.865638306682047,88.48422220761489,4.0,9459.177717061471,0.0,0.6,0.1,15.1,35.1,34.3,36.7,22.2,21.9,0.7,19.4,4,102
2024-04-12,A5,CHANDIGARH,0.0,34.5,22.7,22.865638306682047,88.48422220761489,4.0,9459.177717061471,5.6,0.0,0.6,0.0,33.1,35.1,37.1,23.5,22.2,6.199999999999999,9.899999999999999,4,103
2024-04-13,A5,CHANDIGARH,0.0,35.5,23.5,22.865638306682047,88.48422220761489,4.0,9459.177717061471,0.0,5.6,0.0,0.0,34.5,33.1,37.4,22.7,23.5,5.6,9.899999999999999,4,104
2024-04-14,A5,CHANDIGARH,0.0,36.5,23.1,22.865638306682047,88.48422220761489,4.0,9459.177717061471,0.0,0.0,5.6,3.6,35.5,34.5,36.0,23.5,22.7,5.6,9.899999999999999,4,105
2024-04-15,A5,CHANDIGARH,0.0,37.7,23.8,22.865638306682047,88.48422220761489,4.0,9459.177717061471,0.0,0.0,0.0,0.1,36.5,35.5,30.5,23.1,23.5,0.0,6.3,4,106
2024-04-16,A5,CHANDIGARH,0.0,38.0,26.1,22.865638306682047,88.48422220761489,4.0,9459.177717061471,0.0,0.0,0.0,0.6,37.7,36.5,34.3,23.8,23.1,0.0,6.199999999999999,4,107
2024-04-17,A5,CHANDIGARH,0.0,37.8,27.2,22.865638306682047,88.48422220761489,4.0,9459.177717061471,0.0,0.0,0.0,0.0,38.0,37.7,35.1,26.1,23.8,0.0,5.6,4,108
2024-04-18,A5,CHANDIGARH,0.0,37.7,25.4,22.865638306682047,88.48422220761489,4.0,9459.177717061471,0.0,0.0,0.0,5.6,37.8,38.0,33.1,27.2,26.1,0.0,5.6,4,109
2024-04-19,A5,CHANDIGARH,0.0,39.7,24.7,22.865638306682047,88.48422220761489,4.0,9459.177717061471,0.0,0.0,0.0,0.0,37.7,37.8,34.5,25.4,27.2,0.0,0.0,4,110
2024-04-20,A5,CHANDIGARH,0.0,40.8,25.8,22.865638306682047,88.48422220761489,4.0,9459.177717061471,0.0,0.0,0.0,0.0,39.7,37.7,35.5,24.7,25.4,0.0,0.0,4,111
2024-04-21,A5,CHANDIGARH,0.0,40.1,27.0,22.865638306682047,88.48422220761489,4.0,9459.177717061471,0.0,0.0,0.0,0.0,40.8,39.7,36.5,25.8,24.7,0.0,0.0,4,112
2024-04-22,A5,CHANDIGARH,0.0,39.2,25.2,22.865638306682047,88.48422220761489,4.0,9459.177717061471,0.0,0.0,0.0,0.0,40.1,40.8,37.7,27.0,25.8,0.0,0.0,4,113
2024-04-23,A5,CHANDIGARH,0.0,37.9,26.2,22.865638306682047,88.48422220761489,4.0,9459.177717061471,0.0,0.0,0.0,0.0,39.2,40.1,38.0,25.2,27.0,0.0,0.0,4,114
2024-04-24,A5,CHANDIGARH,0.0,39.6,26.8,22.865638306682047,88.48422220761489,4.0,9459.177717061471,0.0,0.0,0.0,0.0,37.9,39.2,37.8,26.2,25.2,0.0,0.0,4,115
2024-04-25,A5,CHANDIGARH,0.0,40.0,24.6,22.865638306682047,88.48422220761489,4.0,9459.177717061471,0.0,0.0,0.0,0.0,39.6,37.9,37.7,26.8,26.2,0.0,0.0,4,116
2024-04-26,A5,CHANDIGARH,0.0,40.9,26.9,22.865638306682047,88.48422220761489,4.0,9459.177717061471,0.0,0.0,0.0,0.0,40.0,39.6,39.7,24.6,26.8,0.0,0.0,4,117
2024-04-27,A5,CHANDIGARH,0.0,41.1,27.8,22.865638306682047,88.48422220761489,4.0,9459.177717061471,0.0,0.0,0.0,0.0,40.9,40.0,40.8,26.9,24.6,0.0,0.0,4,118
2024-04-28,A5,CHANDIGARH,0.7,39.6,28.1,22.865638306682047,88.48422220761489,4.0,9459.177717061471,0.0,0.0,0.0,0.0,41.1,40.9,40.1,27.8,26.9,0.0,0.0,4,119
2024-04-29,A5,CHANDIGARH,0.0,41.4,28.4,22.865638306682047,88.48422220761489,4.0,9459.177717061471,0.7,0.0,0.0,0.0,39.6,41.1,39.2,28.1,27.8,0.7,0.7,4,120
2024-04-30,A5,CHANDIGARH,0.0,43.3,29.0,22.865638306682047,88.48422220761489,4.0,9459.177717061471,0.0,0.7,0.0,0.0,41.4,39.6,37.9,28.4,28.1,0.7,0.7,4,121
2024-05-01,A5,CHANDIGARH,0.0,41.1,28.3,22.865638306682047,88.48422220761489,4.0,9459.177717061471,0.0,0.0,0.7,0.0,43.3,41.4,39.6,29.0,28.4,0.7,0.7,5,122
2024-05-02,A5,CHANDIGARH,0.2,41.0,29.3,22.865638306682047,88.48422220761489,4.0,9459.177717061471,0.0,0.0,0.0,0.0,41.1,43.3,40.0,28.3,29.0,0.0,0.7,5,123
2024-05-03,A5,CHANDIGARH,0.0,39.5,25.3,22.865638306682047,88.48422220761489,4.0,9459.177717061471,0.2,0.0,0.0,0.0,41.0,41.1,40.9,29.3,28.3,0.2,0.8999999999999999,5,124
2024-05-04,A5,CHANDIGARH,0.0,39.4,27.1,22.865638306682047,88.48422220761489,4.0,9459.177717061471,0.0,0.2,0.0,0.0,39.5,41.0,41.1,25.3,29.3,0.2,0.8999999999999999,5,125
2024-05-05,A5,CHANDIGARH,0.2,38.0,28.4,22.865638306682047,88.48422220761489,4.0,9459.177717061471,0.0,0.0,0.2,0.7,39.4,39.5,39.6,27.1,25.3,0.2,0.8999999999999999,5,126
2024-05-06,A5,CHANDIGARH,112.5,37.5,24.7,22.865638306682047,88.48422220761489,4.0,9459.177717061471,0.2,0.0,0.0,0.0,38.0,39.4,41.4,28.4,27.1,0.2,0.4,5,127
2024-05-07,A5,CHANDIGARH,1.5,33.2,24.4,22.865638306682047,88.48422220761489,4.0,9459.177717061471,112.5,0.2,0.0,0.0,37.5,38.0,43.3,24.7,28.4,112.7,112.9,5,128
2024-05-08,A5,CHANDIGARH,2.6,30.5,23.7,22.865638306682047,88.48422220761489,4.0,9459.177717061471,1.5,112.5,0.2,0.0,33.2,37.5,41.1,24.4,24.7,114.2,114.4,5,129
2024-05-09,A5,CHANDIGARH,8.6,31.3,23.8,22.865638306682047,88.48422220761489,4.0,9459.177717061471,2.6,1.5,112.5,0.2,30.5,33.2,41.0,23.7,24.4,116.6,117.0,5,130
2024-05-10,A5,CHANDIGARH,9.7,31.3,23.7,22.865638306682047,88.48422220761489,4.0,9459.177717061471,8.6,2.6,1.5,0.0,31.3,30.5,39.5,23.8,23.7,12.7,125.4,5,131
2024-05-11,A5,CHANDIGARH,15.9,31.4,24.7,22.865638306682047,88.48422220761489,4.0,9459.177717061471,9.7,8.6,2.6,0.0,31.3,31.3,39.4,23.7,23.8,20.9,135.1,5,132
2024-05-12,A5,CHANDIGARH,3.3,32.7,24.9,22.865638306682047,88.48422220761489,4.0,9459.177717061471,15.9,9.7,8.6,0.2,31.4,31.3,38.0,24.7,23.7,34.199999999999996,151.0,5,133
2024-05-13,A5,CHANDIGARH,0.0,33.4,24.0,22.865638306682047,88.48422220761489,4.0,9459.177717061471,3.3,15.9,9.7,112.5,32.7,31.4,37.5,24.9,24.7,28.9,154.10000000000002,5,134
2024-05-14,A5,CHANDIGARH,3.3,34.0,25.3,22.865638306682047,88.48422220761489,4.0,9459.177717061471,0.0,3.3,15.9,1.5,33.4,32.7,33.2,24.0,24.9,19.2,41.6,5,135
2024-05-15,A5,CHANDIGARH,0.0,35.1,25.9,22.865638306682047,88.48422220761489,4.0,9459.177717061471,3.3,0.0,3.3,2.6,34.0,33.4,30.5,25.3,24.0,6.6,43.4,5,136
2024-05-16,A5,CHANDIGARH,0.0,35.4,26.1,22.865638306682047,88.48422220761489,4.0,9459.177717061471,0.0,3.3,0.0,8.6,35.1,34.0,31.3,25.9,25.3,3.3,40.8,5,137
2024-05-17,A5,CHANDIGARH,0.0,37.3,27.3,22.865638306682047,88.48422220761489,4.0,9459.177717061471,0.0,0.0,3.3,9.7,35.4,35.1,31.3,26.1,25.9,3.3,32.2,5,138
2024-05-18,A5,CHANDIGARH,0.1,36.1,28.7,22.865638306682047,88.48422220761489,4.0,9459.177717061471,0.0,0.0,0.0,15.9,37.3,35.4,31.4,27.3,26.1,0.0,22.5,5,139
2024-05-19,A5,CHANDIGARH,1.7,33.9,28.8,22.865638306682047,88.48422220761489,4.0,9459.177717061471,0.1,0.0,0.0,3.3,36.1,37.3,32.7,28.7,27.3,0.1,6.699999999999999,5,140
2024-05-20,A5,CHANDIGARH,14.6,33.0,26.9,22.865638306682047,88.48422220761489,4.0,9459.177717061471,1.7,0.1,0.0,0.0,33.9,36.1,33.4,28.8,28.7,1.8,5.1,5,141
2024-05-21,A5,CHANDIGARH,11.3,33.1,25.8,22.865638306682047,88.48422220761489,4.0,9459.177717061471,14.6,1.7,0.1,3.3,33.0,33.9,34.0,26.9,28.8,16.4,19.7,5,142
2024-05-22,A5,CHANDIGARH,2.9,33.9,26.7,22.865638306682047,88.48422220761489,4.0,9459.177717061471,11.3,14.6,1.7,0.0,33.1,33.0,35.1,25.8,26.9,27.6,27.7,5,143
2024-05-23,A5,CHANDIGARH,0.0,34.9,25.9,22.865638306682047,88.48422220761489,4.0,9459.177717061471,2.9,11.3,14.6,0.0,33.9,33.1,35.4,26.7,25.8,28.8,30.599999999999998,5,144
2024-05-24,A5,CHANDIGARH,0.0,35.5,26.4,22.865638306682047,88.48422220761489,4.0,9459.177717061471,0.0,2.9,11.3,0.0,34.9,33.9,37.3,25.9,26.7,14.200000000000001,30.599999999999998,5,145
2024-05-25,A5,CHANDIGARH,0.0,36.4,27.5,22.865638306682047,88.48422220761489,4.0,9459.177717061471,0.0,0.0,2.9,0.1,35.5,34.9,36.1,26.4,25.9,2.9,30.599999999999998,5,146
2024-05-26,A5,CHANDIGARH,39.9,30.9,26.8,22.865638306682047,88.48422220761489,4.0,9459.177717061471,0.0,0.0,0.0,1.7,36.4,35.5,33.9,27.5,26.4,0.0,30.5,5,147
2024-05-27,A5,CHANDIGARH,80.5,27.5,26.1,22.865638306682047,88.48422220761489,4.0,9459.177717061471,39.9,0.0,0.0,14.6,30.9,36.4,33.0,26.8,27.5,39.9,68.69999999999999,5,148
2024-05-28,A5,CHANDIGARH,0.4,35.3,26.3,22.865638306682047,88.48422220761489,4.0,9459.177717061471,80.5,39.9,0.0,11.3,27.5,30.9,33.1,26.1,26.8,120.4,134.6,5,149
2024-05-29,A5,CHANDIGARH,0.0,35.9,29.2,22.865638306682047,88.48422220761489,4.0,9459.177717061471,0.4,80.5,39.9,2.9,35.3,27.5,33.9,26.3,26.1,120.80000000000001,123.69999999999999,5,150
2024-05-30,A5,CHANDIGARH,0.2,35.3,29.5,22.865638306682047,88.48422220761489,4.0,9459.177717061471,0.0,0.4,80.5,0.0,35.9,35.3,34.9,29.2,26.3,80.9,120.8,5,151
2024-05-31,A5,CHANDIGARH,0.0,35.2,28.5,22.865638306682047,88.48422220761489,4.0,9459.177717061471,0.2,0.0,0.4,0.0,35.3,35.9,35.5,29.5,29.2,0.6000000000000001,120.99999999999999,5,152
2024-06-01,A5,CHANDIGARH,0.8,34.7,28.3,22.865638306682047,88.48422220761489,4.0,9459.177717061471,0.0,0.2,0.0,0.0,35.2,35.3,36.4,28.5,29.5,0.2,120.99999999999999,6,153
2024-06-02,A5,CHANDIGARH,5.0,34.4,29.1,22.865638306682047,88.48422220761489,4.0,9459.177717061471,0.8,0.0,0.2,39.9,34.7,35.2,30.9,28.3,28.5,1.0,121.8,6,154
2024-06-03,A5,CHANDIGARH,0.2,34.5,28.3,22.865638306682047,88.48422220761489,4.0,9459.177717061471,5.0,0.8,0.0,80.5,34.4,34.7,27.5,29.1,28.3,5.8,86.9,6,155
2024-06-04,A5,CHANDIGARH,0.1,35.7,28.6,22.865638306682047,88.48422220761489,4.0,9459.177717061471,0.2,5.0,0.8,0.4,34.5,34.4,35.3,28.3,29.1,6.0,6.6000000000000005,6,156
2024-06-05,A5,CHANDIGARH,0.0,35.7,28.0,22.865638306682047,88.48422220761489,4.0,9459.177717061471,0.1,0.2,5.0,0.0,35.7,34.5,35.9,28.6,28.3,5.3,6.3,6,157
2024-06-06,A5,CHANDIGARH,0.2,36.4,26.7,22.865638306682047,88.48422220761489,4.0,9459.177717061471,0.0,0.1,0.2,0.2,35.7,35.7,35.3,28.0,28.6,0.30000000000000004,6.3,6,158
2024-06-07,A5,CHANDIGARH,0.0,36.0,26.1,22.865638306682047,88.48422220761489,4.0,9459.177717061471,0.2,0.0,0.1,0.0,36.4,35.7,35.2,26.7,28.0,0.30000000000000004,6.300000000000001,6,159
2024-06-08,A5,CHANDIGARH,0.0,35.7,28.1,22.865638306682047,88.48422220761489,4.0,9459.177717061471,0.0,0.2,0.0,0.8,36.0,36.4,34.7,26.1,26.7,0.2,6.300000000000001,6,160
2024-06-09,A5,CHANDIGARH,0.0,36.6,28.2,22.865638306682047,88.48422220761489,4.0,9459.177717061471,0.0,0.0,0.2,5.0,35.7,36.0,34.4,28.1,26.1,0.2,5.5,6,161
2024-06-10,A5,CHANDIGARH,0.0,36.5,28.5,22.865638306682047,88.48422220761489,4.0,9459.177717061471,0.0,0.0,0.0,0.2,36.6,35.7,34.5,28.2,28.1,0.0,0.5,6,162
2024-06-11,A5,CHANDIGARH,0.0,36.6,28.9,22.865638306682047,88.48422220761489,4.0,9459.177717061471,0.0,0.0,0.0,0.1,36.5,36.6,35.7,28.5,28.2,0.0,0.30000000000000004,6,163
2024-06-12,A5,CHANDIGARH,0.0,35.3,28.3,22.865638306682047,88.48422220761489,4.0,9459.177717061471,0.0,0.0,0.0,0.0,36.6,36.5,35.7,28.9,28.5,0.0,0.2,6,164
2024-06-13,A5,CHANDIGARH,0.0,36.0,28.5,22.865638306682047,88.48422220761489,4.0,9459.177717061471,0.0,0.0,0.0,0.2,35.3,36.6,36.4,28.3,28.9,0.0,0.2,6,165
2024-06-14,A5,CHANDIGARH,0.0,37.1,29.1,22.865638306682047,88.48422220761489,4.0,9459.177717061471,0.0,0.0,0.0,0.0,36.0,35.3,36.0,28.5,28.3,0.0,0.0,6,166
2024-06-15,A5,CHANDIGARH,0.0,37.3,29.4,22.865638306682047,88.48422220761489,4.0,9459.177717061471,0.0,0.0,0.0,0.0,37.1,36.0,35.7,29.1,28.5,0.0,0.0,6,167
2024-06-16,A5,CHANDIGARH,0.0,36.8,29.4,22.865638306682047,88.48422220761489,4.0,9459.177717061471,0.0,0.0,0.0,0.0,37.3,37.1,36.6,29.4,29.1,0.0,0.0,6,168
2024-06-17,A5,CHANDIGARH,0.2,37.0,29.2,22.865638306682047,88.48422220761489,4.0,9459.177717061471,0.0,0.0,0.0,0.0,36.8,37.3,36.5,29.4,29.4,0.0,0.0,6,169
2024-06-18,A5,CHANDIGARH,10.7,32.5,28.8,22.865638306682047,88.48422220761489,4.0,9459.177717061471,0.2,0.0,0.0,0.0,37.0,36.8,36.6,29.2,29.4,0.2,0.2,6,170
2024-06-19,A5,CHANDIGARH,8.0,34.8,28.6,22.865638306682047,88.48422220761489,4.0,9459.177717061471,10.7,0.2,0.0,0.0,32.5,37.0,35.3,28.8,29.2,10.899999999999999,10.899999999999999,6,171
2024-06-20,A5,CHANDIGARH,24.2,33.6,27.8,22.865638306682047,88.48422220761489,4.0,9459.177717061471,8.0,10.7,0.2,0.0,34.8,32.5,36.0,28.6,28.8,18.9,18.9,6,172
2024-06-21,A5,CHANDIGARH,2.6,31.8,27.1,22.865638306682047,88.48422220761489,4.0,9459.177717061471,24.2,8.0,10.7,0.0,33.6,34.8,37.1,27.8,28.6,42.9,43.099999999999994,6,173
2024-06-22,A5,CHANDIGARH,2.0,33.3,26.5,22.865638306682047,88.48422220761489,4.0,9459.177717061471,2.6,24.2,8.0,0.0,31.8,33.6,37.3,27.1,27.8,34.800000000000004,45.699999999999996,6,174
2024-06-23,A5,CHANDIGARH,1.1,34.0,26.7,22.865638306682047,88.48422220761489,4.0,9459.177717061471,2.0,2.6,24.2,0.0,33.3,31.8,36.8,26.5,27.1,28.8,47.699999999999996,6,175
2024-06-24,A5,CHANDIGARH,1.3,34.1,27.1,22.865638306682047,88.48422220761489,4.0,9459.177717061471,1.1,2.0,2.6,0.2,34.0,33.3,37.0,26.7,26.5,5.7,48.8,6,176
2024-06-25,A5,CHANDIGARH,0.8,34.2,28.0,22.865638306682047,88.48422220761489,4.0,9459.177717061471,1.3,1.1,2.0,10.7,34.1,34.0,32.5,27.1,26.7,4.4,49.9,6,177
2024-06-26,A5,CHANDIGARH,0.4,34.5,27.4,22.865638306682047,88.48422220761489,4.0,9459.177717061471,0.8,1.3,1.1,8.0,34.2,34.1,34.8,28.0,27.1,3.2,40.0,6,178
2024-06-27,A5,CHANDIGARH,9.6,32.1,27.5,22.865638306682047,88.48422220761489,4.0,9459.177717061471,0.4,0.8,1.3,24.2,34.5,34.2,33.6,27.4,28.0,2.5,32.4,6,179
2024-06-28,A5,CHANDIGARH,4.8,33.0,27.1,22.865638306682047,88.48422220761489,4.0,9459.177717061471,9.6,0.4,0.8,2.6,32.1,34.5,31.8,27.5,27.4,10.799999999999999,17.8,6,180
2024-06-29,A5,CHANDIGARH,17.3,31.3,26.9,22.865638306682047,88.48422220761489,4.0,9459.177717061471,4.8,9.6,0.4,2.0,33.0,32.1,33.3,27.1,27.5,14.799999999999997,20.0,6,181
2024-06-30,A5,CHANDIGARH,30.2,32.1,26.3,22.865638306682047,88.48422220761489,4.0,9459.177717061471,17.3,4.8,9.6,1.1,31.3,33.0,34.0,26.9,27.1,31.7,35.3,6,182
2024-07-01,A5,CHANDIGARH,17.7,31.2,26.0,22.865638306682047,88.48422220761489,4.0,9459.177717061471,30.2,17.3,4.8,1.3,32.1,31.3,34.1,26.3,26.9,52.3,64.4,7,183
2024-07-02,A5,CHANDIGARH,28.1,31.0,25.9,22.865638306682047,88.48422220761489,4.0,9459.177717061471,17.7,30.2,17.3,0.8,31.2,32.1,34.2,26.0,26.3,65.19999999999999,80.8,7,184
2024-07-03,A5,CHANDIGARH,7.9,30.9,25.9,22.865638306682047,88.48422220761489,4.0,9459.177717061471,28.1,17.7,30.2,0.4,31.0,31.2,34.5,25.9,26.0,76.0,108.10000000000001,7,185
2024-07-04,A5,CHANDIGARH,18.3,31.5,25.5,22.865638306682047,88.48422220761489,4.0,9459.177717061471,7.9,28.1,17.7,9.6,30.9,31.0,32.1,25.9,25.9,53.699999999999996,115.6,7,186
2024-07-05,A5,CHANDIGARH,27.3,32.4,25.6,22.865638306682047,88.48422220761489,4.0,9459.177717061471,18.3,7.9,28.1,4.8,31.5,30.9,33.0,25.5,25.9,54.300000000000004,124.30000000000001,7,187
2024-07-06,A5,CHANDIGARH,2.4,32.2,26.2,22.865638306682047,88.48422220761489,4.0,9459.177717061471,27.3,18.3,7.9,17.3,32.4,31.5,31.3,25.6,25.5,53.5,146.79999999999998,7,188
2024-07-07,A5,CHANDIGARH,5.4,32.5,26.4,22.865638306682047,88.48422220761489,4.0,9459.177717061471,2.4,27.3,18.3,30.2,32.2,32.4,32.1,26.2,25.6,48.00000000000001,131.9,7,189
2024-07-08,A5,CHANDIGARH,1.0,32.4,26.2,22.865638306682047,88.48422220761489,4.0,9459.177717061471,5.4,2.4,27.3,17.7,32.5,32.2,31.2,26.4,26.2,35.1,107.1,7,190
2024-07-09,A5,CHANDIGARH,3.9,32.2,27.0,22.865638306682047,88.48422220761489,4.0,9459.177717061471,1.0,5.4,2.4,28.1,32.4,32.5,31.0,26.2,26.4,8.8,90.4,7,191
2024-07-10,A5,CHANDIGARH,1.4,32.9,27.5,22.865638306682047,88.48422220761489,4.0,9459.177717061471,3.9,1.0,5.4,7.9,32.2,32.4,30.9,27.0,26.2,10.3,66.2,7,192
2024-07-11,A5,CHANDIGARH,26.5,32.7,27.6,22.865638306682047,88.48422220761489,4.0,9459.177717061471,1.4,3.9,1.0,18.3,32.9,32.2,31.5,27.5,27.0,6.3,59.699999999999996,7,193
2024-07-12,A5,CHANDIGARH,9.2,32.3,26.1,22.865638306682047,88.48422220761489,4.0,9459.177717061471,26.5,1.4,3.9,27.3,32.7,32.9,32.4,27.6,27.5,31.8,67.9,7,194
2024-07-13,A5,CHANDIGARH,2.4,32.6,25.6,22.865638306682047,88.48422220761489,4.0,9459.177717061471,9.2,26.5,1.4,2.4,32.3,32.7,32.2,26.1,27.6,37.1,49.800000000000004,7,195
2024-07-14,A5,CHANDIGARH,3.3,32.8,26.4,22.865638306682047,88.48422220761489,4.0,9459.177717061471,2.4,9.2,26.5,5.4,32.6,32.3,32.5,25.6,26.1,38.1,49.8,7,196
2024-07-15,A5,CHANDIGARH,2.3,32.4,26.9,22.865638306682047,88.48422220761489,4.0,9459.177717061471,3.3,2.4,9.2,1.0,32.8,32.6,32.4,26.4,25.6,14.899999999999999,47.7,7,197
2024-07-16,A5,CHANDIGARH,2.6,32.4,26.6,22.865638306682047,88.48422220761489,4.0,9459.177717061471,2.3,3.3,2.4,3.9,32.4,32.8,32.2,26.9,26.4,8.0,49.0,7,198
2024-07-17,A5,CHANDIGARH,6.6,33.4,26.6,22.865638306682047,88.48422220761489,4.0,9459.177717061471,2.6,2.3,3.3,1.4,32.4,32.4,32.9,26.6,26.9,8.2,47.7,7,199
2024-07-18,A5,CHANDIGARH,2.0,33.2,26.6,22.865638306682047,88.48422220761489,4.0,9459.177717061471,6.6,2.6,2.3,26.5,33.4,32.4,32.7,26.6,26.6,11.5,52.900000000000006,7,200
2024-07-19,A5,CHANDIGARH,3.5,32.5,27.3,22.865638306682047,88.48422220761489,4.0,9459.177717061471,2.0,6.6,2.6,9.2,33.2,33.4,32.3,26.6,26.6,11.2,28.4,7,201
2024-07-20,A5,CHANDIGARH,2.4,32.8,27.1,22.865638306682047,88.48422220761489,4.0,9459.177717061471,3.5,2.0,6.6,2.4,32.5,33.2,32.6,27.3,26.6,12.1,22.7,7,202
2024-07-21,A5,CHANDIGARH,13.1,32.4,27.0,22.865638306682047,88.48422220761489,4.0,9459.177717061471,2.4,3.5,2.0,3.3,32.8,32.5,32.8,27.1,27.3,7.9,22.7,7,203
2024-07-22,A5,CHANDIGARH,14.5,31.7,26.7,22.865638306682047,88.48422220761489,4.0,9459.177717061471,13.1,2.4,3.5,2.3,32.4,32.8,32.4,27.0,27.1,19.0,32.5,7,204
2024-07-23,A5,CHANDIGARH,13.4,32.7,25.8,22.865638306682047,88.48422220761489,4.0,9459.177717061471,14.5,13.1,2.4,2.6,31.7,32.4,32.4,26.7,27.0,30.0,44.7,7,205
2024-07-24,A5,CHANDIGARH,18.3,32.3,26.6,22.865638306682047,88.48422220761489,4.0,9459.177717061471,13.4,14.5,13.1,6.6,32.7,31.7,33.4,25.8,26.7,41.0,55.5,7,206
2024-07-25,A5,CHANDIGARH,13.8,32.3,26.4,22.865638306682047,88.48422220761489,4.0,9459.177717061471,18.3,13.4,14.5,2.0,32.3,32.7,33.2,26.6,25.8,46.2,67.2,7,207
2024-07-26,A5,CHANDIGARH,18.9,31.2,26.3,22.865638306682047,88.48422220761489,4.0,9459.177717061471,13.8,18.3,13.4,3.5,32.3,32.3,32.5,26.4,26.6,45.5,79.0,7,208
2024-07-27,A5,CHANDIGARH,5.7,32.0,27.0,22.865638306682047,88.48422220761489,4.0,9459.177717061471,18.9,13.8,18.3,2.4,31.2,32.3,32.8,26.3,26.4,51.0,94.4,7,209
2024-07-28,A5,CHANDIGARH,20.2,32.0,26.4,22.865638306682047,88.48422220761489,4.0,9459.177717061471,5.7,18.9,13.8,13.1,32.0,31.2,32.4,27.0,26.3,38.4,97.7,7,210
2024-07-29,A5,CHANDIGARH,11.3,32.1,26.4,22.865638306682047,88.48422220761489,4.0,9459.177717061471,20.2,5.7,18.9,14.5,32.0,32.0,31.7,26.4,27.0,44.8,104.8,7,211
2024-07-30,A5,CHANDIGARH,4.4,33.0,26.2,22.865638306682047,88.48422220761489,4.0,9459.177717061471,11.3,20.2,5.7,13.4,32.1,32.0,32.7,26.4,26.4,37.2,101.6,7,212
2024-07-31,A5,CHANDIGARH,22.9,31.6,25.9,22.865638306682047,88.48422220761489,4.0,9459.177717061471,4.4,11.3,20.2,18.3,33.0,32.1,32.3,26.2,26.4,35.9,92.6,7,213
2024-08-01,A5,CHANDIGARH,88.3,29.2,24.9,22.865638306682047,88.48422220761489,4.0,9459.177717061471,22.9,4.4,11.3,13.8,31.6,33.0,32.3,25.9,26.2,38.599999999999994,97.19999999999999,8,214
2024-08-02,A5,CHANDIGARH,31.6,29.7,25.5,22.865638306682047,88.48422220761489,4.0,9459.177717061471,88.3,22.9,4.4,18.9,29.2,31.6,31.2,24.9,25.9,115.6,171.7,8,215
2024-08-03,A5,CHANDIGARH,18.1,31.0,24.9,22.865638306682047,88.48422220761489,4.0,9459.177717061471,31.6,88.3,22.9,5.7,29.7,29.2,32.0,25.5,24.9,142.79999999999998,184.4,8,216
2024-08-04,A5,CHANDIGARH,22.3,31.0,24.8,22.865638306682047,88.48422220761489,4.0,9459.177717061471,18.1,31.6,88.3,20.2,31.0,29.7,32.0,24.9,25.5,138.0,196.8,8,217
2024-08-05,A5,CHANDIGARH,33.2,32.5,24.8,22.865638306682047,88.48422220761489,4.0,9459.177717061471,22.3,18.1,31.6,11.3,31.0,31.0,32.1,24.8,24.9,72.0,198.9,8,218
2024-08-06,A5,CHANDIGARH,12.0,31.2,26.2,22.865638306682047,88.48422220761489,4.0,9459.177717061471,33.2,22.3,18.1,4.4,32.5,31.0,33.0,24.8,24.8,73.6,220.8,8,219
2024-08-07,A5,CHANDIGARH,5.3,30.6,25.7,22.865638306682047,88.48422220761489,4.0,9459.177717061471,12.0,33.2,22.3,22.9,31.2,32.5,31.6,26.2,24.8,67.5,228.4,8,220
2024-08-08,A5,CHANDIGARH,14.5,31.0,25.9,22.865638306682047,88.48422220761489,4.0,9459.177717061471,5.3,12.0,33.2,88.3,30.6,31.2,29.2,25.7,26.2,50.5,210.8,8,221
2024-08-09,A5,CHANDIGARH,20.8,31.1,25.4,22.865638306682047,88.48422220761489,4.0,9459.177717061471,14.5,5.3,12.0,31.6,31.0,30.6,29.7,25.9,25.7,31.8,137.00000000000003,8,222
2024-08-10,A5,CHANDIGARH,32.1,32.2,24.9,22.865638306682047,88.48422220761489,4.0,9459.177717061471,20.8,14.5,5.3,18.1,31.1,31.0,31.0,25.4,25.9,40.6,126.20000000000002,8,223
2024-08-11,A5,CHANDIGARH,14.4,32.2,25.1,22.865638306682047,88.48422220761489,4.0,9459.177717061471,32.1,20.8,14.5,22.3,32.2,31.1,31.0,24.9,25.4,67.4,140.20000000000002,8,224
2024-08-12,A5,CHANDIGARH,12.2,32.4,25.5,22.865638306682047,88.48422220761489,4.0,9459.177717061471,14.4,32.1,20.8,33.2,32.2,32.2,32.5,25.1,24.9,67.30000000000001,132.3,8,225
2024-08-13,A5,CHANDIGARH,9.9,32.5,25.4,22.865638306682047,88.48422220761489,4.0,9459.177717061471,12.2,14.4,32.1,12.0,32.4,32.2,31.2,25.5,25.1,58.7,111.30000000000001,8,226
2024-08-14,A5,CHANDIGARH,8.8,32.4,25.3,22.865638306682047,88.48422220761489,4.0,9459.177717061471,9.9,12.2,14.4,5.3,32.5,32.4,30.6,25.4,25.5,36.5,109.20000000000002,8,227
2024-08-15,A5,CHANDIGARH,8.0,32.6,25.7,22.865638306682047,88.48422220761489,4.0,9459.177717061471,8.8,9.9,12.2,14.5,32.4,32.5,31.0,25.3,25.4,30.900000000000002,112.70000000000002,8,228
2024-08-16,A5,CHANDIGARH,3.9,31.3,25.5,22.865638306682047,88.48422220761489,4.0,9459.177717061471,8.0,8.8,9.9,20.8,32.6,32.4,31.1,25.7,25.3,26.700000000000003,106.20000000000002,8,229
2024-08-17,A5,CHANDIGARH,23.2,32.9,25.4,22.865638306682047,88.48422220761489,4.0,9459.177717061471,3.9,8.0,8.8,32.1,31.3,32.6,32.2,25.5,25.7,20.7,89.30000000000001,8,230
2024-08-18,A5,CHANDIGARH,17.1,29.1,25.4,22.865638306682047,88.48422220761489,4.0,9459.177717061471,23.2,3.9,8.0,14.4,32.9,31.3,32.2,25.4,25.5,35.099999999999994,80.4,8,231
2024-08-19,A5,CHANDIGARH,13.0,30.3,25.6,22.865638306682047,88.48422220761489,4.0,9459.177717061471,17.1,23.2,3.9,12.2,29.1,32.9,32.4,25.4,25.4,44.2,83.10000000000001,8,232
2024-08-20,A5,CHANDIGARH,12.6,30.9,24.9,22.865638306682047,88.48422220761489,4.0,9459.177717061471,13.0,17.1,23.2,9.9,30.3,29.1,32.5,25.6,25.4,53.3,83.90000000000002,8,233
2024-08-21,A5,CHANDIGARH,27.8,31.7,25.0,22.865638306682047,88.48422220761489,4.0,9459.177717061471,12.6,13.0,17.1,8.8,30.9,30.3,32.4,24.9,25.6,42.7,86.60000000000001,8,234
2024-08-22,A5,CHANDIGARH,27.4,31.4,25.7,22.865638306682047,88.48422220761489,4.0,9459.177717061471,27.8,12.6,13.0,8.0,31.7,30.9,32.6,25.0,24.9,53.4,105.60000000000002,8,235
2024-08-23,A5,CHANDIGARH,27.2,30.7,24.6,22.865638306682047,88.48422220761489,4.0,9459.177717061471,27.4,27.8,12.6,3.9,31.4,31.7,31.3,25.7,25.0,67.8,125.00000000000001,8,236
2024-08-24,A5,CHANDIGARH,4.1,29.2,25.0,22.865638306682047,88.48422220761489,4.0,9459.177717061471,27.2,27.4,27.8,23.2,30.7,31.4,32.9,24.6,25.7,82.39999999999999,148.3,8,237
2024-08-25,A5,CHANDIGARH,42.3,29.3,24.2,22.865638306682047,88.48422220761489,4.0,9459.177717061471,4.1,27.2,27.4,17.1,29.2,30.7,29.1,25.0,24.6,58.699999999999996,129.20000000000002,8,238
2024-08-26,A5,CHANDIGARH,47.2,29.3,24.4,22.865638306682047,88.48422220761489,4.0,9459.177717061471,42.3,4.1,27.2,13.0,29.3,29.2,30.3,24.2,25.0,73.6,154.4,8,239
2024-08-27,A5,CHANDIGARH,22.6,30.1,24.7,22.865638306682047,88.48422220761489,4.0,9459.177717061471,47.2,42.3,4.1,12.6,29.3,29.3,30.9,24.4,24.2,93.6,188.60000000000002,8,240
2024-08-28,A5,CHANDIGARH,5.3,31.9,24.9,22.865638306682047,88.48422220761489,4.0,9459.177717061471,22.6,47.2,42.3,27.8,30.1,29.3,31.7,24.7,24.4,112.1,198.60000000000002,8,241
2024-08-29,A5,CHANDIGARH,4.4,32.4,25.5,22.865638306682047,88.48422220761489,4.0,9459.177717061471,5.3,22.6,47.2,27.4,31.9,30.1,31.4,24.9,24.7,75.10000000000001,176.1,8,242
2024-08-30,A5,CHANDIGARH,0.5,32.7,25.3,22.865638306682047,88.48422220761489,4.0,9459.177717061471,4.4,5.3,22.6,27.2,32.4,31.9,30.7,25.5,24.9,32.300000000000004,153.1,8,243
2024-08-31,A5,CHANDIGARH,3.3,32.3,26.2,22.865638306682047,88.48422220761489,4.0,9459.177717061471,0.5,4.4,5.3,4.1,32.7,32.4,29.2,25.3,25.5,10.2,126.4,8,244
2024-09-01,A5,CHANDIGARH,8.7,30.7,26.2,22.865638306682047,88.48422220761489,4.0,9459.177717061471,3.3,0.5,4.4,42.3,32.3,32.7,29.3,26.2,25.3,8.2,125.60000000000002,9,245
2024-09-02,A5,CHANDIGARH,3.7,32.3,25.5,22.865638306682047,88.48422220761489,4.0,9459.177717061471,8.7,3.3,0.5,47.2,30.7,32.3,29.3,26.2,26.2,12.499999999999998,92.00000000000001,9,246
2024-09-03,A5,CHANDIGARH,7.3,31.8,25.4,22.865638306682047,88.48422220761489,4.0,9459.177717061471,3.7,8.7,3.3,22.6,32.3,30.7,30.1,25.5,26.2,15.7,48.500000000000014,9,247
2024-09-04,A5,CHANDIGARH,6.3,31.4,25.9,22.865638306682047,88.48422220761489,4.0,9459.177717061471,7.3,3.7,8.7,5.3,31.8,32.3,31.9,25.4,25.5,19.699999999999996,33.20000000000002,9,248
2024-09-05,A5,CHANDIGARH,1.8,32.4,25.4,22.865638306682047,88.48422220761489,4.0,9459.177717061471,6.3,7.3,3.7,4.4,31.4,31.8,32.4,25.9,25.4,17.299999999999997,34.20000000000001,9,249
2024-09-06,A5,CHANDIGARH,0.4,33.1,26.0,22.865638306682047,88.48422220761489,4.0,9459.177717061471,1.8,6.3,7.3,0.5,32.4,31.4,32.7,25.4,25.9,15.399999999999999,31.600000000000016,9,250
2024-09-07,A5,CHANDIGARH,18.8,33.7,25.6,22.865638306682047,88.48422220761489,4.0,9459.177717061471,0.4,1.8,6.3,3.3,33.1,32.4,32.3,26.0,25.4,8.499999999999998,31.500000000000014,9,251
2024-09-08,A5,CHANDIGARH,6.7,32.3,26.3,22.865638306682047,88.48422220761489,4.0,9459.177717061471,18.8,0.4,1.8,8.7,33.7,33.1,30.7,25.6,26.0,21.0,47.000000000000014,9,252
2024-09-09,A5,CHANDIGARH,5.3,32.1,26.5,22.865638306682047,88.48422220761489,4.0,9459.177717061471,6.7,18.8,0.4,3.7,32.3,33.7,32.3,26.3,25.6,25.9,45.000000000000014,9,253
2024-09-10,A5,CHANDIGARH,6.2,31.7,25.9,22.865638306682047,88.48422220761489,4.0,9459.177717061471,5.3,6.7,18.8,7.3,32.1,32.3,31.8,26.5,26.3,30.8,46.600000000000016,9,254
2024-09-11,A5,CHANDIGARH,8.5,32.3,26.0,22.865638306682047,88.48422220761489,4.0,9459.177717061471,6.2,5.3,6.7,6.3,31.7,32.1,31.4,25.9,26.5,18.2,45.500000000000014,9,255
2024-09-12,A5,CHANDIGARH,16.9,31.9,26.3,22.865638306682047,88.48422220761489,4.0,9459.177717061471,8.5,6.2,5.3,1.8,32.3,31.7,32.4,26.0,25.9,20.0,47.70000000000002,9,256
2024-09-13,A5,CHANDIGARH,30.8,32.2,25.7,22.865638306682047,88.48422220761489,4.0,9459.177717061471,16.9,8.5,6.2,0.4,31.9,32.3,33.1,26.3,26.0,31.599999999999998,62.80000000000001,9,257
2024-09-14,A5,CHANDIGARH,58.3,27.5,25.3,22.865638306682047,88.48422220761489,4.0,9459.177717061471,30.8,16.9,8.5,18.8,32.2,31.9,33.7,25.7,26.3,56.2,93.20000000000002,9,258
2024-09-15,A5,CHANDIGARH,19.1,28.3,24.9,22.865638306682047,88.48422220761489,4.0,9459.177717061471,58.3,30.8,16.9,6.7,27.5,32.2,32.3,25.3,25.7,106.0,132.7,9,259
2024-09-16,A5,CHANDIGARH,18.1,27.8,25.2,22.865638306682047,88.48422220761489,4.0,9459.177717061471,19.1,58.3,30.8,5.3,28.3,27.5,32.1,24.9,25.3,108.19999999999999,145.10000000000002,9,260
2024-09-17,A5,CHANDIGARH,0.3,32.2,25.6,22.865638306682047,88.48422220761489,4.0,9459.177717061471,18.1,19.1,58.3,6.2,27.8,28.3,31.7,25.2,24.9,95.5,157.9,9,261
2024-09-18,A5,CHANDIGARH,0.0,33.0,24.4,22.865638306682047,88.48422220761489,4.0,9459.177717061471,0.3,18.1,19.1,8.5,32.2,27.8,32.3,25.6,25.2,37.5,152.00000000000003,9,262
2024-09-19,A5,CHANDIGARH,3.7,32.8,25.9,22.865638306682047,88.48422220761489,4.0,9459.177717061471,0.0,0.3,18.1,16.9,33.0,32.2,31.9,24.4,25.6,18.400000000000002,143.50000000000003,9,263
2024-09-20,A5,CHANDIGARH,0.0,33.9,26.5,22.865638306682047,88.48422220761489,4.0,9459.177717061471,3.7,0.0,0.3,30.8,32.8,33.0,32.2,25.9,24.4,4.0,130.3,9,264
2024-09-21,A5,CHANDIGARH,6.4,33.4,26.3,22.865638306682047,88.48422220761489,4.0,9459.177717061471,0.0,3.7,0.0,58.3,33.9,32.8,27.5,26.5,25.9,3.7,99.50000000000001,9,265
2024-09-22,A5,CHANDIGARH,0.0,34.1,27.0,22.865638306682047,88.48422220761489,4.0,9459.177717061471,6.4,0.0,3.7,19.1,33.4,33.9,28.3,26.3,26.5,10.100000000000001,47.600000000000016,9,266
2024-09-23,A5,CHANDIGARH,6.3,34.1,26.3,22.865638306682047,88.48422220761489,4.0,9459.177717061471,0.0,6.4,0.0,18.1,34.1,33.4,27.8,27.0,26.3,6.4,28.500000000000014,9,267
2024-09-24,A5,CHANDIGARH,10.1,30.8,26.4,22.865638306682047,88.48422220761489,4.0,9459.177717061471,6.3,0.0,6.4,0.3,34.1,34.1,32.2,26.3,27.0,12.7,16.700000000000014,9,268
2024-09-25,A5,CHANDIGARH,24.6,28.9,24.4,22.865638306682047,88.48422220761489,4.0,9459.177717061471,10.1,6.3,0.0,0.0,30.8,34.1,33.0,26.4,26.3,16.4,26.500000000000014,9,269
2024-09-26,A5,CHANDIGARH,30.9,28.3,24.3,22.865638306682047,88.48422220761489,4.0,9459.177717061471,24.6,10.1,6.3,3.7,28.9,30.8,32.8,24.4,26.4,41.0,51.100000000000016,9,270
2024-09-27,A5,CHANDIGARH,11.6,30.5,24.7,22.865638306682047,88.48422220761489,4.0,9459.177717061471,30.9,24.6,10.1,0.0,28.3,28.9,33.9,24.3,24.4,65.6,78.30000000000001,9,271
2024-09-28,A5,CHANDIGARH,6.3,31.3,24.8,22.865638306682047,88.48422220761489,4.0,9459.177717061471,11.6,30.9,24.6,6.4,30.5,28.3,33.4,24.7,24.3,67.1,89.90000000000002,9,272
2024-09-29,A5,CHANDIGARH,3.9,32.4,26.3,22.865638306682047,88.48422220761489,4.0,9459.177717061471,6.3,11.6,30.9,0.0,31.3,30.5,34.1,24.8,24.7,48.8,89.80000000000001,9,273
2024-09-30,A5,CHANDIGARH,0.8,33.2,25.8,22.865638306682047,88.48422220761489,4.0,9459.177717061471,3.9,6.3,11.6,6.3,32.4,31.3,34.1,26.3,24.8,21.8,93.70000000000002,9,274
2024-10-01,A5,CHANDIGARH,11.8,33.7,26.6,22.865638306682047,88.48422220761489,4.0,9459.177717061471,0.8,3.9,6.3,10.1,33.2,32.4,30.8,25.8,26.3,11.0,88.20000000000002,10,275
2024-10-02,A5,CHANDIGARH,6.2,31.9,24.7,22.865638306682047,88.48422220761489,4.0,9459.177717061471,11.8,0.8,3.9,24.6,33.7,33.2,28.9,26.6,25.8,16.5,89.90000000000002,10,276
2024-10-03,A5,CHANDIGARH,32.5,30.9,25.9,22.865638306682047,88.48422220761489,4.0,9459.177717061471,6.2,11.8,0.8,30.9,31.9,33.7,28.3,24.7,26.6,18.8,71.50000000000001,10,277
2024-10-04,A5,CHANDIGARH,23.2,30.0,24.9,22.865638306682047,88.48422220761489,4.0,9459.177717061471,32.5,6.2,11.8,11.6,30.9,31.9,30.5,25.9,24.7,50.5,73.10000000000002,10,278
2024-10-05,A5,CHANDIGARH,21.8,30.2,24.7,22.865638306682047,88.48422220761489,4.0,9459.177717061471,23.2,32.5,6.2,6.3,30.0,30.9,31.3,24.9,25.9,61.900000000000006,84.70000000000002,10,279
2024-10-06,A5,CHANDIGARH,3.7,30.3,24.5,22.865638306682047,88.48422220761489,4.0,9459.177717061471,21.8,23.2,32.5,3.9,30.2,30.0,32.4,24.7,24.9,77.5,100.20000000000002,10,280
2024-10-07,A5,CHANDIGARH,11.7,31.0,24.0,22.865638306682047,88.48422220761489,4.0,9459.177717061471,3.7,21.8,23.2,0.8,30.3,30.2,33.2,24.5,24.7,48.7,100.00000000000001,10,281
2024-10-08,A5,CHANDIGARH,10.4,30.2,25.1,22.865638306682047,88.48422220761489,4.0,9459.177717061471,11.7,3.7,21.8,11.8,31.0,30.3,33.7,24.0,24.5,37.2,110.9,10,282
2024-10-09,A5,CHANDIGARH,9.7,30.3,24.6,22.865638306682047,88.48422220761489,4.0,9459.177717061471,10.4,11.7,3.7,6.2,30.2,31.0,31.9,25.1,24.0,25.799999999999997,109.50000000000001,10,283
2024-10-10,A5,CHANDIGARH,8.2,30.6,24.5,22.865638306682047,88.48422220761489,4.0,9459.177717061471,9.7,10.4,11.7,32.5,30.3,30.2,30.9,24.6,25.1,31.799999999999997,113.00000000000001,10,284
2024-10-11,A5,CHANDIGARH,5.2,31.9,25.1,22.865638306682047,88.48422220761489,4.0,9459.177717061471,8.2,9.7,10.4,23.2,30.6,30.3,30.0,24.5,24.6,28.299999999999997,88.70000000000002,10,285
2024-10-12,A5,CHANDIGARH,4.3,31.7,24.4,22.865638306682047,88.48422220761489,4.0,9459.177717061471,5.2,8.2,9.7,21.8,31.9,30.6,30.2,25.1,24.5,23.1,70.7,10,286
2024-10-13,A5,CHANDIGARH,1.6,31.9,24.5,22.865638306682047,88.48422220761489,4.0,9459.177717061471,4.3,5.2,8.2,3.7,31.7,31.9,30.3,24.4,25.1,17.7,53.20000000000001,10,287
2024-10-14,A5,CHANDIGARH,0.0,32.1,23.8,22.865638306682047,88.48422220761489,4.0,9459.177717061471,1.6,4.3,5.2,11.7,31.9,31.7,31.0,24.5,24.4,11.1,51.10000000000001,10,288
2024-10-15,A5,CHANDIGARH,9.0,31.4,24.4,22.865638306682047,88.48422220761489,4.0,9459.177717061471,0.0,1.6,4.3,10.4,32.1,31.9,30.2,23.8,24.5,5.9,39.40000000000001,10,289
2024-10-16,A5,CHANDIGARH,0.0,31.3,23.9,22.865638306682047,88.48422220761489,4.0,9459.177717061471,9.0,0.0,1.6,9.7,31.4,32.1,30.3,24.4,23.8,10.600000000000001,38.000000000000014,10,290
2024-10-17,A5,CHANDIGARH,8.7,31.1,23.8,22.865638306682047,88.48422220761489,4.0,9459.177717061471,0.0,9.0,0.0,8.2,31.3,31.4,30.6,23.9,24.4,9.000000000000002,28.30000000000001,10,291
2024-10-18,A5,CHANDIGARH,5.2,29.5,23.4,22.865638306682047,88.48422220761489,4.0,9459.177717061471,8.7,0.0,9.0,5.2,31.1,31.3,31.9,23.8,23.9,17.700000000000003,28.800000000000015,10,292
2024-10-19,A5,CHANDIGARH,7.2,30.2,23.4,22.865638306682047,88.48422220761489,4.0,9459.177717061471,5.2,8.7,0.0,4.3,29.5,31.1,31.7,23.4,23.8,13.900000000000002,28.80000000000001,10,293
2024-10-20,A5,CHANDIGARH,0.0,30.5,23.7,22.865638306682047,88.48422220761489,4.0,9459.177717061471,7.2,5.2,8.7,1.6,30.2,29.5,31.9,23.4,23.4,21.1,31.700000000000017,10,294
2024-10-21,A5,CHANDIGARH,0.0,30.5,24.0,22.865638306682047,88.48422220761489,4.0,9459.177717061471,0.0,7.2,5.2,0.0,30.5,30.2,32.1,23.7,23.4,12.400000000000002,30.100000000000016,10,295
2024-10-22,A5,CHANDIGARH,0.0,30.9,22.7,22.865638306682047,88.48422220761489,4.0,9459.177717061471,0.0,0.0,7.2,9.0,30.5,30.5,31.4,24.0,23.7,7.200000000000002,30.100000000000016,10,296
2024-10-23,A5,CHANDIGARH,17.8,29.7,24.0,22.865638306682047,88.48422220761489,4.0,9459.177717061471,0.0,0.0,0.0,0.0,30.9,30.5,31.3,22.7,24.0,0.0,21.100000000000016,10,297
2024-10-24,A5,CHANDIGARH,13.7,27.0,24.1,22.865638306682047,88.48422220761489,4.0,9459.177717061471,17.8,0.0,0.0,8.7,29.7,30.9,31.1,24.0,22.7,17.800000000000004,38.90000000000001,10,298
2024-10-25,A5,CHANDIGARH,28.2,26.1,23.5,22.865638306682047,88.48422220761489,4.0,9459.177717061471,13.7,17.8,0.0,5.2,27.0,29.7,29.5,24.1,24.0,31.5,43.90000000000001,10,299
2024-10-26,A5,CHANDIGARH,2.7,31.5,24.4,22.865638306682047,88.48422220761489,4.0,9459.177717061471,28.2,13.7,17.8,7.2,26.1,27.0,30.2,23.5,24.1,59.7,66.9,10,300
2024-10-27,A5,CHANDIGARH,0.2,31.2,23.5,22.865638306682047,88.48422220761489,4.0,9459.177717061471,2.7,28.2,13.7,0.0,31.5,26.1,30.5,24.4,23.5,44.6,62.40000000000001,10,301
2024-10-28,A5,CHANDIGARH,0.3,31.3,23.4,22.865638306682047,88.48422220761489,4.0,9459.177717061471,0.2,2.7,28.2,0.0,31.2,31.5,30.5,23.5,24.4,31.099999999999998,62.600000000000016,10,302
2024-10-29,A5,CHANDIGARH,0.0,31.2,23.6,22.865638306682047,88.48422220761489,4.0,9459.177717061471,0.3,0.2,2.7,0.0,31.3,31.2,30.9,23.4,23.5,3.2,62.90000000000001,10,303
2024-10-30,A5,CHANDIGARH,0.4,30.9,23.6,22.865638306682047,88.48422220761489,4.0,9459.177717061471,0.0,0.3,0.2,17.8,31.2,31.3,29.7,23.6,23.4,0.5,62.90000000000001,10,304
2024-10-31,A5,CHANDIGARH,0.3,31.1,23.8,22.865638306682047,88.48422220761489,4.0,9459.177717061471,0.4,0.0,0.3,13.7,30.9,31.2,27.0,23.6,23.6,0.7,45.50000000000001,10,305
2024-11-01,A5,CHANDIGARH,0.0,32.2,23.1,22.865638306682047,88.48422220761489,4.0,9459.177717061471,0.3,0.4,0.0,28.2,31.1,30.9,26.1,23.8,23.6,0.7,32.10000000000001,11,306
2024-11-02,A5,CHANDIGARH,0.0,31.3,20.9,22.865638306682047,88.48422220761489,4.0,9459.177717061471,0.0,0.3,0.4,2.7,32.2,31.1,31.5,23.1,23.8,0.7,3.900000000000011,11,307
2024-11-03,A5,CHANDIGARH,0.0,30.6,21.0,22.865638306682047,88.48422220761489,4.0,9459.177717061471,0.0,0.0,0.3,0.2,31.3,32.2,31.2,20.9,23.1,0.3,1.2000000000000106,11,308
2024-11-04,A5,CHANDIGARH,0.0,30.4,21.1,22.865638306682047,88.48422220761489,4.0,9459.177717061471,0.0,0.0,0.0,0.3,30.6,31.3,31.3,21.0,20.9,0.0,1.0000000000000107,11,309
2024-11-05,A5,CHANDIGARH,0.5,30.4,21.9,22.865638306682047,88.48422220761489,4.0,9459.177717061471,0.0,0.0,0.0,0.0,30.4,30.6,31.2,21.1,21.0,0.0,0.7000000000000106,11,310
2024-11-06,A5,CHANDIGARH,0.6,29.5,22.0,22.865638306682047,88.48422220761489,4.0,9459.177717061471,0.5,0.0,0.0,0.4,30.4,30.4,30.9,21.9,21.1,0.5,1.2000000000000106,11,311
2024-11-07,A5,CHANDIGARH,0.2,29.9,21.1,22.865638306682047,88.48422220761489,4.0,9459.177717061471,0.6,0.5,0.0,0.3,29.5,30.4,31.1,22.0,21.9,1.1,1.4000000000000106,11,312
2024-11-08,A5,CHANDIGARH,0.0,30.2,21.0,22.865638306682047,88.48422220761489,4.0,9459.177717061471,0.2,0.6,0.5,0.0,29.9,29.5,32.2,21.1,22.0,1.3,1.3000000000000105,11,313
2024-11-09,A5,CHANDIGARH,0.0,29.7,20.9,22.865638306682047,88.48422220761489,4.0,9459.177717061471,0.0,0.2,0.6,0.0,30.2,29.9,31.3,21.0,21.1,0.8,1.3000000000000105,11,314
2024-11-10,A5,CHANDIGARH,0.0,30.1,20.3,22.865638306682047,88.48422220761489,4.0,9459.177717061471,0.0,0.0,0.2,0.0,29.7,30.2,30.6,20.9,21.0,0.2,1.3000000000000105,11,315
2024-11-11,A5,CHANDIGARH,0.0,30.2,20.1,22.865638306682047,88.48422220761489,4.0,9459.177717061471,0.0,0.0,0.0,0.0,30.1,29.7,30.4,20.3,20.9,0.0,1.3000000000000105,11,316
2024-11-12,A5,CHANDIGARH,0.0,30.1,19.8,22.865638306682047,88.48422220761489,4.0,9459.177717061471,0.0,0.0,0.0,0.5,30.2,30.1,30.4,20.1,20.3,0.0,1.3000000000000105,11,317
2024-11-13,A5,CHANDIGARH,0.0,31.4,20.2,22.865638306682047,88.48422220761489,4.0,9459.177717061471,0.0,0.0,0.0,0.6,30.1,30.2,29.5,19.8,20.1,0.0,0.8000000000000105,11,318
2024-11-14,A5,CHANDIGARH,0.0,31.3,20.1,22.865638306682047,88.48422220761489,4.0,9459.177717061471,0.0,0.0,0.0,0.2,31.4,30.1,29.9,20.2,19.8,0.0,0.20000000000001067,11,319
2024-11-15,A5,CHANDIGARH,0.0,31.4,19.0,22.865638306682047,88.48422220761489,4.0,9459.177717061471,0.0,0.0,0.0,0.0,31.3,31.4,30.2,20.1,20.2,0.0,0.0,11,320
2024-11-16,A5,CHANDIGARH,0.0,30.2,18.2,22.865638306682047,88.48422220761489,4.0,9459.177717061471,0.0,0.0,0.0,0.0,31.4,31.3,29.7,19.0,20.1,0.0,0.0,11,321
2024-11-17,A5,CHANDIGARH,0.0,29.5,17.9,22.865638306682047,88.48422220761489,4.0,9459.177717061471,0.0,0.0,0.0,0.0,30.2,31.4,30.1,18.2,19.0,0.0,0.0,11,322
2024-11-18,A5,CHANDIGARH,0.0,29.2,17.7,22.865638306682047,88.48422220761489,4.0,9459.177717061471,0.0,0.0,0.0,0.0,29.5,30.2,30.2,17.9,18.2,0.0,0.0,11,323
2024-11-19,A5,CHANDIGARH,0.0,28.8,17.8,22.865638306682047,88.48422220761489,4.0,9459.177717061471,0.0,0.0,0.0,0.0,29.2,29.5,30.1,17.7,17.9,0.0,0.0,11,324
2024-11-20,A5,CHANDIGARH,0.0,29.6,17.7,22.865638306682047,88.48422220761489,4.0,9459.177717061471,0.0,0.0,0.0,0.0,28.8,29.2,31.4,17.8,17.7,0.0,0.0,11,325
2024-11-21,A5,CHANDIGARH,0.0,29.3,18.5,22.865638306682047,88.48422220761489,4.0,9459.177717061471,0.0,0.0,0.0,0.0,29.6,28.8,31.3,17.7,17.8,0.0,0.0,11,326
2024-11-22,A5,CHANDIGARH,0.0,29.5,18.0,22.865638306682047,88.48422220761489,4.0,9459.177717061471,0.0,0.0,0.0,0.0,29.3,29.6,31.4,18.5,17.7,0.0,0.0,11,327
2024-11-23,A5,CHANDIGARH,0.0,29.3,17.9,22.865638306682047,88.48422220761489,4.0,9459.177717061471,0.0,0.0,0.0,0.0,29.5,29.3,30.2,18.0,18.5,0.0,0.0,11,328
2024-11-24,A5,CHANDIGARH,0.0,29.0,16.6,22.865638306682047,88.48422220761489,4.0,9459.177717061471,0.0,0.0,0.0,0.0,29.3,29.5,29.5,17.9,18.0,0.0,0.0,11,329
2024-11-25,A5,CHANDIGARH,0.0,28.2,16.3,22.865638306682047,88.48422220761489,4.0,9459.177717061471,0.0,0.0,0.0,0.0,29.0,29.3,29.2,16.6,17.9,0.0,0.0,11,330
2024-11-26,A5,CHANDIGARH,0.0,28.2,16.3,22.865638306682047,88.48422220761489,4.0,9459.177717061471,0.0,0.0,0.0,0.0,28.2,29.0,28.8,16.3,16.6,0.0,0.0,11,331
2024-11-27,A5,CHANDIGARH,0.0,28.7,16.5,22.865638306682047,88.48422220761489,4.0,9459.177717061471,0.0,0.0,0.0,0.0,28.2,28.2,29.6,16.3,16.3,0.0,0.0,11,332
2024-11-28,A5,CHANDIGARH,0.0,28.9,17.1,22.865638306682047,88.48422220761489,4.0,9459.177717061471,0.0,0.0,0.0,0.0,28.7,28.2,29.3,16.5,16.3,0.0,0.0,11,333
2024-11-29,A5,CHANDIGARH,0.0,28.1,19.7,22.865638306682047,88.48422220761489,4.0,9459.177717061471,0.0,0.0,0.0,0.0,28.9,28.7,29.5,17.1,16.5,0.0,0.0,11,334
2024-11-30,A5,CHANDIGARH,23.4,23.5,19.0,22.865638306682047,88.48422220761489,4.0,9459.177717061471,0.0,0.0,0.0,0.0,28.1,28.9,29.3,19.7,17.1,0.0,0.0,11,335
2024-12-01,A5,CHANDIGARH,0.0,28.8,18.8,22.865638306682047,88.48422220761489,4.0,9459.177717061471,23.4,0.0,0.0,0.0,23.5,28.1,29.0,19.0,19.7,23.4,23.40000000000001,12,336
2024-12-02,A5,CHANDIGARH,2.4,23.0,19.2,22.865638306682047,88.48422220761489,4.0,9459.177717061471,0.0,23.4,0.0,0.0,28.8,23.5,28.2,18.8,19.0,23.4,23.40000000000001,12,337
2024-12-03,A5,CHANDIGARH,0.0,29.0,18.8,22.865638306682047,88.48422220761489,4.0,9459.177717061471,2.4,0.0,23.4,0.0,23.0,28.8,28.2,19.2,18.8,25.799999999999997,25.800000000000008,12,338
2024-12-04,A5,CHANDIGARH,0.0,28.7,16.6,22.865638306682047,88.48422220761489,4.0,9459.177717061471,0.0,2.4,0.0,0.0,29.0,23.0,28.7,18.8,19.2,2.4,25.800000000000008,12,339
2024-12-05,A5,CHANDIGARH,0.0,29.5,15.9,22.865638306682047,88.48422220761489,4.0,9459.177717061471,0.0,0.0,2.4,0.0,28.7,29.0,28.9,16.6,18.8,2.4,25.800000000000008,12,340
2024-12-06,A5,CHANDIGARH,0.0,27.4,16.0,22.865638306682047,88.48422220761489,4.0,9459.177717061471,0.0,0.0,0.0,0.0,29.5,28.7,28.1,15.9,16.6,0.0,25.800000000000008,12,341
2024-12-07,A5,CHANDIGARH,0.0,26.5,14.5,22.865638306682047,88.48422220761489,4.0,9459.177717061471,0.0,0.0,0.0,23.4,27.4,29.5,23.5,16.0,15.9,0.0,25.800000000000008,12,342
2024-12-08,A5,CHANDIGARH,0.0,26.2,13.5,22.865638306682047,88.48422220761489,4.0,9459.177717061471,0.0,0.0,0.0,0.0,26.5,27.4,28.8,14.5,16.0,0.0,2.4000000000000106,12,343
2024-12-09,A5,CHANDIGARH,0.0,26.3,14.7,22.865638306682047,88.48422220761489,4.0,9459.177717061471,0.0,0.0,0.0,2.4,26.2,26.5,23.0,13.5,14.5,0.0,2.4000000000000106,12,344
2024-12-10,A5,CHANDIGARH,0.0,26.4,16.7,22.865638306682047,88.48422220761489,4.0,9459.177717061471,0.0,0.0,0.0,0.0,26.3,26.2,29.0,14.7,13.5,0.0,0.0,12,345
2024-12-11,A5,CHANDIGARH,0.0,24.5,14.4,22.865638306682047,88.48422220761489,4.0,9459.177717061471,0.0,0.0,0.0,0.0,26.4,26.3,28.7,16.7,14.7,0.0,0.0,12,346
2024-12-12,A5,CHANDIGARH,0.0,24.0,12.3,22.865638306682047,88.48422220761489,4.0,9459.177717061471,0.0,0.0,0.0,0.0,24.5,26.4,29.5,14.4,16.7,0.0,0.0,12,347
2024-12-13,A5,CHANDIGARH,0.0,23.6,11.6,22.865638306682047,88.48422220761489,4.0,9459.177717061471,0.0,0.0,0.0,0.0,24.0,24.5,27.4,12.3,14.4,0.0,0.0,12,348
2024-12-14,A5,CHANDIGARH,0.0,23.3,12.3,22.865638306682047,88.48422220761489,4.0,9459.177717061471,0.0,0.0,0.0,0.0,23.6,24.0,26.5,11.6,12.3,0.0,0.0,12,349
2024-12-15,A5,CHANDIGARH,0.0,24.0,11.0,22.865638306682047,88.48422220761489,4.0,9459.177717061471,0.0,0.0,0.0,0.0,23.3,23.6,26.2,12.3,11.6,0.0,0.0,12,350
2024-12-16,A5,CHANDIGARH,0.0,24.8,12.8,22.865638306682047,88.48422220761489,4.0,9459.177717061471,0.0,0.0,0.0,0.0,24.0,23.3,26.3,11.0,12.3,0.0,0.0,12,351
2024-12-17,A5,CHANDIGARH,0.0,25.9,13.1,22.865638306682047,88.48422220761489,4.0,9459.177717061471,0.0,0.0,0.0,0.0,24.8,24.0,26.4,12.8,11.0,0.0,0.0,12,352
2024-12-18,A5,CHANDIGARH,0.0,26.8,14.3,22.865638306682047,88.48422220761489,4.0,9459.177717061471,0.0,0.0,0.0,0.0,25.9,24.8,24.5,13.1,12.8,0.0,0.0,12,353
2024-12-19,A5,CHANDIGARH,0.0,26.1,14.4,22.865638306682047,88.48422220761489,4.0,9459.177717061471,0.0,0.0,0.0,0.0,26.8,25.9,24.0,14.3,13.1,0.0,0.0,12,354
2024-12-20,A5,CHANDIGARH,0.0,25.9,14.0,22.865638306682047,88.48422220761489,4.0,9459.177717061471,0.0,0.0,0.0,0.0,26.1,26.8,23.6,14.4,14.3,0.0,0.0,12,355
2024-12-21,A5,CHANDIGARH,1.6,20.3,15.5,22.865638306682047,88.48422220761489,4.0,9459.177717061471,0.0,0.0,0.0,0.0,25.9,26.1,23.3,14.0,14.4,0.0,0.0,12,356
2024-12-22,A5,CHANDIGARH,0.0,25.4,15.0,22.865638306682047,88.48422220761489,4.0,9459.177717061471,1.6,0.0,0.0,0.0,20.3,25.9,24.0,15.5,14.0,1.6,1.6000000000000107,12,357
2024-12-23,A5,CHANDIGARH,0.0,26.3,15.1,22.865638306682047,88.48422220761489,4.0,9459.177717061471,0.0,1.6,0.0,0.0,25.4,20.3,24.8,15.0,15.5,1.6,1.6000000000000107,12,358
2024-12-24,A5,CHANDIGARH,0.8,26.0,14.9,22.865638306682047,88.48422220761489,4.0,9459.177717061471,0.0,0.0,1.6,0.0,26.3,25.4,25.9,15.1,15.0,1.6,1.6000000000000107,12,359
2024-12-25,A5,CHANDIGARH,0.0,26.0,16.8,22.865638306682047,88.48422220761489,4.0,9459.177717061471,0.8,0.0,0.0,0.0,26.0,26.3,26.8,14.9,15.1,0.8,2.400000000000011,12,360
2024-12-26,A5,CHANDIGARH,0.0,27.0,16.2,22.865638306682047,88.48422220761489,4.0,9459.177717061471,0.0,0.8,0.0,0.0,26.0,26.0,26.1,16.8,14.9,0.8,2.400000000000011,12,361
2024-12-27,A5,CHANDIGARH,0.0,26.7,15.0,22.865638306682047,88.48422220761489,4.0,9459.177717061471,0.0,0.0,0.8,0.0,27.0,26.0,25.9,16.2,16.8,0.8,2.400000000000011,12,362
2024-12-28,A5,CHANDIGARH,0.0,26.0,14.0,22.865638306682047,88.48422220761489,4.0,9459.177717061471,0.0,0.0,0.0,1.6,26.7,27.0,20.3,15.0,16.2,0.0,2.400000000000011,12,363
2024-12-29,A5,CHANDIGARH,0.0,26.8,15.4,22.865638306682047,88.48422220761489,4.0,9459.177717061471,0.0,0.0,0.0,0.0,26.0,26.7,25.4,14.0,15.0,0.0,0.8000000000000107,12,364
2024-12-30,A5,CHANDIGARH,0.0,26.1,16.6,22.865638306682047,88.48422220761489,4.0,9459.177717061471,0.0,0.0,0.0,0.0,26.8,26.0,26.3,15.4,14.0,0.0,0.8000000000000107,12,365
2024-12-31,A5,CHANDIGARH,0.0,23.8,15.2,22.865638306682047,88.48422220761489,4.0,9459.177717061471,0.0,0.0,0.0,0.8,26.1,26.8,26.0,16.6,15.4,0.0,0.8000000000000107,12,366
2025-01-01,A5,CHANDIGARH,0.0,22.8,12.8,22.865638306682047,88.48422220761489,4.0,9459.177717061471,0.0,0.0,0.0,0.0,23.8,26.1,26.0,15.2,16.6,0.0,0.0,1,1
2025-01-02,A5,CHANDIGARH,0.0,22.1,12.1,22.865638306682047,88.48422220761489,4.0,9459.177717061471,0.0,0.0,0.0,0.0,22.8,23.8,27.0,12.8,15.2,0.0,0.0,1,2
2025-01-03,A5,CHANDIGARH,0.0,22.2,11.1,22.865638306682047,88.48422220761489,4.0,9459.177717061471,0.0,0.0,0.0,0.0,22.1,22.8,26.7,12.1,12.8,0.0,0.0,1,3
2025-01-04,A5,CHANDIGARH,0.0,23.7,13.0,22.865638306682047,88.48422220761489,4.0,9459.177717061471,0.0,0.0,0.0,0.0,22.2,22.1,26.0,11.1,12.1,0.0,0.0,1,4
2025-01-05,A5,CHANDIGARH,0.0,24.2,13.8,22.865638306682047,88.48422220761489,4.0,9459.177717061471,0.0,0.0,0.0,0.0,23.7,22.2,26.8,13.0,11.1,0.0,0.0,1,5
2025-01-06,A5,CHANDIGARH,0.0,24.4,12.7,22.865638306682047,88.48422220761489,4.0,9459.177717061471,0.0,0.0,0.0,0.0,24.2,23.7,26.1,13.8,13.0,0.0,0.0,1,6
2025-01-07,A5,CHANDIGARH,0.0,25.7,14.2,22.865638306682047,88.48422220761489,4.0,9459.177717061471,0.0,0.0,0.0,0.0,24.4,24.2,23.8,12.7,13.8,0.0,0.0,1,7
2025-01-08,A5,CHANDIGARH,0.0,22.2,13.5,22.865638306682047,88.48422220761489,4.0,9459.177717061471,0.0,0.0,0.0,0.0,25.7,24.4,22.8,14.2,12.7,0.0,0.0,1,8
2025-01-09,A5,CHANDIGARH,0.0,21.9,12.0,22.865638306682047,88.48422220761489,4.0,9459.177717061471,0.0,0.0,0.0,0.0,22.2,25.7,22.1,13.5,14.2,0.0,0.0,1,9
2025-01-10,A5,CHANDIGARH,0.0,22.6,12.0,22.865638306682047,88.48422220761489,4.0,9459.177717061471,0.0,0.0,0.0,0.0,21.9,22.2,22.2,12.0,13.5,0.0,0.0,1,10
2025-01-11,A5,CHANDIGARH,0.0,23.3,11.4,22.865638306682047,88.48422220761489,4.0,9459.177717061471,0.0,0.0,0.0,0.0,22.6,21.9,23.7,12.0,12.0,0.0,0.0,1,11
2025-01-12,A5,CHANDIGARH,0.0,24.5,12.7,22.865638306682047,88.48422220761489,4.0,9459.177717061471,0.0,0.0,0.0,0.0,23.3,22.6,24.2,11.4,12.0,0.0,0.0,1,12
2025-01-13,A5,CHANDIGARH,0.0,26.2,13.6,22.865638306682047,88.48422220761489,4.0,9459.177717061471,0.0,0.0,0.0,0.0,24.5,23.3,24.4,12.7,11.4,0.0,0.0,1,13
2025-01-14,A5,CHANDIGARH,0.0,25.0,15.2,22.865638306682047,88.48422220761489,4.0,9459.177717061471,0.0,0.0,0.0,0.0,26.2,24.5,25.7,13.6,12.7,0.0,0.0,1,14
2025-01-15,A5,CHANDIGARH,0.0,24.1,14.0,22.865638306682047,88.48422220761489,4.0,9459.177717061471,0.0,0.0,0.0,0.0,25.0,26.2,22.2,15.2,13.6,0.0,0.0,1,15
2025-01-16,A5,CHANDIGARH,0.0,24.3,13.2,22.865638306682047,88.48422220761489,4.0,9459.177717061471,0.0,0.0,0.0,0.0,24.1,25.0,21.9,14.0,15.2,0.0,0.0,1,16
2025-01-17,A5,CHANDIGARH,0.0,24.4,14.0,22.865638306682047,88.48422220761489,4.0,9459.177717061471,0.0,0.0,0.0,0.0,24.3,24.1,22.6,13.2,14.0,0.0,0.0,1,17
2025-01-18,A5,CHANDIGARH,0.0,24.3,13.9,22.865638306682047,88.48422220761489,4.0,9459.177717061471,0.0,0.0,0.0,0.0,24.4,24.3,23.3,14.0,13.2,0.0,0.0,1,18
2025-01-19,A5,CHANDIGARH,0.0,24.1,13.3,22.865638306682047,88.48422220761489,4.0,9459.177717061471,0.0,0.0,0.0,0.0,24.3,24.4,24.5,13.9,14.0,0.0,0.0,1,19
2025-01-20,A5,CHANDIGARH,0.0,23.5,12.3,22.865638306682047,88.48422220761489,4.0,9459.177717061471,0.0,0.0,0.0,0.0,24.1,24.3,26.2,13.3,13.9,0.0,0.0,1,20
2025-01-21,A5,CHANDIGARH,0.0,25.0,12.8,22.865638306682047,88.48422220761489,4.0,9459.177717061471,0.0,0.0,0.0,0.0,23.5,24.1,25.0,12.3,13.3,0.0,0.0,1,21
2025-01-22,A5,CHANDIGARH,0.0,26.0,13.9,22.865638306682047,88.48422220761489,4.0,9459.177717061471,0.0,0.0,0.0,0.0,25.0,23.5,24.1,12.8,12.3,0.0,0.0,1,22
2025-01-23,A5,CHANDIGARH,0.0,27.6,13.5,22.865638306682047,88.48422220761489,4.0,9459.177717061471,0.0,0.0,0.0,0.0,26.0,25.0,24.3,13.9,12.8,0.0,0.0,1,23
2025-01-24,A5,CHANDIGARH,0.0,27.6,14.6,22.865638306682047,88.48422220761489,4.0,9459.177717061471,0.0,0.0,0.0,0.0,27.6,26.0,24.4,13.5,13.9,0.0,0.0,1,24
2025-01-25,A5,CHANDIGARH,0.1,25.2,16.1,22.865638306682047,88.48422220761489,4.0,9459.177717061471,0.0,0.0,0.0,0.0,27.6,27.6,24.3,14.6,13.5,0.0,0.0,1,25
2025-01-26,A5,CHANDIGARH,0.0,24.0,13.1,22.865638306682047,88.48422220761489,4.0,9459.177717061471,0.1,0.0,0.0,0.0,25.2,27.6,24.1,16.1,14.6,0.1,0.10000000000001066,1,26
2025-01-27,A5,CHANDIGARH,0.0,23.8,12.8,22.865638306682047,88.48422220761489,4.0,9459.177717061471,0.0,0.1,0.0,0.0,24.0,25.2,23.5,13.1,16.1,0.1,0.10000000000001066,1,27
2025-01-28,A5,CHANDIGARH,0.0,25.4,12.7,22.865638306682047,88.48422220761489,4.0,9459.177717061471,0.0,0.0,0.1,0.0,23.8,24.0,25.0,12.8,13.1,0.1,0.10000000000001066,1,28
2025-01-29,A5,CHANDIGARH,0.4,26.9,14.3,22.865638306682047,88.48422220761489,4.0,9459.177717061471,0.0,0.0,0.0,0.0,25.4,23.8,26.0,12.7,12.8,0.0,0.10000000000001066,1,29
2025-01-30,A5,CHANDIGARH,0.2,28.9,18.0,22.865638306682047,88.48422220761489,4.0,9459.177717061471,0.4,0.0,0.0,0.0,26.9,25.4,27.6,14.3,12.7,0.4,0.5000000000000107,1,30
2025-01-31,A5,CHANDIGARH,0.0,28.9,19.1,22.865638306682047,88.48422220761489,4.0,9459.177717061471,0.2,0.4,0.0,0.0,28.9,26.9,27.6,18.0,14.3,0.6000000000000001,0.7000000000000106,1,31
2025-02-01,A5,CHANDIGARH,0.5,28.6,20.0,22.865638306682047,88.48422220761489,4.0,9459.177717061471,0.0,0.2,0.4,0.1,28.9,28.9,25.2,19.1,18.0,0.6000000000000001,0.7000000000000106,2,32
2025-02-02,A5,CHANDIGARH,0.0,28.5,20.3,22.865638306682047,88.48422220761489,4.0,9459.177717061471,0.5,0.0,0.2,0.0,28.6,28.9,24.0,20.0,19.1,0.7,1.1000000000000107,2,33
2025-02-03,A5,CHANDIGARH,0.0,28.4,19.0,22.865638306682047,88.48422220761489,4.0,9459.177717061471,0.0,0.5,0.0,0.0,28.5,28.6,23.8,20.3,20.0,0.5,1.1000000000000107,2,34
2025-02-04,A5,CHANDIGARH,0.0,26.8,16.7,22.865638306682047,88.48422220761489,4.0,9459.177717061471,0.0,0.0,0.5,0.0,28.4,28.5,25.4,19.0,20.3,0.5,1.1000000000000107,2,35
2025-02-05,A5,CHANDIGARH,0.0,28.7,16.0,22.865638306682047,88.48422220761489,4.0,9459.177717061471,0.0,0.0,0.0,0.4,26.8,28.4,26.9,16.7,19.0,0.0,1.1000000000000107,2,36
2025-02-06,A5,CHANDIGARH,0.0,28.4,18.6,22.865638306682047,88.48422220761489,4.0,9459.177717061471,0.0,0.0,0.0,0.2,28.7,26.8,28.9,16.0,16.7,0.0,0.7000000000000106,2,37
2025-02-07,A5,CHANDIGARH,0.0,25.2,14.5,22.865638306682047,88.48422220761489,4.0,9459.177717061471,0.0,0.0,0.0,0.0,28.4,28.7,28.9,18.6,16.0,0.0,0.5000000000000107,2,38
2025-02-08,A5,CHANDIGARH,0.0,25.1,13.3,22.865638306682047,88.48422220761489,4.0,9459.177717061471,0.0,0.0,0.0,0.5,25.2,28.4,28.6,14.5,18.6,0.0,0.5000000000000107,2,39
2025-02-09,A5,CHANDIGARH,0.0,25.6,13.3,22.865638306682047,88.48422220761489,4.0,9459.177717061471,0.0,0.0,0.0,0.0,25.1,25.2,28.5,13.3,14.5,0.0,0.0,2,40
2025-02-10,A5,CHANDIGARH,0.0,28.8,14.5,22.865638306682047,88.48422220761489,4.0,9459.177717061471,0.0,0.0,0.0,0.0,25.6,25.1,28.4,13.3,13.3,0.0,0.0,2,41
2025-02-11,A5,CHANDIGARH,0.0,29.5,18.6,22.865638306682047,88.48422220761489,4.0,9459.177717061471,0.0,0.0,0.0,0.0,28.8,25.6,26.8,14.5,13.3,0.0,0.0,2,42
2025-02-12,A5,CHANDIGARH,0.0,29.7,19.3,22.865638306682047,88.48422220761489,4.0,9459.177717061471,0.0,0.0,0.0,0.0,29.5,28.8,28.7,18.6,14.5,0.0,0.0,2,43
2025-02-13,A5,CHANDIGARH,0.0,29.7,20.1,22.865638306682047,88.48422220761489,4.0,9459.177717061471,0.0,0.0,0.0,0.0,29.7,29.5,28.4,19.3,18.6,0.0,0.0,2,44
2025-02-14,A5,CHANDIGARH,0.0,27.4,15.6,22.865638306682047,88.48422220761489,4.0,9459.177717061471,0.0,0.0,0.0,0.0,29.7,29.7,25.2,20.1,19.3,0.0,0.0,2,45
2025-02-15,A5,CHANDIGARH,0.0,28.5,15.8,22.865638306682047,88.48422220761489,4.0,9459.177717061471,0.0,0.0,0.0,0.0,27.4,29.7,25.1,15.6,20.1,0.0,0.0,2,46
2025-02-16,A5,CHANDIGARH,0.0,30.5,16.4,22.865638306682047,88.48422220761489,4.0,9459.177717061471,0.0,0.0,0.0,0.0,28.5,27.4,25.6,15.8,15.6,0.0,0.0,2,47
2025-02-17,A5,CHANDIGARH,0.1,31.1,18.3,22.865638306682047,88.48422220761489,4.0,9459.177717061471,0.0,0.0,0.0,0.0,30.5,28.5,28.8,16.4,15.8,0.0,0.0,2,48
2025-02-18,A5,CHANDIGARH,2.5,29.7,18.5,22.865638306682047,88.48422220761489,4.0,9459.177717061471,0.1,0.0,0.0,0.0,31.1,30.5,29.5,18.3,16.4,0.1,0.10000000000001066,2,49
2025-02-19,A5,CHANDIGARH,12.6,28.2,18.7,22.865638306682047,88.48422220761489,4.0,9459.177717061471,2.5,0.1,0.0,0.0,29.7,31.1,29.7,18.5,18.3,2.6,2.6000000000000107,2,50
2025-02-20,A5,CHANDIGARH,7.7,27.1,18.8,22.865638306682047,88.48422220761489,4.0,9459.177717061471,12.6,2.5,0.1,0.0,28.2,29.7,29.7,18.7,18.5,15.2,15.20000000000001,2,51
2025-02-21,A5,CHANDIGARH,0.0,28.8,17.5,22.865638306682047,88.48422220761489,4.0,9459.177717061471,7.7,12.6,2.5,0.0,27.1,28.2,27.4,18.8,18.7,22.8,22.90000000000001,2,52
2025-02-22,A5,CHANDIGARH,11.8,28.8,19.2,22.865638306682047,88.48422220761489,4.0,9459.177717061471,0.0,7.7,12.6,0.0,28.8,27.1,28.5,17.5,18.8,20.3,22.90000000000001,2,53
2025-02-23,A5,CHANDIGARH,5.7,28.1,18.0,22.865638306682047,88.48422220761489,4.0,9459.177717061471,11.8,0.0,7.7,0.0,28.8,28.8,30.5,19.2,17.5,19.5,34.70000000000001,2,54
2025-02-24,A5,CHANDIGARH,0.0,28.8,17.6,22.865638306682047,88.48422220761489,4.0,9459.177717061471,5.7,11.8,0.0,0.1,28.1,28.8,31.1,18.0,19.2,17.500000000000004,40.40000000000001,2,55
2025-02-25,A5,CHANDIGARH,0.0,29.0,18.3,22.865638306682047,88.48422220761489,4.0,9459.177717061471,0.0,5.7,11.8,2.5,28.8,28.1,29.7,17.6,18.0,17.500000000000004,40.30000000000001,2,56
2025-02-26,A5,CHANDIGARH,0.0,29.1,17.9,22.865638306682047,88.48422220761489,4.0,9459.177717061471,0.0,0.0,5.7,12.6,29.0,28.8,28.2,18.3,17.6,5.700000000000002,37.80000000000001,2,57
2025-02-27,A5,CHANDIGARH,0.0,29.7,17.8,22.865638306682047,88.48422220761489,4.0,9459.177717061471,0.0,0.0,0.0,7.7,29.1,29.0,27.1,17.9,18.3,0.0,25.20000000000001,2,58
2025-02-28,A5,CHANDIGARH,0.0,30.4,19.5,22.865638306682047,88.48422220761489,4.0,9459.177717061471,0.0,0.0,0.0,0.0,29.7,29.1,28.8,17.8,17.9,0.0,17.50000000000001,2,59
2025-03-01,A5,CHANDIGARH,0.0,32.9,20.0,22.865638306682047,88.48422220761489,4.0,9459.177717061471,0.0,0.0,0.0,11.8,30.4,29.7,28.8,19.5,17.8,0.0,17.50000000000001,3,60
2025-03-02,A5,CHANDIGARH,0.0,33.0,20.9,22.865638306682047,88.48422220761489,4.0,9459.177717061471,0.0,0.0,0.0,5.7,32.9,30.4,28.1,20.0,19.5,0.0,5.700000000000011,3,61
2025-03-03,A5,CHANDIGARH,0.0,31.7,20.6,22.865638306682047,88.48422220761489,4.0,9459.177717061471,0.0,0.0,0.0,0.0,33.0,32.9,28.8,20.9,20.0,0.0,0.0,3,62
2025-03-04,A5,CHANDIGARH,0.0,30.6,20.4,22.865638306682047,88.48422220761489,4.0,9459.177717061471,0.0,0.0,0.0,0.0,31.7,33.0,29.0,20.6,20.9,0.0,0.0,3,63
2025-03-05,A5,CHANDIGARH,0.0,30.7,19.8,22.865638306682047,88.48422220761489,4.0,9459.177717061471,0.0,0.0,0.0,0.0,30.6,31.7,29.1,20.4,20.6,0.0,0.0,3,64
2025-03-06,A5,CHANDIGARH,0.0,27.1,17.0,22.865638306682047,88.48422220761489,4.0,9459.177717061471,0.0,0.0,0.0,0.0,30.7,30.6,29.7,19.8,20.4,0.0,0.0,3,65
2025-03-07,A5,CHANDIGARH,0.0,29.1,15.8,22.865638306682047,88.48422220761489,4.0,9459.177717061471,0.0,0.0,0.0,0.0,27.1,30.7,30.4,17.0,19.8,0.0,0.0,3,66
2025-03-08,A5,CHANDIGARH,0.0,31.4,17.7,22.865638306682047,88.48422220761489,4.0,9459.177717061471,0.0,0.0,0.0,0.0,29.1,27.1,32.9,15.8,17.0,0.0,0.0,3,67
2025-03-09,A5,CHANDIGARH,0.0,31.3,18.8,22.865638306682047,88.48422220761489,4.0,9459.177717061471,0.0,0.0,0.0,0.0,31.4,29.1,33.0,17.7,15.8,0.0,0.0,3,68
2025-03-10,A5,CHANDIGARH,0.0,32.2,19.7,22.865638306682047,88.48422220761489,4.0,9459.177717061471,0.0,0.0,0.0,0.0,31.3,31.4,31.7,18.8,17.7,0.0,0.0,3,69
2025-03-11,A5,CHANDIGARH,0.0,32.9,20.6,22.865638306682047,88.48422220761489,4.0,9459.177717061471,0.0,0.0,0.0,0.0,32.2,31.3,30.6,19.7,18.8,0.0,0.0,3,70
2025-03-12,A5,CHANDIGARH,0.0,34.0,20.4,22.865638306682047,88.48422220761489,4.0,9459.177717061471,0.0,0.0,0.0,0.0,32.9,32.2,30.7,20.6,19.7,0.0,0.0,3,71
2025-03-13,A5,CHANDIGARH,0.0,35.4,22.4,22.865638306682047,88.48422220761489,4.0,9459.177717061471,0.0,0.0,0.0,0.0,34.0,32.9,27.1,20.4,20.6,0.0,0.0,3,72
2025-03-14,A5,CHANDIGARH,0.0,35.9,22.8,22.865638306682047,88.48422220761489,4.0,9459.177717061471,0.0,0.0,0.0,0.0,35.4,34.0,29.1,22.4,20.4,0.0,0.0,3,73
2025-03-15,A5,CHANDIGARH,0.1,34.9,23.5,22.865638306682047,88.48422220761489,4.0,9459.177717061471,0.0,0.0,0.0,0.0,35.9,35.4,31.4,22.8,22.4,0.0,0.0,3,74
2025-03-16,A5,CHANDIGARH,6.1,38.0,24.2,22.865638306682047,88.48422220761489,4.0,9459.177717061471,0.1,0.0,0.0,0.0,34.9,35.9,31.3,23.5,22.8,0.10000000000000178,0.10000000000001066,3,75
2025-03-17,A5,CHANDIGARH,2.9,34.9,23.1,22.865638306682047,88.48422220761489,4.0,9459.177717061471,6.1,0.1,0.0,0.0,38.0,34.9,32.2,24.2,23.5,6.200000000000001,6.20000000000001,3,76
2025-03-18,A5,CHANDIGARH,0.0,33.5,23.9,22.865638306682047,88.48422220761489,4.0,9459.177717061471,2.9,6.1,0.1,0.0,34.9,38.0,32.9,23.1,24.2,9.100000000000001,9.10000000000001,3,77
2025-03-19,A5,CHANDIGARH,0.0,34.8,22.2,22.865638306682047,88.48422220761489,4.0,9459.177717061471,0.0,2.9,6.1,0.0,33.5,34.9,34.0,23.9,23.1,9.000000000000002,9.10000000000001,3,78
2025-03-20,A5,CHANDIGARH,3.9,31.2,24.1,22.865638306682047,88.48422220761489,4.0,9459.177717061471,0.0,0.0,2.9,0.0,34.8,33.5,35.4,22.2,23.9,2.9000000000000017,9.10000000000001,3,79
2025-03-21,A5,CHANDIGARH,5.7,30.7,21.1,22.865638306682047,88.48422220761489,4.0,9459.177717061471,3.9,0.0,0.0,0.0,31.2,34.8,35.9,24.1,22.2,3.9000000000000017,13.00000000000001,3,80
2025-03-22,A5,CHANDIGARH,4.8,26.6,20.9,22.865638306682047,88.48422220761489,4.0,9459.177717061471,5.7,3.9,0.0,0.1,30.7,31.2,34.9,21.1,24.1,9.600000000000001,18.70000000000001,3,81
2025-03-23,A5,CHANDIGARH,0.2,28.6,18.6,22.865638306682047,88.48422220761489,4.0,9459.177717061471,4.8,5.7,3.9,6.1,26.6,30.7,38.0,20.9,21.1,14.400000000000002,23.40000000000001,3,82
2025-03-24,A5,CHANDIGARH,0.0,30.7,18.0,22.865638306682047,88.48422220761489,4.0,9459.177717061471,0.2,4.8,5.7,2.9,28.6,26.6,34.9,18.6,20.9,10.700000000000001,17.50000000000001,3,83
2025-03-25,A5,CHANDIGARH,0.0,32.0,19.4,22.865638306682047,88.48422220761489,4.0,9459.177717061471,0.0,0.2,4.8,0.0,30.7,28.6,33.5,18.0,18.6,5.000000000000003,14.60000000000001,3,84
2025-03-26,A5,CHANDIGARH,0.0,34.2,21.1,22.865638306682047,88.48422220761489,4.0,9459.177717061471,0.0,0.0,0.2,0.0,32.0,30.7,34.8,19.4,18.0,0.20000000000000268,14.60000000000001,3,85
2025-03-27,A5,CHANDIGARH,0.0,35.4,23.3,22.865638306682047,88.48422220761489,4.0,9459.177717061471,0.0,0.0,0.0,3.9,34.2,32.0,31.2,21.1,19.4,0.0,14.60000000000001,3,86
2025-03-28,A5,CHANDIGARH,0.0,36.7,23.2,22.865638306682047,88.48422220761489,4.0,9459.177717061471,0.0,0.0,0.0,5.7,35.4,34.2,30.7,23.3,21.1,0.0,10.70000000000001,3,87
2025-03-29,A5,CHANDIGARH,0.0,35.5,23.3,22.865638306682047,88.48422220761489,4.0,9459.177717061471,0.0,0.0,0.0,4.8,36.7,35.4,26.6,23.2,23.3,0.0,5.000000000000011,3,88
2025-03-30,A5,CHANDIGARH,0.1,35.4,24.1,22.865638306682047,88.48422220761489,4.0,9459.177717061471,0.0,0.0,0.0,0.2,35.5,36.7,28.6,23.3,23.2,0.0,0.20000000000001067,3,89
2025-03-31,A5,CHANDIGARH,0.0,35.9,25.2,22.865638306682047,88.48422220761489,4.0,9459.177717061471,0.1,0.0,0.0,0.0,35.4,35.5,30.7,24.1,23.3,0.10000000000000267,0.10000000000001066,3,90
2025-04-01,A5,CHANDIGARH,0.0,36.1,25.0,22.865638306682047,88.48422220761489,4.0,9459.177717061471,0.0,0.1,0.0,0.0,35.9,35.4,32.0,25.2,24.1,0.10000000000000267,0.10000000000001066,4,91
2025-04-02,A5,CHANDIGARH,0.2,36.5,24.9,22.865638306682047,88.48422220761489,4.0,9459.177717061471,0.0,0.0,0.1,0.0,36.1,35.9,34.2,25.0,25.2,0.10000000000000267,0.10000000000001066,4,92
2025-04-03,A5,CHANDIGARH,0.0,36.0,24.8,22.865638306682047,88.48422220761489,4.0,9459.177717061471,0.2,0.0,0.0,0.0,36.5,36.1,35.4,24.9,25.0,0.20000000000000268,0.3000000000000107,4,93
2025-04-04,A5,CHANDIGARH,0.0,34.0,25.4,22.865638306682047,88.48422220761489,4.0,9459.177717061471,0.0,0.2,0.0,0.0,36.0,36.5,36.7,24.8,24.9,0.20000000000000268,0.3000000000000107,4,94
2025-04-05,A5,CHANDIGARH,0.0,36.4,24.4,22.865638306682047,88.48422220761489,4.0,9459.177717061471,0.0,0.0,0.2,0.0,34.0,36.0,35.5,25.4,24.8,0.20000000000000268,0.3000000000000107,4,95
2025-04-06,A5,CHANDIGARH,0.5,35.7,24.3,22.865638306682047,88.48422220761489,4.0,9459.177717061471,0.0,0.0,0.0,0.1,36.4,34.0,35.4,24.4,25.4,0.0,0.3000000000000107,4,96
2025-04-07,A5,CHANDIGARH,0.7,34.9,24.5,22.865638306682047,88.48422220761489,4.0,9459.177717061471,0.5,0.0,0.0,0.0,35.7,36.4,35.9,24.3,24.4,0.5000000000000027,0.7000000000000107,4,97
2025-04-08,A5,CHANDIGARH,0.5,34.2,24.2,22.865638306682047,88.48422220761489,4.0,9459.177717061471,0.7,0.5,0.0,0.0,34.9,35.7,36.1,24.5,24.3,1.2000000000000026,1.4000000000000106,4,98
2025-04-09,A5,CHANDIGARH,2.4,33.5,23.5,22.865638306682047,88.48422220761489,4.0,9459.177717061471,0.5,0.7,0.5,0.2,34.2,34.9,36.5,24.2,24.5,1.7000000000000026,1.9000000000000106,4,99
2025-04-10,A5,CHANDIGARH,22.5,34.5,21.9,22.865638306682047,88.48422220761489,4.0,9459.177717061471,2.4,0.5,0.7,0.0,33.5,34.2,36.0,23.5,24.2,3.6000000000000023,4.10000000000001,4,100
2025-04-11,A5,CHANDIGARH,0.3,31.9,21.9,22.865638306682047,88.48422220761489,4.0,9459.177717061471,22.5,2.4,0.5,0.0,34.5,33.5,34.0,21.9,23.5,25.400000000000002,26.60000000000001,4,101
2025-04-12,A5,CHANDIGARH,1.6,34.9,23.7,22.865638306682047,88.48422220761489,4.0,9459.177717061471,0.3,22.5,2.4,0.0,31.9,34.5,36.4,21.9,21.9,25.200000000000003,26.90000000000001,4,102
2025-04-13,A5,CHANDIGARH,0.0,33.3,23.4,22.865638306682047,88.48422220761489,4.0,9459.177717061471,1.6,0.3,22.5,0.5,34.9,31.9,35.7,23.7,21.9,24.400000000000002,28.500000000000007,4,103
2025-04-14,A5,CHANDIGARH,3.3,32.4,23.9,22.865638306682047,88.48422220761489,4.0,9459.177717061471,0.0,1.6,0.3,0.7,33.3,34.9,34.9,23.4,23.7,1.9000000000000037,28.000000000000007,4,104
2025-04-15,A5,CHANDIGARH,1.2,32.6,23.4,22.865638306682047,88.48422220761489,4.0,9459.177717061471,3.3,0.0,1.6,0.5,32.4,33.3,34.2,23.9,23.4,4.900000000000004,30.60000000000001,4,105
2025-04-16,A5,CHANDIGARH,3.7,33.4,23.1,22.865638306682047,88.48422220761489,4.0,9459.177717061471,1.2,3.3,0.0,2.4,32.6,32.4,33.5,23.4,23.9,4.5000000000000036,31.300000000000008,4,106
2025-04-17,A5,CHANDIGARH,28.3,32.3,22.9,22.865638306682047,88.48422220761489,4.0,9459.177717061471,3.7,1.2,3.3,22.5,33.4,32.6,34.5,23.1,23.4,8.200000000000003,32.60000000000001,4,107
2025-04-18,A5,CHANDIGARH,7.6,29.6,22.6,22.865638306682047,88.48422220761489,4.0,9459.177717061471,28.3,3.7,1.2,0.3,32.3,33.4,31.9,22.9,23.1,33.2,38.400000000000006,4,108
2025-04-19,A5,CHANDIGARH,2.0,29.9,23.0,22.865638306682047,88.48422220761489,4.0,9459.177717061471,7.6,28.3,3.7,1.6,29.6,32.3,34.9,22.6,22.9,39.6,45.70000000000001,4,109
2025-04-20,A5,CHANDIGARH,0.9,34.7,24.8,22.865638306682047,88.48422220761489,4.0,9459.177717061471,2.0,7.6,28.3,0.0,29.9,29.6,33.3,23.0,22.6,37.900000000000006,46.10000000000001,4,110
2025-04-21,A5,CHANDIGARH,0.1,36.1,27.6,22.865638306682047,88.48422220761489,4.0,9459.177717061471,0.9,2.0,7.6,3.3,34.7,29.9,32.4,24.8,23.0,10.5,47.00000000000001,4,111
2025-04-22,A5,CHANDIGARH,0.0,36.4,27.5,22.865638306682047,88.48422220761489,4.0,9459.177717061471,0.1,0.9,2.0,1.2,36.1,34.7,32.6,27.6,24.8,3.0,43.800000000000004,4,112
2025-04-23,A5,CHANDIGARH,0.0,38.3,27.1,22.865638306682047,88.48422220761489,4.0,9459.177717061471,0.0,0.1,0.9,3.7,36.4,36.1,33.4,27.5,27.6,1.0,42.60000000000001,4,113
2025-04-24,A5,CHANDIGARH,0.0,37.1,27.2,22.865638306682047,88.48422220761489,4.0,9459.177717061471,0.0,0.0,0.1,28.3,38.3,36.4,32.3,27.1,27.5,0.1,38.900000000000006,4,114
2025-04-25,A5,CHANDIGARH,1.5,38.0,27.4,22.865638306682047,88.48422220761489,4.0,9459.177717061471,0.0,0.0,0.0,7.6,37.1,38.3,29.6,27.2,27.1,0.0,10.600000000000007,4,115
2025-04-26,A5,CHANDIGARH,1.3,36.3,27.0,22.865638306682047,88.48422220761489,4.0,9459.177717061471,1.5,0.0,0.0,2.0,38.0,37.1,29.9,27.4,27.2,1.5,4.500000000000007,4,116
2025-04-27,A5,CHANDIGARH,0.0,35.2,27.6,22.865638306682047,88.48422220761489,4.0,9459.177717061471,1.3,1.5,0.0,0.9,36.3,38.0,34.7,27.0,27.4,2.8,3.800000000000007,4,117
2025-04-28,A5,CHANDIGARH,1.5,29.8,24.9,22.865638306682047,88.48422220761489,4.0,9459.177717061471,0.0,1.3,1.5,0.1,35.2,36.3,36.1,27.6,27.0,2.8,2.9000000000000075,4,118
2025-04-29,A5,CHANDIGARH,11.3,30.7,22.5,22.865638306682047,88.48422220761489,4.0,9459.177717061471,1.5,0.0,1.3,0.0,29.8,35.2,36.4,24.9,27.6,2.8,4.300000000000007,4,119
2025-04-30,A5,CHANDIGARH,1.6,30.6,21.8,22.865638306682047,88.48422220761489,4.0,9459.177717061471,11.3,1.5,0.0,0.0,30.7,29.8,38.3,22.5,24.9,12.8,15.600000000000009,4,120
2025-05-01,A5,CHANDIGARH,2.7,31.4,22.0,22.865638306682047,88.48422220761489,4.0,9459.177717061471,1.6,11.3,1.5,0.0,30.6,30.7,37.1,21.8,22.5,14.4,17.20000000000001,5,121
2025-05-02,A5,CHANDIGARH,0.0,30.5,21.7,22.865638306682047,88.48422220761489,4.0,9459.177717061471,2.7,1.6,11.3,1.5,31.4,30.6,38.0,22.0,21.8,15.600000000000001,19.90000000000001,5,122
2025-05-03,A5,CHANDIGARH,1.4,32.2,23.3,22.865638306682047,88.48422220761489,4.0,9459.177717061471,0.0,2.7,1.6,1.3,30.5,31.4,36.3,21.7,22.0,4.300000000000001,18.40000000000001,5,123
2025-05-04,A5,CHANDIGARH,3.6,31.2,23.8,22.865638306682047,88.48422220761489,4.0,9459.177717061471,1.4,0.0,2.7,0.0,32.2,30.5,35.2,23.3,21.7,4.1,18.500000000000007,5,124
2025-05-05,A5,CHANDIGARH,1.5,32.7,23.6,22.865638306682047,88.48422220761489,4.0,9459.177717061471,3.6,1.4,0.0,1.5,31.2,32.2,29.8,23.8,23.3,5.0,22.10000000000001,5,125
2025-05-06,A5,CHANDIGARH,14.0,32.2,24.5,22.865638306682047,88.48422220761489,4.0,9459.177717061471,1.5,3.6,1.4,11.3,32.7,31.2,30.7,23.6,23.8,6.5,22.10000000000001,5,126
2025-05-07,A5,CHANDIGARH,1.1,33.5,24.0,22.865638306682047,88.48422220761489,4.0,9459.177717061471,14.0,1.5,3.6,1.6,32.2,32.7,30.6,24.5,23.6,19.1,24.800000000000008,5,127
2025-05-08,A5,CHANDIGARH,0.0,35.8,26.9,22.865638306682047,88.48422220761489,4.0,9459.177717061471,1.1,14.0,1.5,2.7,33.5,32.2,31.4,24.0,24.5,16.6,24.300000000000008,5,128
2025-05-09,A5,CHANDIGARH,0.0,36.5,26.8,22.865638306682047,88.48422220761489,4.0,9459.177717061471,0.0,1.1,14.0,0.0,35.8,33.5,30.5,26.9,24.0,15.1,21.60000000000001,5,129
2025-05-10,A5,CHANDIGARH,0.6,36.4,26.7,22.865638306682047,88.48422220761489,4.0,9459.177717061471,0.0,0.0,1.1,1.4,36.5,35.8,32.2,26.8,26.9,1.1,21.60000000000001,5,130
2025-05-11,A5,CHANDIGARH,0.0,36.7,27.2,22.865638306682047,88.48422220761489,4.0,9459.177717061471,0.6,0.0,0.0,3.6,36.4,36.5,31.2,26.7,26.8,0.6,20.800000000000008,5,131
2025-05-12,A5,CHANDIGARH,1.0,37.1,28.6,22.865638306682047,88.48422220761489,4.0,9459.177717061471,0.0,0.6,0.0,1.5,36.7,36.4,32.7,27.2,26.7,0.6,17.200000000000006,5,132
2025-05-13,A5,CHANDIGARH,1.5,35.8,28.4,22.865638306682047,88.48422220761489,4.0,9459.177717061471,1.0,0.0,0.6,14.0,37.1,36.7,32.2,28.6,27.2,1.6,16.700000000000006,5,133
2025-05-14,A5,CHANDIGARH,0.7,36.5,28.2,22.865638306682047,88.48422220761489,4.0,9459.177717061471,1.5,1.0,0.0,1.1,35.8,37.1,33.5,28.4,28.6,2.5,4.200000000000007,5,134
2025-05-15,A5,CHANDIGARH,7.6,35.2,27.1,22.865638306682047,88.48422220761489,4.0,9459.177717061471,0.7,1.5,1.0,0.0,36.5,35.8,35.8,28.2,28.4,3.2,3.800000000000007,5,135
2025-05-16,A5,CHANDIGARH,8.7,35.0,27.8,22.865638306682047,88.48422220761489,4.0,9459.177717061471,7.6,0.7,1.5,0.0,35.2,36.5,36.5,27.1,28.2,9.8,11.400000000000006,5,136
2025-05-17,A5,CHANDIGARH,17.3,35.0,25.5,22.865638306682047,88.48422220761489,4.0,9459.177717061471,8.7,7.6,0.7,0.6,35.0,35.2,36.4,27.8,27.1,17.0,20.100000000000005,5,137
2025-05-18,A5,CHANDIGARH,10.6,30.6,25.4,22.865638306682047,88.48422220761489,4.0,9459.177717061471,17.3,8.7,7.6,0.0,35.0,35.0,36.7,25.5,27.8,33.6,36.800000000000004,5,138
2025-05-19,A5,CHANDIGARH,5.4,33.3,26.0,22.865638306682047,88.48422220761489,4.0,9459.177717061471,10.6,17.3,8.7,1.0,30.6,35.0,37.1,25.4,25.5,36.6,47.400000000000006,5,139
2025-05-20,A5,CHANDIGARH,16.2,34.6,25.2,22.865638306682047,88.48422220761489,4.0,9459.177717061471,5.4,10.6,17.3,1.5,33.3,30.6,35.8,26.0,25.4,33.3,51.800000000000004,5,140
2025-05-21,A5,CHANDIGARH,28.3,33.6,25.8,22.865638306682047,88.48422220761489,4.0,9459.177717061471,16.2,5.4,10.6,0.7,34.6,33.3,36.5,25.2,26.0,32.2,66.5,5,141
2025-05-22,A5,CHANDIGARH,3.8,32.2,26.1,22.865638306682047,88.48422220761489,4.0,9459.177717061471,28.3,16.2,5.4,7.6,33.6,34.6,35.2,25.8,25.2,49.9,94.1,5,142
2025-05-23,A5,CHANDIGARH,4.8,31.2,25.7,22.865638306682047,88.48422220761489,4.0,9459.177717061471,3.8,28.3,16.2,8.7,32.2,33.6,35.0,26.1,25.8,48.3,90.30000000000001,5,143
2025-05-24,A5,CHANDIGARH,5.1,32.1,25.4,22.865638306682047,88.48422220761489,4.0,9459.177717061471,4.8,3.8,28.3,17.3,31.2,32.2,35.0,25.7,26.1,36.9,86.4,5,144
2025-05-25,A5,CHANDIGARH,13.7,31.0,25.6,22.865638306682047,88.48422220761489,4.0,9459.177717061471,5.1,4.8,3.8,10.6,32.1,31.2,30.6,25.4,25.7,13.7,74.2,5,145
2025-05-26,A5,CHANDIGARH,14.2,30.6,25.2,22.865638306682047,88.48422220761489,4.0,9459.177717061471,13.7,5.1,4.8,5.4,31.0,32.1,33.3,25.6,25.4,23.599999999999998,77.30000000000001,5,146
2025-05-27,A5,CHANDIGARH,9.1,31.7,25.5,22.865638306682047,88.48422220761489,4.0,9459.177717061471,14.2,13.7,5.1,16.2,30.6,31.0,34.6,25.2,25.6,33.0,86.1,5,147
2025-05-28,A5,CHANDIGARH,10.0,31.6,25.9,22.865638306682047,88.48422220761489,4.0,9459.177717061471,9.1,14.2,13.7,28.3,31.7,30.6,33.6,25.5,25.2,37.0,79.00000000000001,5,148
2025-05-29,A5,CHANDIGARH,31.8,29.3,25.4,22.865638306682047,88.48422220761489,4.0,9459.177717061471,10.0,9.1,14.2,3.8,31.6,31.7,32.2,25.9,25.5,33.3,60.7,5,149
2025-05-30,A5,CHANDIGARH,19.0,32.8,24.7,22.865638306682047,88.48422220761489,4.0,9459.177717061471,31.8,10.0,9.1,4.8,29.3,31.6,31.2,25.4,25.9,50.900000000000006,88.70000000000002,5,150
2025-05-31,A5,CHANDIGARH,33.5,32.2,25.3,22.865638306682047,88.48422220761489,4.0,9459.177717061471,19.0,31.8,10.0,5.1,32.8,29.3,32.1,24.7,25.4,60.8,102.9,5,151
2025-06-01,A5,CHANDIGARH,21.4,31.3,26.7,22.865638306682047,88.48422220761489,4.0,9459.177717061471,33.5,19.0,31.8,13.7,32.2,32.8,31.0,25.3,24.7,84.3,131.3,6,152
2025-06-02,A5,CHANDIGARH,0.0,36.0,26.8,22.865638306682047,88.48422220761489,4.0,9459.177717061471,21.4,33.5,19.0,14.2,31.3,32.2,30.6,26.7,25.3,73.9,139.0,6,153
2025-06-03,A5,CHANDIGARH,0.3,34.8,27.1,22.865638306682047,88.48422220761489,4.0,9459.177717061471,0.0,21.4,33.5,9.1,36.0,31.3,31.7,26.8,26.7,54.9,124.80000000000001,6,154
2025-06-04,A5,CHANDIGARH,1.2,34.0,26.1,22.865638306682047,88.48422220761489,4.0,9459.177717061471,0.3,0.0,21.4,10.0,34.8,36.0,31.6,27.1,26.8,21.7,116.0,6,155
2025-06-05,A5,CHANDIGARH,1.4,32.3,26.5,22.865638306682047,88.48422220761489,4.0,9459.177717061471,1.2,0.3,0.0,31.8,34.0,34.8,29.3,26.1,27.1,1.5,107.2,6,156
2025-06-06,A5,CHANDIGARH,6.0,32.7,25.9,22.865638306682047,88.48422220761489,4.0,9459.177717061471,1.4,1.2,0.3,19.0,32.3,34.0,32.8,26.5,26.1,2.9,76.80000000000001,6,157
2025-06-07,A5,CHANDIGARH,0.0,33.7,25.4,22.865638306682047,88.48422220761489,4.0,9459.177717061471,6.0,1.4,1.2,33.5,32.7,32.3,32.2,25.9,26.5,8.6,63.800000000000004,6,158
2025-06-08,A5,CHANDIGARH,0.7,33.7,26.4,22.865638306682047,88.48422220761489,4.0,9459.177717061471,0.0,6.0,1.4,21.4,33.7,32.7,31.3,25.4,25.9,7.3999999999999995,30.300000000000004,6,159
2025-06-09,A5,CHANDIGARH,0.2,33.6,26.3,22.865638306682047,88.48422220761489,4.0,9459.177717061471,0.7,0.0,6.0,0.0,33.7,33.7,36.0,26.4,25.4,6.7,9.600000000000007,6,160
2025-06-10,A5,CHANDIGARH,0.3,34.2,26.3,22.865638306682047,88.48422220761489,4.0,9459.177717061471,0.2,0.7,0.0,0.3,33.6,33.7,34.8,26.3,26.4,0.8999999999999999,9.800000000000008,6,161
2025-06-11,A5,CHANDIGARH,0.3,33.1,26.8,22.865638306682047,88.48422220761489,4.0,9459.177717061471,0.3,0.2,0.7,1.2,34.2,33.6,34.0,26.3,26.3,1.2,9.800000000000006,6,162
2025-06-12,A5,CHANDIGARH,0.4,33.1,25.8,22.865638306682047,88.48422220761489,4.0,9459.177717061471,0.3,0.3,0.2,1.4,33.1,34.2,32.3,26.8,26.3,0.8,8.900000000000007,6,163
2025-06-13,A5,CHANDIGARH,0.2,33.3,26.6,22.865638306682047,88.48422220761489,4.0,9459.177717061471,0.4,0.3,0.3,6.0,33.1,33.1,32.7,25.8,26.8,1.0,7.9000000000000075,6,164
2025-06-14,A5,CHANDIGARH,0.6,34.1,27.3,22.865638306682047,88.48422220761489,4.0,9459.177717061471,0.2,0.4,0.3,0.0,33.3,33.1,33.7,26.6,25.8,0.9,2.100000000000007,6,165
2025-06-15,A5,CHANDIGARH,17.4,30.5,26.7,22.865638306682047,88.48422220761489,4.0,9459.177717061471,0.6,0.2,0.4,0.7,34.1,33.3,33.7,27.3,26.6,1.2000000000000002,2.7000000000000073,6,166
2025-06-16,A5,CHANDIGARH,32.4,31.7,26.0,22.865638306682047,88.48422220761489,4.0,9459.177717061471,17.4,0.6,0.2,0.2,30.5,34.1,33.6,26.7,27.3,18.2,19.400000000000006,6,167
2025-06-17,A5,CHANDIGARH,52.8,28.8,25.2,22.865638306682047,88.48422220761489,4.0,9459.177717061471,32.4,17.4,0.6,0.3,31.7,30.5,34.2,26.0,26.7,50.4,51.60000000000001,6,168
2025-06-18,A5,CHANDIGARH,26.0,28.6,25.3,22.865638306682047,88.48422220761489,4.0,9459.177717061471,52.8,32.4,17.4,0.3,28.8,31.7,33.1,25.2,26.0,102.6,104.1,6,169
2025-06-19,A5,CHANDIGARH,64.9,30.5,24.1,22.865638306682047,88.48422220761489,4.0,9459.177717061471,26.0,52.8,32.4,0.4,28.6,28.8,33.1,25.3,25.2,111.19999999999999,129.8,6,170
2025-06-20,A5,CHANDIGARH,9.9,32.1,26.1,22.865638306682047,88.48422220761489,4.0,9459.177717061471,64.9,26.0,52.8,0.2,30.5,28.6,33.3,24.1,25.3,143.7,194.3,6,171
2025-06-21,A5,CHANDIGARH,1.1,33.2,26.4,22.865638306682047,88.48422220761489,4.0,9459.177717061471,9.9,64.9,26.0,0.6,32.1,30.5,34.1,26.1,24.1,100.80000000000001,204.00000000000003,6,172
2025-06-22,A5,CHANDIGARH,25.8,32.4,26.3,22.865638306682047,88.48422220761489,4.0,9459.177717061471,1.1,9.9,64.9,17.4,33.2,32.1,30.5,26.4,26.1,75.9,204.5,6,173
2025-06-23,A5,CHANDIGARH,9.4,31.8,26.2,22.865638306682047,88.48422220761489,4.0,9459.177717061471,25.8,1.1,9.9,32.4,32.4,33.2,31.7,26.3,26.4,36.8,212.90000000000003,6,174
2025-06-24,A5,CHANDIGARH,4.0,32.4,26.2,22.865638306682047,88.48422220761489,4.0,9459.177717061471,9.4,25.8,1.1,52.8,31.8,32.4,28.8,26.2,26.3,36.300000000000004,189.9,6,175
2025-06-25,A5,CHANDIGARH,14.5,31.7,26.2,22.865638306682047,88.48422220761489,4.0,9459.177717061471,4.0,9.4,25.8,26.0,32.4,31.8,28.6,26.2,26.2,39.2,141.10000000000002,6,176
2025-06-26,A5,CHANDIGARH,2.6,32.1,26.5,22.865638306682047,88.48422220761489,4.0,9459.177717061471,14.5,4.0,9.4,64.9,31.7,32.4,30.5,26.2,26.2,27.9,129.60000000000002,6,177
2025-06-27,A5,CHANDIGARH,15.9,31.3,25.3,22.865638306682047,88.48422220761489,4.0,9459.177717061471,2.6,14.5,4.0,9.9,32.1,31.7,32.1,26.5,26.2,21.1,67.30000000000001,6,178
2025-06-28,A5,CHANDIGARH,15.6,30.5,25.4,22.865638306682047,88.48422220761489,4.0,9459.177717061471,15.9,2.6,14.5,1.1,31.3,32.1,33.2,25.3,26.5,33.0,73.30000000000001,6,179
2025-06-29,A5,CHANDIGARH,43.2,31.2,25.4,22.865638306682047,88.48422220761489,4.0,9459.177717061471,15.6,15.9,2.6,25.8,30.5,31.3,32.4,25.4,25.3,34.1,87.80000000000001,6,180
2025-06-30,A5,CHANDIGARH,21.1,30.0,25.3,22.865638306682047,88.48422220761489,4.0,9459.177717061471,43.2,15.6,15.9,9.4,31.2,30.5,31.8,25.4,25.4,74.7,105.20000000000002,6,181
2025-07-01,A5,CHANDIGARH,19.4,30.4,26.0,22.865638306682047,88.48422220761489,4.0,9459.177717061471,21.1,43.2,15.6,4.0,30.0,31.2,32.4,25.3,25.4,79.9,116.90000000000003,7,182
2025-07-02,A5,CHANDIGARH,13.2,32.6,25.8,22.865638306682047,88.48422220761489,4.0,9459.177717061471,19.4,21.1,43.2,14.5,30.4,30.0,31.7,26.0,25.3,83.70000000000002,132.3,7,183
2025-07-03,A5,CHANDIGARH,33.5,31.0,25.6,22.865638306682047,88.48422220761489,4.0,9459.177717061471,13.2,19.4,21.1,2.6,32.6,30.4,32.1,25.8,26.0,53.7,131.00000000000003,7,184
2025-07-04,A5,CHANDIGARH,29.4,31.4,24.9,22.865638306682047,88.48422220761489,4.0,9459.177717061471,33.5,13.2,19.4,15.9,31.0,32.6,31.3,25.6,25.8,66.1,161.90000000000003,7,185
2025-07-05,A5,CHANDIGARH,15.5,30.5,25.6,22.865638306682047,88.48422220761489,4.0,9459.177717061471,29.4,33.5,13.2,15.6,31.4,31.0,30.5,24.9,25.6,76.1,175.40000000000003,7,186
2025-07-06,A5,CHANDIGARH,3.7,29.0,25.5,22.865638306682047,88.48422220761489,4.0,9459.177717061471,15.5,29.4,33.5,43.2,30.5,31.4,31.2,25.6,24.9,78.4,175.30000000000004,7,187
2025-07-07,A5,CHANDIGARH,14.4,29.2,25.3,22.865638306682047,88.48422220761489,4.0,9459.177717061471,3.7,15.5,29.4,21.1,29.0,30.5,30.0,25.5,25.6,48.6,135.8,7,188
2025-07-08,A5,CHANDIGARH,30.2,28.2,24.6,22.865638306682047,88.48422220761489,4.0,9459.177717061471,14.4,3.7,15.5,19.4,29.2,29.0,30.4,25.3,25.5,33.6,129.10000000000002,7,189
2025-07-09,A5,CHANDIGARH,18.1,29.9,24.8,22.865638306682047,88.48422220761489,4.0,9459.177717061471,30.2,14.4,3.7,13.2,28.2,29.2,32.6,24.6,25.3,48.3,139.9,7,190
2025-07-10,A5,CHANDIGARH,29.6,31.1,24.9,22.865638306682047,88.48422220761489,4.0,9459.177717061471,18.1,30.2,14.4,33.5,29.9,28.2,31.0,24.8,24.6,62.7,144.8,7,191
2025-07-11,A5,CHANDIGARH,10.1,30.5,25.4,22.865638306682047,88.48422220761489,4.0,9459.177717061471,29.6,18.1,30.2,29.4,31.1,29.9,31.4,24.9,24.8,77.9,140.9,7,192
2025-07-12,A5,CHANDIGARH,5.9,33.2,25.5,22.865638306682047,88.48422220761489,4.0,9459.177717061471,10.1,29.6,18.1,15.5,30.5,31.1,30.5,25.4,24.9,57.8,121.60000000000001,7,193
2025-07-13,A5,CHANDIGARH,12.6,31.8,26.1,22.865638306682047,88.48422220761489,4.0,9459.177717061471,5.9,10.1,29.6,3.7,33.2,30.5,29.0,25.5,25.4,45.60000000000001,112.00000000000003,7,194
2025-07-14,A5,CHANDIGARH,33.4,27.5,25.2,22.865638306682047,88.48422220761489,4.0,9459.177717061471,12.6,5.9,10.1,14.4,31.8,33.2,29.2,26.1,25.5,28.6,120.90000000000002,7,195
2025-07-15,A5,CHANDIGARH,16.9,30.0,24.9,22.865638306682047,88.48422220761489,4.0,9459.177717061471,33.4,12.6,5.9,30.2,27.5,31.8,28.2,25.2,26.1,51.9,139.9,7,196
2025-07-16,A5,CHANDIGARH,11.7,30.6,26.0,22.865638306682047,88.48422220761489,4.0,9459.177717061471,16.9,33.4,12.6,18.1,30.0,27.5,29.9,24.9,25.2,62.9,126.60000000000001,7,197
2025-07-17,A5,CHANDIGARH,0.3,33.0,26.3,22.865638306682047,88.48422220761489,4.0,9459.177717061471,11.7,16.9,33.4,29.6,30.6,30.0,31.1,26.0,24.9,62.0,120.20000000000002,7,198
2025-07-18,A5,CHANDIGARH,5.4,32.9,26.5,22.865638306682047,88.48422220761489,4.0,9459.177717061471,0.3,11.7,16.9,10.1,33.0,30.6,30.5,26.3,26.0,28.9,90.9,7,199
2025-07-19,A5,CHANDIGARH,1.5,33.5,26.7,22.865638306682047,88.48422220761489,4.0,9459.177717061471,5.4,0.3,11.7,5.9,32.9,33.0,33.2,26.5,26.3,17.4,86.20000000000002,7,200
2025-07-20,A5,CHANDIGARH,1.5,32.9,26.8,22.865638306682047,88.48422220761489,4.0,9459.177717061471,1.5,5.4,0.3,12.6,33.5,32.9,31.8,26.7,26.5,7.2,81.80000000000001,7,201
2025-07-21,A5,CHANDIGARH,0.4,32.7,26.6,22.865638306682047,88.48422220761489,4.0,9459.177717061471,1.5,1.5,5.4,33.4,32.9,33.5,27.5,26.8,26.7,8.4,70.70000000000002,7,202
2025-07-22,A5,CHANDIGARH,7.0,33.3,26.9,22.865638306682047,88.48422220761489,4.0,9459.177717061471,0.4,1.5,1.5,16.9,32.7,32.9,30.0,26.6,26.8,3.4,37.70000000000001,7,203
2025-07-23,A5,CHANDIGARH,0.6,33.9,27.0,22.865638306682047,88.48422220761489,4.0,9459.177717061471,7.0,0.4,1.5,11.7,33.3,32.7,30.6,26.9,26.6,8.9,27.800000000000015,7,204
2025-07-24,A5,CHANDIGARH,14.1,32.7,26.4,22.865638306682047,88.48422220761489,4.0,9459.177717061471,0.6,7.0,0.4,0.3,33.9,33.3,33.0,27.0,26.9,8.0,16.700000000000014,7,205
2025-07-25,A5,CHANDIGARH,45.3,30.5,26.0,22.865638306682047,88.48422220761489,4.0,9459.177717061471,14.1,0.6,7.0,5.4,32.7,33.9,32.9,26.4,27.0,21.7,30.500000000000014,7,206
2025-07-26,A5,CHANDIGARH,6.1,31.1,26.3,22.865638306682047,88.48422220761489,4.0,9459.177717061471,45.3,14.1,0.6,1.5,30.5,32.7,33.5,26.0,26.4,60.0,70.4,7,207
2025-07-27,A5,CHANDIGARH,6.1,32.5,26.1,22.865638306682047,88.48422220761489,4.0,9459.177717061471,6.1,45.3,14.1,1.5,31.1,30.5,32.9,26.3,26.0,65.5,75.00000000000001,7,208
2025-07-28,A5,CHANDIGARH,7.1,30.6,26.7,22.865638306682047,88.48422220761489,4.0,9459.177717061471,6.1,6.1,45.3,0.4,32.5,31.1,32.7,26.1,26.3,57.5,79.60000000000001,7,209
2025-07-29,A5,CHANDIGARH,48.6,29.6,25.8,22.865638306682047,88.48422220761489,4.0,9459.177717061471,7.1,6.1,6.1,7.0,30.6,32.5,33.3,26.7,26.1,19.300000000000004,86.30000000000001,7,210
2025-07-30,A5,CHANDIGARH,21.0,29.2,25.2,22.865638306682047,88.48422220761489,4.0,9459.177717061471,48.6,7.1,6.1,0.6,29.6,30.6,33.9,25.8,26.7,61.800000000000004,127.9,7,211
2025-07-31,A5,CHANDIGARH,33.1,29.2,24.8,22.865638306682047,88.48422220761489,4.0,9459.177717061471,21.0,48.6,7.1,14.1,29.2,29.6,32.7,25.2,25.8,76.7,148.3,7,212
2025-08-01,A5,CHANDIGARH,15.6,32.1,25.7,22.865638306682047,88.48422220761489,4.0,9459.177717061471,33.1,21.0,48.6,45.3,29.2,29.2,30.5,24.8,25.2,102.70000000000002,167.3,8,213
2025-08-02,A5,CHANDIGARH,3.5,32.0,25.9,22.865638306682047,88.48422220761489,4.0,9459.177717061471,15.6,33.1,21.0,6.1,32.1,29.2,31.1,25.7,24.8,69.7,137.6,8,214
2025-08-03,A5,CHANDIGARH,18.3,32.8,26.7,22.865638306682047,88.48422220761489,4.0,9459.177717061471,3.5,15.6,33.1,6.1,32.0,32.1,32.5,25.9,25.7,52.2,135.0,8,215
2025-08-04,A5,CHANDIGARH,25.5,31.5,25.8,22.865638306682047,88.48422220761489,4.0,9459.177717061471,18.3,3.5,15.6,7.1,32.8,32.0,30.6,26.7,25.9,37.4,147.20000000000002,8,216
2025-08-05,A5,CHANDIGARH,14.7,32.2,26.2,22.865638306682047,88.48422220761489,4.0,9459.177717061471,25.5,18.3,3.5,48.6,31.5,32.8,29.6,25.8,26.7,47.3,165.60000000000002,8,217
2025-08-06,A5,CHANDIGARH,12.5,30.5,25.4,22.865638306682047,88.48422220761489,4.0,9459.177717061471,14.7,25.5,18.3,21.0,32.2,31.5,29.2,26.2,25.8,58.5,131.70000000000002,8,218
2025-08-07,A5,CHANDIGARH,6.2,31.2,25.4,22.865638306682047,88.48422220761489,4.0,9459.177717061471,12.5,14.7,25.5,33.1,30.5,32.2,29.2,25.4,26.2,52.7,123.20000000000002,8,219
2025-08-08,A5,CHANDIGARH,1.7,31.1,24.6,22.865638306682047,88.48422220761489,4.0,9459.177717061471,6.2,12.5,14.7,15.6,31.2,30.5,32.1,25.4,25.4,33.4,96.30000000000003,8,220
2025-08-09,A5,CHANDIGARH,19.0,31.4,25.1,22.865638306682047,88.48422220761489,4.0,9459.177717061471,1.7,6.2,12.5,3.5,31.1,31.2,32.0,24.6,25.4,20.4,82.4,8,221
2025-08-10,A5,CHANDIGARH,0.8,32.9,26.7,22.865638306682047,88.48422220761489,4.0,9459.177717061471,19.0,1.7,6.2,18.3,31.4,31.1,32.8,25.1,24.6,26.9,97.9,8,222
2025-08-11,A5,CHANDIGARH,6.1,32.3,26.5,22.865638306682047,88.48422220761489,4.0,9459.177717061471,0.8,19.0,1.7,25.5,32.9,31.4,31.5,26.7,25.1,21.5,80.4,8,223
2025-08-12,A5,CHANDIGARH,10.6,33.5,26.6,22.865638306682047,88.48422220761489,4.0,9459.177717061471,6.1,0.8,19.0,14.7,32.3,32.9,32.2,26.5,26.7,25.9,61.000000000000014,8,224
2025-08-13,A5,CHANDIGARH,22.6,30.9,26.5,22.865638306682047,88.48422220761489,4.0,9459.177717061471,10.6,6.1,0.8,12.5,33.5,32.3,30.5,26.6,26.5,17.5,56.900000000000006,8,225
2025-08-14,A5,CHANDIGARH,6.8,30.0,25.5,22.865638306682047,88.48422220761489,4.0,9459.177717061471,22.6,10.6,6.1,6.2,30.9,33.5,31.2,26.5,26.6,39.3,67.00000000000001,8,226
2025-08-15,A5,CHANDIGARH,11.8,31.6,25.4,22.865638306682047,88.48422220761489,4.0,9459.177717061471,6.8,22.6,10.6,1.7,30.0,30.9,31.1,25.5,26.5,40.0,67.60000000000001,8,227
2025-08-16,A5,CHANDIGARH,4.0,32.3,25.7,22.865638306682047,88.48422220761489,4.0,9459.177717061471,11.8,6.8,22.6,19.0,31.6,30.0,31.4,25.4,25.5,41.2,77.70000000000002,8,228
2025-08-17,A5,CHANDIGARH,6.4,32.2,26.1,22.865638306682047,88.48422220761489,4.0,9459.177717061471,4.0,11.8,6.8,0.8,32.3,31.6,32.9,25.7,25.4,22.6,62.70000000000002,8,229
2025-08-18,A5,CHANDIGARH,6.6,31.8,26.3,22.865638306682047,88.48422220761489,4.0,9459.177717061471,6.4,4.0,11.8,6.1,32.2,32.3,32.3,26.1,25.7,22.200000000000003,68.30000000000001,8,230
2025-08-19,A5,CHANDIGARH,10.1,30.3,25.7,22.865638306682047,88.48422220761489,4.0,9459.177717061471,6.6,6.4,4.0,10.6,31.8,32.2,33.5,26.3,26.1,17.0,68.80000000000001,8,231
2025-08-20,A5,CHANDIGARH,3.1,29.9,25.4,22.865638306682047,88.48422220761489,4.0,9459.177717061471,10.1,6.6,6.4,22.6,30.3,31.8,30.9,25.7,26.3,23.1,68.30000000000003,8,232
2025-08-21,A5,CHANDIGARH,61.0,28.3,24.8,22.865638306682047,88.48422220761489,4.0,9459.177717061471,3.1,10.1,6.6,6.8,29.9,30.3,30.0,25.4,25.7,19.8,48.80000000000001,8,233
2025-08-22,A5,CHANDIGARH,26.0,30.2,24.3,22.865638306682047,88.48422220761489,4.0,9459.177717061471,61.0,3.1,10.1,11.8,28.3,29.9,31.6,24.8,25.4,74.2,103.00000000000001,8,234
2025-08-23,A5,CHANDIGARH,10.4,28.7,24.8,22.865638306682047,88.48422220761489,4.0,9459.177717061471,26.0,61.0,3.1,4.0,30.2,28.3,32.3,24.3,24.8,90.10000000000001,117.20000000000002,8,235
2025-08-24,A5,CHANDIGARH,9.8,30.2,24.6,22.865638306682047,88.48422220761489,4.0,9459.177717061471,10.4,26.0,61.0,6.4,28.7,30.2,32.2,24.8,24.3,97.4,123.60000000000002,8,236
2025-08-25,A5,CHANDIGARH,3.1,31.7,24.9,22.865638306682047,88.48422220761489,4.0,9459.177717061471,9.8,10.4,26.0,6.6,30.2,28.7,31.8,24.6,24.8,46.2,127.00000000000001,8,237
2025-08-26,A5,CHANDIGARH,1.7,31.9,25.1,22.865638306682047,88.48422220761489,4.0,9459.177717061471,3.1,9.8,10.4,10.1,31.7,30.2,30.3,24.9,24.6,23.3,123.50000000000001,8,238
2025-08-27,A5,CHANDIGARH,6.7,31.8,25.7,22.865638306682047,88.48422220761489,4.0,9459.177717061471,1.7,3.1,9.8,3.1,31.9,31.7,29.9,25.1,24.9,14.600000000000001,115.10000000000001,8,239
2025-08-28,A5,CHANDIGARH,10.0,30.6,25.7,22.865638306682047,88.48422220761489,4.0,9459.177717061471,6.7,1.7,3.1,61.0,31.8,31.9,28.3,25.7,25.1,11.5,118.70000000000002,8,240
2025-08-29,A5,CHANDIGARH,23.5,30.1,25.6,22.865638306682047,88.48422220761489,4.0,9459.177717061471,10.0,6.7,1.7,26.0,30.6,31.8,30.2,25.7,25.7,18.4,67.70000000000002,8,241
2025-08-30,A5,CHANDIGARH,16.3,30.4,25.6,22.865638306682047,88.48422220761489,4.0,9459.177717061471,23.5,10.0,6.7,10.4,30.1,30.6,28.7,25.6,25.7,40.2,65.20000000000002,8,242
2025-08-31,A5,CHANDIGARH,2.7,32.0,25.1,22.865638306682047,88.48422220761489,4.0,9459.177717061471,16.3,23.5,10.0,9.8,30.4,30.1,30.2,25.6,25.6,49.8,71.10000000000002,8,243
2025-09-01,A5,CHANDIGARH,22.5,33.5,26.1,22.865638306682047,88.48422220761489,4.0,9459.177717061471,2.7,16.3,23.5,3.1,32.0,30.4,31.7,25.1,25.6,42.5,64.00000000000001,9,244
2025-09-02,A5,CHANDIGARH,12.4,31.0,25.6,22.865638306682047,88.48422220761489,4.0,9459.177717061471,22.5,2.7,16.3,1.7,33.5,32.0,31.9,26.1,25.1,41.5,83.4,9,245
2025-09-03,A5,CHANDIGARH,14.9,29.4,25.0,22.865638306682047,88.48422220761489,4.0,9459.177717061471,12.4,22.5,2.7,6.7,31.0,33.5,31.8,25.6,26.1,37.599999999999994,94.10000000000001,9,246
2025-09-04,A5,CHANDIGARH,12.5,30.1,25.6,22.865638306682047,88.48422220761489,4.0,9459.177717061471,14.9,12.4,22.5,10.0,29.4,31.0,30.6,25.0,25.6,49.8,102.30000000000003,9,247
2025-09-05,A5,CHANDIGARH,10.1,31.9,25.4,22.865638306682047,88.48422220761489,4.0,9459.177717061471,12.5,14.9,12.4,23.5,30.1,29.4,30.1,25.6,25.0,39.8,104.80000000000003,9,248
2025-09-06,A5,CHANDIGARH,2.0,32.5,25.2,22.865638306682047,88.48422220761489,4.0,9459.177717061471,10.1,12.5,14.9,16.3,31.9,30.1,30.4,25.4,25.6,37.5,91.4,9,249
2025-09-07,A5,CHANDIGARH,0.3,33.1,25.6,22.865638306682047,88.48422220761489,4.0,9459.177717061471,2.0,10.1,12.5,2.7,32.5,31.9,32.0,25.2,25.4,24.599999999999994,77.10000000000001,9,250
2025-09-08,A5,CHANDIGARH,0.2,32.9,25.7,22.865638306682047,88.48422220761489,4.0,9459.177717061471,0.3,2.0,10.1,22.5,33.1,32.5,33.5,25.6,25.2,12.399999999999997,74.7,9,251
2025-09-09,A5,CHANDIGARH,0.2,33.1,25.7,22.865638306682047,88.48422220761489,4.0,9459.177717061471,0.2,0.3,2.0,12.4,32.9,33.1,31.0,25.7,25.6,2.4999999999999964,52.40000000000001,9,252
2025-09-10,A5,CHANDIGARH,0.2,33.6,26.4,22.865638306682047,88.48422220761489,4.0,9459.177717061471,0.2,0.2,0.3,14.9,33.1,32.9,29.4,25.7,25.7,0.6999999999999964,40.20000000000002,9,253
2025-09-11,A5,CHANDIGARH,3.3,32.9,26.3,22.865638306682047,88.48422220761489,4.0,9459.177717061471,0.2,0.2,0.2,12.5,33.6,33.1,30.1,26.4,25.7,0.6000000000000001,25.500000000000014,9,254
2025-09-12,A5,CHANDIGARH,14.7,31.7,25.3,22.865638306682047,88.48422220761489,4.0,9459.177717061471,3.3,0.2,0.2,10.1,32.9,33.6,31.9,26.3,26.4,3.699999999999996,16.300000000000015,9,255
2025-09-13,A5,CHANDIGARH,8.4,30.7,25.7,22.865638306682047,88.48422220761489,4.0,9459.177717061471,14.7,3.3,0.2,2.0,31.7,32.9,32.5,25.3,26.3,18.199999999999996,20.900000000000013,9,256
2025-09-14,A5,CHANDIGARH,46.5,30.5,26.2,22.865638306682047,88.48422220761489,4.0,9459.177717061471,8.4,14.7,3.3,0.3,30.7,31.7,33.1,25.7,25.3,26.4,27.30000000000001,9,257
2025-09-15,A5,CHANDIGARH,30.5,29.6,24.2,22.865638306682047,88.48422220761489,4.0,9459.177717061471,46.5,8.4,14.7,0.2,30.5,30.7,32.9,26.2,25.7,69.6,73.50000000000001,9,258
2025-09-16,A5,CHANDIGARH,11.4,29.5,24.4,22.865638306682047,88.48422220761489,4.0,9459.177717061471,30.5,46.5,8.4,0.2,29.6,30.5,33.1,24.2,26.2,85.39999999999999,103.80000000000001,9,259
2025-09-17,A5,CHANDIGARH,7.5,30.5,24.9,22.865638306682047,88.48422220761489,4.0,9459.177717061471,11.4,30.5,46.5,0.2,29.5,29.6,33.6,24.4,24.2,88.4,115.00000000000001,9,260
2025-09-18,A5,CHANDIGARH,3.3,31.9,26.1,22.865638306682047,88.48422220761489,4.0,9459.177717061471,7.5,11.4,30.5,3.3,30.5,29.5,32.9,24.9,24.4,49.39999999999999,122.30000000000003,9,261
2025-09-19,A5,CHANDIGARH,14.5,30.7,25.6,22.865638306682047,88.48422220761489,4.0,9459.177717061471,3.3,7.5,11.4,14.7,31.9,30.5,31.7,26.1,24.9,22.199999999999992,122.30000000000001,9,262
2025-09-20,A5,CHANDIGARH,12.8,32.4,25.9,22.865638306682047,88.48422220761489,4.0,9459.177717061471,14.5,3.3,7.5,8.4,30.7,31.9,30.7,25.6,26.1,25.29999999999999,122.10000000000002,9,263
2025-09-21,A5,CHANDIGARH,1.1,32.6,25.4,22.865638306682047,88.48422220761489,4.0,9459.177717061471,12.8,14.5,3.3,46.5,32.4,30.7,30.5,25.9,25.6,30.599999999999994,126.50000000000001,9,264
2025-09-22,A5,CHANDIGARH,15.4,30.3,25.1,22.865638306682047,88.48422220761489,4.0,9459.177717061471,1.1,12.8,14.5,30.5,32.6,32.4,29.6,25.4,25.9,28.39999999999999,81.10000000000001,9,265
2025-09-23,A5,CHANDIGARH,12.8,31.0,24.6,22.865638306682047,88.48422220761489,4.0,9459.177717061471,15.4,1.1,12.8,11.4,30.3,32.6,29.5,25.1,25.4,29.29999999999999,66.00000000000001,9,266
2025-09-24,A5,CHANDIGARH,7.1,31.4,24.9,22.865638306682047,88.48422220761489,4.0,9459.177717061471,12.8,15.4,1.1,7.5,31.0,30.3,30.5,24.6,25.1,29.29999999999999,67.40000000000002,9,267
2025-09-25,A5,CHANDIGARH,22.6,32.7,25.6,22.865638306682047,88.48422220761489,4.0,9459.177717061471,7.1,12.8,15.4,3.3,31.4,31.0,31.9,24.9,24.6,35.29999999999999,67.00000000000001,9,268
2025-09-26,A5,CHANDIGARH,7.0,31.9,25.5,22.865638306682047,88.48422220761489,4.0,9459.177717061471,22.6,7.1,12.8,14.5,32.7,31.4,30.7,25.6,24.9,42.49999999999999,86.30000000000001,9,269
2025-09-27,A5,CHANDIGARH,9.4,30.1,25.6,22.865638306682047,88.48422220761489,4.0,9459.177717061471,7.0,22.6,7.1,12.8,31.9,32.7,32.4,25.5,25.6,36.69999999999999,78.80000000000001,9,270
2025-09-28,A5,CHANDIGARH,6.2,31.8,25.5,22.865638306682047,88.48422220761489,4.0,9459.177717061471,9.4,7.0,22.6,1.1,30.1,31.9,32.6,25.6,25.5,38.99999999999999,75.40000000000002,9,271
2025-09-29,A5,CHANDIGARH,1.3,32.3,25.9,22.865638306682047,88.48422220761489,4.0,9459.177717061471,6.2,9.4,7.0,15.4,31.8,30.1,30.3,25.5,25.6,22.59999999999999,80.50000000000001,9,272
2025-09-30,A5,CHANDIGARH,2.3,32.2,26.3,22.865638306682047,88.48422220761489,4.0,9459.177717061471,1.3,6.2,9.4,12.8,32.3,31.8,31.0,25.9,25.5,16.89999999999999,66.40000000000002,9,273
2025-10-01,A5,CHANDIGARH,18.5,31.5,24.7,22.865638306682047,88.48422220761489,4.0,9459.177717061471,2.3,1.3,6.2,7.1,32.2,32.3,31.4,26.3,25.9,9.79999999999999,55.90000000000002,10,274
2025-10-02,A5,CHANDIGARH,28.7,28.0,24.5,22.865638306682047,88.48422220761489,4.0,9459.177717061471,18.5,2.3,1.3,22.6,31.5,32.2,32.7,24.7,26.3,22.09999999999999,67.30000000000001,10,275
2025-10-03,A5,CHANDIGARH,11.9,29.4,25.2,22.865638306682047,88.48422220761489,4.0,9459.177717061471,28.7,18.5,2.3,7.0,28.0,31.5,31.9,24.5,24.7,49.499999999999986,73.4,10,276
2025-10-04,A5,CHANDIGARH,9.9,32.0,25.1,22.865638306682047,88.48422220761489,4.0,9459.177717061471,11.9,28.7,18.5,9.4,29.4,28.0,30.1,25.2,24.5,59.099999999999994,78.30000000000001,10,277
2025-10-05,A5,CHANDIGARH,30.1,30.4,24.1,22.865638306682047,88.48422220761489,4.0,9459.177717061471,9.9,11.9,28.7,6.2,32.0,29.4,31.8,25.1,25.2,50.49999999999999,78.80000000000001,10,278
2025-10-06,A5,CHANDIGARH,3.7,29.1,24.6,22.865638306682047,88.48422220761489,4.0,9459.177717061471,30.1,9.9,11.9,1.3,30.4,32.0,32.3,24.1,25.1,51.89999999999999,102.70000000000002,10,279
2025-10-07,A5,CHANDIGARH,5.8,31.2,24.3,22.865638306682047,88.48422220761489,4.0,9459.177717061471,3.7,30.1,9.9,2.3,29.1,30.4,32.2,24.6,24.1,43.699999999999996,105.10000000000001,10,280
2025-10-08,A5,CHANDIGARH,4.4,30.7,24.5,22.865638306682047,88.48422220761489,4.0,9459.177717061471,5.8,3.7,30.1,18.5,31.2,29.1,31.5,24.3,24.6,39.599999999999994,108.60000000000001,10,281
2025-10-09,A5,CHANDIGARH,7.7,31.2,24.6,22.865638306682047,88.48422220761489,4.0,9459.177717061471,4.4,5.8,3.7,28.7,30.7,31.2,28.0,24.5,24.3,13.899999999999993,94.50000000000001,10,282
2025-10-10,A5,CHANDIGARH,10.4,31.3,24.4,22.865638306682047,88.48422220761489,4.0,9459.177717061471,7.7,4.4,5.8,11.9,31.2,30.7,29.4,24.6,24.5,17.89999999999999,73.50000000000001,10,283
2025-10-11,A5,CHANDIGARH,2.9,30.5,24.1,22.865638306682047,88.48422220761489,4.0,9459.177717061471,10.4,7.7,4.4,9.9,31.3,31.2,32.0,24.4,24.6,22.499999999999993,72.00000000000001,10,284
2025-10-12,A5,CHANDIGARH,0.0,31.2,24.3,22.865638306682047,88.48422220761489,4.0,9459.177717061471,2.9,10.4,7.7,30.1,30.5,31.3,30.4,24.1,24.4,20.999999999999996,65.00000000000001,10,285
2025-10-13,A5,CHANDIGARH,0.0,30.6,23.7,22.865638306682047,88.48422220761489,4.0,9459.177717061471,0.0,2.9,10.4,3.7,31.2,30.5,29.1,24.3,24.1,13.299999999999994,34.90000000000002,10,286
2025-10-14,A5,CHANDIGARH,0.0,31.2,23.3,22.865638306682047,88.48422220761489,4.0,9459.177717061471,0.0,0.0,2.9,5.8,30.6,31.2,31.2,23.7,24.3,2.8999999999999946,31.200000000000014,10,287
2025-10-15,A5,CHANDIGARH,0.0,31.1,22.9,22.865638306682047,88.48422220761489,4.0,9459.177717061471,0.0,0.0,0.0,4.4,31.2,30.6,30.7,23.3,23.7,0.0,25.400000000000013,10,288
2025-10-16,A5,CHANDIGARH,0.0,31.0,22.0,22.865638306682047,88.48422220761489,4.0,9459.177717061471,0.0,0.0,0.0,7.7,31.1,31.2,31.2,22.9,23.3,0.0,21.000000000000014,10,289
2025-10-17,A5,CHANDIGARH,0.0,31.6,22.5,22.865638306682047,88.48422220761489,4.0,9459.177717061471,0.0,0.0,0.0,10.4,31.0,31.1,31.3,22.0,22.9,0.0,13.300000000000013,10,290
2025-10-18,A5,CHANDIGARH,0.0,31.9,23.9,22.865638306682047,88.48422220761489,4.0,9459.177717061471,0.0,0.0,0.0,2.9,31.6,31.0,30.5,22.5,22.0,0.0,2.900000000000014,10,291
2025-10-19,A5,CHANDIGARH,0.0,32.9,24.3,22.865638306682047,88.48422220761489,4.0,9459.177717061471,0.0,0.0,0.0,0.0,31.9,31.6,31.2,23.9,22.5,0.0,0.0,10,292
2025-10-20,A5,CHANDIGARH,0.0,33.1,23.5,22.865638306682047,88.48422220761489,4.0,9459.177717061471,0.0,0.0,0.0,0.0,32.9,31.9,30.6,24.3,23.9,0.0,0.0,10,293
2025-10-21,A5,CHANDIGARH,0.0,33.1,23.5,22.865638306682047,88.48422220761489,4.0,9459.177717061471,0.0,0.0,0.0,0.0,33.1,32.9,31.2,23.5,24.3,0.0,0.0,10,294
2025-10-22,A5,CHANDIGARH,0.0,32.4,22.9,22.865638306682047,88.48422220761489,4.0,9459.177717061471,0.0,0.0,0.0,0.0,33.1,33.1,31.1,23.5,23.5,0.0,0.0,10,295
2025-10-23,A5,CHANDIGARH,0.0,32.4,23.1,22.865638306682047,88.48422220761489,4.0,9459.177717061471,0.0,0.0,0.0,0.0,32.4,33.1,31.0,22.9,23.5,0.0,0.0,10,296
2025-10-24,A5,CHANDIGARH,0.0,32.5,22.7,22.865638306682047,88.48422220761489,4.0,9459.177717061471,0.0,0.0,0.0,0.0,32.4,32.4,31.6,23.1,22.9,0.0,0.0,10,297
2025-10-25,A5,CHANDIGARH,0.0,32.3,23.3,22.865638306682047,88.48422220761489,4.0,9459.177717061471,0.0,0.0,0.0,0.0,32.5,32.4,31.9,22.7,23.1,0.0,0.0,10,298
2025-10-26,A5,CHANDIGARH,0.0,32.4,24.2,22.865638306682047,88.48422220761489,4.0,9459.177717061471,0.0,0.0,0.0,0.0,32.3,32.5,32.9,23.3,22.7,0.0,0.0,10,299
2025-10-27,A5,CHANDIGARH,0.1,32.3,23.9,22.865638306682047,88.48422220761489,4.0,9459.177717061471,0.0,0.0,0.0,0.0,32.4,32.3,33.1,24.2,23.3,0.0,0.0,10,300
2025-10-28,A5,CHANDIGARH,0.3,32.6,24.4,22.865638306682047,88.48422220761489,4.0,9459.177717061471,0.1,0.0,0.0,0.0,32.3,32.4,33.1,23.9,24.2,0.09999999999999468,0.10000000000001422,10,301
2025-10-29,A5,CHANDIGARH,16.2,28.5,24.5,22.865638306682047,88.48422220761489,4.0,9459.177717061471,0.3,0.1,0.0,0.0,32.6,32.3,32.4,24.4,23.9,0.3999999999999947,0.40000000000001423,10,302
2025-10-30,A5,CHANDIGARH,15.4,30.5,23.8,22.865638306682047,88.48422220761489,4.0,9459.177717061471,16.2,0.3,0.1,0.0,28.5,32.6,32.4,24.5,24.4,16.599999999999994,16.600000000000012,10,303
2025-10-31,A5,CHANDIGARH,0.6,31.6,24.3,22.865638306682047,88.48422220761489,4.0,9459.177717061471,15.4,16.2,0.3,0.0,30.5,28.5,32.5,23.8,24.5,31.89999999999999,32.000000000000014,10,304
2025-11-01,A5,CHANDIGARH,15.8,30.4,25.1,22.865638306682047,88.48422220761489,4.0,9459.177717061471,0.6,15.4,16.2,0.0,31.6,30.5,32.3,24.3,23.8,32.199999999999996,32.600000000000016,11,305
2025-11-02,A5,CHANDIGARH,0.0,28.4,23.2,22.865638306682047,88.48422220761489,4.0,9459.177717061471,15.8,0.6,15.4,0.0,30.4,31.6,32.4,25.1,24.3,31.799999999999997,48.40000000000001,11,306
2025-11-03,A5,CHANDIGARH,0.0,29.7,22.2,22.865638306682047,88.48422220761489,4.0,9459.177717061471,0.0,15.8,0.6,0.1,28.4,30.4,32.3,23.2,25.1,16.4,48.40000000000001,11,307
2025-11-04,A5,CHANDIGARH,0.0,29.6,19.8,22.865638306682047,88.48422220761489,4.0,9459.177717061471,0.0,0.0,15.8,0.3,29.7,28.4,32.6,22.2,23.2,15.799999999999997,48.30000000000001,11,308
2025-11-05,A5,CHANDIGARH,0.0,29.9,21.3,22.865638306682047,88.48422220761489,4.0,9459.177717061471,0.0,0.0,0.0,16.2,29.6,29.7,28.5,19.8,22.2,0.0,48.000000000000014,11,309
2025-11-06,A5,CHANDIGARH,0.3,30.2,21.4,22.865638306682047,88.48422220761489,4.0,9459.177717061471,0.0,0.0,0.0,15.4,29.9,29.6,30.5,21.3,19.8,0.0,31.800000000000015,11,310
2025-11-07,A5,CHANDIGARH,0.0,30.0,22.7,22.865638306682047,88.48422220761489,4.0,9459.177717061471,0.3,0.0,0.0,0.6,30.2,29.9,31.6,21.4,21.3,0.29999999999999644,16.700000000000014,11,311
2025-11-08,A5,CHANDIGARH,0.0,29.3,20.0,22.865638306682047,88.48422220761489,4.0,9459.177717061471,0.0,0.3,0.0,15.8,30.0,30.2,30.4,22.7,21.4,0.29999999999999644,16.100000000000016,11,312
2025-11-09,A5,CHANDIGARH,0.0,28.2,18.0,22.865638306682047,88.48422220761489,4.0,9459.177717061471,0.0,0.0,0.3,0.0,29.3,30.0,28.4,20.0,22.7,0.29999999999999644,0.3000000000000142,11,313
2025-11-10,A5,CHANDIGARH,0.0,28.5,18.2,22.865638306682047,88.48422220761489,4.0,9459.177717061471,0.0,0.0,0.0,0.0,28.2,29.3,29.7,18.0,20.0,0.0,0.3000000000000142,11,314
2025-11-11,A5,CHANDIGARH,0.0,27.7,17.2,22.865638306682047,88.48422220761489,4.0,9459.177717061471,0.0,0.0,0.0,0.0,28.5,28.2,29.6,18.2,18.0,0.0,0.3000000000000142,11,315
2025-11-12,A5,CHANDIGARH,0.0,26.8,16.4,22.865638306682047,88.48422220761489,4.0,9459.177717061471,0.0,0.0,0.0,0.0,27.7,28.5,29.9,17.2,18.2,0.0,0.3000000000000142,11,316
2025-11-13,A5,CHANDIGARH,0.0,26.9,16.4,22.865638306682047,88.48422220761489,4.0,9459.177717061471,0.0,0.0,0.0,0.3,26.8,27.7,30.2,16.4,17.2,0.0,0.3000000000000142,11,317
2025-11-14,A5,CHANDIGARH,0.0,26.8,16.3,22.865638306682047,88.48422220761489,4.0,9459.177717061471,0.0,0.0,0.0,0.0,26.9,26.8,30.0,16.4,16.4,0.0,0.0,11,318
2025-11-15,A5,CHANDIGARH,0.0,27.2,16.4,22.865638306682047,88.48422220761489,4.0,9459.177717061471,0.0,0.0,0.0,0.0,26.8,26.9,29.3,16.3,16.4,0.0,0.0,11,319
2025-11-16,A5,CHANDIGARH,0.0,27.2,16.5,22.865638306682047,88.48422220761489,4.0,9459.177717061471,0.0,0.0,0.0,0.0,27.2,26.8,28.2,16.4,16.3,0.0,0.0,11,320
2025-11-17,A5,CHANDIGARH,0.0,27.1,17.5,22.865638306682047,88.48422220761489,4.0,9459.177717061471,0.0,0.0,0.0,0.0,27.2,27.2,28.5,16.5,16.4,0.0,0.0,11,321
2025-11-18,A5,CHANDIGARH,0.0,27.9,17.2,22.865638306682047,88.48422220761489,4.0,9459.177717061471,0.0,0.0,0.0,0.0,27.1,27.2,27.7,17.5,16.5,0.0,0.0,11,322
2025-11-19,A5,CHANDIGARH,0.0,28.6,16.7,22.865638306682047,88.48422220761489,4.0,9459.177717061471,0.0,0.0,0.0,0.0,27.9,27.1,26.8,17.2,17.5,0.0,0.0,11,323
2025-11-20,A5,CHANDIGARH,0.0,28.1,17.4,22.865638306682047,88.48422220761489,4.0,9459.177717061471,0.0,0.0,0.0,0.0,28.6,27.9,26.9,16.7,17.2,0.0,0.0,11,324
2025-11-21,A5,CHANDIGARH,0.0,28.3,17.8,22.865638306682047,88.48422220761489,4.0,9459.177717061471,0.0,0.0,0.0,0.0,28.1,28.6,26.8,17.4,16.7,0.0,0.0,11,325
2025-11-22,A5,CHANDIGARH,0.0,27.9,17.2,22.865638306682047,88.48422220761489,4.0,9459.177717061471,0.0,0.0,0.0,0.0,28.3,28.1,27.2,17.8,17.4,0.0,0.0,11,326
2025-11-23,A5,CHANDIGARH,0.0,27.7,16.7,22.865638306682047,88.48422220761489,4.0,9459.177717061471,0.0,0.0,0.0,0.0,27.9,28.3,27.2,17.2,17.8,0.0,0.0,11,327
2025-11-24,A5,CHANDIGARH,0.0,26.7,16.4,22.865638306682047,88.48422220761489,4.0,9459.177717061471,0.0,0.0,0.0,0.0,27.7,27.9,27.1,16.7,17.2,0.0,0.0,11,328
2025-11-25,A5,CHANDIGARH,0.0,26.1,15.4,22.865638306682047,88.48422220761489,4.0,9459.177717061471,0.0,0.0,0.0,0.0,26.7,27.7,27.9,16.4,16.7,0.0,0.0,11,329
2025-11-26,A5,CHANDIGARH,0.0,25.8,14.7,22.865638306682047,88.48422220761489,4.0,9459.177717061471,0.0,0.0,0.0,0.0,26.1,26.7,28.6,15.4,16.4,0.0,0.0,11,330
2025-11-27,A5,CHANDIGARH,0.0,26.7,15.4,22.865638306682047,88.48422220761489,4.0,9459.177717061471,0.0,0.0,0.0,0.0,25.8,26.1,28.1,14.7,15.4,0.0,0.0,11,331
2025-11-28,A5,CHANDIGARH,0.0,27.0,16.8,22.865638306682047,88.48422220761489,4.0,9459.177717061471,0.0,0.0,0.0,0.0,26.7,25.8,28.3,15.4,14.7,0.0,0.0,11,332
2025-11-29,A5,CHANDIGARH,0.0,26.9,16.8,22.865638306682047,88.48422220761489,4.0,9459.177717061471,0.0,0.0,0.0,0.0,27.0,26.7,27.9,16.8,15.4,0.0,0.0,11,333
2025-11-30,A5,CHANDIGARH,0.0,26.9,16.8,22.865638306682047,88.48422220761489,4.0,9459.177717061471,0.0,0.0,0.0,0.0,26.9,27.0,27.7,16.8,16.8,0.0,0.0,11,334
2025-12-01,A5,CHANDIGARH,0.0,26.5,16.3,22.865638306682047,88.48422220761489,4.0,9459.177717061471,0.0,0.0,0.0,0.0,26.9,26.9,26.7,16.8,16.8,0.0,0.0,12,335
2025-12-02,A5,CHANDIGARH,0.0,26.7,17.2,22.865638306682047,88.48422220761489,4.0,9459.177717061471,0.0,0.0,0.0,0.0,26.5,26.9,26.1,16.3,16.8,0.0,0.0,12,336
2025-12-03,A5,CHANDIGARH,0.0,25.9,15.7,22.865638306682047,88.48422220761489,4.0,9459.177717061471,0.0,0.0,0.0,0.0,26.7,26.5,25.8,17.2,16.3,0.0,0.0,12,337
2025-12-04,A5,CHANDIGARH,0.0,25.2,14.2,22.865638306682047,88.48422220761489,4.0,9459.177717061471,0.0,0.0,0.0,0.0,25.9,26.7,26.7,15.7,17.2,0.0,0.0,12,338
2025-12-05,A5,CHANDIGARH,0.0,25.4,14.7,22.865638306682047,88.48422220761489,4.0,9459.177717061471,0.0,0.0,0.0,0.0,25.2,25.9,27.0,14.2,15.7,0.0,0.0,12,339
2025-12-06,A5,CHANDIGARH,0.0,24.4,12.6,22.865638306682047,88.48422220761489,4.0,9459.177717061471,0.0,0.0,0.0,0.0,25.4,25.2,26.9,14.7,14.2,0.0,0.0,12,340
2025-12-07,A5,CHANDIGARH,0.0,24.7,13.6,22.865638306682047,88.48422220761489,4.0,9459.177717061471,0.0,0.0,0.0,0.0,24.4,25.4,26.9,12.6,14.7,0.0,0.0,12,341
2025-12-08,A5,CHANDIGARH,0.0,24.8,13.8,22.865638306682047,88.48422220761489,4.0,9459.177717061471,0.0,0.0,0.0,0.0,24.7,24.4,26.5,13.6,12.6,0.0,0.0,12,342
2025-12-09,A5,CHANDIGARH,0.0,25.0,14.3,22.865638306682047,88.48422220761489,4.0,9459.177717061471,0.0,0.0,0.0,0.0,24.8,24.7,26.7,13.8,13.6,0.0,0.0,12,343
2025-12-10,A5,CHANDIGARH,0.0,25.0,14.1,22.865638306682047,88.48422220761489,4.0,9459.177717061471,0.0,0.0,0.0,0.0,25.0,24.8,25.9,14.3,13.8,0.0,0.0,12,344
2025-12-11,A5,CHANDIGARH,0.0,24.9,13.7,22.865638306682047,88.48422220761489,4.0,9459.177717061471,0.0,0.0,0.0,0.0,25.0,25.0,25.2,14.1,14.3,0.0,0.0,12,345
2025-12-12,A5,CHANDIGARH,0.0,24.9,14.0,22.865638306682047,88.48422220761489,4.0,9459.177717061471,0.0,0.0,0.0,0.0,24.9,25.0,25.4,13.7,14.1,0.0,0.0,12,346
2025-12-13,A5,CHANDIGARH,0.0,25.2,14.3,22.865638306682047,88.48422220761489,4.0,9459.177717061471,0.0,0.0,0.0,0.0,24.9,24.9,24.4,14.0,13.7,0.0,0.0,12,347
2025-12-14,A5,CHANDIGARH,0.0,26.3,14.5,22.865638306682047,88.48422220761489,4.0,9459.177717061471,0.0,0.0,0.0,0.0,25.2,24.9,24.7,14.3,14.0,0.0,0.0,12,348
2025-12-15,A5,CHANDIGARH,0.0,25.9,14.9,22.865638306682047,88.48422220761489,4.0,9459.177717061471,0.0,0.0,0.0,0.0,26.3,25.2,24.8,14.5,14.3,0.0,0.0,12,349
2025-12-16,A5,CHANDIGARH,0.0,24.9,14.4,22.865638306682047,88.48422220761489,4.0,9459.177717061471,0.0,0.0,0.0,0.0,25.9,26.3,25.0,14.9,14.5,0.0,0.0,12,350
2025-12-17,A5,CHANDIGARH,0.0,25.0,14.1,22.865638306682047,88.48422220761489,4.0,9459.177717061471,0.0,0.0,0.0,0.0,24.9,25.9,25.0,14.4,14.9,0.0,0.0,12,351
2025-12-18,A5,CHANDIGARH,0.0,26.2,14.8,22.865638306682047,88.48422220761489,4.0,9459.177717061471,0.0,0.0,0.0,0.0,25.0,24.9,24.9,14.1,14.4,0.0,0.0,12,352
2025-12-19,A5,CHANDIGARH,0.0,25.8,15.5,22.865638306682047,88.48422220761489,4.0,9459.177717061471,0.0,0.0,0.0,0.0,26.2,25.0,24.9,14.8,14.1,0.0,0.0,12,353
2025-12-20,A5,CHANDIGARH,0.0,23.8,15.5,22.865638306682047,88.48422220761489,4.0,9459.177717061471,0.0,0.0,0.0,0.0,25.8,26.2,25.2,15.5,14.8,0.0,0.0,12,354
2025-12-21,A5,CHANDIGARH,0.0,23.4,14.4,22.865638306682047,88.48422220761489,4.0,9459.177717061471,0.0,0.0,0.0,0.0,23.8,25.8,26.3,15.5,15.5,0.0,0.0,12,355
2025-12-22,A5,CHANDIGARH,0.0,24.3,14.5,22.865638306682047,88.48422220761489,4.0,9459.177717061471,0.0,0.0,0.0,0.0,23.4,23.8,25.9,14.4,15.5,0.0,0.0,12,356
2025-12-23,A5,CHANDIGARH,0.0,23.9,14.0,22.865638306682047,88.48422220761489,4.0,9459.177717061471,0.0,0.0,0.0,0.0,24.3,23.4,24.9,14.5,14.4,0.0,0.0,12,357
2025-12-24,A5,CHANDIGARH,0.0,23.5,13.4,22.865638306682047,88.48422220761489,4.0,9459.177717061471,0.0,0.0,0.0,0.0,23.9,24.3,25.0,14.0,14.5,0.0,0.0,12,358
2025-12-25,A5,CHANDIGARH,0.0,21.2,11.7,22.865638306682047,88.48422220761489,4.0,9459.177717061471,0.0,0.0,0.0,0.0,23.5,23.9,26.2,13.4,14.0,0.0,0.0,12,359
2025-12-26,A5,CHANDIGARH,0.0,21.6,11.0,22.865638306682047,88.48422220761489,4.0,9459.177717061471,0.0,0.0,0.0,0.0,21.2,23.5,25.8,11.7,13.4,0.0,0.0,12,360
2025-12-27,A5,CHANDIGARH,0.0,22.8,12.1,22.865638306682047,88.48422220761489,4.0,9459.177717061471,0.0,0.0,0.0,0.0,21.6,21.2,23.8,11.0,11.7,0.0,0.0,12,361
2025-12-28,A5,CHANDIGARH,0.0,21.8,12.7,22.865638306682047,88.48422220761489,4.0,9459.177717061471,0.0,0.0,0.0,0.0,22.8,21.6,23.4,12.1,11.0,0.0,0.0,12,362
2025-12-29,A5,CHANDIGARH,0.0,20.0,11.8,22.865638306682047,88.48422220761489,4.0,9459.177717061471,0.0,0.0,0.0,0.0,21.8,22.8,24.3,12.7,12.1,0.0,0.0,12,363
2025-12-30,A5,CHANDIGARH,0.0,19.2,10.6,22.865638306682047,88.48422220761489,4.0,9459.177717061471,0.0,0.0,0.0,0.0,20.0,21.8,23.9,11.8,12.7,0.0,0.0,12,364
2025-12-31,A5,CHANDIGARH,0.0,20.5,9.2,22.865638306682047,88.48422220761489,4.0,9459.177717061471,0.0,0.0,0.0,0.0,19.2,20.0,23.5,10.6,11.8,0.0,0.0,12,365
2024-01-08,A6,MARICHA,0.0,25.5,15.4,22.915610145715505,88.52656344194293,9.0,6607.86061057882,0.0,0.0,0.0,0.0,25.8,26.2,24.7,14.9,12.9,0.0,0.0,1,8
2024-01-09,A6,MARICHA,0.0,24.9,13.3,22.915610145715505,88.52656344194293,9.0,6607.86061057882,0.0,0.0,0.0,0.0,25.5,25.8,22.9,15.4,14.9,0.0,0.0,1,9
2024-01-10,A6,MARICHA,0.0,25.5,12.7,22.915610145715505,88.52656344194293,9.0,6607.86061057882,0.0,0.0,0.0,0.0,24.9,25.5,24.3,13.3,15.4,0.0,0.0,1,10
2024-01-11,A6,MARICHA,0.0,24.6,13.0,22.915610145715505,88.52656344194293,9.0,6607.86061057882,0.0,0.0,0.0,0.0,25.5,24.9,25.0,12.7,13.3,0.0,0.0,1,11
2024-01-12,A6,MARICHA,0.0,22.4,10.8,22.915610145715505,88.52656344194293,9.0,6607.86061057882,0.0,0.0,0.0,0.0,24.6,25.5,25.5,13.0,12.7,0.0,0.0,1,12
2024-01-13,A6,MARICHA,0.0,22.4,10.2,22.915610145715505,88.52656344194293,9.0,6607.86061057882,0.0,0.0,0.0,0.0,22.4,24.6,26.2,10.8,13.0,0.0,0.0,1,13
2024-01-14,A6,MARICHA,0.0,21.9,10.4,22.915610145715505,88.52656344194293,9.0,6607.86061057882,0.0,0.0,0.0,0.0,22.4,22.4,25.8,10.2,10.8,0.0,0.0,1,14
2024-01-15,A6,MARICHA,0.0,21.6,10.4,22.915610145715505,88.52656344194293,9.0,6607.86061057882,0.0,0.0,0.0,0.0,21.9,22.4,25.5,10.4,10.2,0.0,0.0,1,15
2024-01-16,A6,MARICHA,0.0,21.8,10.3,22.915610145715505,88.52656344194293,9.0,6607.86061057882,0.0,0.0,0.0,0.0,21.6,21.9,24.9,10.4,10.4,0.0,0.0,1,16
2024-01-17,A6,MARICHA,0.1,23.1,9.9,22.915610145715505,88.52656344194293,9.0,6607.86061057882,0.0,0.0,0.0,0.0,21.8,21.6,25.5,10.3,10.4,0.0,0.0,1,17
2024-01-18,A6,MARICHA,7.1,22.3,14.9,22.915610145715505,88.52656344194293,9.0,6607.86061057882,0.1,0.0,0.0,0.0,23.1,21.8,24.6,9.9,10.3,0.1,0.1,1,18
2024-01-19,A6,MARICHA,0.0,22.9,14.7,22.915610145715505,88.52656344194293,9.0,6607.86061057882,7.1,0.1,0.0,0.0,22.3,23.1,22.4,14.9,9.9,7.199999999999999,7.199999999999999,1,19
2024-01-20,A6,MARICHA,0.0,22.3,12.3,22.915610145715505,88.52656344194293,9.0,6607.86061057882,0.0,7.1,0.1,0.0,22.9,22.3,22.4,14.7,14.9,7.199999999999999,7.199999999999999,1,20
2024-01-21,A6,MARICHA,0.0,22.6,12.9,22.915610145715505,88.52656344194293,9.0,6607.86061057882,0.0,0.0,7.1,0.0,22.3,22.9,21.9,12.3,14.7,7.1,7.199999999999999,1,21
2024-01-22,A6,MARICHA,0.0,20.8,10.6,22.915610145715505,88.52656344194293,9.0,6607.86061057882,0.0,0.0,0.0,0.0,22.6,22.3,21.6,12.9,12.3,0.0,7.199999999999999,1,22
2024-01-23,A6,MARICHA,0.0,22.1,9.2,22.915610145715505,88.52656344194293,9.0,6607.86061057882,0.0,0.0,0.0,0.0,20.8,22.6,21.8,10.6,12.9,0.0,7.199999999999999,1,23
2024-01-24,A6,MARICHA,3.2,21.5,15.1,22.915610145715505,88.52656344194293,9.0,6607.86061057882,0.0,0.0,0.0,0.1,22.1,20.8,23.1,9.2,10.6,0.0,7.199999999999999,1,24
2024-01-25,A6,MARICHA,0.0,22.7,13.0,22.915610145715505,88.52656344194293,9.0,6607.86061057882,3.2,0.0,0.0,7.1,21.5,22.1,22.3,15.1,9.2,3.2,10.3,1,25
2024-01-26,A6,MARICHA,0.0,22.6,12.5,22.915610145715505,88.52656344194293,9.0,6607.86061057882,0.0,3.2,0.0,0.0,22.7,21.5,22.9,13.0,15.1,3.2,3.2,1,26
2024-01-27,A6,MARICHA,0.0,22.6,11.0,22.915610145715505,88.52656344194293,9.0,6607.86061057882,0.0,0.0,3.2,0.0,22.6,22.7,22.3,12.5,13.0,3.2,3.2,1,27
2024-01-28,A6,MARICHA,0.0,23.1,10.0,22.915610145715505,88.52656344194293,9.0,6607.86061057882,0.0,0.0,0.0,0.0,22.6,22.6,22.6,11.0,12.5,0.0,3.2,1,28
2024-01-29,A6,MARICHA,0.0,24.4,10.4,22.915610145715505,88.52656344194293,9.0,6607.86061057882,0.0,0.0,0.0,0.0,23.1,22.6,20.8,10.0,11.0,0.0,3.2,1,29
2024-01-30,A6,MARICHA,0.9,26.0,12.8,22.915610145715505,88.52656344194293,9.0,6607.86061057882,0.0,0.0,0.0,0.0,24.4,23.1,22.1,10.4,10.0,0.0,3.2,1,30
2024-01-31,A6,MARICHA,14.2,24.9,17.4,22.915610145715505,88.52656344194293,9.0,6607.86061057882,0.9,0.0,0.0,3.2,26.0,24.4,21.5,12.8,10.4,0.9,4.1000000000000005,1,31
2024-02-01,A6,MARICHA,4.0,24.4,16.1,22.915610145715505,88.52656344194293,9.0,6607.86061057882,14.2,0.9,0.0,0.0,24.9,26.0,22.7,17.4,12.8,15.1,15.1,2,32
2024-02-02,A6,MARICHA,0.5,26.3,16.5,22.915610145715505,88.52656344194293,9.0,6607.86061057882,4.0,14.2,0.9,0.0,24.4,24.9,22.6,16.1,17.4,19.1,19.1,2,33
2024-02-03,A6,MARICHA,0.0,25.5,14.9,22.915610145715505,88.52656344194293,9.0,6607.86061057882,0.5,4.0,14.2,0.0,26.3,24.4,22.6,16.5,16.1,18.700000000000003,19.6,2,34
2024-02-04,A6,MARICHA,0.0,25.9,12.5,22.915610145715505,88.52656344194293,9.0,6607.86061057882,0.0,0.5,4.0,0.0,25.5,26.3,23.1,14.9,16.5,4.5,19.6,2,35
2024-02-05,A6,MARICHA,0.0,26.7,14.6,22.915610145715505,88.52656344194293,9.0,6607.86061057882,0.0,0.0,0.5,0.0,25.9,25.5,24.4,12.5,14.9,0.5,19.6,2,36
2024-02-06,A6,MARICHA,1.3,26.7,17.6,22.915610145715505,88.52656344194293,9.0,6607.86061057882,0.0,0.0,0.0,0.9,26.7,25.9,26.0,14.6,12.5,0.0,19.6,2,37
2024-02-07,A6,MARICHA,0.0,25.2,17.2,22.915610145715505,88.52656344194293,9.0,6607.86061057882,1.3,0.0,0.0,14.2,26.7,26.7,24.9,17.6,14.6,1.3,20.0,2,38
2024-02-08,A6,MARICHA,0.0,24.3,13.9,22.915610145715505,88.52656344194293,9.0,6607.86061057882,0.0,1.3,0.0,4.0,25.2,26.7,24.4,17.2,17.6,1.3,5.8,2,39
2024-02-09,A6,MARICHA,0.0,22.8,12.8,22.915610145715505,88.52656344194293,9.0,6607.86061057882,0.0,0.0,1.3,0.5,24.3,25.2,26.3,13.9,17.2,1.3,1.8,2,40
2024-02-10,A6,MARICHA,0.0,24.5,11.2,22.915610145715505,88.52656344194293,9.0,6607.86061057882,0.0,0.0,0.0,0.0,22.8,24.3,25.5,12.8,13.9,0.0,1.3,2,41
2024-02-11,A6,MARICHA,0.0,26.3,12.0,22.915610145715505,88.52656344194293,9.0,6607.86061057882,0.0,0.0,0.0,0.0,24.5,22.8,25.9,11.2,12.8,0.0,1.3,2,42
2024-02-12,A6,MARICHA,0.0,27.1,13.8,22.915610145715505,88.52656344194293,9.0,6607.86061057882,0.0,0.0,0.0,0.0,26.3,24.5,26.7,12.0,11.2,0.0,1.3,2,43
2024-02-13,A6,MARICHA,0.0,28.7,16.8,22.915610145715505,88.52656344194293,9.0,6607.86061057882,0.0,0.0,0.0,1.3,27.1,26.3,26.7,13.8,12.0,0.0,1.3,2,44
2024-02-14,A6,MARICHA,0.0,28.1,15.8,22.915610145715505,88.52656344194293,9.0,6607.86061057882,0.0,0.0,0.0,0.0,28.7,27.1,25.2,16.8,13.8,0.0,0.0,2,45
2024-02-15,A6,MARICHA,0.6,27.5,17.1,22.915610145715505,88.52656344194293,9.0,6607.86061057882,0.0,0.0,0.0,0.0,28.1,28.7,24.3,15.8,16.8,0.0,0.0,2,46
2024-02-16,A6,MARICHA,0.0,28.5,17.4,22.915610145715505,88.52656344194293,9.0,6607.86061057882,0.6,0.0,0.0,0.0,27.5,28.1,22.8,17.1,15.8,0.6,0.6,2,47
2024-02-17,A6,MARICHA,0.0,27.5,15.2,22.915610145715505,88.52656344194293,9.0,6607.86061057882,0.0,0.6,0.0,0.0,28.5,27.5,24.5,17.4,17.1,0.6,0.6,2,48
2024-02-18,A6,MARICHA,0.2,28.4,15.7,22.915610145715505,88.52656344194293,9.0,6607.86061057882,0.0,0.0,0.6,0.0,27.5,28.5,26.3,15.2,17.4,0.6,0.6,2,49
2024-02-19,A6,MARICHA,0.2,29.2,18.0,22.915610145715505,88.52656344194293,9.0,6607.86061057882,0.2,0.0,0.0,0.0,28.4,27.5,27.1,15.7,15.2,0.2,0.8,2,50
2024-02-20,A6,MARICHA,0.8,31.0,20.8,22.915610145715505,88.52656344194293,9.0,6607.86061057882,0.2,0.2,0.0,0.0,29.2,28.4,28.7,18.0,15.7,0.4,1.0,2,51
2024-02-21,A6,MARICHA,0.0,32.5,20.6,22.915610145715505,88.52656344194293,9.0,6607.86061057882,0.8,0.2,0.2,0.0,31.0,29.2,28.1,20.8,18.0,1.2000000000000002,1.8,2,52
2024-02-22,A6,MARICHA,0.5,28.8,20.6,22.915610145715505,88.52656344194293,9.0,6607.86061057882,0.0,0.8,0.2,0.6,32.5,31.0,27.5,20.6,20.8,1.0,1.8,2,53
2024-02-23,A6,MARICHA,1.0,28.4,19.1,22.915610145715505,88.52656344194293,9.0,6607.86061057882,0.5,0.0,0.8,0.0,28.8,32.5,28.5,20.6,20.6,1.3,1.7000000000000002,2,54
2024-02-24,A6,MARICHA,0.2,28.3,16.8,22.915610145715505,88.52656344194293,9.0,6607.86061057882,1.0,0.5,0.0,0.0,28.4,28.8,27.5,19.1,20.6,1.5,2.7,2,55
2024-02-25,A6,MARICHA,0.0,25.2,18.2,22.915610145715505,88.52656344194293,9.0,6607.86061057882,0.2,1.0,0.5,0.2,28.3,28.4,28.4,16.8,19.1,1.7,2.9000000000000004,2,56
2024-02-26,A6,MARICHA,0.0,27.9,17.0,22.915610145715505,88.52656344194293,9.0,6607.86061057882,0.0,0.2,1.0,0.2,25.2,28.3,29.2,18.2,16.8,1.2,2.7,2,57
2024-02-27,A6,MARICHA,0.0,28.4,17.2,22.915610145715505,88.52656344194293,9.0,6607.86061057882,0.0,0.0,0.2,0.8,27.9,25.2,31.0,17.0,18.2,0.2,2.5,2,58
2024-02-28,A6,MARICHA,0.0,28.9,17.9,22.915610145715505,88.52656344194293,9.0,6607.86061057882,0.0,0.0,0.0,0.0,28.4,27.9,32.5,17.2,17.0,0.0,1.7,2,59
2024-02-29,A6,MARICHA,0.0,29.4,17.8,22.915610145715505,88.52656344194293,9.0,6607.86061057882,0.0,0.0,0.0,0.5,28.9,28.4,28.8,17.9,17.2,0.0,1.7,2,60
2024-03-01,A6,MARICHA,0.0,29.9,16.4,22.915610145715505,88.52656344194293,9.0,6607.86061057882,0.0,0.0,0.0,1.0,29.4,28.9,28.4,17.8,17.9,0.0,1.2,3,61
2024-03-02,A6,MARICHA,0.0,30.0,16.1,22.915610145715505,88.52656344194293,9.0,6607.86061057882,0.0,0.0,0.0,0.2,29.9,29.4,28.3,16.4,17.8,0.0,0.2,3,62
2024-03-03,A6,MARICHA,0.1,31.0,18.3,22.915610145715505,88.52656344194293,9.0,6607.86061057882,0.0,0.0,0.0,0.0,30.0,29.9,25.2,16.1,16.4,0.0,0.0,3,63
2024-03-04,A6,MARICHA,0.7,30.9,19.8,22.915610145715505,88.52656344194293,9.0,6607.86061057882,0.1,0.0,0.0,0.0,31.0,30.0,27.9,18.3,16.1,0.1,0.1,3,64
2024-03-05,A6,MARICHA,0.0,30.3,20.1,22.915610145715505,88.52656344194293,9.0,6607.86061057882,0.7,0.1,0.0,0.0,30.9,31.0,28.4,19.8,18.3,0.7999999999999999,0.7999999999999999,3,65
2024-03-06,A6,MARICHA,0.0,29.0,17.9,22.915610145715505,88.52656344194293,9.0,6607.86061057882,0.0,0.7,0.1,0.0,30.3,30.9,28.9,20.1,19.8,0.7999999999999999,0.7999999999999999,3,66
2024-03-07,A6,MARICHA,0.0,28.4,18.5,22.915610145715505,88.52656344194293,9.0,6607.86061057882,0.0,0.0,0.7,0.0,29.0,30.3,29.4,17.9,20.1,0.7,0.7999999999999999,3,67
2024-03-08,A6,MARICHA,0.0,29.9,18.3,22.915610145715505,88.52656344194293,9.0,6607.86061057882,0.0,0.0,0.0,0.0,28.4,29.0,29.9,18.5,17.9,0.0,0.7999999999999999,3,68
2024-03-09,A6,MARICHA,0.0,29.2,15.2,22.915610145715505,88.52656344194293,9.0,6607.86061057882,0.0,0.0,0.0,0.0,29.9,28.4,30.0,18.3,18.5,0.0,0.7999999999999999,3,69
2024-03-10,A6,MARICHA,0.0,29.1,14.7,22.915610145715505,88.52656344194293,9.0,6607.86061057882,0.0,0.0,0.0,0.1,29.2,29.9,31.0,15.2,18.3,0.0,0.7999999999999999,3,70
2024-03-11,A6,MARICHA,0.0,30.1,14.9,22.915610145715505,88.52656344194293,9.0,6607.86061057882,0.0,0.0,0.0,0.7,29.1,29.2,30.9,14.7,15.2,0.0,0.7,3,71
2024-03-12,A6,MARICHA,0.0,32.3,19.5,22.915610145715505,88.52656344194293,9.0,6607.86061057882,0.0,0.0,0.0,0.0,30.1,29.1,30.3,14.9,14.7,0.0,0.0,3,72
2024-03-13,A6,MARICHA,0.4,33.3,23.0,22.915610145715505,88.52656344194293,9.0,6607.86061057882,0.0,0.0,0.0,0.0,32.3,30.1,29.0,19.5,14.9,0.0,0.0,3,73
2024-03-14,A6,MARICHA,12.7,31.5,21.7,22.915610145715505,88.52656344194293,9.0,6607.86061057882,0.4,0.0,0.0,0.0,33.3,32.3,28.4,23.0,19.5,0.4,0.4,3,74
2024-03-15,A6,MARICHA,0.9,33.3,22.0,22.915610145715505,88.52656344194293,9.0,6607.86061057882,12.7,0.4,0.0,0.0,31.5,33.3,29.9,21.7,23.0,13.1,13.1,3,75
2024-03-16,A6,MARICHA,0.8,30.8,22.5,22.915610145715505,88.52656344194293,9.0,6607.86061057882,0.9,12.7,0.4,0.0,33.3,31.5,29.2,22.0,21.7,14.0,14.0,3,76
2024-03-17,A6,MARICHA,0.0,31.4,21.2,22.915610145715505,88.52656344194293,9.0,6607.86061057882,0.8,0.9,12.7,0.0,30.8,33.3,29.1,22.5,22.0,14.399999999999999,14.799999999999999,3,77
2024-03-18,A6,MARICHA,1.6,29.7,21.8,22.915610145715505,88.52656344194293,9.0,6607.86061057882,0.0,0.8,0.9,0.0,31.4,30.8,30.1,21.2,22.5,1.7000000000000002,14.799999999999999,3,78
2024-03-19,A6,MARICHA,9.7,30.2,22.2,22.915610145715505,88.52656344194293,9.0,6607.86061057882,1.6,0.0,0.8,0.0,29.7,31.4,32.3,21.8,21.2,2.4000000000000004,16.4,3,79
2024-03-20,A6,MARICHA,13.7,23.2,18.8,22.915610145715505,88.52656344194293,9.0,6607.86061057882,9.7,1.6,0.0,0.4,30.2,29.7,33.3,22.2,21.8,11.299999999999999,26.1,3,80
2024-03-21,A6,MARICHA,6.8,26.9,18.6,22.915610145715505,88.52656344194293,9.0,6607.86061057882,13.7,9.7,1.6,12.7,23.2,30.2,31.5,18.8,22.2,25.0,39.4,3,81
2024-03-22,A6,MARICHA,0.2,27.5,17.3,22.915610145715505,88.52656344194293,9.0,6607.86061057882,6.8,13.7,9.7,0.9,26.9,23.2,33.3,18.6,18.8,30.199999999999996,33.5,3,82
2024-03-23,A6,MARICHA,5.5,31.7,19.0,22.915610145715505,88.52656344194293,9.0,6607.86061057882,0.2,6.8,13.7,0.8,27.5,26.9,30.8,17.3,18.6,20.7,32.8,3,83
2024-03-24,A6,MARICHA,0.0,33.5,23.7,22.915610145715505,88.52656344194293,9.0,6607.86061057882,5.5,0.2,6.8,0.0,31.7,27.5,31.4,19.0,17.3,12.5,37.5,3,84
2024-03-25,A6,MARICHA,13.8,33.0,22.6,22.915610145715505,88.52656344194293,9.0,6607.86061057882,0.0,5.5,0.2,1.6,33.5,31.7,29.7,23.7,19.0,5.7,37.5,3,85
2024-03-26,A6,MARICHA,0.6,32.2,23.8,22.915610145715505,88.52656344194293,9.0,6607.86061057882,13.8,0.0,5.5,9.7,33.0,33.5,30.2,22.6,23.7,19.3,49.699999999999996,3,86
2024-03-27,A6,MARICHA,0.8,34.1,22.6,22.915610145715505,88.52656344194293,9.0,6607.86061057882,0.6,13.8,0.0,13.7,32.2,33.0,23.2,23.8,22.6,14.4,40.6,3,87
2024-03-28,A6,MARICHA,1.2,32.6,22.4,22.915610145715505,88.52656344194293,9.0,6607.86061057882,0.8,0.6,13.8,6.8,34.1,32.2,26.9,22.6,23.8,15.200000000000001,27.7,3,88
2024-03-29,A6,MARICHA,0.0,33.6,24.5,22.915610145715505,88.52656344194293,9.0,6607.86061057882,1.2,0.8,0.6,0.2,32.6,34.1,27.5,22.4,22.6,2.6,22.1,3,89
2024-03-30,A6,MARICHA,0.0,35.4,24.7,22.915610145715505,88.52656344194293,9.0,6607.86061057882,0.0,1.2,0.8,5.5,33.6,32.6,31.7,24.5,22.4,2.0,21.900000000000002,3,90
2024-03-31,A6,MARICHA,6.4,35.0,25.0,22.915610145715505,88.52656344194293,9.0,6607.86061057882,0.0,0.0,1.2,0.0,35.4,33.6,33.5,24.7,24.5,1.2000000000000002,16.4,3,91
2024-04-01,A6,MARICHA,0.0,35.9,24.9,22.915610145715505,88.52656344194293,9.0,6607.86061057882,6.4,0.0,0.0,13.8,35.0,35.4,33.0,25.0,24.7,6.4,22.799999999999997,4,92
2024-04-02,A6,MARICHA,0.0,35.6,23.4,22.915610145715505,88.52656344194293,9.0,6607.86061057882,0.0,6.4,0.0,0.6,35.9,35.0,32.2,24.9,25.0,6.4,9.0,4,93
2024-04-03,A6,MARICHA,0.0,35.6,25.0,22.915610145715505,88.52656344194293,9.0,6607.86061057882,0.0,0.0,6.4,0.8,35.6,35.9,34.1,23.4,24.9,6.4,8.4,4,94
2024-04-04,A6,MARICHA,15.1,36.7,25.9,22.915610145715505,88.52656344194293,9.0,6607.86061057882,0.0,0.0,0.0,1.2,35.6,35.6,32.6,25.0,23.4,0.0,7.6,4,95
2024-04-05,A6,MARICHA,0.0,37.1,26.3,22.915610145715505,88.52656344194293,9.0,6607.86061057882,15.1,0.0,0.0,0.0,36.7,35.6,33.6,25.9,25.0,15.1,21.5,4,96
2024-04-06,A6,MARICHA,0.0,37.4,26.3,22.915610145715505,88.52656344194293,9.0,6607.86061057882,0.0,15.1,0.0,0.0,37.1,36.7,35.4,26.3,25.9,15.1,21.5,4,97
2024-04-07,A6,MARICHA,3.6,36.0,25.9,22.915610145715505,88.52656344194293,9.0,6607.86061057882,0.0,0.0,15.1,6.4,37.4,37.1,35.0,26.3,26.3,15.1,21.5,4,98
2024-04-08,A6,MARICHA,0.1,30.5,22.5,22.915610145715505,88.52656344194293,9.0,6607.86061057882,3.6,0.0,0.0,0.0,36.0,37.4,35.9,25.9,26.3,3.6,18.7,4,99
2024-04-09,A6,MARICHA,0.6,34.3,21.9,22.915610145715505,88.52656344194293,9.0,6607.86061057882,0.1,3.6,0.0,0.0,30.5,36.0,35.6,22.5,25.9,3.7,18.8,4,100
2024-04-10,A6,MARICHA,0.0,35.1,22.2,22.915610145715505,88.52656344194293,9.0,6607.86061057882,0.6,0.1,3.6,0.0,34.3,30.5,35.6,21.9,22.5,4.3,19.4,4,101
2024-04-11,A6,MARICHA,5.6,33.1,23.5,22.915610145715505,88.52656344194293,9.0,6607.86061057882,0.0,0.6,0.1,15.1,35.1,34.3,36.7,22.2,21.9,0.7,19.4,4,102
2024-04-12,A6,MARICHA,0.0,34.5,22.7,22.915610145715505,88.52656344194293,9.0,6607.86061057882,5.6,0.0,0.6,0.0,33.1,35.1,37.1,23.5,22.2,6.199999999999999,9.899999999999999,4,103
2024-04-13,A6,MARICHA,0.0,35.5,23.5,22.915610145715505,88.52656344194293,9.0,6607.86061057882,0.0,5.6,0.0,0.0,34.5,33.1,37.4,22.7,23.5,5.6,9.899999999999999,4,104
2024-04-14,A6,MARICHA,0.0,36.5,23.1,22.915610145715505,88.52656344194293,9.0,6607.86061057882,0.0,0.0,5.6,3.6,35.5,34.5,36.0,23.5,22.7,5.6,9.899999999999999,4,105
2024-04-15,A6,MARICHA,0.0,37.7,23.8,22.915610145715505,88.52656344194293,9.0,6607.86061057882,0.0,0.0,0.0,0.1,36.5,35.5,30.5,23.1,23.5,0.0,6.3,4,106
2024-04-16,A6,MARICHA,0.0,38.0,26.1,22.915610145715505,88.52656344194293,9.0,6607.86061057882,0.0,0.0,0.0,0.6,37.7,36.5,34.3,23.8,23.1,0.0,6.199999999999999,4,107
2024-04-17,A6,MARICHA,0.0,37.8,27.2,22.915610145715505,88.52656344194293,9.0,6607.86061057882,0.0,0.0,0.0,0.0,38.0,37.7,35.1,26.1,23.8,0.0,5.6,4,108
2024-04-18,A6,MARICHA,0.0,37.7,25.4,22.915610145715505,88.52656344194293,9.0,6607.86061057882,0.0,0.0,0.0,5.6,37.8,38.0,33.1,27.2,26.1,0.0,5.6,4,109
2024-04-19,A6,MARICHA,0.0,39.7,24.7,22.915610145715505,88.52656344194293,9.0,6607.86061057882,0.0,0.0,0.0,0.0,37.7,37.8,34.5,25.4,27.2,0.0,0.0,4,110
2024-04-20,A6,MARICHA,0.0,40.8,25.8,22.915610145715505,88.52656344194293,9.0,6607.86061057882,0.0,0.0,0.0,0.0,39.7,37.7,35.5,24.7,25.4,0.0,0.0,4,111
2024-04-21,A6,MARICHA,0.0,40.1,27.0,22.915610145715505,88.52656344194293,9.0,6607.86061057882,0.0,0.0,0.0,0.0,40.8,39.7,36.5,25.8,24.7,0.0,0.0,4,112
2024-04-22,A6,MARICHA,0.0,39.2,25.2,22.915610145715505,88.52656344194293,9.0,6607.86061057882,0.0,0.0,0.0,0.0,40.1,40.8,37.7,27.0,25.8,0.0,0.0,4,113
2024-04-23,A6,MARICHA,0.0,37.9,26.2,22.915610145715505,88.52656344194293,9.0,6607.86061057882,0.0,0.0,0.0,0.0,39.2,40.1,38.0,25.2,27.0,0.0,0.0,4,114
2024-04-24,A6,MARICHA,0.0,39.6,26.8,22.915610145715505,88.52656344194293,9.0,6607.86061057882,0.0,0.0,0.0,0.0,37.9,39.2,37.8,26.2,25.2,0.0,0.0,4,115
2024-04-25,A6,MARICHA,0.0,40.0,24.6,22.915610145715505,88.52656344194293,9.0,6607.86061057882,0.0,0.0,0.0,0.0,39.6,37.9,37.7,26.8,26.2,0.0,0.0,4,116
2024-04-26,A6,MARICHA,0.0,40.9,26.9,22.915610145715505,88.52656344194293,9.0,6607.86061057882,0.0,0.0,0.0,0.0,40.0,39.6,39.7,24.6,26.8,0.0,0.0,4,117
2024-04-27,A6,MARICHA,0.0,41.1,27.8,22.915610145715505,88.52656344194293,9.0,6607.86061057882,0.0,0.0,0.0,0.0,40.9,40.0,40.8,26.9,24.6,0.0,0.0,4,118
2024-04-28,A6,MARICHA,0.7,39.6,28.1,22.915610145715505,88.52656344194293,9.0,6607.86061057882,0.0,0.0,0.0,0.0,41.1,40.9,40.1,27.8,26.9,0.0,0.0,4,119
2024-04-29,A6,MARICHA,0.0,41.4,28.4,22.915610145715505,88.52656344194293,9.0,6607.86061057882,0.7,0.0,0.0,0.0,39.6,41.1,39.2,28.1,27.8,0.7,0.7,4,120
2024-04-30,A6,MARICHA,0.0,43.3,29.0,22.915610145715505,88.52656344194293,9.0,6607.86061057882,0.0,0.7,0.0,0.0,41.4,39.6,37.9,28.4,28.1,0.7,0.7,4,121
2024-05-01,A6,MARICHA,0.0,41.1,28.3,22.915610145715505,88.52656344194293,9.0,6607.86061057882,0.0,0.0,0.7,0.0,43.3,41.4,39.6,29.0,28.4,0.7,0.7,5,122
2024-05-02,A6,MARICHA,0.2,41.0,29.3,22.915610145715505,88.52656344194293,9.0,6607.86061057882,0.0,0.0,0.0,0.0,41.1,43.3,40.0,28.3,29.0,0.0,0.7,5,123
2024-05-03,A6,MARICHA,0.0,39.5,25.3,22.915610145715505,88.52656344194293,9.0,6607.86061057882,0.2,0.0,0.0,0.0,41.0,41.1,40.9,29.3,28.3,0.2,0.8999999999999999,5,124
2024-05-04,A6,MARICHA,0.0,39.4,27.1,22.915610145715505,88.52656344194293,9.0,6607.86061057882,0.0,0.2,0.0,0.0,39.5,41.0,41.1,25.3,29.3,0.2,0.8999999999999999,5,125
2024-05-05,A6,MARICHA,0.2,38.0,28.4,22.915610145715505,88.52656344194293,9.0,6607.86061057882,0.0,0.0,0.2,0.7,39.4,39.5,39.6,27.1,25.3,0.2,0.8999999999999999,5,126
2024-05-06,A6,MARICHA,112.5,37.5,24.7,22.915610145715505,88.52656344194293,9.0,6607.86061057882,0.2,0.0,0.0,0.0,38.0,39.4,41.4,28.4,27.1,0.2,0.4,5,127
2024-05-07,A6,MARICHA,1.5,33.2,24.4,22.915610145715505,88.52656344194293,9.0,6607.86061057882,112.5,0.2,0.0,0.0,37.5,38.0,43.3,24.7,28.4,112.7,112.9,5,128
2024-05-08,A6,MARICHA,2.6,30.5,23.7,22.915610145715505,88.52656344194293,9.0,6607.86061057882,1.5,112.5,0.2,0.0,33.2,37.5,41.1,24.4,24.7,114.2,114.4,5,129
2024-05-09,A6,MARICHA,8.6,31.3,23.8,22.915610145715505,88.52656344194293,9.0,6607.86061057882,2.6,1.5,112.5,0.2,30.5,33.2,41.0,23.7,24.4,116.6,117.0,5,130
2024-05-10,A6,MARICHA,9.7,31.3,23.7,22.915610145715505,88.52656344194293,9.0,6607.86061057882,8.6,2.6,1.5,0.0,31.3,30.5,39.5,23.8,23.7,12.7,125.4,5,131
2024-05-11,A6,MARICHA,15.9,31.4,24.7,22.915610145715505,88.52656344194293,9.0,6607.86061057882,9.7,8.6,2.6,0.0,31.3,31.3,39.4,23.7,23.8,20.9,135.1,5,132
2024-05-12,A6,MARICHA,3.3,32.7,24.9,22.915610145715505,88.52656344194293,9.0,6607.86061057882,15.9,9.7,8.6,0.2,31.4,31.3,38.0,24.7,23.7,34.199999999999996,151.0,5,133
2024-05-13,A6,MARICHA,0.0,33.4,24.0,22.915610145715505,88.52656344194293,9.0,6607.86061057882,3.3,15.9,9.7,112.5,32.7,31.4,37.5,24.9,24.7,28.9,154.10000000000002,5,134
2024-05-14,A6,MARICHA,3.3,34.0,25.3,22.915610145715505,88.52656344194293,9.0,6607.86061057882,0.0,3.3,15.9,1.5,33.4,32.7,33.2,24.0,24.9,19.2,41.6,5,135
2024-05-15,A6,MARICHA,0.0,35.1,25.9,22.915610145715505,88.52656344194293,9.0,6607.86061057882,3.3,0.0,3.3,2.6,34.0,33.4,30.5,25.3,24.0,6.6,43.4,5,136
2024-05-16,A6,MARICHA,0.0,35.4,26.1,22.915610145715505,88.52656344194293,9.0,6607.86061057882,0.0,3.3,0.0,8.6,35.1,34.0,31.3,25.9,25.3,3.3,40.8,5,137
2024-05-17,A6,MARICHA,0.0,37.3,27.3,22.915610145715505,88.52656344194293,9.0,6607.86061057882,0.0,0.0,3.3,9.7,35.4,35.1,31.3,26.1,25.9,3.3,32.2,5,138
2024-05-18,A6,MARICHA,0.1,36.1,28.7,22.915610145715505,88.52656344194293,9.0,6607.86061057882,0.0,0.0,0.0,15.9,37.3,35.4,31.4,27.3,26.1,0.0,22.5,5,139
2024-05-19,A6,MARICHA,1.7,33.9,28.8,22.915610145715505,88.52656344194293,9.0,6607.86061057882,0.1,0.0,0.0,3.3,36.1,37.3,32.7,28.7,27.3,0.1,6.699999999999999,5,140
2024-05-20,A6,MARICHA,14.6,33.0,26.9,22.915610145715505,88.52656344194293,9.0,6607.86061057882,1.7,0.1,0.0,0.0,33.9,36.1,33.4,28.8,28.7,1.8,5.1,5,141
2024-05-21,A6,MARICHA,11.3,33.1,25.8,22.915610145715505,88.52656344194293,9.0,6607.86061057882,14.6,1.7,0.1,3.3,33.0,33.9,34.0,26.9,28.8,16.4,19.7,5,142
2024-05-22,A6,MARICHA,2.9,33.9,26.7,22.915610145715505,88.52656344194293,9.0,6607.86061057882,11.3,14.6,1.7,0.0,33.1,33.0,35.1,25.8,26.9,27.6,27.7,5,143
2024-05-23,A6,MARICHA,0.0,34.9,25.9,22.915610145715505,88.52656344194293,9.0,6607.86061057882,2.9,11.3,14.6,0.0,33.9,33.1,35.4,26.7,25.8,28.8,30.599999999999998,5,144
2024-05-24,A6,MARICHA,0.0,35.5,26.4,22.915610145715505,88.52656344194293,9.0,6607.86061057882,0.0,2.9,11.3,0.0,34.9,33.9,37.3,25.9,26.7,14.200000000000001,30.599999999999998,5,145
2024-05-25,A6,MARICHA,0.0,36.4,27.5,22.915610145715505,88.52656344194293,9.0,6607.86061057882,0.0,0.0,2.9,0.1,35.5,34.9,36.1,26.4,25.9,2.9,30.599999999999998,5,146
2024-05-26,A6,MARICHA,39.9,30.9,26.8,22.915610145715505,88.52656344194293,9.0,6607.86061057882,0.0,0.0,0.0,1.7,36.4,35.5,33.9,27.5,26.4,0.0,30.5,5,147
2024-05-27,A6,MARICHA,80.5,27.5,26.1,22.915610145715505,88.52656344194293,9.0,6607.86061057882,39.9,0.0,0.0,14.6,30.9,36.4,33.0,26.8,27.5,39.9,68.69999999999999,5,148
2024-05-28,A6,MARICHA,0.4,35.3,26.3,22.915610145715505,88.52656344194293,9.0,6607.86061057882,80.5,39.9,0.0,11.3,27.5,30.9,33.1,26.1,26.8,120.4,134.6,5,149
2024-05-29,A6,MARICHA,0.0,35.9,29.2,22.915610145715505,88.52656344194293,9.0,6607.86061057882,0.4,80.5,39.9,2.9,35.3,27.5,33.9,26.3,26.1,120.80000000000001,123.69999999999999,5,150
2024-05-30,A6,MARICHA,0.2,35.3,29.5,22.915610145715505,88.52656344194293,9.0,6607.86061057882,0.0,0.4,80.5,0.0,35.9,35.3,34.9,29.2,26.3,80.9,120.8,5,151
2024-05-31,A6,MARICHA,0.0,35.2,28.5,22.915610145715505,88.52656344194293,9.0,6607.86061057882,0.2,0.0,0.4,0.0,35.3,35.9,35.5,29.5,29.2,0.6000000000000001,120.99999999999999,5,152
2024-06-01,A6,MARICHA,0.8,34.7,28.3,22.915610145715505,88.52656344194293,9.0,6607.86061057882,0.0,0.2,0.0,0.0,35.2,35.3,36.4,28.5,29.5,0.2,120.99999999999999,6,153
2024-06-02,A6,MARICHA,5.0,34.4,29.1,22.915610145715505,88.52656344194293,9.0,6607.86061057882,0.8,0.0,0.2,39.9,34.7,35.2,30.9,28.3,28.5,1.0,121.8,6,154
2024-06-03,A6,MARICHA,0.2,34.5,28.3,22.915610145715505,88.52656344194293,9.0,6607.86061057882,5.0,0.8,0.0,80.5,34.4,34.7,27.5,29.1,28.3,5.8,86.9,6,155
2024-06-04,A6,MARICHA,0.1,35.7,28.6,22.915610145715505,88.52656344194293,9.0,6607.86061057882,0.2,5.0,0.8,0.4,34.5,34.4,35.3,28.3,29.1,6.0,6.6000000000000005,6,156
2024-06-05,A6,MARICHA,0.0,35.7,28.0,22.915610145715505,88.52656344194293,9.0,6607.86061057882,0.1,0.2,5.0,0.0,35.7,34.5,35.9,28.6,28.3,5.3,6.3,6,157
2024-06-06,A6,MARICHA,0.2,36.4,26.7,22.915610145715505,88.52656344194293,9.0,6607.86061057882,0.0,0.1,0.2,0.2,35.7,35.7,35.3,28.0,28.6,0.30000000000000004,6.3,6,158
2024-06-07,A6,MARICHA,0.0,36.0,26.1,22.915610145715505,88.52656344194293,9.0,6607.86061057882,0.2,0.0,0.1,0.0,36.4,35.7,35.2,26.7,28.0,0.30000000000000004,6.300000000000001,6,159
2024-06-08,A6,MARICHA,0.0,35.7,28.1,22.915610145715505,88.52656344194293,9.0,6607.86061057882,0.0,0.2,0.0,0.8,36.0,36.4,34.7,26.1,26.7,0.2,6.300000000000001,6,160
2024-06-09,A6,MARICHA,0.0,36.6,28.2,22.915610145715505,88.52656344194293,9.0,6607.86061057882,0.0,0.0,0.2,5.0,35.7,36.0,34.4,28.1,26.1,0.2,5.5,6,161
2024-06-10,A6,MARICHA,0.0,36.5,28.5,22.915610145715505,88.52656344194293,9.0,6607.86061057882,0.0,0.0,0.0,0.2,36.6,35.7,34.5,28.2,28.1,0.0,0.5,6,162
2024-06-11,A6,MARICHA,0.0,36.6,28.9,22.915610145715505,88.52656344194293,9.0,6607.86061057882,0.0,0.0,0.0,0.1,36.5,36.6,35.7,28.5,28.2,0.0,0.30000000000000004,6,163
2024-06-12,A6,MARICHA,0.0,35.3,28.3,22.915610145715505,88.52656344194293,9.0,6607.86061057882,0.0,0.0,0.0,0.0,36.6,36.5,35.7,28.9,28.5,0.0,0.2,6,164
2024-06-13,A6,MARICHA,0.0,36.0,28.5,22.915610145715505,88.52656344194293,9.0,6607.86061057882,0.0,0.0,0.0,0.2,35.3,36.6,36.4,28.3,28.9,0.0,0.2,6,165
2024-06-14,A6,MARICHA,0.0,37.1,29.1,22.915610145715505,88.52656344194293,9.0,6607.86061057882,0.0,0.0,0.0,0.0,36.0,35.3,36.0,28.5,28.3,0.0,0.0,6,166
2024-06-15,A6,MARICHA,0.0,37.3,29.4,22.915610145715505,88.52656344194293,9.0,6607.86061057882,0.0,0.0,0.0,0.0,37.1,36.0,35.7,29.1,28.5,0.0,0.0,6,167
2024-06-16,A6,MARICHA,0.0,36.8,29.4,22.915610145715505,88.52656344194293,9.0,6607.86061057882,0.0,0.0,0.0,0.0,37.3,37.1,36.6,29.4,29.1,0.0,0.0,6,168
2024-06-17,A6,MARICHA,0.2,37.0,29.2,22.915610145715505,88.52656344194293,9.0,6607.86061057882,0.0,0.0,0.0,0.0,36.8,37.3,36.5,29.4,29.4,0.0,0.0,6,169
2024-06-18,A6,MARICHA,10.7,32.5,28.8,22.915610145715505,88.52656344194293,9.0,6607.86061057882,0.2,0.0,0.0,0.0,37.0,36.8,36.6,29.2,29.4,0.2,0.2,6,170
2024-06-19,A6,MARICHA,8.0,34.8,28.6,22.915610145715505,88.52656344194293,9.0,6607.86061057882,10.7,0.2,0.0,0.0,32.5,37.0,35.3,28.8,29.2,10.899999999999999,10.899999999999999,6,171
2024-06-20,A6,MARICHA,24.2,33.6,27.8,22.915610145715505,88.52656344194293,9.0,6607.86061057882,8.0,10.7,0.2,0.0,34.8,32.5,36.0,28.6,28.8,18.9,18.9,6,172
2024-06-21,A6,MARICHA,2.6,31.8,27.1,22.915610145715505,88.52656344194293,9.0,6607.86061057882,24.2,8.0,10.7,0.0,33.6,34.8,37.1,27.8,28.6,42.9,43.099999999999994,6,173
2024-06-22,A6,MARICHA,2.0,33.3,26.5,22.915610145715505,88.52656344194293,9.0,6607.86061057882,2.6,24.2,8.0,0.0,31.8,33.6,37.3,27.1,27.8,34.800000000000004,45.699999999999996,6,174
2024-06-23,A6,MARICHA,1.1,34.0,26.7,22.915610145715505,88.52656344194293,9.0,6607.86061057882,2.0,2.6,24.2,0.0,33.3,31.8,36.8,26.5,27.1,28.8,47.699999999999996,6,175
2024-06-24,A6,MARICHA,1.3,34.1,27.1,22.915610145715505,88.52656344194293,9.0,6607.86061057882,1.1,2.0,2.6,0.2,34.0,33.3,37.0,26.7,26.5,5.7,48.8,6,176
2024-06-25,A6,MARICHA,0.8,34.2,28.0,22.915610145715505,88.52656344194293,9.0,6607.86061057882,1.3,1.1,2.0,10.7,34.1,34.0,32.5,27.1,26.7,4.4,49.9,6,177
2024-06-26,A6,MARICHA,0.4,34.5,27.4,22.915610145715505,88.52656344194293,9.0,6607.86061057882,0.8,1.3,1.1,8.0,34.2,34.1,34.8,28.0,27.1,3.2,40.0,6,178
2024-06-27,A6,MARICHA,9.6,32.1,27.5,22.915610145715505,88.52656344194293,9.0,6607.86061057882,0.4,0.8,1.3,24.2,34.5,34.2,33.6,27.4,28.0,2.5,32.4,6,179
2024-06-28,A6,MARICHA,4.8,33.0,27.1,22.915610145715505,88.52656344194293,9.0,6607.86061057882,9.6,0.4,0.8,2.6,32.1,34.5,31.8,27.5,27.4,10.799999999999999,17.8,6,180
2024-06-29,A6,MARICHA,17.3,31.3,26.9,22.915610145715505,88.52656344194293,9.0,6607.86061057882,4.8,9.6,0.4,2.0,33.0,32.1,33.3,27.1,27.5,14.799999999999997,20.0,6,181
2024-06-30,A6,MARICHA,30.2,32.1,26.3,22.915610145715505,88.52656344194293,9.0,6607.86061057882,17.3,4.8,9.6,1.1,31.3,33.0,34.0,26.9,27.1,31.7,35.3,6,182
2024-07-01,A6,MARICHA,17.7,31.2,26.0,22.915610145715505,88.52656344194293,9.0,6607.86061057882,30.2,17.3,4.8,1.3,32.1,31.3,34.1,26.3,26.9,52.3,64.4,7,183
2024-07-02,A6,MARICHA,28.1,31.0,25.9,22.915610145715505,88.52656344194293,9.0,6607.86061057882,17.7,30.2,17.3,0.8,31.2,32.1,34.2,26.0,26.3,65.19999999999999,80.8,7,184
2024-07-03,A6,MARICHA,7.9,30.9,25.9,22.915610145715505,88.52656344194293,9.0,6607.86061057882,28.1,17.7,30.2,0.4,31.0,31.2,34.5,25.9,26.0,76.0,108.10000000000001,7,185
2024-07-04,A6,MARICHA,18.3,31.5,25.5,22.915610145715505,88.52656344194293,9.0,6607.86061057882,7.9,28.1,17.7,9.6,30.9,31.0,32.1,25.9,25.9,53.699999999999996,115.6,7,186
2024-07-05,A6,MARICHA,27.3,32.4,25.6,22.915610145715505,88.52656344194293,9.0,6607.86061057882,18.3,7.9,28.1,4.8,31.5,30.9,33.0,25.5,25.9,54.300000000000004,124.30000000000001,7,187
2024-07-06,A6,MARICHA,2.4,32.2,26.2,22.915610145715505,88.52656344194293,9.0,6607.86061057882,27.3,18.3,7.9,17.3,32.4,31.5,31.3,25.6,25.5,53.5,146.79999999999998,7,188
2024-07-07,A6,MARICHA,5.4,32.5,26.4,22.915610145715505,88.52656344194293,9.0,6607.86061057882,2.4,27.3,18.3,30.2,32.2,32.4,32.1,26.2,25.6,48.00000000000001,131.9,7,189
2024-07-08,A6,MARICHA,1.0,32.4,26.2,22.915610145715505,88.52656344194293,9.0,6607.86061057882,5.4,2.4,27.3,17.7,32.5,32.2,31.2,26.4,26.2,35.1,107.1,7,190
2024-07-09,A6,MARICHA,3.9,32.2,27.0,22.915610145715505,88.52656344194293,9.0,6607.86061057882,1.0,5.4,2.4,28.1,32.4,32.5,31.0,26.2,26.4,8.8,90.4,7,191
2024-07-10,A6,MARICHA,1.4,32.9,27.5,22.915610145715505,88.52656344194293,9.0,6607.86061057882,3.9,1.0,5.4,7.9,32.2,32.4,30.9,27.0,26.2,10.3,66.2,7,192
2024-07-11,A6,MARICHA,26.5,32.7,27.6,22.915610145715505,88.52656344194293,9.0,6607.86061057882,1.4,3.9,1.0,18.3,32.9,32.2,31.5,27.5,27.0,6.3,59.699999999999996,7,193
2024-07-12,A6,MARICHA,9.2,32.3,26.1,22.915610145715505,88.52656344194293,9.0,6607.86061057882,26.5,1.4,3.9,27.3,32.7,32.9,32.4,27.6,27.5,31.8,67.9,7,194
2024-07-13,A6,MARICHA,2.4,32.6,25.6,22.915610145715505,88.52656344194293,9.0,6607.86061057882,9.2,26.5,1.4,2.4,32.3,32.7,32.2,26.1,27.6,37.1,49.800000000000004,7,195
2024-07-14,A6,MARICHA,3.3,32.8,26.4,22.915610145715505,88.52656344194293,9.0,6607.86061057882,2.4,9.2,26.5,5.4,32.6,32.3,32.5,25.6,26.1,38.1,49.8,7,196
2024-07-15,A6,MARICHA,2.3,32.4,26.9,22.915610145715505,88.52656344194293,9.0,6607.86061057882,3.3,2.4,9.2,1.0,32.8,32.6,32.4,26.4,25.6,14.899999999999999,47.7,7,197
2024-07-16,A6,MARICHA,2.6,32.4,26.6,22.915610145715505,88.52656344194293,9.0,6607.86061057882,2.3,3.3,2.4,3.9,32.4,32.8,32.2,26.9,26.4,8.0,49.0,7,198
2024-07-17,A6,MARICHA,6.6,33.4,26.6,22.915610145715505,88.52656344194293,9.0,6607.86061057882,2.6,2.3,3.3,1.4,32.4,32.4,32.9,26.6,26.9,8.2,47.7,7,199
2024-07-18,A6,MARICHA,2.0,33.2,26.6,22.915610145715505,88.52656344194293,9.0,6607.86061057882,6.6,2.6,2.3,26.5,33.4,32.4,32.7,26.6,26.6,11.5,52.900000000000006,7,200
2024-07-19,A6,MARICHA,3.5,32.5,27.3,22.915610145715505,88.52656344194293,9.0,6607.86061057882,2.0,6.6,2.6,9.2,33.2,33.4,32.3,26.6,26.6,11.2,28.4,7,201
2024-07-20,A6,MARICHA,2.4,32.8,27.1,22.915610145715505,88.52656344194293,9.0,6607.86061057882,3.5,2.0,6.6,2.4,32.5,33.2,32.6,27.3,26.6,12.1,22.7,7,202
2024-07-21,A6,MARICHA,13.1,32.4,27.0,22.915610145715505,88.52656344194293,9.0,6607.86061057882,2.4,3.5,2.0,3.3,32.8,32.5,32.8,27.1,27.3,7.9,22.7,7,203
2024-07-22,A6,MARICHA,14.5,31.7,26.7,22.915610145715505,88.52656344194293,9.0,6607.86061057882,13.1,2.4,3.5,2.3,32.4,32.8,32.4,27.0,27.1,19.0,32.5,7,204
2024-07-23,A6,MARICHA,13.4,32.7,25.8,22.915610145715505,88.52656344194293,9.0,6607.86061057882,14.5,13.1,2.4,2.6,31.7,32.4,32.4,26.7,27.0,30.0,44.7,7,205
2024-07-24,A6,MARICHA,18.3,32.3,26.6,22.915610145715505,88.52656344194293,9.0,6607.86061057882,13.4,14.5,13.1,6.6,32.7,31.7,33.4,25.8,26.7,41.0,55.5,7,206
2024-07-25,A6,MARICHA,13.8,32.3,26.4,22.915610145715505,88.52656344194293,9.0,6607.86061057882,18.3,13.4,14.5,2.0,32.3,32.7,33.2,26.6,25.8,46.2,67.2,7,207
2024-07-26,A6,MARICHA,18.9,31.2,26.3,22.915610145715505,88.52656344194293,9.0,6607.86061057882,13.8,18.3,13.4,3.5,32.3,32.3,32.5,26.4,26.6,45.5,79.0,7,208
2024-07-27,A6,MARICHA,5.7,32.0,27.0,22.915610145715505,88.52656344194293,9.0,6607.86061057882,18.9,13.8,18.3,2.4,31.2,32.3,32.8,26.3,26.4,51.0,94.4,7,209
2024-07-28,A6,MARICHA,20.2,32.0,26.4,22.915610145715505,88.52656344194293,9.0,6607.86061057882,5.7,18.9,13.8,13.1,32.0,31.2,32.4,27.0,26.3,38.4,97.7,7,210
2024-07-29,A6,MARICHA,11.3,32.1,26.4,22.915610145715505,88.52656344194293,9.0,6607.86061057882,20.2,5.7,18.9,14.5,32.0,32.0,31.7,26.4,27.0,44.8,104.8,7,211
2024-07-30,A6,MARICHA,4.4,33.0,26.2,22.915610145715505,88.52656344194293,9.0,6607.86061057882,11.3,20.2,5.7,13.4,32.1,32.0,32.7,26.4,26.4,37.2,101.6,7,212
2024-07-31,A6,MARICHA,22.9,31.6,25.9,22.915610145715505,88.52656344194293,9.0,6607.86061057882,4.4,11.3,20.2,18.3,33.0,32.1,32.3,26.2,26.4,35.9,92.6,7,213
2024-08-01,A6,MARICHA,88.3,29.2,24.9,22.915610145715505,88.52656344194293,9.0,6607.86061057882,22.9,4.4,11.3,13.8,31.6,33.0,32.3,25.9,26.2,38.599999999999994,97.19999999999999,8,214
2024-08-02,A6,MARICHA,31.6,29.7,25.5,22.915610145715505,88.52656344194293,9.0,6607.86061057882,88.3,22.9,4.4,18.9,29.2,31.6,31.2,24.9,25.9,115.6,171.7,8,215
2024-08-03,A6,MARICHA,18.1,31.0,24.9,22.915610145715505,88.52656344194293,9.0,6607.86061057882,31.6,88.3,22.9,5.7,29.7,29.2,32.0,25.5,24.9,142.79999999999998,184.4,8,216
2024-08-04,A6,MARICHA,22.3,31.0,24.8,22.915610145715505,88.52656344194293,9.0,6607.86061057882,18.1,31.6,88.3,20.2,31.0,29.7,32.0,24.9,25.5,138.0,196.8,8,217
2024-08-05,A6,MARICHA,33.2,32.5,24.8,22.915610145715505,88.52656344194293,9.0,6607.86061057882,22.3,18.1,31.6,11.3,31.0,31.0,32.1,24.8,24.9,72.0,198.9,8,218
2024-08-06,A6,MARICHA,12.0,31.2,26.2,22.915610145715505,88.52656344194293,9.0,6607.86061057882,33.2,22.3,18.1,4.4,32.5,31.0,33.0,24.8,24.8,73.6,220.8,8,219
2024-08-07,A6,MARICHA,5.3,30.6,25.7,22.915610145715505,88.52656344194293,9.0,6607.86061057882,12.0,33.2,22.3,22.9,31.2,32.5,31.6,26.2,24.8,67.5,228.4,8,220
2024-08-08,A6,MARICHA,14.5,31.0,25.9,22.915610145715505,88.52656344194293,9.0,6607.86061057882,5.3,12.0,33.2,88.3,30.6,31.2,29.2,25.7,26.2,50.5,210.8,8,221
2024-08-09,A6,MARICHA,20.8,31.1,25.4,22.915610145715505,88.52656344194293,9.0,6607.86061057882,14.5,5.3,12.0,31.6,31.0,30.6,29.7,25.9,25.7,31.8,137.00000000000003,8,222
2024-08-10,A6,MARICHA,32.1,32.2,24.9,22.915610145715505,88.52656344194293,9.0,6607.86061057882,20.8,14.5,5.3,18.1,31.1,31.0,31.0,25.4,25.9,40.6,126.20000000000002,8,223
2024-08-11,A6,MARICHA,14.4,32.2,25.1,22.915610145715505,88.52656344194293,9.0,6607.86061057882,32.1,20.8,14.5,22.3,32.2,31.1,31.0,24.9,25.4,67.4,140.20000000000002,8,224
2024-08-12,A6,MARICHA,12.2,32.4,25.5,22.915610145715505,88.52656344194293,9.0,6607.86061057882,14.4,32.1,20.8,33.2,32.2,32.2,32.5,25.1,24.9,67.30000000000001,132.3,8,225
2024-08-13,A6,MARICHA,9.9,32.5,25.4,22.915610145715505,88.52656344194293,9.0,6607.86061057882,12.2,14.4,32.1,12.0,32.4,32.2,31.2,25.5,25.1,58.7,111.30000000000001,8,226
2024-08-14,A6,MARICHA,8.8,32.4,25.3,22.915610145715505,88.52656344194293,9.0,6607.86061057882,9.9,12.2,14.4,5.3,32.5,32.4,30.6,25.4,25.5,36.5,109.20000000000002,8,227
2024-08-15,A6,MARICHA,8.0,32.6,25.7,22.915610145715505,88.52656344194293,9.0,6607.86061057882,8.8,9.9,12.2,14.5,32.4,32.5,31.0,25.3,25.4,30.900000000000002,112.70000000000002,8,228
2024-08-16,A6,MARICHA,3.9,31.3,25.5,22.915610145715505,88.52656344194293,9.0,6607.86061057882,8.0,8.8,9.9,20.8,32.6,32.4,31.1,25.7,25.3,26.700000000000003,106.20000000000002,8,229
2024-08-17,A6,MARICHA,23.2,32.9,25.4,22.915610145715505,88.52656344194293,9.0,6607.86061057882,3.9,8.0,8.8,32.1,31.3,32.6,32.2,25.5,25.7,20.7,89.30000000000001,8,230
2024-08-18,A6,MARICHA,17.1,29.1,25.4,22.915610145715505,88.52656344194293,9.0,6607.86061057882,23.2,3.9,8.0,14.4,32.9,31.3,32.2,25.4,25.5,35.099999999999994,80.4,8,231
2024-08-19,A6,MARICHA,13.0,30.3,25.6,22.915610145715505,88.52656344194293,9.0,6607.86061057882,17.1,23.2,3.9,12.2,29.1,32.9,32.4,25.4,25.4,44.2,83.10000000000001,8,232
2024-08-20,A6,MARICHA,12.6,30.9,24.9,22.915610145715505,88.52656344194293,9.0,6607.86061057882,13.0,17.1,23.2,9.9,30.3,29.1,32.5,25.6,25.4,53.3,83.90000000000002,8,233
2024-08-21,A6,MARICHA,27.8,31.7,25.0,22.915610145715505,88.52656344194293,9.0,6607.86061057882,12.6,13.0,17.1,8.8,30.9,30.3,32.4,24.9,25.6,42.7,86.60000000000001,8,234
2024-08-22,A6,MARICHA,27.4,31.4,25.7,22.915610145715505,88.52656344194293,9.0,6607.86061057882,27.8,12.6,13.0,8.0,31.7,30.9,32.6,25.0,24.9,53.4,105.60000000000002,8,235
2024-08-23,A6,MARICHA,27.2,30.7,24.6,22.915610145715505,88.52656344194293,9.0,6607.86061057882,27.4,27.8,12.6,3.9,31.4,31.7,31.3,25.7,25.0,67.8,125.00000000000001,8,236
2024-08-24,A6,MARICHA,4.1,29.2,25.0,22.915610145715505,88.52656344194293,9.0,6607.86061057882,27.2,27.4,27.8,23.2,30.7,31.4,32.9,24.6,25.7,82.39999999999999,148.3,8,237
2024-08-25,A6,MARICHA,42.3,29.3,24.2,22.915610145715505,88.52656344194293,9.0,6607.86061057882,4.1,27.2,27.4,17.1,29.2,30.7,29.1,25.0,24.6,58.699999999999996,129.20000000000002,8,238
2024-08-26,A6,MARICHA,47.2,29.3,24.4,22.915610145715505,88.52656344194293,9.0,6607.86061057882,42.3,4.1,27.2,13.0,29.3,29.2,30.3,24.2,25.0,73.6,154.4,8,239
2024-08-27,A6,MARICHA,22.6,30.1,24.7,22.915610145715505,88.52656344194293,9.0,6607.86061057882,47.2,42.3,4.1,12.6,29.3,29.3,30.9,24.4,24.2,93.6,188.60000000000002,8,240
2024-08-28,A6,MARICHA,5.3,31.9,24.9,22.915610145715505,88.52656344194293,9.0,6607.86061057882,22.6,47.2,42.3,27.8,30.1,29.3,31.7,24.7,24.4,112.1,198.60000000000002,8,241
2024-08-29,A6,MARICHA,4.4,32.4,25.5,22.915610145715505,88.52656344194293,9.0,6607.86061057882,5.3,22.6,47.2,27.4,31.9,30.1,31.4,24.9,24.7,75.10000000000001,176.1,8,242
2024-08-30,A6,MARICHA,0.5,32.7,25.3,22.915610145715505,88.52656344194293,9.0,6607.86061057882,4.4,5.3,22.6,27.2,32.4,31.9,30.7,25.5,24.9,32.300000000000004,153.1,8,243
2024-08-31,A6,MARICHA,3.3,32.3,26.2,22.915610145715505,88.52656344194293,9.0,6607.86061057882,0.5,4.4,5.3,4.1,32.7,32.4,29.2,25.3,25.5,10.2,126.4,8,244
2024-09-01,A6,MARICHA,8.7,30.7,26.2,22.915610145715505,88.52656344194293,9.0,6607.86061057882,3.3,0.5,4.4,42.3,32.3,32.7,29.3,26.2,25.3,8.2,125.60000000000002,9,245
2024-09-02,A6,MARICHA,3.7,32.3,25.5,22.915610145715505,88.52656344194293,9.0,6607.86061057882,8.7,3.3,0.5,47.2,30.7,32.3,29.3,26.2,26.2,12.499999999999998,92.00000000000001,9,246
2024-09-03,A6,MARICHA,7.3,31.8,25.4,22.915610145715505,88.52656344194293,9.0,6607.86061057882,3.7,8.7,3.3,22.6,32.3,30.7,30.1,25.5,26.2,15.7,48.500000000000014,9,247
2024-09-04,A6,MARICHA,6.3,31.4,25.9,22.915610145715505,88.52656344194293,9.0,6607.86061057882,7.3,3.7,8.7,5.3,31.8,32.3,31.9,25.4,25.5,19.699999999999996,33.20000000000002,9,248
2024-09-05,A6,MARICHA,1.8,32.4,25.4,22.915610145715505,88.52656344194293,9.0,6607.86061057882,6.3,7.3,3.7,4.4,31.4,31.8,32.4,25.9,25.4,17.299999999999997,34.20000000000001,9,249
2024-09-06,A6,MARICHA,0.4,33.1,26.0,22.915610145715505,88.52656344194293,9.0,6607.86061057882,1.8,6.3,7.3,0.5,32.4,31.4,32.7,25.4,25.9,15.399999999999999,31.600000000000016,9,250
2024-09-07,A6,MARICHA,18.8,33.7,25.6,22.915610145715505,88.52656344194293,9.0,6607.86061057882,0.4,1.8,6.3,3.3,33.1,32.4,32.3,26.0,25.4,8.499999999999998,31.500000000000014,9,251
2024-09-08,A6,MARICHA,6.7,32.3,26.3,22.915610145715505,88.52656344194293,9.0,6607.86061057882,18.8,0.4,1.8,8.7,33.7,33.1,30.7,25.6,26.0,21.0,47.000000000000014,9,252
2024-09-09,A6,MARICHA,5.3,32.1,26.5,22.915610145715505,88.52656344194293,9.0,6607.86061057882,6.7,18.8,0.4,3.7,32.3,33.7,32.3,26.3,25.6,25.9,45.000000000000014,9,253
2024-09-10,A6,MARICHA,6.2,31.7,25.9,22.915610145715505,88.52656344194293,9.0,6607.86061057882,5.3,6.7,18.8,7.3,32.1,32.3,31.8,26.5,26.3,30.8,46.600000000000016,9,254
2024-09-11,A6,MARICHA,8.5,32.3,26.0,22.915610145715505,88.52656344194293,9.0,6607.86061057882,6.2,5.3,6.7,6.3,31.7,32.1,31.4,25.9,26.5,18.2,45.500000000000014,9,255
2024-09-12,A6,MARICHA,16.9,31.9,26.3,22.915610145715505,88.52656344194293,9.0,6607.86061057882,8.5,6.2,5.3,1.8,32.3,31.7,32.4,26.0,25.9,20.0,47.70000000000002,9,256
2024-09-13,A6,MARICHA,30.8,32.2,25.7,22.915610145715505,88.52656344194293,9.0,6607.86061057882,16.9,8.5,6.2,0.4,31.9,32.3,33.1,26.3,26.0,31.599999999999998,62.80000000000001,9,257
2024-09-14,A6,MARICHA,58.3,27.5,25.3,22.915610145715505,88.52656344194293,9.0,6607.86061057882,30.8,16.9,8.5,18.8,32.2,31.9,33.7,25.7,26.3,56.2,93.20000000000002,9,258
2024-09-15,A6,MARICHA,19.1,28.3,24.9,22.915610145715505,88.52656344194293,9.0,6607.86061057882,58.3,30.8,16.9,6.7,27.5,32.2,32.3,25.3,25.7,106.0,132.7,9,259
2024-09-16,A6,MARICHA,18.1,27.8,25.2,22.915610145715505,88.52656344194293,9.0,6607.86061057882,19.1,58.3,30.8,5.3,28.3,27.5,32.1,24.9,25.3,108.19999999999999,145.10000000000002,9,260
2024-09-17,A6,MARICHA,0.3,32.2,25.6,22.915610145715505,88.52656344194293,9.0,6607.86061057882,18.1,19.1,58.3,6.2,27.8,28.3,31.7,25.2,24.9,95.5,157.9,9,261
2024-09-18,A6,MARICHA,0.0,33.0,24.4,22.915610145715505,88.52656344194293,9.0,6607.86061057882,0.3,18.1,19.1,8.5,32.2,27.8,32.3,25.6,25.2,37.5,152.00000000000003,9,262
2024-09-19,A6,MARICHA,3.7,32.8,25.9,22.915610145715505,88.52656344194293,9.0,6607.86061057882,0.0,0.3,18.1,16.9,33.0,32.2,31.9,24.4,25.6,18.400000000000002,143.50000000000003,9,263
2024-09-20,A6,MARICHA,0.0,33.9,26.5,22.915610145715505,88.52656344194293,9.0,6607.86061057882,3.7,0.0,0.3,30.8,32.8,33.0,32.2,25.9,24.4,4.0,130.3,9,264
2024-09-21,A6,MARICHA,6.4,33.4,26.3,22.915610145715505,88.52656344194293,9.0,6607.86061057882,0.0,3.7,0.0,58.3,33.9,32.8,27.5,26.5,25.9,3.7,99.50000000000001,9,265
2024-09-22,A6,MARICHA,0.0,34.1,27.0,22.915610145715505,88.52656344194293,9.0,6607.86061057882,6.4,0.0,3.7,19.1,33.4,33.9,28.3,26.3,26.5,10.100000000000001,47.600000000000016,9,266
2024-09-23,A6,MARICHA,6.3,34.1,26.3,22.915610145715505,88.52656344194293,9.0,6607.86061057882,0.0,6.4,0.0,18.1,34.1,33.4,27.8,27.0,26.3,6.4,28.500000000000014,9,267
2024-09-24,A6,MARICHA,10.1,30.8,26.4,22.915610145715505,88.52656344194293,9.0,6607.86061057882,6.3,0.0,6.4,0.3,34.1,34.1,32.2,26.3,27.0,12.7,16.700000000000014,9,268
2024-09-25,A6,MARICHA,24.6,28.9,24.4,22.915610145715505,88.52656344194293,9.0,6607.86061057882,10.1,6.3,0.0,0.0,30.8,34.1,33.0,26.4,26.3,16.4,26.500000000000014,9,269
2024-09-26,A6,MARICHA,30.9,28.3,24.3,22.915610145715505,88.52656344194293,9.0,6607.86061057882,24.6,10.1,6.3,3.7,28.9,30.8,32.8,24.4,26.4,41.0,51.100000000000016,9,270
2024-09-27,A6,MARICHA,11.6,30.5,24.7,22.915610145715505,88.52656344194293,9.0,6607.86061057882,30.9,24.6,10.1,0.0,28.3,28.9,33.9,24.3,24.4,65.6,78.30000000000001,9,271
2024-09-28,A6,MARICHA,6.3,31.3,24.8,22.915610145715505,88.52656344194293,9.0,6607.86061057882,11.6,30.9,24.6,6.4,30.5,28.3,33.4,24.7,24.3,67.1,89.90000000000002,9,272
2024-09-29,A6,MARICHA,3.9,32.4,26.3,22.915610145715505,88.52656344194293,9.0,6607.86061057882,6.3,11.6,30.9,0.0,31.3,30.5,34.1,24.8,24.7,48.8,89.80000000000001,9,273
2024-09-30,A6,MARICHA,0.8,33.2,25.8,22.915610145715505,88.52656344194293,9.0,6607.86061057882,3.9,6.3,11.6,6.3,32.4,31.3,34.1,26.3,24.8,21.8,93.70000000000002,9,274
2024-10-01,A6,MARICHA,11.8,33.7,26.6,22.915610145715505,88.52656344194293,9.0,6607.86061057882,0.8,3.9,6.3,10.1,33.2,32.4,30.8,25.8,26.3,11.0,88.20000000000002,10,275
2024-10-02,A6,MARICHA,6.2,31.9,24.7,22.915610145715505,88.52656344194293,9.0,6607.86061057882,11.8,0.8,3.9,24.6,33.7,33.2,28.9,26.6,25.8,16.5,89.90000000000002,10,276
2024-10-03,A6,MARICHA,32.5,30.9,25.9,22.915610145715505,88.52656344194293,9.0,6607.86061057882,6.2,11.8,0.8,30.9,31.9,33.7,28.3,24.7,26.6,18.8,71.50000000000001,10,277
2024-10-04,A6,MARICHA,23.2,30.0,24.9,22.915610145715505,88.52656344194293,9.0,6607.86061057882,32.5,6.2,11.8,11.6,30.9,31.9,30.5,25.9,24.7,50.5,73.10000000000002,10,278
2024-10-05,A6,MARICHA,21.8,30.2,24.7,22.915610145715505,88.52656344194293,9.0,6607.86061057882,23.2,32.5,6.2,6.3,30.0,30.9,31.3,24.9,25.9,61.900000000000006,84.70000000000002,10,279
2024-10-06,A6,MARICHA,3.7,30.3,24.5,22.915610145715505,88.52656344194293,9.0,6607.86061057882,21.8,23.2,32.5,3.9,30.2,30.0,32.4,24.7,24.9,77.5,100.20000000000002,10,280
2024-10-07,A6,MARICHA,11.7,31.0,24.0,22.915610145715505,88.52656344194293,9.0,6607.86061057882,3.7,21.8,23.2,0.8,30.3,30.2,33.2,24.5,24.7,48.7,100.00000000000001,10,281
2024-10-08,A6,MARICHA,10.4,30.2,25.1,22.915610145715505,88.52656344194293,9.0,6607.86061057882,11.7,3.7,21.8,11.8,31.0,30.3,33.7,24.0,24.5,37.2,110.9,10,282
2024-10-09,A6,MARICHA,9.7,30.3,24.6,22.915610145715505,88.52656344194293,9.0,6607.86061057882,10.4,11.7,3.7,6.2,30.2,31.0,31.9,25.1,24.0,25.799999999999997,109.50000000000001,10,283
2024-10-10,A6,MARICHA,8.2,30.6,24.5,22.915610145715505,88.52656344194293,9.0,6607.86061057882,9.7,10.4,11.7,32.5,30.3,30.2,30.9,24.6,25.1,31.799999999999997,113.00000000000001,10,284
2024-10-11,A6,MARICHA,5.2,31.9,25.1,22.915610145715505,88.52656344194293,9.0,6607.86061057882,8.2,9.7,10.4,23.2,30.6,30.3,30.0,24.5,24.6,28.299999999999997,88.70000000000002,10,285
2024-10-12,A6,MARICHA,4.3,31.7,24.4,22.915610145715505,88.52656344194293,9.0,6607.86061057882,5.2,8.2,9.7,21.8,31.9,30.6,30.2,25.1,24.5,23.1,70.7,10,286
2024-10-13,A6,MARICHA,1.6,31.9,24.5,22.915610145715505,88.52656344194293,9.0,6607.86061057882,4.3,5.2,8.2,3.7,31.7,31.9,30.3,24.4,25.1,17.7,53.20000000000001,10,287
2024-10-14,A6,MARICHA,0.0,32.1,23.8,22.915610145715505,88.52656344194293,9.0,6607.86061057882,1.6,4.3,5.2,11.7,31.9,31.7,31.0,24.5,24.4,11.1,51.10000000000001,10,288
2024-10-15,A6,MARICHA,9.0,31.4,24.4,22.915610145715505,88.52656344194293,9.0,6607.86061057882,0.0,1.6,4.3,10.4,32.1,31.9,30.2,23.8,24.5,5.9,39.40000000000001,10,289
2024-10-16,A6,MARICHA,0.0,31.3,23.9,22.915610145715505,88.52656344194293,9.0,6607.86061057882,9.0,0.0,1.6,9.7,31.4,32.1,30.3,24.4,23.8,10.600000000000001,38.000000000000014,10,290
2024-10-17,A6,MARICHA,8.7,31.1,23.8,22.915610145715505,88.52656344194293,9.0,6607.86061057882,0.0,9.0,0.0,8.2,31.3,31.4,30.6,23.9,24.4,9.000000000000002,28.30000000000001,10,291
2024-10-18,A6,MARICHA,5.2,29.5,23.4,22.915610145715505,88.52656344194293,9.0,6607.86061057882,8.7,0.0,9.0,5.2,31.1,31.3,31.9,23.8,23.9,17.700000000000003,28.800000000000015,10,292
2024-10-19,A6,MARICHA,7.2,30.2,23.4,22.915610145715505,88.52656344194293,9.0,6607.86061057882,5.2,8.7,0.0,4.3,29.5,31.1,31.7,23.4,23.8,13.900000000000002,28.80000000000001,10,293
2024-10-20,A6,MARICHA,0.0,30.5,23.7,22.915610145715505,88.52656344194293,9.0,6607.86061057882,7.2,5.2,8.7,1.6,30.2,29.5,31.9,23.4,23.4,21.1,31.700000000000017,10,294
2024-10-21,A6,MARICHA,0.0,30.5,24.0,22.915610145715505,88.52656344194293,9.0,6607.86061057882,0.0,7.2,5.2,0.0,30.5,30.2,32.1,23.7,23.4,12.400000000000002,30.100000000000016,10,295
2024-10-22,A6,MARICHA,0.0,30.9,22.7,22.915610145715505,88.52656344194293,9.0,6607.86061057882,0.0,0.0,7.2,9.0,30.5,30.5,31.4,24.0,23.7,7.200000000000002,30.100000000000016,10,296
2024-10-23,A6,MARICHA,17.8,29.7,24.0,22.915610145715505,88.52656344194293,9.0,6607.86061057882,0.0,0.0,0.0,0.0,30.9,30.5,31.3,22.7,24.0,0.0,21.100000000000016,10,297
2024-10-24,A6,MARICHA,13.7,27.0,24.1,22.915610145715505,88.52656344194293,9.0,6607.86061057882,17.8,0.0,0.0,8.7,29.7,30.9,31.1,24.0,22.7,17.800000000000004,38.90000000000001,10,298
2024-10-25,A6,MARICHA,28.2,26.1,23.5,22.915610145715505,88.52656344194293,9.0,6607.86061057882,13.7,17.8,0.0,5.2,27.0,29.7,29.5,24.1,24.0,31.5,43.90000000000001,10,299
2024-10-26,A6,MARICHA,2.7,31.5,24.4,22.915610145715505,88.52656344194293,9.0,6607.86061057882,28.2,13.7,17.8,7.2,26.1,27.0,30.2,23.5,24.1,59.7,66.9,10,300
2024-10-27,A6,MARICHA,0.2,31.2,23.5,22.915610145715505,88.52656344194293,9.0,6607.86061057882,2.7,28.2,13.7,0.0,31.5,26.1,30.5,24.4,23.5,44.6,62.40000000000001,10,301
2024-10-28,A6,MARICHA,0.3,31.3,23.4,22.915610145715505,88.52656344194293,9.0,6607.86061057882,0.2,2.7,28.2,0.0,31.2,31.5,30.5,23.5,24.4,31.099999999999998,62.600000000000016,10,302
2024-10-29,A6,MARICHA,0.0,31.2,23.6,22.915610145715505,88.52656344194293,9.0,6607.86061057882,0.3,0.2,2.7,0.0,31.3,31.2,30.9,23.4,23.5,3.2,62.90000000000001,10,303
2024-10-30,A6,MARICHA,0.4,30.9,23.6,22.915610145715505,88.52656344194293,9.0,6607.86061057882,0.0,0.3,0.2,17.8,31.2,31.3,29.7,23.6,23.4,0.5,62.90000000000001,10,304
2024-10-31,A6,MARICHA,0.3,31.1,23.8,22.915610145715505,88.52656344194293,9.0,6607.86061057882,0.4,0.0,0.3,13.7,30.9,31.2,27.0,23.6,23.6,0.7,45.50000000000001,10,305
2024-11-01,A6,MARICHA,0.0,32.2,23.1,22.915610145715505,88.52656344194293,9.0,6607.86061057882,0.3,0.4,0.0,28.2,31.1,30.9,26.1,23.8,23.6,0.7,32.10000000000001,11,306
2024-11-02,A6,MARICHA,0.0,31.3,20.9,22.915610145715505,88.52656344194293,9.0,6607.86061057882,0.0,0.3,0.4,2.7,32.2,31.1,31.5,23.1,23.8,0.7,3.900000000000011,11,307
2024-11-03,A6,MARICHA,0.0,30.6,21.0,22.915610145715505,88.52656344194293,9.0,6607.86061057882,0.0,0.0,0.3,0.2,31.3,32.2,31.2,20.9,23.1,0.3,1.2000000000000106,11,308
2024-11-04,A6,MARICHA,0.0,30.4,21.1,22.915610145715505,88.52656344194293,9.0,6607.86061057882,0.0,0.0,0.0,0.3,30.6,31.3,31.3,21.0,20.9,0.0,1.0000000000000107,11,309
2024-11-05,A6,MARICHA,0.5,30.4,21.9,22.915610145715505,88.52656344194293,9.0,6607.86061057882,0.0,0.0,0.0,0.0,30.4,30.6,31.2,21.1,21.0,0.0,0.7000000000000106,11,310
2024-11-06,A6,MARICHA,0.6,29.5,22.0,22.915610145715505,88.52656344194293,9.0,6607.86061057882,0.5,0.0,0.0,0.4,30.4,30.4,30.9,21.9,21.1,0.5,1.2000000000000106,11,311
2024-11-07,A6,MARICHA,0.2,29.9,21.1,22.915610145715505,88.52656344194293,9.0,6607.86061057882,0.6,0.5,0.0,0.3,29.5,30.4,31.1,22.0,21.9,1.1,1.4000000000000106,11,312
2024-11-08,A6,MARICHA,0.0,30.2,21.0,22.915610145715505,88.52656344194293,9.0,6607.86061057882,0.2,0.6,0.5,0.0,29.9,29.5,32.2,21.1,22.0,1.3,1.3000000000000105,11,313
2024-11-09,A6,MARICHA,0.0,29.7,20.9,22.915610145715505,88.52656344194293,9.0,6607.86061057882,0.0,0.2,0.6,0.0,30.2,29.9,31.3,21.0,21.1,0.8,1.3000000000000105,11,314
2024-11-10,A6,MARICHA,0.0,30.1,20.3,22.915610145715505,88.52656344194293,9.0,6607.86061057882,0.0,0.0,0.2,0.0,29.7,30.2,30.6,20.9,21.0,0.2,1.3000000000000105,11,315
2024-11-11,A6,MARICHA,0.0,30.2,20.1,22.915610145715505,88.52656344194293,9.0,6607.86061057882,0.0,0.0,0.0,0.0,30.1,29.7,30.4,20.3,20.9,0.0,1.3000000000000105,11,316
2024-11-12,A6,MARICHA,0.0,30.1,19.8,22.915610145715505,88.52656344194293,9.0,6607.86061057882,0.0,0.0,0.0,0.5,30.2,30.1,30.4,20.1,20.3,0.0,1.3000000000000105,11,317
2024-11-13,A6,MARICHA,0.0,31.4,20.2,22.915610145715505,88.52656344194293,9.0,6607.86061057882,0.0,0.0,0.0,0.6,30.1,30.2,29.5,19.8,20.1,0.0,0.8000000000000105,11,318
2024-11-14,A6,MARICHA,0.0,31.3,20.1,22.915610145715505,88.52656344194293,9.0,6607.86061057882,0.0,0.0,0.0,0.2,31.4,30.1,29.9,20.2,19.8,0.0,0.20000000000001067,11,319
2024-11-15,A6,MARICHA,0.0,31.4,19.0,22.915610145715505,88.52656344194293,9.0,6607.86061057882,0.0,0.0,0.0,0.0,31.3,31.4,30.2,20.1,20.2,0.0,0.0,11,320
2024-11-16,A6,MARICHA,0.0,30.2,18.2,22.915610145715505,88.52656344194293,9.0,6607.86061057882,0.0,0.0,0.0,0.0,31.4,31.3,29.7,19.0,20.1,0.0,0.0,11,321
2024-11-17,A6,MARICHA,0.0,29.5,17.9,22.915610145715505,88.52656344194293,9.0,6607.86061057882,0.0,0.0,0.0,0.0,30.2,31.4,30.1,18.2,19.0,0.0,0.0,11,322
2024-11-18,A6,MARICHA,0.0,29.2,17.7,22.915610145715505,88.52656344194293,9.0,6607.86061057882,0.0,0.0,0.0,0.0,29.5,30.2,30.2,17.9,18.2,0.0,0.0,11,323
2024-11-19,A6,MARICHA,0.0,28.8,17.8,22.915610145715505,88.52656344194293,9.0,6607.86061057882,0.0,0.0,0.0,0.0,29.2,29.5,30.1,17.7,17.9,0.0,0.0,11,324
2024-11-20,A6,MARICHA,0.0,29.6,17.7,22.915610145715505,88.52656344194293,9.0,6607.86061057882,0.0,0.0,0.0,0.0,28.8,29.2,31.4,17.8,17.7,0.0,0.0,11,325
2024-11-21,A6,MARICHA,0.0,29.3,18.5,22.915610145715505,88.52656344194293,9.0,6607.86061057882,0.0,0.0,0.0,0.0,29.6,28.8,31.3,17.7,17.8,0.0,0.0,11,326
2024-11-22,A6,MARICHA,0.0,29.5,18.0,22.915610145715505,88.52656344194293,9.0,6607.86061057882,0.0,0.0,0.0,0.0,29.3,29.6,31.4,18.5,17.7,0.0,0.0,11,327
2024-11-23,A6,MARICHA,0.0,29.3,17.9,22.915610145715505,88.52656344194293,9.0,6607.86061057882,0.0,0.0,0.0,0.0,29.5,29.3,30.2,18.0,18.5,0.0,0.0,11,328
2024-11-24,A6,MARICHA,0.0,29.0,16.6,22.915610145715505,88.52656344194293,9.0,6607.86061057882,0.0,0.0,0.0,0.0,29.3,29.5,29.5,17.9,18.0,0.0,0.0,11,329
2024-11-25,A6,MARICHA,0.0,28.2,16.3,22.915610145715505,88.52656344194293,9.0,6607.86061057882,0.0,0.0,0.0,0.0,29.0,29.3,29.2,16.6,17.9,0.0,0.0,11,330
2024-11-26,A6,MARICHA,0.0,28.2,16.3,22.915610145715505,88.52656344194293,9.0,6607.86061057882,0.0,0.0,0.0,0.0,28.2,29.0,28.8,16.3,16.6,0.0,0.0,11,331
2024-11-27,A6,MARICHA,0.0,28.7,16.5,22.915610145715505,88.52656344194293,9.0,6607.86061057882,0.0,0.0,0.0,0.0,28.2,28.2,29.6,16.3,16.3,0.0,0.0,11,332
2024-11-28,A6,MARICHA,0.0,28.9,17.1,22.915610145715505,88.52656344194293,9.0,6607.86061057882,0.0,0.0,0.0,0.0,28.7,28.2,29.3,16.5,16.3,0.0,0.0,11,333
2024-11-29,A6,MARICHA,0.0,28.1,19.7,22.915610145715505,88.52656344194293,9.0,6607.86061057882,0.0,0.0,0.0,0.0,28.9,28.7,29.5,17.1,16.5,0.0,0.0,11,334
2024-11-30,A6,MARICHA,23.4,23.5,19.0,22.915610145715505,88.52656344194293,9.0,6607.86061057882,0.0,0.0,0.0,0.0,28.1,28.9,29.3,19.7,17.1,0.0,0.0,11,335
2024-12-01,A6,MARICHA,0.0,28.8,18.8,22.915610145715505,88.52656344194293,9.0,6607.86061057882,23.4,0.0,0.0,0.0,23.5,28.1,29.0,19.0,19.7,23.4,23.40000000000001,12,336
2024-12-02,A6,MARICHA,2.4,23.0,19.2,22.915610145715505,88.52656344194293,9.0,6607.86061057882,0.0,23.4,0.0,0.0,28.8,23.5,28.2,18.8,19.0,23.4,23.40000000000001,12,337
2024-12-03,A6,MARICHA,0.0,29.0,18.8,22.915610145715505,88.52656344194293,9.0,6607.86061057882,2.4,0.0,23.4,0.0,23.0,28.8,28.2,19.2,18.8,25.799999999999997,25.800000000000008,12,338
2024-12-04,A6,MARICHA,0.0,28.7,16.6,22.915610145715505,88.52656344194293,9.0,6607.86061057882,0.0,2.4,0.0,0.0,29.0,23.0,28.7,18.8,19.2,2.4,25.800000000000008,12,339
2024-12-05,A6,MARICHA,0.0,29.5,15.9,22.915610145715505,88.52656344194293,9.0,6607.86061057882,0.0,0.0,2.4,0.0,28.7,29.0,28.9,16.6,18.8,2.4,25.800000000000008,12,340
2024-12-06,A6,MARICHA,0.0,27.4,16.0,22.915610145715505,88.52656344194293,9.0,6607.86061057882,0.0,0.0,0.0,0.0,29.5,28.7,28.1,15.9,16.6,0.0,25.800000000000008,12,341
2024-12-07,A6,MARICHA,0.0,26.5,14.5,22.915610145715505,88.52656344194293,9.0,6607.86061057882,0.0,0.0,0.0,23.4,27.4,29.5,23.5,16.0,15.9,0.0,25.800000000000008,12,342
2024-12-08,A6,MARICHA,0.0,26.2,13.5,22.915610145715505,88.52656344194293,9.0,6607.86061057882,0.0,0.0,0.0,0.0,26.5,27.4,28.8,14.5,16.0,0.0,2.4000000000000106,12,343
2024-12-09,A6,MARICHA,0.0,26.3,14.7,22.915610145715505,88.52656344194293,9.0,6607.86061057882,0.0,0.0,0.0,2.4,26.2,26.5,23.0,13.5,14.5,0.0,2.4000000000000106,12,344
2024-12-10,A6,MARICHA,0.0,26.4,16.7,22.915610145715505,88.52656344194293,9.0,6607.86061057882,0.0,0.0,0.0,0.0,26.3,26.2,29.0,14.7,13.5,0.0,0.0,12,345
2024-12-11,A6,MARICHA,0.0,24.5,14.4,22.915610145715505,88.52656344194293,9.0,6607.86061057882,0.0,0.0,0.0,0.0,26.4,26.3,28.7,16.7,14.7,0.0,0.0,12,346
2024-12-12,A6,MARICHA,0.0,24.0,12.3,22.915610145715505,88.52656344194293,9.0,6607.86061057882,0.0,0.0,0.0,0.0,24.5,26.4,29.5,14.4,16.7,0.0,0.0,12,347
2024-12-13,A6,MARICHA,0.0,23.6,11.6,22.915610145715505,88.52656344194293,9.0,6607.86061057882,0.0,0.0,0.0,0.0,24.0,24.5,27.4,12.3,14.4,0.0,0.0,12,348
2024-12-14,A6,MARICHA,0.0,23.3,12.3,22.915610145715505,88.52656344194293,9.0,6607.86061057882,0.0,0.0,0.0,0.0,23.6,24.0,26.5,11.6,12.3,0.0,0.0,12,349
2024-12-15,A6,MARICHA,0.0,24.0,11.0,22.915610145715505,88.52656344194293,9.0,6607.86061057882,0.0,0.0,0.0,0.0,23.3,23.6,26.2,12.3,11.6,0.0,0.0,12,350
2024-12-16,A6,MARICHA,0.0,24.8,12.8,22.915610145715505,88.52656344194293,9.0,6607.86061057882,0.0,0.0,0.0,0.0,24.0,23.3,26.3,11.0,12.3,0.0,0.0,12,351
2024-12-17,A6,MARICHA,0.0,25.9,13.1,22.915610145715505,88.52656344194293,9.0,6607.86061057882,0.0,0.0,0.0,0.0,24.8,24.0,26.4,12.8,11.0,0.0,0.0,12,352
2024-12-18,A6,MARICHA,0.0,26.8,14.3,22.915610145715505,88.52656344194293,9.0,6607.86061057882,0.0,0.0,0.0,0.0,25.9,24.8,24.5,13.1,12.8,0.0,0.0,12,353
2024-12-19,A6,MARICHA,0.0,26.1,14.4,22.915610145715505,88.52656344194293,9.0,6607.86061057882,0.0,0.0,0.0,0.0,26.8,25.9,24.0,14.3,13.1,0.0,0.0,12,354
2024-12-20,A6,MARICHA,0.0,25.9,14.0,22.915610145715505,88.52656344194293,9.0,6607.86061057882,0.0,0.0,0.0,0.0,26.1,26.8,23.6,14.4,14.3,0.0,0.0,12,355
2024-12-21,A6,MARICHA,1.6,20.3,15.5,22.915610145715505,88.52656344194293,9.0,6607.86061057882,0.0,0.0,0.0,0.0,25.9,26.1,23.3,14.0,14.4,0.0,0.0,12,356
2024-12-22,A6,MARICHA,0.0,25.4,15.0,22.915610145715505,88.52656344194293,9.0,6607.86061057882,1.6,0.0,0.0,0.0,20.3,25.9,24.0,15.5,14.0,1.6,1.6000000000000107,12,357
2024-12-23,A6,MARICHA,0.0,26.3,15.1,22.915610145715505,88.52656344194293,9.0,6607.86061057882,0.0,1.6,0.0,0.0,25.4,20.3,24.8,15.0,15.5,1.6,1.6000000000000107,12,358
2024-12-24,A6,MARICHA,0.8,26.0,14.9,22.915610145715505,88.52656344194293,9.0,6607.86061057882,0.0,0.0,1.6,0.0,26.3,25.4,25.9,15.1,15.0,1.6,1.6000000000000107,12,359
2024-12-25,A6,MARICHA,0.0,26.0,16.8,22.915610145715505,88.52656344194293,9.0,6607.86061057882,0.8,0.0,0.0,0.0,26.0,26.3,26.8,14.9,15.1,0.8,2.400000000000011,12,360
2024-12-26,A6,MARICHA,0.0,27.0,16.2,22.915610145715505,88.52656344194293,9.0,6607.86061057882,0.0,0.8,0.0,0.0,26.0,26.0,26.1,16.8,14.9,0.8,2.400000000000011,12,361
2024-12-27,A6,MARICHA,0.0,26.7,15.0,22.915610145715505,88.52656344194293,9.0,6607.86061057882,0.0,0.0,0.8,0.0,27.0,26.0,25.9,16.2,16.8,0.8,2.400000000000011,12,362
2024-12-28,A6,MARICHA,0.0,26.0,14.0,22.915610145715505,88.52656344194293,9.0,6607.86061057882,0.0,0.0,0.0,1.6,26.7,27.0,20.3,15.0,16.2,0.0,2.400000000000011,12,363
2024-12-29,A6,MARICHA,0.0,26.8,15.4,22.915610145715505,88.52656344194293,9.0,6607.86061057882,0.0,0.0,0.0,0.0,26.0,26.7,25.4,14.0,15.0,0.0,0.8000000000000107,12,364
2024-12-30,A6,MARICHA,0.0,26.1,16.6,22.915610145715505,88.52656344194293,9.0,6607.86061057882,0.0,0.0,0.0,0.0,26.8,26.0,26.3,15.4,14.0,0.0,0.8000000000000107,12,365
2024-12-31,A6,MARICHA,0.0,23.8,15.2,22.915610145715505,88.52656344194293,9.0,6607.86061057882,0.0,0.0,0.0,0.8,26.1,26.8,26.0,16.6,15.4,0.0,0.8000000000000107,12,366
2025-01-01,A6,MARICHA,0.0,22.8,12.8,22.915610145715505,88.52656344194293,9.0,6607.86061057882,0.0,0.0,0.0,0.0,23.8,26.1,26.0,15.2,16.6,0.0,0.0,1,1
2025-01-02,A6,MARICHA,0.0,22.1,12.1,22.915610145715505,88.52656344194293,9.0,6607.86061057882,0.0,0.0,0.0,0.0,22.8,23.8,27.0,12.8,15.2,0.0,0.0,1,2
2025-01-03,A6,MARICHA,0.0,22.2,11.1,22.915610145715505,88.52656344194293,9.0,6607.86061057882,0.0,0.0,0.0,0.0,22.1,22.8,26.7,12.1,12.8,0.0,0.0,1,3
2025-01-04,A6,MARICHA,0.0,23.7,13.0,22.915610145715505,88.52656344194293,9.0,6607.86061057882,0.0,0.0,0.0,0.0,22.2,22.1,26.0,11.1,12.1,0.0,0.0,1,4
2025-01-05,A6,MARICHA,0.0,24.2,13.8,22.915610145715505,88.52656344194293,9.0,6607.86061057882,0.0,0.0,0.0,0.0,23.7,22.2,26.8,13.0,11.1,0.0,0.0,1,5
2025-01-06,A6,MARICHA,0.0,24.4,12.7,22.915610145715505,88.52656344194293,9.0,6607.86061057882,0.0,0.0,0.0,0.0,24.2,23.7,26.1,13.8,13.0,0.0,0.0,1,6
2025-01-07,A6,MARICHA,0.0,25.7,14.2,22.915610145715505,88.52656344194293,9.0,6607.86061057882,0.0,0.0,0.0,0.0,24.4,24.2,23.8,12.7,13.8,0.0,0.0,1,7
2025-01-08,A6,MARICHA,0.0,22.2,13.5,22.915610145715505,88.52656344194293,9.0,6607.86061057882,0.0,0.0,0.0,0.0,25.7,24.4,22.8,14.2,12.7,0.0,0.0,1,8
2025-01-09,A6,MARICHA,0.0,21.9,12.0,22.915610145715505,88.52656344194293,9.0,6607.86061057882,0.0,0.0,0.0,0.0,22.2,25.7,22.1,13.5,14.2,0.0,0.0,1,9
2025-01-10,A6,MARICHA,0.0,22.6,12.0,22.915610145715505,88.52656344194293,9.0,6607.86061057882,0.0,0.0,0.0,0.0,21.9,22.2,22.2,12.0,13.5,0.0,0.0,1,10
2025-01-11,A6,MARICHA,0.0,23.3,11.4,22.915610145715505,88.52656344194293,9.0,6607.86061057882,0.0,0.0,0.0,0.0,22.6,21.9,23.7,12.0,12.0,0.0,0.0,1,11
2025-01-12,A6,MARICHA,0.0,24.5,12.7,22.915610145715505,88.52656344194293,9.0,6607.86061057882,0.0,0.0,0.0,0.0,23.3,22.6,24.2,11.4,12.0,0.0,0.0,1,12
2025-01-13,A6,MARICHA,0.0,26.2,13.6,22.915610145715505,88.52656344194293,9.0,6607.86061057882,0.0,0.0,0.0,0.0,24.5,23.3,24.4,12.7,11.4,0.0,0.0,1,13
2025-01-14,A6,MARICHA,0.0,25.0,15.2,22.915610145715505,88.52656344194293,9.0,6607.86061057882,0.0,0.0,0.0,0.0,26.2,24.5,25.7,13.6,12.7,0.0,0.0,1,14
2025-01-15,A6,MARICHA,0.0,24.1,14.0,22.915610145715505,88.52656344194293,9.0,6607.86061057882,0.0,0.0,0.0,0.0,25.0,26.2,22.2,15.2,13.6,0.0,0.0,1,15
2025-01-16,A6,MARICHA,0.0,24.3,13.2,22.915610145715505,88.52656344194293,9.0,6607.86061057882,0.0,0.0,0.0,0.0,24.1,25.0,21.9,14.0,15.2,0.0,0.0,1,16
2025-01-17,A6,MARICHA,0.0,24.4,14.0,22.915610145715505,88.52656344194293,9.0,6607.86061057882,0.0,0.0,0.0,0.0,24.3,24.1,22.6,13.2,14.0,0.0,0.0,1,17
2025-01-18,A6,MARICHA,0.0,24.3,13.9,22.915610145715505,88.52656344194293,9.0,6607.86061057882,0.0,0.0,0.0,0.0,24.4,24.3,23.3,14.0,13.2,0.0,0.0,1,18
2025-01-19,A6,MARICHA,0.0,24.1,13.3,22.915610145715505,88.52656344194293,9.0,6607.86061057882,0.0,0.0,0.0,0.0,24.3,24.4,24.5,13.9,14.0,0.0,0.0,1,19
2025-01-20,A6,MARICHA,0.0,23.5,12.3,22.915610145715505,88.52656344194293,9.0,6607.86061057882,0.0,0.0,0.0,0.0,24.1,24.3,26.2,13.3,13.9,0.0,0.0,1,20
2025-01-21,A6,MARICHA,0.0,25.0,12.8,22.915610145715505,88.52656344194293,9.0,6607.86061057882,0.0,0.0,0.0,0.0,23.5,24.1,25.0,12.3,13.3,0.0,0.0,1,21
2025-01-22,A6,MARICHA,0.0,26.0,13.9,22.915610145715505,88.52656344194293,9.0,6607.86061057882,0.0,0.0,0.0,0.0,25.0,23.5,24.1,12.8,12.3,0.0,0.0,1,22
2025-01-23,A6,MARICHA,0.0,27.6,13.5,22.915610145715505,88.52656344194293,9.0,6607.86061057882,0.0,0.0,0.0,0.0,26.0,25.0,24.3,13.9,12.8,0.0,0.0,1,23
2025-01-24,A6,MARICHA,0.0,27.6,14.6,22.915610145715505,88.52656344194293,9.0,6607.86061057882,0.0,0.0,0.0,0.0,27.6,26.0,24.4,13.5,13.9,0.0,0.0,1,24
2025-01-25,A6,MARICHA,0.1,25.2,16.1,22.915610145715505,88.52656344194293,9.0,6607.86061057882,0.0,0.0,0.0,0.0,27.6,27.6,24.3,14.6,13.5,0.0,0.0,1,25
2025-01-26,A6,MARICHA,0.0,24.0,13.1,22.915610145715505,88.52656344194293,9.0,6607.86061057882,0.1,0.0,0.0,0.0,25.2,27.6,24.1,16.1,14.6,0.1,0.10000000000001066,1,26
2025-01-27,A6,MARICHA,0.0,23.8,12.8,22.915610145715505,88.52656344194293,9.0,6607.86061057882,0.0,0.1,0.0,0.0,24.0,25.2,23.5,13.1,16.1,0.1,0.10000000000001066,1,27
2025-01-28,A6,MARICHA,0.0,25.4,12.7,22.915610145715505,88.52656344194293,9.0,6607.86061057882,0.0,0.0,0.1,0.0,23.8,24.0,25.0,12.8,13.1,0.1,0.10000000000001066,1,28
2025-01-29,A6,MARICHA,0.4,26.9,14.3,22.915610145715505,88.52656344194293,9.0,6607.86061057882,0.0,0.0,0.0,0.0,25.4,23.8,26.0,12.7,12.8,0.0,0.10000000000001066,1,29
2025-01-30,A6,MARICHA,0.2,28.9,18.0,22.915610145715505,88.52656344194293,9.0,6607.86061057882,0.4,0.0,0.0,0.0,26.9,25.4,27.6,14.3,12.7,0.4,0.5000000000000107,1,30
2025-01-31,A6,MARICHA,0.0,28.9,19.1,22.915610145715505,88.52656344194293,9.0,6607.86061057882,0.2,0.4,0.0,0.0,28.9,26.9,27.6,18.0,14.3,0.6000000000000001,0.7000000000000106,1,31
2025-02-01,A6,MARICHA,0.5,28.6,20.0,22.915610145715505,88.52656344194293,9.0,6607.86061057882,0.0,0.2,0.4,0.1,28.9,28.9,25.2,19.1,18.0,0.6000000000000001,0.7000000000000106,2,32
2025-02-02,A6,MARICHA,0.0,28.5,20.3,22.915610145715505,88.52656344194293,9.0,6607.86061057882,0.5,0.0,0.2,0.0,28.6,28.9,24.0,20.0,19.1,0.7,1.1000000000000107,2,33
2025-02-03,A6,MARICHA,0.0,28.4,19.0,22.915610145715505,88.52656344194293,9.0,6607.86061057882,0.0,0.5,0.0,0.0,28.5,28.6,23.8,20.3,20.0,0.5,1.1000000000000107,2,34
2025-02-04,A6,MARICHA,0.0,26.8,16.7,22.915610145715505,88.52656344194293,9.0,6607.86061057882,0.0,0.0,0.5,0.0,28.4,28.5,25.4,19.0,20.3,0.5,1.1000000000000107,2,35
2025-02-05,A6,MARICHA,0.0,28.7,16.0,22.915610145715505,88.52656344194293,9.0,6607.86061057882,0.0,0.0,0.0,0.4,26.8,28.4,26.9,16.7,19.0,0.0,1.1000000000000107,2,36
2025-02-06,A6,MARICHA,0.0,28.4,18.6,22.915610145715505,88.52656344194293,9.0,6607.86061057882,0.0,0.0,0.0,0.2,28.7,26.8,28.9,16.0,16.7,0.0,0.7000000000000106,2,37
2025-02-07,A6,MARICHA,0.0,25.2,14.5,22.915610145715505,88.52656344194293,9.0,6607.86061057882,0.0,0.0,0.0,0.0,28.4,28.7,28.9,18.6,16.0,0.0,0.5000000000000107,2,38
2025-02-08,A6,MARICHA,0.0,25.1,13.3,22.915610145715505,88.52656344194293,9.0,6607.86061057882,0.0,0.0,0.0,0.5,25.2,28.4,28.6,14.5,18.6,0.0,0.5000000000000107,2,39
2025-02-09,A6,MARICHA,0.0,25.6,13.3,22.915610145715505,88.52656344194293,9.0,6607.86061057882,0.0,0.0,0.0,0.0,25.1,25.2,28.5,13.3,14.5,0.0,0.0,2,40
2025-02-10,A6,MARICHA,0.0,28.8,14.5,22.915610145715505,88.52656344194293,9.0,6607.86061057882,0.0,0.0,0.0,0.0,25.6,25.1,28.4,13.3,13.3,0.0,0.0,2,41
2025-02-11,A6,MARICHA,0.0,29.5,18.6,22.915610145715505,88.52656344194293,9.0,6607.86061057882,0.0,0.0,0.0,0.0,28.8,25.6,26.8,14.5,13.3,0.0,0.0,2,42
2025-02-12,A6,MARICHA,0.0,29.7,19.3,22.915610145715505,88.52656344194293,9.0,6607.86061057882,0.0,0.0,0.0,0.0,29.5,28.8,28.7,18.6,14.5,0.0,0.0,2,43
2025-02-13,A6,MARICHA,0.0,29.7,20.1,22.915610145715505,88.52656344194293,9.0,6607.86061057882,0.0,0.0,0.0,0.0,29.7,29.5,28.4,19.3,18.6,0.0,0.0,2,44
2025-02-14,A6,MARICHA,0.0,27.4,15.6,22.915610145715505,88.52656344194293,9.0,6607.86061057882,0.0,0.0,0.0,0.0,29.7,29.7,25.2,20.1,19.3,0.0,0.0,2,45
2025-02-15,A6,MARICHA,0.0,28.5,15.8,22.915610145715505,88.52656344194293,9.0,6607.86061057882,0.0,0.0,0.0,0.0,27.4,29.7,25.1,15.6,20.1,0.0,0.0,2,46
2025-02-16,A6,MARICHA,0.0,30.5,16.4,22.915610145715505,88.52656344194293,9.0,6607.86061057882,0.0,0.0,0.0,0.0,28.5,27.4,25.6,15.8,15.6,0.0,0.0,2,47
2025-02-17,A6,MARICHA,0.1,31.1,18.3,22.915610145715505,88.52656344194293,9.0,6607.86061057882,0.0,0.0,0.0,0.0,30.5,28.5,28.8,16.4,15.8,0.0,0.0,2,48
2025-02-18,A6,MARICHA,2.5,29.7,18.5,22.915610145715505,88.52656344194293,9.0,6607.86061057882,0.1,0.0,0.0,0.0,31.1,30.5,29.5,18.3,16.4,0.1,0.10000000000001066,2,49
2025-02-19,A6,MARICHA,12.6,28.2,18.7,22.915610145715505,88.52656344194293,9.0,6607.86061057882,2.5,0.1,0.0,0.0,29.7,31.1,29.7,18.5,18.3,2.6,2.6000000000000107,2,50
2025-02-20,A6,MARICHA,7.7,27.1,18.8,22.915610145715505,88.52656344194293,9.0,6607.86061057882,12.6,2.5,0.1,0.0,28.2,29.7,29.7,18.7,18.5,15.2,15.20000000000001,2,51
2025-02-21,A6,MARICHA,0.0,28.8,17.5,22.915610145715505,88.52656344194293,9.0,6607.86061057882,7.7,12.6,2.5,0.0,27.1,28.2,27.4,18.8,18.7,22.8,22.90000000000001,2,52
2025-02-22,A6,MARICHA,11.8,28.8,19.2,22.915610145715505,88.52656344194293,9.0,6607.86061057882,0.0,7.7,12.6,0.0,28.8,27.1,28.5,17.5,18.8,20.3,22.90000000000001,2,53
2025-02-23,A6,MARICHA,5.7,28.1,18.0,22.915610145715505,88.52656344194293,9.0,6607.86061057882,11.8,0.0,7.7,0.0,28.8,28.8,30.5,19.2,17.5,19.5,34.70000000000001,2,54
2025-02-24,A6,MARICHA,0.0,28.8,17.6,22.915610145715505,88.52656344194293,9.0,6607.86061057882,5.7,11.8,0.0,0.1,28.1,28.8,31.1,18.0,19.2,17.500000000000004,40.40000000000001,2,55
2025-02-25,A6,MARICHA,0.0,29.0,18.3,22.915610145715505,88.52656344194293,9.0,6607.86061057882,0.0,5.7,11.8,2.5,28.8,28.1,29.7,17.6,18.0,17.500000000000004,40.30000000000001,2,56
2025-02-26,A6,MARICHA,0.0,29.1,17.9,22.915610145715505,88.52656344194293,9.0,6607.86061057882,0.0,0.0,5.7,12.6,29.0,28.8,28.2,18.3,17.6,5.700000000000002,37.80000000000001,2,57
2025-02-27,A6,MARICHA,0.0,29.7,17.8,22.915610145715505,88.52656344194293,9.0,6607.86061057882,0.0,0.0,0.0,7.7,29.1,29.0,27.1,17.9,18.3,0.0,25.20000000000001,2,58
2025-02-28,A6,MARICHA,0.0,30.4,19.5,22.915610145715505,88.52656344194293,9.0,6607.86061057882,0.0,0.0,0.0,0.0,29.7,29.1,28.8,17.8,17.9,0.0,17.50000000000001,2,59
2025-03-01,A6,MARICHA,0.0,32.9,20.0,22.915610145715505,88.52656344194293,9.0,6607.86061057882,0.0,0.0,0.0,11.8,30.4,29.7,28.8,19.5,17.8,0.0,17.50000000000001,3,60
2025-03-02,A6,MARICHA,0.0,33.0,20.9,22.915610145715505,88.52656344194293,9.0,6607.86061057882,0.0,0.0,0.0,5.7,32.9,30.4,28.1,20.0,19.5,0.0,5.700000000000011,3,61
2025-03-03,A6,MARICHA,0.0,31.7,20.6,22.915610145715505,88.52656344194293,9.0,6607.86061057882,0.0,0.0,0.0,0.0,33.0,32.9,28.8,20.9,20.0,0.0,0.0,3,62
2025-03-04,A6,MARICHA,0.0,30.6,20.4,22.915610145715505,88.52656344194293,9.0,6607.86061057882,0.0,0.0,0.0,0.0,31.7,33.0,29.0,20.6,20.9,0.0,0.0,3,63
2025-03-05,A6,MARICHA,0.0,30.7,19.8,22.915610145715505,88.52656344194293,9.0,6607.86061057882,0.0,0.0,0.0,0.0,30.6,31.7,29.1,20.4,20.6,0.0,0.0,3,64
2025-03-06,A6,MARICHA,0.0,27.1,17.0,22.915610145715505,88.52656344194293,9.0,6607.86061057882,0.0,0.0,0.0,0.0,30.7,30.6,29.7,19.8,20.4,0.0,0.0,3,65
2025-03-07,A6,MARICHA,0.0,29.1,15.8,22.915610145715505,88.52656344194293,9.0,6607.86061057882,0.0,0.0,0.0,0.0,27.1,30.7,30.4,17.0,19.8,0.0,0.0,3,66
2025-03-08,A6,MARICHA,0.0,31.4,17.7,22.915610145715505,88.52656344194293,9.0,6607.86061057882,0.0,0.0,0.0,0.0,29.1,27.1,32.9,15.8,17.0,0.0,0.0,3,67
2025-03-09,A6,MARICHA,0.0,31.3,18.8,22.915610145715505,88.52656344194293,9.0,6607.86061057882,0.0,0.0,0.0,0.0,31.4,29.1,33.0,17.7,15.8,0.0,0.0,3,68
2025-03-10,A6,MARICHA,0.0,32.2,19.7,22.915610145715505,88.52656344194293,9.0,6607.86061057882,0.0,0.0,0.0,0.0,31.3,31.4,31.7,18.8,17.7,0.0,0.0,3,69
2025-03-11,A6,MARICHA,0.0,32.9,20.6,22.915610145715505,88.52656344194293,9.0,6607.86061057882,0.0,0.0,0.0,0.0,32.2,31.3,30.6,19.7,18.8,0.0,0.0,3,70
2025-03-12,A6,MARICHA,0.0,34.0,20.4,22.915610145715505,88.52656344194293,9.0,6607.86061057882,0.0,0.0,0.0,0.0,32.9,32.2,30.7,20.6,19.7,0.0,0.0,3,71
2025-03-13,A6,MARICHA,0.0,35.4,22.4,22.915610145715505,88.52656344194293,9.0,6607.86061057882,0.0,0.0,0.0,0.0,34.0,32.9,27.1,20.4,20.6,0.0,0.0,3,72
2025-03-14,A6,MARICHA,0.0,35.9,22.8,22.915610145715505,88.52656344194293,9.0,6607.86061057882,0.0,0.0,0.0,0.0,35.4,34.0,29.1,22.4,20.4,0.0,0.0,3,73
2025-03-15,A6,MARICHA,0.1,34.9,23.5,22.915610145715505,88.52656344194293,9.0,6607.86061057882,0.0,0.0,0.0,0.0,35.9,35.4,31.4,22.8,22.4,0.0,0.0,3,74
2025-03-16,A6,MARICHA,6.1,38.0,24.2,22.915610145715505,88.52656344194293,9.0,6607.86061057882,0.1,0.0,0.0,0.0,34.9,35.9,31.3,23.5,22.8,0.10000000000000178,0.10000000000001066,3,75
2025-03-17,A6,MARICHA,2.9,34.9,23.1,22.915610145715505,88.52656344194293,9.0,6607.86061057882,6.1,0.1,0.0,0.0,38.0,34.9,32.2,24.2,23.5,6.200000000000001,6.20000000000001,3,76
2025-03-18,A6,MARICHA,0.0,33.5,23.9,22.915610145715505,88.52656344194293,9.0,6607.86061057882,2.9,6.1,0.1,0.0,34.9,38.0,32.9,23.1,24.2,9.100000000000001,9.10000000000001,3,77
2025-03-19,A6,MARICHA,0.0,34.8,22.2,22.915610145715505,88.52656344194293,9.0,6607.86061057882,0.0,2.9,6.1,0.0,33.5,34.9,34.0,23.9,23.1,9.000000000000002,9.10000000000001,3,78
2025-03-20,A6,MARICHA,3.9,31.2,24.1,22.915610145715505,88.52656344194293,9.0,6607.86061057882,0.0,0.0,2.9,0.0,34.8,33.5,35.4,22.2,23.9,2.9000000000000017,9.10000000000001,3,79
2025-03-21,A6,MARICHA,5.7,30.7,21.1,22.915610145715505,88.52656344194293,9.0,6607.86061057882,3.9,0.0,0.0,0.0,31.2,34.8,35.9,24.1,22.2,3.9000000000000017,13.00000000000001,3,80
2025-03-22,A6,MARICHA,4.8,26.6,20.9,22.915610145715505,88.52656344194293,9.0,6607.86061057882,5.7,3.9,0.0,0.1,30.7,31.2,34.9,21.1,24.1,9.600000000000001,18.70000000000001,3,81
2025-03-23,A6,MARICHA,0.2,28.6,18.6,22.915610145715505,88.52656344194293,9.0,6607.86061057882,4.8,5.7,3.9,6.1,26.6,30.7,38.0,20.9,21.1,14.400000000000002,23.40000000000001,3,82
2025-03-24,A6,MARICHA,0.0,30.7,18.0,22.915610145715505,88.52656344194293,9.0,6607.86061057882,0.2,4.8,5.7,2.9,28.6,26.6,34.9,18.6,20.9,10.700000000000001,17.50000000000001,3,83
2025-03-25,A6,MARICHA,0.0,32.0,19.4,22.915610145715505,88.52656344194293,9.0,6607.86061057882,0.0,0.2,4.8,0.0,30.7,28.6,33.5,18.0,18.6,5.000000000000003,14.60000000000001,3,84
2025-03-26,A6,MARICHA,0.0,34.2,21.1,22.915610145715505,88.52656344194293,9.0,6607.86061057882,0.0,0.0,0.2,0.0,32.0,30.7,34.8,19.4,18.0,0.20000000000000268,14.60000000000001,3,85
2025-03-27,A6,MARICHA,0.0,35.4,23.3,22.915610145715505,88.52656344194293,9.0,6607.86061057882,0.0,0.0,0.0,3.9,34.2,32.0,31.2,21.1,19.4,0.0,14.60000000000001,3,86
2025-03-28,A6,MARICHA,0.0,36.7,23.2,22.915610145715505,88.52656344194293,9.0,6607.86061057882,0.0,0.0,0.0,5.7,35.4,34.2,30.7,23.3,21.1,0.0,10.70000000000001,3,87
2025-03-29,A6,MARICHA,0.0,35.5,23.3,22.915610145715505,88.52656344194293,9.0,6607.86061057882,0.0,0.0,0.0,4.8,36.7,35.4,26.6,23.2,23.3,0.0,5.000000000000011,3,88
2025-03-30,A6,MARICHA,0.1,35.4,24.1,22.915610145715505,88.52656344194293,9.0,6607.86061057882,0.0,0.0,0.0,0.2,35.5,36.7,28.6,23.3,23.2,0.0,0.20000000000001067,3,89
2025-03-31,A6,MARICHA,0.0,35.9,25.2,22.915610145715505,88.52656344194293,9.0,6607.86061057882,0.1,0.0,0.0,0.0,35.4,35.5,30.7,24.1,23.3,0.10000000000000267,0.10000000000001066,3,90
2025-04-01,A6,MARICHA,0.0,36.1,25.0,22.915610145715505,88.52656344194293,9.0,6607.86061057882,0.0,0.1,0.0,0.0,35.9,35.4,32.0,25.2,24.1,0.10000000000000267,0.10000000000001066,4,91
2025-04-02,A6,MARICHA,0.2,36.5,24.9,22.915610145715505,88.52656344194293,9.0,6607.86061057882,0.0,0.0,0.1,0.0,36.1,35.9,34.2,25.0,25.2,0.10000000000000267,0.10000000000001066,4,92
2025-04-03,A6,MARICHA,0.0,36.0,24.8,22.915610145715505,88.52656344194293,9.0,6607.86061057882,0.2,0.0,0.0,0.0,36.5,36.1,35.4,24.9,25.0,0.20000000000000268,0.3000000000000107,4,93
2025-04-04,A6,MARICHA,0.0,34.0,25.4,22.915610145715505,88.52656344194293,9.0,6607.86061057882,0.0,0.2,0.0,0.0,36.0,36.5,36.7,24.8,24.9,0.20000000000000268,0.3000000000000107,4,94
2025-04-05,A6,MARICHA,0.0,36.4,24.4,22.915610145715505,88.52656344194293,9.0,6607.86061057882,0.0,0.0,0.2,0.0,34.0,36.0,35.5,25.4,24.8,0.20000000000000268,0.3000000000000107,4,95
2025-04-06,A6,MARICHA,0.5,35.7,24.3,22.915610145715505,88.52656344194293,9.0,6607.86061057882,0.0,0.0,0.0,0.1,36.4,34.0,35.4,24.4,25.4,0.0,0.3000000000000107,4,96
2025-04-07,A6,MARICHA,0.7,34.9,24.5,22.915610145715505,88.52656344194293,9.0,6607.86061057882,0.5,0.0,0.0,0.0,35.7,36.4,35.9,24.3,24.4,0.5000000000000027,0.7000000000000107,4,97
2025-04-08,A6,MARICHA,0.5,34.2,24.2,22.915610145715505,88.52656344194293,9.0,6607.86061057882,0.7,0.5,0.0,0.0,34.9,35.7,36.1,24.5,24.3,1.2000000000000026,1.4000000000000106,4,98
2025-04-09,A6,MARICHA,2.4,33.5,23.5,22.915610145715505,88.52656344194293,9.0,6607.86061057882,0.5,0.7,0.5,0.2,34.2,34.9,36.5,24.2,24.5,1.7000000000000026,1.9000000000000106,4,99
2025-04-10,A6,MARICHA,22.5,34.5,21.9,22.915610145715505,88.52656344194293,9.0,6607.86061057882,2.4,0.5,0.7,0.0,33.5,34.2,36.0,23.5,24.2,3.6000000000000023,4.10000000000001,4,100
2025-04-11,A6,MARICHA,0.3,31.9,21.9,22.915610145715505,88.52656344194293,9.0,6607.86061057882,22.5,2.4,0.5,0.0,34.5,33.5,34.0,21.9,23.5,25.400000000000002,26.60000000000001,4,101
2025-04-12,A6,MARICHA,1.6,34.9,23.7,22.915610145715505,88.52656344194293,9.0,6607.86061057882,0.3,22.5,2.4,0.0,31.9,34.5,36.4,21.9,21.9,25.200000000000003,26.90000000000001,4,102
2025-04-13,A6,MARICHA,0.0,33.3,23.4,22.915610145715505,88.52656344194293,9.0,6607.86061057882,1.6,0.3,22.5,0.5,34.9,31.9,35.7,23.7,21.9,24.400000000000002,28.500000000000007,4,103
2025-04-14,A6,MARICHA,3.3,32.4,23.9,22.915610145715505,88.52656344194293,9.0,6607.86061057882,0.0,1.6,0.3,0.7,33.3,34.9,34.9,23.4,23.7,1.9000000000000037,28.000000000000007,4,104
2025-04-15,A6,MARICHA,1.2,32.6,23.4,22.915610145715505,88.52656344194293,9.0,6607.86061057882,3.3,0.0,1.6,0.5,32.4,33.3,34.2,23.9,23.4,4.900000000000004,30.60000000000001,4,105
2025-04-16,A6,MARICHA,3.7,33.4,23.1,22.915610145715505,88.52656344194293,9.0,6607.86061057882,1.2,3.3,0.0,2.4,32.6,32.4,33.5,23.4,23.9,4.5000000000000036,31.300000000000008,4,106
2025-04-17,A6,MARICHA,28.3,32.3,22.9,22.915610145715505,88.52656344194293,9.0,6607.86061057882,3.7,1.2,3.3,22.5,33.4,32.6,34.5,23.1,23.4,8.200000000000003,32.60000000000001,4,107
2025-04-18,A6,MARICHA,7.6,29.6,22.6,22.915610145715505,88.52656344194293,9.0,6607.86061057882,28.3,3.7,1.2,0.3,32.3,33.4,31.9,22.9,23.1,33.2,38.400000000000006,4,108
2025-04-19,A6,MARICHA,2.0,29.9,23.0,22.915610145715505,88.52656344194293,9.0,6607.86061057882,7.6,28.3,3.7,1.6,29.6,32.3,34.9,22.6,22.9,39.6,45.70000000000001,4,109
2025-04-20,A6,MARICHA,0.9,34.7,24.8,22.915610145715505,88.52656344194293,9.0,6607.86061057882,2.0,7.6,28.3,0.0,29.9,29.6,33.3,23.0,22.6,37.900000000000006,46.10000000000001,4,110
2025-04-21,A6,MARICHA,0.1,36.1,27.6,22.915610145715505,88.52656344194293,9.0,6607.86061057882,0.9,2.0,7.6,3.3,34.7,29.9,32.4,24.8,23.0,10.5,47.00000000000001,4,111
2025-04-22,A6,MARICHA,0.0,36.4,27.5,22.915610145715505,88.52656344194293,9.0,6607.86061057882,0.1,0.9,2.0,1.2,36.1,34.7,32.6,27.6,24.8,3.0,43.800000000000004,4,112
2025-04-23,A6,MARICHA,0.0,38.3,27.1,22.915610145715505,88.52656344194293,9.0,6607.86061057882,0.0,0.1,0.9,3.7,36.4,36.1,33.4,27.5,27.6,1.0,42.60000000000001,4,113
2025-04-24,A6,MARICHA,0.0,37.1,27.2,22.915610145715505,88.52656344194293,9.0,6607.86061057882,0.0,0.0,0.1,28.3,38.3,36.4,32.3,27.1,27.5,0.1,38.900000000000006,4,114
2025-04-25,A6,MARICHA,1.5,38.0,27.4,22.915610145715505,88.52656344194293,9.0,6607.86061057882,0.0,0.0,0.0,7.6,37.1,38.3,29.6,27.2,27.1,0.0,10.600000000000007,4,115
2025-04-26,A6,MARICHA,1.3,36.3,27.0,22.915610145715505,88.52656344194293,9.0,6607.86061057882,1.5,0.0,0.0,2.0,38.0,37.1,29.9,27.4,27.2,1.5,4.500000000000007,4,116
2025-04-27,A6,MARICHA,0.0,35.2,27.6,22.915610145715505,88.52656344194293,9.0,6607.86061057882,1.3,1.5,0.0,0.9,36.3,38.0,34.7,27.0,27.4,2.8,3.800000000000007,4,117
2025-04-28,A6,MARICHA,1.5,29.8,24.9,22.915610145715505,88.52656344194293,9.0,6607.86061057882,0.0,1.3,1.5,0.1,35.2,36.3,36.1,27.6,27.0,2.8,2.9000000000000075,4,118
2025-04-29,A6,MARICHA,11.3,30.7,22.5,22.915610145715505,88.52656344194293,9.0,6607.86061057882,1.5,0.0,1.3,0.0,29.8,35.2,36.4,24.9,27.6,2.8,4.300000000000007,4,119
2025-04-30,A6,MARICHA,1.6,30.6,21.8,22.915610145715505,88.52656344194293,9.0,6607.86061057882,11.3,1.5,0.0,0.0,30.7,29.8,38.3,22.5,24.9,12.8,15.600000000000009,4,120
2025-05-01,A6,MARICHA,2.7,31.4,22.0,22.915610145715505,88.52656344194293,9.0,6607.86061057882,1.6,11.3,1.5,0.0,30.6,30.7,37.1,21.8,22.5,14.4,17.20000000000001,5,121
2025-05-02,A6,MARICHA,0.0,30.5,21.7,22.915610145715505,88.52656344194293,9.0,6607.86061057882,2.7,1.6,11.3,1.5,31.4,30.6,38.0,22.0,21.8,15.600000000000001,19.90000000000001,5,122
2025-05-03,A6,MARICHA,1.4,32.2,23.3,22.915610145715505,88.52656344194293,9.0,6607.86061057882,0.0,2.7,1.6,1.3,30.5,31.4,36.3,21.7,22.0,4.300000000000001,18.40000000000001,5,123
2025-05-04,A6,MARICHA,3.6,31.2,23.8,22.915610145715505,88.52656344194293,9.0,6607.86061057882,1.4,0.0,2.7,0.0,32.2,30.5,35.2,23.3,21.7,4.1,18.500000000000007,5,124
2025-05-05,A6,MARICHA,1.5,32.7,23.6,22.915610145715505,88.52656344194293,9.0,6607.86061057882,3.6,1.4,0.0,1.5,31.2,32.2,29.8,23.8,23.3,5.0,22.10000000000001,5,125
2025-05-06,A6,MARICHA,14.0,32.2,24.5,22.915610145715505,88.52656344194293,9.0,6607.86061057882,1.5,3.6,1.4,11.3,32.7,31.2,30.7,23.6,23.8,6.5,22.10000000000001,5,126
2025-05-07,A6,MARICHA,1.1,33.5,24.0,22.915610145715505,88.52656344194293,9.0,6607.86061057882,14.0,1.5,3.6,1.6,32.2,32.7,30.6,24.5,23.6,19.1,24.800000000000008,5,127
2025-05-08,A6,MARICHA,0.0,35.8,26.9,22.915610145715505,88.52656344194293,9.0,6607.86061057882,1.1,14.0,1.5,2.7,33.5,32.2,31.4,24.0,24.5,16.6,24.300000000000008,5,128
2025-05-09,A6,MARICHA,0.0,36.5,26.8,22.915610145715505,88.52656344194293,9.0,6607.86061057882,0.0,1.1,14.0,0.0,35.8,33.5,30.5,26.9,24.0,15.1,21.60000000000001,5,129
2025-05-10,A6,MARICHA,0.6,36.4,26.7,22.915610145715505,88.52656344194293,9.0,6607.86061057882,0.0,0.0,1.1,1.4,36.5,35.8,32.2,26.8,26.9,1.1,21.60000000000001,5,130
2025-05-11,A6,MARICHA,0.0,36.7,27.2,22.915610145715505,88.52656344194293,9.0,6607.86061057882,0.6,0.0,0.0,3.6,36.4,36.5,31.2,26.7,26.8,0.6,20.800000000000008,5,131
2025-05-12,A6,MARICHA,1.0,37.1,28.6,22.915610145715505,88.52656344194293,9.0,6607.86061057882,0.0,0.6,0.0,1.5,36.7,36.4,32.7,27.2,26.7,0.6,17.200000000000006,5,132
2025-05-13,A6,MARICHA,1.5,35.8,28.4,22.915610145715505,88.52656344194293,9.0,6607.86061057882,1.0,0.0,0.6,14.0,37.1,36.7,32.2,28.6,27.2,1.6,16.700000000000006,5,133
2025-05-14,A6,MARICHA,0.7,36.5,28.2,22.915610145715505,88.52656344194293,9.0,6607.86061057882,1.5,1.0,0.0,1.1,35.8,37.1,33.5,28.4,28.6,2.5,4.200000000000007,5,134
2025-05-15,A6,MARICHA,7.6,35.2,27.1,22.915610145715505,88.52656344194293,9.0,6607.86061057882,0.7,1.5,1.0,0.0,36.5,35.8,35.8,28.2,28.4,3.2,3.800000000000007,5,135
2025-05-16,A6,MARICHA,8.7,35.0,27.8,22.915610145715505,88.52656344194293,9.0,6607.86061057882,7.6,0.7,1.5,0.0,35.2,36.5,36.5,27.1,28.2,9.8,11.400000000000006,5,136
2025-05-17,A6,MARICHA,17.3,35.0,25.5,22.915610145715505,88.52656344194293,9.0,6607.86061057882,8.7,7.6,0.7,0.6,35.0,35.2,36.4,27.8,27.1,17.0,20.100000000000005,5,137
2025-05-18,A6,MARICHA,10.6,30.6,25.4,22.915610145715505,88.52656344194293,9.0,6607.86061057882,17.3,8.7,7.6,0.0,35.0,35.0,36.7,25.5,27.8,33.6,36.800000000000004,5,138
2025-05-19,A6,MARICHA,5.4,33.3,26.0,22.915610145715505,88.52656344194293,9.0,6607.86061057882,10.6,17.3,8.7,1.0,30.6,35.0,37.1,25.4,25.5,36.6,47.400000000000006,5,139
2025-05-20,A6,MARICHA,16.2,34.6,25.2,22.915610145715505,88.52656344194293,9.0,6607.86061057882,5.4,10.6,17.3,1.5,33.3,30.6,35.8,26.0,25.4,33.3,51.800000000000004,5,140
2025-05-21,A6,MARICHA,28.3,33.6,25.8,22.915610145715505,88.52656344194293,9.0,6607.86061057882,16.2,5.4,10.6,0.7,34.6,33.3,36.5,25.2,26.0,32.2,66.5,5,141
2025-05-22,A6,MARICHA,3.8,32.2,26.1,22.915610145715505,88.52656344194293,9.0,6607.86061057882,28.3,16.2,5.4,7.6,33.6,34.6,35.2,25.8,25.2,49.9,94.1,5,142
2025-05-23,A6,MARICHA,4.8,31.2,25.7,22.915610145715505,88.52656344194293,9.0,6607.86061057882,3.8,28.3,16.2,8.7,32.2,33.6,35.0,26.1,25.8,48.3,90.30000000000001,5,143
2025-05-24,A6,MARICHA,5.1,32.1,25.4,22.915610145715505,88.52656344194293,9.0,6607.86061057882,4.8,3.8,28.3,17.3,31.2,32.2,35.0,25.7,26.1,36.9,86.4,5,144
2025-05-25,A6,MARICHA,13.7,31.0,25.6,22.915610145715505,88.52656344194293,9.0,6607.86061057882,5.1,4.8,3.8,10.6,32.1,31.2,30.6,25.4,25.7,13.7,74.2,5,145
2025-05-26,A6,MARICHA,14.2,30.6,25.2,22.915610145715505,88.52656344194293,9.0,6607.86061057882,13.7,5.1,4.8,5.4,31.0,32.1,33.3,25.6,25.4,23.599999999999998,77.30000000000001,5,146
2025-05-27,A6,MARICHA,9.1,31.7,25.5,22.915610145715505,88.52656344194293,9.0,6607.86061057882,14.2,13.7,5.1,16.2,30.6,31.0,34.6,25.2,25.6,33.0,86.1,5,147
2025-05-28,A6,MARICHA,10.0,31.6,25.9,22.915610145715505,88.52656344194293,9.0,6607.86061057882,9.1,14.2,13.7,28.3,31.7,30.6,33.6,25.5,25.2,37.0,79.00000000000001,5,148
2025-05-29,A6,MARICHA,31.8,29.3,25.4,22.915610145715505,88.52656344194293,9.0,6607.86061057882,10.0,9.1,14.2,3.8,31.6,31.7,32.2,25.9,25.5,33.3,60.7,5,149
2025-05-30,A6,MARICHA,19.0,32.8,24.7,22.915610145715505,88.52656344194293,9.0,6607.86061057882,31.8,10.0,9.1,4.8,29.3,31.6,31.2,25.4,25.9,50.900000000000006,88.70000000000002,5,150
2025-05-31,A6,MARICHA,33.5,32.2,25.3,22.915610145715505,88.52656344194293,9.0,6607.86061057882,19.0,31.8,10.0,5.1,32.8,29.3,32.1,24.7,25.4,60.8,102.9,5,151
2025-06-01,A6,MARICHA,21.4,31.3,26.7,22.915610145715505,88.52656344194293,9.0,6607.86061057882,33.5,19.0,31.8,13.7,32.2,32.8,31.0,25.3,24.7,84.3,131.3,6,152
2025-06-02,A6,MARICHA,0.0,36.0,26.8,22.915610145715505,88.52656344194293,9.0,6607.86061057882,21.4,33.5,19.0,14.2,31.3,32.2,30.6,26.7,25.3,73.9,139.0,6,153
2025-06-03,A6,MARICHA,0.3,34.8,27.1,22.915610145715505,88.52656344194293,9.0,6607.86061057882,0.0,21.4,33.5,9.1,36.0,31.3,31.7,26.8,26.7,54.9,124.80000000000001,6,154
2025-06-04,A6,MARICHA,1.2,34.0,26.1,22.915610145715505,88.52656344194293,9.0,6607.86061057882,0.3,0.0,21.4,10.0,34.8,36.0,31.6,27.1,26.8,21.7,116.0,6,155
2025-06-05,A6,MARICHA,1.4,32.3,26.5,22.915610145715505,88.52656344194293,9.0,6607.86061057882,1.2,0.3,0.0,31.8,34.0,34.8,29.3,26.1,27.1,1.5,107.2,6,156
2025-06-06,A6,MARICHA,6.0,32.7,25.9,22.915610145715505,88.52656344194293,9.0,6607.86061057882,1.4,1.2,0.3,19.0,32.3,34.0,32.8,26.5,26.1,2.9,76.80000000000001,6,157
2025-06-07,A6,MARICHA,0.0,33.7,25.4,22.915610145715505,88.52656344194293,9.0,6607.86061057882,6.0,1.4,1.2,33.5,32.7,32.3,32.2,25.9,26.5,8.6,63.800000000000004,6,158
2025-06-08,A6,MARICHA,0.7,33.7,26.4,22.915610145715505,88.52656344194293,9.0,6607.86061057882,0.0,6.0,1.4,21.4,33.7,32.7,31.3,25.4,25.9,7.3999999999999995,30.300000000000004,6,159
2025-06-09,A6,MARICHA,0.2,33.6,26.3,22.915610145715505,88.52656344194293,9.0,6607.86061057882,0.7,0.0,6.0,0.0,33.7,33.7,36.0,26.4,25.4,6.7,9.600000000000007,6,160
2025-06-10,A6,MARICHA,0.3,34.2,26.3,22.915610145715505,88.52656344194293,9.0,6607.86061057882,0.2,0.7,0.0,0.3,33.6,33.7,34.8,26.3,26.4,0.8999999999999999,9.800000000000008,6,161
2025-06-11,A6,MARICHA,0.3,33.1,26.8,22.915610145715505,88.52656344194293,9.0,6607.86061057882,0.3,0.2,0.7,1.2,34.2,33.6,34.0,26.3,26.3,1.2,9.800000000000006,6,162
2025-06-12,A6,MARICHA,0.4,33.1,25.8,22.915610145715505,88.52656344194293,9.0,6607.86061057882,0.3,0.3,0.2,1.4,33.1,34.2,32.3,26.8,26.3,0.8,8.900000000000007,6,163
2025-06-13,A6,MARICHA,0.2,33.3,26.6,22.915610145715505,88.52656344194293,9.0,6607.86061057882,0.4,0.3,0.3,6.0,33.1,33.1,32.7,25.8,26.8,1.0,7.9000000000000075,6,164
2025-06-14,A6,MARICHA,0.6,34.1,27.3,22.915610145715505,88.52656344194293,9.0,6607.86061057882,0.2,0.4,0.3,0.0,33.3,33.1,33.7,26.6,25.8,0.9,2.100000000000007,6,165
2025-06-15,A6,MARICHA,17.4,30.5,26.7,22.915610145715505,88.52656344194293,9.0,6607.86061057882,0.6,0.2,0.4,0.7,34.1,33.3,33.7,27.3,26.6,1.2000000000000002,2.7000000000000073,6,166
2025-06-16,A6,MARICHA,32.4,31.7,26.0,22.915610145715505,88.52656344194293,9.0,6607.86061057882,17.4,0.6,0.2,0.2,30.5,34.1,33.6,26.7,27.3,18.2,19.400000000000006,6,167
2025-06-17,A6,MARICHA,52.8,28.8,25.2,22.915610145715505,88.52656344194293,9.0,6607.86061057882,32.4,17.4,0.6,0.3,31.7,30.5,34.2,26.0,26.7,50.4,51.60000000000001,6,168
2025-06-18,A6,MARICHA,26.0,28.6,25.3,22.915610145715505,88.52656344194293,9.0,6607.86061057882,52.8,32.4,17.4,0.3,28.8,31.7,33.1,25.2,26.0,102.6,104.1,6,169
2025-06-19,A6,MARICHA,64.9,30.5,24.1,22.915610145715505,88.52656344194293,9.0,6607.86061057882,26.0,52.8,32.4,0.4,28.6,28.8,33.1,25.3,25.2,111.19999999999999,129.8,6,170
2025-06-20,A6,MARICHA,9.9,32.1,26.1,22.915610145715505,88.52656344194293,9.0,6607.86061057882,64.9,26.0,52.8,0.2,30.5,28.6,33.3,24.1,25.3,143.7,194.3,6,171
2025-06-21,A6,MARICHA,1.1,33.2,26.4,22.915610145715505,88.52656344194293,9.0,6607.86061057882,9.9,64.9,26.0,0.6,32.1,30.5,34.1,26.1,24.1,100.80000000000001,204.00000000000003,6,172
2025-06-22,A6,MARICHA,25.8,32.4,26.3,22.915610145715505,88.52656344194293,9.0,6607.86061057882,1.1,9.9,64.9,17.4,33.2,32.1,30.5,26.4,26.1,75.9,204.5,6,173
2025-06-23,A6,MARICHA,9.4,31.8,26.2,22.915610145715505,88.52656344194293,9.0,6607.86061057882,25.8,1.1,9.9,32.4,32.4,33.2,31.7,26.3,26.4,36.8,212.90000000000003,6,174
2025-06-24,A6,MARICHA,4.0,32.4,26.2,22.915610145715505,88.52656344194293,9.0,6607.86061057882,9.4,25.8,1.1,52.8,31.8,32.4,28.8,26.2,26.3,36.300000000000004,189.9,6,175
2025-06-25,A6,MARICHA,14.5,31.7,26.2,22.915610145715505,88.52656344194293,9.0,6607.86061057882,4.0,9.4,25.8,26.0,32.4,31.8,28.6,26.2,26.2,39.2,141.10000000000002,6,176
2025-06-26,A6,MARICHA,2.6,32.1,26.5,22.915610145715505,88.52656344194293,9.0,6607.86061057882,14.5,4.0,9.4,64.9,31.7,32.4,30.5,26.2,26.2,27.9,129.60000000000002,6,177
2025-06-27,A6,MARICHA,15.9,31.3,25.3,22.915610145715505,88.52656344194293,9.0,6607.86061057882,2.6,14.5,4.0,9.9,32.1,31.7,32.1,26.5,26.2,21.1,67.30000000000001,6,178
2025-06-28,A6,MARICHA,15.6,30.5,25.4,22.915610145715505,88.52656344194293,9.0,6607.86061057882,15.9,2.6,14.5,1.1,31.3,32.1,33.2,25.3,26.5,33.0,73.30000000000001,6,179
2025-06-29,A6,MARICHA,43.2,31.2,25.4,22.915610145715505,88.52656344194293,9.0,6607.86061057882,15.6,15.9,2.6,25.8,30.5,31.3,32.4,25.4,25.3,34.1,87.80000000000001,6,180
2025-06-30,A6,MARICHA,21.1,30.0,25.3,22.915610145715505,88.52656344194293,9.0,6607.86061057882,43.2,15.6,15.9,9.4,31.2,30.5,31.8,25.4,25.4,74.7,105.20000000000002,6,181
2025-07-01,A6,MARICHA,19.4,30.4,26.0,22.915610145715505,88.52656344194293,9.0,6607.86061057882,21.1,43.2,15.6,4.0,30.0,31.2,32.4,25.3,25.4,79.9,116.90000000000003,7,182
2025-07-02,A6,MARICHA,13.2,32.6,25.8,22.915610145715505,88.52656344194293,9.0,6607.86061057882,19.4,21.1,43.2,14.5,30.4,30.0,31.7,26.0,25.3,83.70000000000002,132.3,7,183
2025-07-03,A6,MARICHA,33.5,31.0,25.6,22.915610145715505,88.52656344194293,9.0,6607.86061057882,13.2,19.4,21.1,2.6,32.6,30.4,32.1,25.8,26.0,53.7,131.00000000000003,7,184
2025-07-04,A6,MARICHA,29.4,31.4,24.9,22.915610145715505,88.52656344194293,9.0,6607.86061057882,33.5,13.2,19.4,15.9,31.0,32.6,31.3,25.6,25.8,66.1,161.90000000000003,7,185
2025-07-05,A6,MARICHA,15.5,30.5,25.6,22.915610145715505,88.52656344194293,9.0,6607.86061057882,29.4,33.5,13.2,15.6,31.4,31.0,30.5,24.9,25.6,76.1,175.40000000000003,7,186
2025-07-06,A6,MARICHA,3.7,29.0,25.5,22.915610145715505,88.52656344194293,9.0,6607.86061057882,15.5,29.4,33.5,43.2,30.5,31.4,31.2,25.6,24.9,78.4,175.30000000000004,7,187
2025-07-07,A6,MARICHA,14.4,29.2,25.3,22.915610145715505,88.52656344194293,9.0,6607.86061057882,3.7,15.5,29.4,21.1,29.0,30.5,30.0,25.5,25.6,48.6,135.8,7,188
2025-07-08,A6,MARICHA,30.2,28.2,24.6,22.915610145715505,88.52656344194293,9.0,6607.86061057882,14.4,3.7,15.5,19.4,29.2,29.0,30.4,25.3,25.5,33.6,129.10000000000002,7,189
2025-07-09,A6,MARICHA,18.1,29.9,24.8,22.915610145715505,88.52656344194293,9.0,6607.86061057882,30.2,14.4,3.7,13.2,28.2,29.2,32.6,24.6,25.3,48.3,139.9,7,190
2025-07-10,A6,MARICHA,29.6,31.1,24.9,22.915610145715505,88.52656344194293,9.0,6607.86061057882,18.1,30.2,14.4,33.5,29.9,28.2,31.0,24.8,24.6,62.7,144.8,7,191
2025-07-11,A6,MARICHA,10.1,30.5,25.4,22.915610145715505,88.52656344194293,9.0,6607.86061057882,29.6,18.1,30.2,29.4,31.1,29.9,31.4,24.9,24.8,77.9,140.9,7,192
2025-07-12,A6,MARICHA,5.9,33.2,25.5,22.915610145715505,88.52656344194293,9.0,6607.86061057882,10.1,29.6,18.1,15.5,30.5,31.1,30.5,25.4,24.9,57.8,121.60000000000001,7,193
2025-07-13,A6,MARICHA,12.6,31.8,26.1,22.915610145715505,88.52656344194293,9.0,6607.86061057882,5.9,10.1,29.6,3.7,33.2,30.5,29.0,25.5,25.4,45.60000000000001,112.00000000000003,7,194
2025-07-14,A6,MARICHA,33.4,27.5,25.2,22.915610145715505,88.52656344194293,9.0,6607.86061057882,12.6,5.9,10.1,14.4,31.8,33.2,29.2,26.1,25.5,28.6,120.90000000000002,7,195
2025-07-15,A6,MARICHA,16.9,30.0,24.9,22.915610145715505,88.52656344194293,9.0,6607.86061057882,33.4,12.6,5.9,30.2,27.5,31.8,28.2,25.2,26.1,51.9,139.9,7,196
2025-07-16,A6,MARICHA,11.7,30.6,26.0,22.915610145715505,88.52656344194293,9.0,6607.86061057882,16.9,33.4,12.6,18.1,30.0,27.5,29.9,24.9,25.2,62.9,126.60000000000001,7,197
2025-07-17,A6,MARICHA,0.3,33.0,26.3,22.915610145715505,88.52656344194293,9.0,6607.86061057882,11.7,16.9,33.4,29.6,30.6,30.0,31.1,26.0,24.9,62.0,120.20000000000002,7,198
2025-07-18,A6,MARICHA,5.4,32.9,26.5,22.915610145715505,88.52656344194293,9.0,6607.86061057882,0.3,11.7,16.9,10.1,33.0,30.6,30.5,26.3,26.0,28.9,90.9,7,199
2025-07-19,A6,MARICHA,1.5,33.5,26.7,22.915610145715505,88.52656344194293,9.0,6607.86061057882,5.4,0.3,11.7,5.9,32.9,33.0,33.2,26.5,26.3,17.4,86.20000000000002,7,200
2025-07-20,A6,MARICHA,1.5,32.9,26.8,22.915610145715505,88.52656344194293,9.0,6607.86061057882,1.5,5.4,0.3,12.6,33.5,32.9,31.8,26.7,26.5,7.2,81.80000000000001,7,201
2025-07-21,A6,MARICHA,0.4,32.7,26.6,22.915610145715505,88.52656344194293,9.0,6607.86061057882,1.5,1.5,5.4,33.4,32.9,33.5,27.5,26.8,26.7,8.4,70.70000000000002,7,202
2025-07-22,A6,MARICHA,7.0,33.3,26.9,22.915610145715505,88.52656344194293,9.0,6607.86061057882,0.4,1.5,1.5,16.9,32.7,32.9,30.0,26.6,26.8,3.4,37.70000000000001,7,203
2025-07-23,A6,MARICHA,0.6,33.9,27.0,22.915610145715505,88.52656344194293,9.0,6607.86061057882,7.0,0.4,1.5,11.7,33.3,32.7,30.6,26.9,26.6,8.9,27.800000000000015,7,204
2025-07-24,A6,MARICHA,14.1,32.7,26.4,22.915610145715505,88.52656344194293,9.0,6607.86061057882,0.6,7.0,0.4,0.3,33.9,33.3,33.0,27.0,26.9,8.0,16.700000000000014,7,205
2025-07-25,A6,MARICHA,45.3,30.5,26.0,22.915610145715505,88.52656344194293,9.0,6607.86061057882,14.1,0.6,7.0,5.4,32.7,33.9,32.9,26.4,27.0,21.7,30.500000000000014,7,206
2025-07-26,A6,MARICHA,6.1,31.1,26.3,22.915610145715505,88.52656344194293,9.0,6607.86061057882,45.3,14.1,0.6,1.5,30.5,32.7,33.5,26.0,26.4,60.0,70.4,7,207
2025-07-27,A6,MARICHA,6.1,32.5,26.1,22.915610145715505,88.52656344194293,9.0,6607.86061057882,6.1,45.3,14.1,1.5,31.1,30.5,32.9,26.3,26.0,65.5,75.00000000000001,7,208
2025-07-28,A6,MARICHA,7.1,30.6,26.7,22.915610145715505,88.52656344194293,9.0,6607.86061057882,6.1,6.1,45.3,0.4,32.5,31.1,32.7,26.1,26.3,57.5,79.60000000000001,7,209
2025-07-29,A6,MARICHA,48.6,29.6,25.8,22.915610145715505,88.52656344194293,9.0,6607.86061057882,7.1,6.1,6.1,7.0,30.6,32.5,33.3,26.7,26.1,19.300000000000004,86.30000000000001,7,210
2025-07-30,A6,MARICHA,21.0,29.2,25.2,22.915610145715505,88.52656344194293,9.0,6607.86061057882,48.6,7.1,6.1,0.6,29.6,30.6,33.9,25.8,26.7,61.800000000000004,127.9,7,211
2025-07-31,A6,MARICHA,33.1,29.2,24.8,22.915610145715505,88.52656344194293,9.0,6607.86061057882,21.0,48.6,7.1,14.1,29.2,29.6,32.7,25.2,25.8,76.7,148.3,7,212
2025-08-01,A6,MARICHA,15.6,32.1,25.7,22.915610145715505,88.52656344194293,9.0,6607.86061057882,33.1,21.0,48.6,45.3,29.2,29.2,30.5,24.8,25.2,102.70000000000002,167.3,8,213
2025-08-02,A6,MARICHA,3.5,32.0,25.9,22.915610145715505,88.52656344194293,9.0,6607.86061057882,15.6,33.1,21.0,6.1,32.1,29.2,31.1,25.7,24.8,69.7,137.6,8,214
2025-08-03,A6,MARICHA,18.3,32.8,26.7,22.915610145715505,88.52656344194293,9.0,6607.86061057882,3.5,15.6,33.1,6.1,32.0,32.1,32.5,25.9,25.7,52.2,135.0,8,215
2025-08-04,A6,MARICHA,25.5,31.5,25.8,22.915610145715505,88.52656344194293,9.0,6607.86061057882,18.3,3.5,15.6,7.1,32.8,32.0,30.6,26.7,25.9,37.4,147.20000000000002,8,216
2025-08-05,A6,MARICHA,14.7,32.2,26.2,22.915610145715505,88.52656344194293,9.0,6607.86061057882,25.5,18.3,3.5,48.6,31.5,32.8,29.6,25.8,26.7,47.3,165.60000000000002,8,217
2025-08-06,A6,MARICHA,12.5,30.5,25.4,22.915610145715505,88.52656344194293,9.0,6607.86061057882,14.7,25.5,18.3,21.0,32.2,31.5,29.2,26.2,25.8,58.5,131.70000000000002,8,218
2025-08-07,A6,MARICHA,6.2,31.2,25.4,22.915610145715505,88.52656344194293,9.0,6607.86061057882,12.5,14.7,25.5,33.1,30.5,32.2,29.2,25.4,26.2,52.7,123.20000000000002,8,219
2025-08-08,A6,MARICHA,1.7,31.1,24.6,22.915610145715505,88.52656344194293,9.0,6607.86061057882,6.2,12.5,14.7,15.6,31.2,30.5,32.1,25.4,25.4,33.4,96.30000000000003,8,220
2025-08-09,A6,MARICHA,19.0,31.4,25.1,22.915610145715505,88.52656344194293,9.0,6607.86061057882,1.7,6.2,12.5,3.5,31.1,31.2,32.0,24.6,25.4,20.4,82.4,8,221
2025-08-10,A6,MARICHA,0.8,32.9,26.7,22.915610145715505,88.52656344194293,9.0,6607.86061057882,19.0,1.7,6.2,18.3,31.4,31.1,32.8,25.1,24.6,26.9,97.9,8,222
2025-08-11,A6,MARICHA,6.1,32.3,26.5,22.915610145715505,88.52656344194293,9.0,6607.86061057882,0.8,19.0,1.7,25.5,32.9,31.4,31.5,26.7,25.1,21.5,80.4,8,223
2025-08-12,A6,MARICHA,10.6,33.5,26.6,22.915610145715505,88.52656344194293,9.0,6607.86061057882,6.1,0.8,19.0,14.7,32.3,32.9,32.2,26.5,26.7,25.9,61.000000000000014,8,224
2025-08-13,A6,MARICHA,22.6,30.9,26.5,22.915610145715505,88.52656344194293,9.0,6607.86061057882,10.6,6.1,0.8,12.5,33.5,32.3,30.5,26.6,26.5,17.5,56.900000000000006,8,225
2025-08-14,A6,MARICHA,6.8,30.0,25.5,22.915610145715505,88.52656344194293,9.0,6607.86061057882,22.6,10.6,6.1,6.2,30.9,33.5,31.2,26.5,26.6,39.3,67.00000000000001,8,226
2025-08-15,A6,MARICHA,11.8,31.6,25.4,22.915610145715505,88.52656344194293,9.0,6607.86061057882,6.8,22.6,10.6,1.7,30.0,30.9,31.1,25.5,26.5,40.0,67.60000000000001,8,227
2025-08-16,A6,MARICHA,4.0,32.3,25.7,22.915610145715505,88.52656344194293,9.0,6607.86061057882,11.8,6.8,22.6,19.0,31.6,30.0,31.4,25.4,25.5,41.2,77.70000000000002,8,228
2025-08-17,A6,MARICHA,6.4,32.2,26.1,22.915610145715505,88.52656344194293,9.0,6607.86061057882,4.0,11.8,6.8,0.8,32.3,31.6,32.9,25.7,25.4,22.6,62.70000000000002,8,229
2025-08-18,A6,MARICHA,6.6,31.8,26.3,22.915610145715505,88.52656344194293,9.0,6607.86061057882,6.4,4.0,11.8,6.1,32.2,32.3,32.3,26.1,25.7,22.200000000000003,68.30000000000001,8,230
2025-08-19,A6,MARICHA,10.1,30.3,25.7,22.915610145715505,88.52656344194293,9.0,6607.86061057882,6.6,6.4,4.0,10.6,31.8,32.2,33.5,26.3,26.1,17.0,68.80000000000001,8,231
2025-08-20,A6,MARICHA,3.1,29.9,25.4,22.915610145715505,88.52656344194293,9.0,6607.86061057882,10.1,6.6,6.4,22.6,30.3,31.8,30.9,25.7,26.3,23.1,68.30000000000003,8,232
2025-08-21,A6,MARICHA,61.0,28.3,24.8,22.915610145715505,88.52656344194293,9.0,6607.86061057882,3.1,10.1,6.6,6.8,29.9,30.3,30.0,25.4,25.7,19.8,48.80000000000001,8,233
2025-08-22,A6,MARICHA,26.0,30.2,24.3,22.915610145715505,88.52656344194293,9.0,6607.86061057882,61.0,3.1,10.1,11.8,28.3,29.9,31.6,24.8,25.4,74.2,103.00000000000001,8,234
2025-08-23,A6,MARICHA,10.4,28.7,24.8,22.915610145715505,88.52656344194293,9.0,6607.86061057882,26.0,61.0,3.1,4.0,30.2,28.3,32.3,24.3,24.8,90.10000000000001,117.20000000000002,8,235
2025-08-24,A6,MARICHA,9.8,30.2,24.6,22.915610145715505,88.52656344194293,9.0,6607.86061057882,10.4,26.0,61.0,6.4,28.7,30.2,32.2,24.8,24.3,97.4,123.60000000000002,8,236
2025-08-25,A6,MARICHA,3.1,31.7,24.9,22.915610145715505,88.52656344194293,9.0,6607.86061057882,9.8,10.4,26.0,6.6,30.2,28.7,31.8,24.6,24.8,46.2,127.00000000000001,8,237
2025-08-26,A6,MARICHA,1.7,31.9,25.1,22.915610145715505,88.52656344194293,9.0,6607.86061057882,3.1,9.8,10.4,10.1,31.7,30.2,30.3,24.9,24.6,23.3,123.50000000000001,8,238
2025-08-27,A6,MARICHA,6.7,31.8,25.7,22.915610145715505,88.52656344194293,9.0,6607.86061057882,1.7,3.1,9.8,3.1,31.9,31.7,29.9,25.1,24.9,14.600000000000001,115.10000000000001,8,239
2025-08-28,A6,MARICHA,10.0,30.6,25.7,22.915610145715505,88.52656344194293,9.0,6607.86061057882,6.7,1.7,3.1,61.0,31.8,31.9,28.3,25.7,25.1,11.5,118.70000000000002,8,240
2025-08-29,A6,MARICHA,23.5,30.1,25.6,22.915610145715505,88.52656344194293,9.0,6607.86061057882,10.0,6.7,1.7,26.0,30.6,31.8,30.2,25.7,25.7,18.4,67.70000000000002,8,241
2025-08-30,A6,MARICHA,16.3,30.4,25.6,22.915610145715505,88.52656344194293,9.0,6607.86061057882,23.5,10.0,6.7,10.4,30.1,30.6,28.7,25.6,25.7,40.2,65.20000000000002,8,242
2025-08-31,A6,MARICHA,2.7,32.0,25.1,22.915610145715505,88.52656344194293,9.0,6607.86061057882,16.3,23.5,10.0,9.8,30.4,30.1,30.2,25.6,25.6,49.8,71.10000000000002,8,243
2025-09-01,A6,MARICHA,22.5,33.5,26.1,22.915610145715505,88.52656344194293,9.0,6607.86061057882,2.7,16.3,23.5,3.1,32.0,30.4,31.7,25.1,25.6,42.5,64.00000000000001,9,244
2025-09-02,A6,MARICHA,12.4,31.0,25.6,22.915610145715505,88.52656344194293,9.0,6607.86061057882,22.5,2.7,16.3,1.7,33.5,32.0,31.9,26.1,25.1,41.5,83.4,9,245
2025-09-03,A6,MARICHA,14.9,29.4,25.0,22.915610145715505,88.52656344194293,9.0,6607.86061057882,12.4,22.5,2.7,6.7,31.0,33.5,31.8,25.6,26.1,37.599999999999994,94.10000000000001,9,246
2025-09-04,A6,MARICHA,12.5,30.1,25.6,22.915610145715505,88.52656344194293,9.0,6607.86061057882,14.9,12.4,22.5,10.0,29.4,31.0,30.6,25.0,25.6,49.8,102.30000000000003,9,247
2025-09-05,A6,MARICHA,10.1,31.9,25.4,22.915610145715505,88.52656344194293,9.0,6607.86061057882,12.5,14.9,12.4,23.5,30.1,29.4,30.1,25.6,25.0,39.8,104.80000000000003,9,248
2025-09-06,A6,MARICHA,2.0,32.5,25.2,22.915610145715505,88.52656344194293,9.0,6607.86061057882,10.1,12.5,14.9,16.3,31.9,30.1,30.4,25.4,25.6,37.5,91.4,9,249
2025-09-07,A6,MARICHA,0.3,33.1,25.6,22.915610145715505,88.52656344194293,9.0,6607.86061057882,2.0,10.1,12.5,2.7,32.5,31.9,32.0,25.2,25.4,24.599999999999994,77.10000000000001,9,250
2025-09-08,A6,MARICHA,0.2,32.9,25.7,22.915610145715505,88.52656344194293,9.0,6607.86061057882,0.3,2.0,10.1,22.5,33.1,32.5,33.5,25.6,25.2,12.399999999999997,74.7,9,251
2025-09-09,A6,MARICHA,0.2,33.1,25.7,22.915610145715505,88.52656344194293,9.0,6607.86061057882,0.2,0.3,2.0,12.4,32.9,33.1,31.0,25.7,25.6,2.4999999999999964,52.40000000000001,9,252
2025-09-10,A6,MARICHA,0.2,33.6,26.4,22.915610145715505,88.52656344194293,9.0,6607.86061057882,0.2,0.2,0.3,14.9,33.1,32.9,29.4,25.7,25.7,0.6999999999999964,40.20000000000002,9,253
2025-09-11,A6,MARICHA,3.3,32.9,26.3,22.915610145715505,88.52656344194293,9.0,6607.86061057882,0.2,0.2,0.2,12.5,33.6,33.1,30.1,26.4,25.7,0.6000000000000001,25.500000000000014,9,254
2025-09-12,A6,MARICHA,14.7,31.7,25.3,22.915610145715505,88.52656344194293,9.0,6607.86061057882,3.3,0.2,0.2,10.1,32.9,33.6,31.9,26.3,26.4,3.699999999999996,16.300000000000015,9,255
2025-09-13,A6,MARICHA,8.4,30.7,25.7,22.915610145715505,88.52656344194293,9.0,6607.86061057882,14.7,3.3,0.2,2.0,31.7,32.9,32.5,25.3,26.3,18.199999999999996,20.900000000000013,9,256
2025-09-14,A6,MARICHA,46.5,30.5,26.2,22.915610145715505,88.52656344194293,9.0,6607.86061057882,8.4,14.7,3.3,0.3,30.7,31.7,33.1,25.7,25.3,26.4,27.30000000000001,9,257
2025-09-15,A6,MARICHA,30.5,29.6,24.2,22.915610145715505,88.52656344194293,9.0,6607.86061057882,46.5,8.4,14.7,0.2,30.5,30.7,32.9,26.2,25.7,69.6,73.50000000000001,9,258
2025-09-16,A6,MARICHA,11.4,29.5,24.4,22.915610145715505,88.52656344194293,9.0,6607.86061057882,30.5,46.5,8.4,0.2,29.6,30.5,33.1,24.2,26.2,85.39999999999999,103.80000000000001,9,259
2025-09-17,A6,MARICHA,7.5,30.5,24.9,22.915610145715505,88.52656344194293,9.0,6607.86061057882,11.4,30.5,46.5,0.2,29.5,29.6,33.6,24.4,24.2,88.4,115.00000000000001,9,260
2025-09-18,A6,MARICHA,3.3,31.9,26.1,22.915610145715505,88.52656344194293,9.0,6607.86061057882,7.5,11.4,30.5,3.3,30.5,29.5,32.9,24.9,24.4,49.39999999999999,122.30000000000003,9,261
2025-09-19,A6,MARICHA,14.5,30.7,25.6,22.915610145715505,88.52656344194293,9.0,6607.86061057882,3.3,7.5,11.4,14.7,31.9,30.5,31.7,26.1,24.9,22.199999999999992,122.30000000000001,9,262
2025-09-20,A6,MARICHA,12.8,32.4,25.9,22.915610145715505,88.52656344194293,9.0,6607.86061057882,14.5,3.3,7.5,8.4,30.7,31.9,30.7,25.6,26.1,25.29999999999999,122.10000000000002,9,263
2025-09-21,A6,MARICHA,1.1,32.6,25.4,22.915610145715505,88.52656344194293,9.0,6607.86061057882,12.8,14.5,3.3,46.5,32.4,30.7,30.5,25.9,25.6,30.599999999999994,126.50000000000001,9,264
2025-09-22,A6,MARICHA,15.4,30.3,25.1,22.915610145715505,88.52656344194293,9.0,6607.86061057882,1.1,12.8,14.5,30.5,32.6,32.4,29.6,25.4,25.9,28.39999999999999,81.10000000000001,9,265
2025-09-23,A6,MARICHA,12.8,31.0,24.6,22.915610145715505,88.52656344194293,9.0,6607.86061057882,15.4,1.1,12.8,11.4,30.3,32.6,29.5,25.1,25.4,29.29999999999999,66.00000000000001,9,266
2025-09-24,A6,MARICHA,7.1,31.4,24.9,22.915610145715505,88.52656344194293,9.0,6607.86061057882,12.8,15.4,1.1,7.5,31.0,30.3,30.5,24.6,25.1,29.29999999999999,67.40000000000002,9,267
2025-09-25,A6,MARICHA,22.6,32.7,25.6,22.915610145715505,88.52656344194293,9.0,6607.86061057882,7.1,12.8,15.4,3.3,31.4,31.0,31.9,24.9,24.6,35.29999999999999,67.00000000000001,9,268
2025-09-26,A6,MARICHA,7.0,31.9,25.5,22.915610145715505,88.52656344194293,9.0,6607.86061057882,22.6,7.1,12.8,14.5,32.7,31.4,30.7,25.6,24.9,42.49999999999999,86.30000000000001,9,269
2025-09-27,A6,MARICHA,9.4,30.1,25.6,22.915610145715505,88.52656344194293,9.0,6607.86061057882,7.0,22.6,7.1,12.8,31.9,32.7,32.4,25.5,25.6,36.69999999999999,78.80000000000001,9,270
2025-09-28,A6,MARICHA,6.2,31.8,25.5,22.915610145715505,88.52656344194293,9.0,6607.86061057882,9.4,7.0,22.6,1.1,30.1,31.9,32.6,25.6,25.5,38.99999999999999,75.40000000000002,9,271
2025-09-29,A6,MARICHA,1.3,32.3,25.9,22.915610145715505,88.52656344194293,9.0,6607.86061057882,6.2,9.4,7.0,15.4,31.8,30.1,30.3,25.5,25.6,22.59999999999999,80.50000000000001,9,272
2025-09-30,A6,MARICHA,2.3,32.2,26.3,22.915610145715505,88.52656344194293,9.0,6607.86061057882,1.3,6.2,9.4,12.8,32.3,31.8,31.0,25.9,25.5,16.89999999999999,66.40000000000002,9,273
2025-10-01,A6,MARICHA,18.5,31.5,24.7,22.915610145715505,88.52656344194293,9.0,6607.86061057882,2.3,1.3,6.2,7.1,32.2,32.3,31.4,26.3,25.9,9.79999999999999,55.90000000000002,10,274
2025-10-02,A6,MARICHA,28.7,28.0,24.5,22.915610145715505,88.52656344194293,9.0,6607.86061057882,18.5,2.3,1.3,22.6,31.5,32.2,32.7,24.7,26.3,22.09999999999999,67.30000000000001,10,275
2025-10-03,A6,MARICHA,11.9,29.4,25.2,22.915610145715505,88.52656344194293,9.0,6607.86061057882,28.7,18.5,2.3,7.0,28.0,31.5,31.9,24.5,24.7,49.499999999999986,73.4,10,276
2025-10-04,A6,MARICHA,9.9,32.0,25.1,22.915610145715505,88.52656344194293,9.0,6607.86061057882,11.9,28.7,18.5,9.4,29.4,28.0,30.1,25.2,24.5,59.099999999999994,78.30000000000001,10,277
2025-10-05,A6,MARICHA,30.1,30.4,24.1,22.915610145715505,88.52656344194293,9.0,6607.86061057882,9.9,11.9,28.7,6.2,32.0,29.4,31.8,25.1,25.2,50.49999999999999,78.80000000000001,10,278
2025-10-06,A6,MARICHA,3.7,29.1,24.6,22.915610145715505,88.52656344194293,9.0,6607.86061057882,30.1,9.9,11.9,1.3,30.4,32.0,32.3,24.1,25.1,51.89999999999999,102.70000000000002,10,279
2025-10-07,A6,MARICHA,5.8,31.2,24.3,22.915610145715505,88.52656344194293,9.0,6607.86061057882,3.7,30.1,9.9,2.3,29.1,30.4,32.2,24.6,24.1,43.699999999999996,105.10000000000001,10,280
2025-10-08,A6,MARICHA,4.4,30.7,24.5,22.915610145715505,88.52656344194293,9.0,6607.86061057882,5.8,3.7,30.1,18.5,31.2,29.1,31.5,24.3,24.6,39.599999999999994,108.60000000000001,10,281
2025-10-09,A6,MARICHA,7.7,31.2,24.6,22.915610145715505,88.52656344194293,9.0,6607.86061057882,4.4,5.8,3.7,28.7,30.7,31.2,28.0,24.5,24.3,13.899999999999993,94.50000000000001,10,282
2025-10-10,A6,MARICHA,10.4,31.3,24.4,22.915610145715505,88.52656344194293,9.0,6607.86061057882,7.7,4.4,5.8,11.9,31.2,30.7,29.4,24.6,24.5,17.89999999999999,73.50000000000001,10,283
2025-10-11,A6,MARICHA,2.9,30.5,24.1,22.915610145715505,88.52656344194293,9.0,6607.86061057882,10.4,7.7,4.4,9.9,31.3,31.2,32.0,24.4,24.6,22.499999999999993,72.00000000000001,10,284
2025-10-12,A6,MARICHA,0.0,31.2,24.3,22.915610145715505,88.52656344194293,9.0,6607.86061057882,2.9,10.4,7.7,30.1,30.5,31.3,30.4,24.1,24.4,20.999999999999996,65.00000000000001,10,285
2025-10-13,A6,MARICHA,0.0,30.6,23.7,22.915610145715505,88.52656344194293,9.0,6607.86061057882,0.0,2.9,10.4,3.7,31.2,30.5,29.1,24.3,24.1,13.299999999999994,34.90000000000002,10,286
2025-10-14,A6,MARICHA,0.0,31.2,23.3,22.915610145715505,88.52656344194293,9.0,6607.86061057882,0.0,0.0,2.9,5.8,30.6,31.2,31.2,23.7,24.3,2.8999999999999946,31.200000000000014,10,287
2025-10-15,A6,MARICHA,0.0,31.1,22.9,22.915610145715505,88.52656344194293,9.0,6607.86061057882,0.0,0.0,0.0,4.4,31.2,30.6,30.7,23.3,23.7,0.0,25.400000000000013,10,288
2025-10-16,A6,MARICHA,0.0,31.0,22.0,22.915610145715505,88.52656344194293,9.0,6607.86061057882,0.0,0.0,0.0,7.7,31.1,31.2,31.2,22.9,23.3,0.0,21.000000000000014,10,289
2025-10-17,A6,MARICHA,0.0,31.6,22.5,22.915610145715505,88.52656344194293,9.0,6607.86061057882,0.0,0.0,0.0,10.4,31.0,31.1,31.3,22.0,22.9,0.0,13.300000000000013,10,290
2025-10-18,A6,MARICHA,0.0,31.9,23.9,22.915610145715505,88.52656344194293,9.0,6607.86061057882,0.0,0.0,0.0,2.9,31.6,31.0,30.5,22.5,22.0,0.0,2.900000000000014,10,291
2025-10-19,A6,MARICHA,0.0,32.9,24.3,22.915610145715505,88.52656344194293,9.0,6607.86061057882,0.0,0.0,0.0,0.0,31.9,31.6,31.2,23.9,22.5,0.0,0.0,10,292
2025-10-20,A6,MARICHA,0.0,33.1,23.5,22.915610145715505,88.52656344194293,9.0,6607.86061057882,0.0,0.0,0.0,0.0,32.9,31.9,30.6,24.3,23.9,0.0,0.0,10,293
2025-10-21,A6,MARICHA,0.0,33.1,23.5,22.915610145715505,88.52656344194293,9.0,6607.86061057882,0.0,0.0,0.0,0.0,33.1,32.9,31.2,23.5,24.3,0.0,0.0,10,294
2025-10-22,A6,MARICHA,0.0,32.4,22.9,22.915610145715505,88.52656344194293,9.0,6607.86061057882,0.0,0.0,0.0,0.0,33.1,33.1,31.1,23.5,23.5,0.0,0.0,10,295
2025-10-23,A6,MARICHA,0.0,32.4,23.1,22.915610145715505,88.52656344194293,9.0,6607.86061057882,0.0,0.0,0.0,0.0,32.4,33.1,31.0,22.9,23.5,0.0,0.0,10,296
2025-10-24,A6,MARICHA,0.0,32.5,22.7,22.915610145715505,88.52656344194293,9.0,6607.86061057882,0.0,0.0,0.0,0.0,32.4,32.4,31.6,23.1,22.9,0.0,0.0,10,297
2025-10-25,A6,MARICHA,0.0,32.3,23.3,22.915610145715505,88.52656344194293,9.0,6607.86061057882,0.0,0.0,0.0,0.0,32.5,32.4,31.9,22.7,23.1,0.0,0.0,10,298
2025-10-26,A6,MARICHA,0.0,32.4,24.2,22.915610145715505,88.52656344194293,9.0,6607.86061057882,0.0,0.0,0.0,0.0,32.3,32.5,32.9,23.3,22.7,0.0,0.0,10,299
2025-10-27,A6,MARICHA,0.1,32.3,23.9,22.915610145715505,88.52656344194293,9.0,6607.86061057882,0.0,0.0,0.0,0.0,32.4,32.3,33.1,24.2,23.3,0.0,0.0,10,300
2025-10-28,A6,MARICHA,0.3,32.6,24.4,22.915610145715505,88.52656344194293,9.0,6607.86061057882,0.1,0.0,0.0,0.0,32.3,32.4,33.1,23.9,24.2,0.09999999999999468,0.10000000000001422,10,301
2025-10-29,A6,MARICHA,16.2,28.5,24.5,22.915610145715505,88.52656344194293,9.0,6607.86061057882,0.3,0.1,0.0,0.0,32.6,32.3,32.4,24.4,23.9,0.3999999999999947,0.40000000000001423,10,302
2025-10-30,A6,MARICHA,15.4,30.5,23.8,22.915610145715505,88.52656344194293,9.0,6607.86061057882,16.2,0.3,0.1,0.0,28.5,32.6,32.4,24.5,24.4,16.599999999999994,16.600000000000012,10,303
2025-10-31,A6,MARICHA,0.6,31.6,24.3,22.915610145715505,88.52656344194293,9.0,6607.86061057882,15.4,16.2,0.3,0.0,30.5,28.5,32.5,23.8,24.5,31.89999999999999,32.000000000000014,10,304
2025-11-01,A6,MARICHA,15.8,30.4,25.1,22.915610145715505,88.52656344194293,9.0,6607.86061057882,0.6,15.4,16.2,0.0,31.6,30.5,32.3,24.3,23.8,32.199999999999996,32.600000000000016,11,305
2025-11-02,A6,MARICHA,0.0,28.4,23.2,22.915610145715505,88.52656344194293,9.0,6607.86061057882,15.8,0.6,15.4,0.0,30.4,31.6,32.4,25.1,24.3,31.799999999999997,48.40000000000001,11,306
2025-11-03,A6,MARICHA,0.0,29.7,22.2,22.915610145715505,88.52656344194293,9.0,6607.86061057882,0.0,15.8,0.6,0.1,28.4,30.4,32.3,23.2,25.1,16.4,48.40000000000001,11,307
2025-11-04,A6,MARICHA,0.0,29.6,19.8,22.915610145715505,88.52656344194293,9.0,6607.86061057882,0.0,0.0,15.8,0.3,29.7,28.4,32.6,22.2,23.2,15.799999999999997,48.30000000000001,11,308
2025-11-05,A6,MARICHA,0.0,29.9,21.3,22.915610145715505,88.52656344194293,9.0,6607.86061057882,0.0,0.0,0.0,16.2,29.6,29.7,28.5,19.8,22.2,0.0,48.000000000000014,11,309
2025-11-06,A6,MARICHA,0.3,30.2,21.4,22.915610145715505,88.52656344194293,9.0,6607.86061057882,0.0,0.0,0.0,15.4,29.9,29.6,30.5,21.3,19.8,0.0,31.800000000000015,11,310
2025-11-07,A6,MARICHA,0.0,30.0,22.7,22.915610145715505,88.52656344194293,9.0,6607.86061057882,0.3,0.0,0.0,0.6,30.2,29.9,31.6,21.4,21.3,0.29999999999999644,16.700000000000014,11,311
2025-11-08,A6,MARICHA,0.0,29.3,20.0,22.915610145715505,88.52656344194293,9.0,6607.86061057882,0.0,0.3,0.0,15.8,30.0,30.2,30.4,22.7,21.4,0.29999999999999644,16.100000000000016,11,312
2025-11-09,A6,MARICHA,0.0,28.2,18.0,22.915610145715505,88.52656344194293,9.0,6607.86061057882,0.0,0.0,0.3,0.0,29.3,30.0,28.4,20.0,22.7,0.29999999999999644,0.3000000000000142,11,313
2025-11-10,A6,MARICHA,0.0,28.5,18.2,22.915610145715505,88.52656344194293,9.0,6607.86061057882,0.0,0.0,0.0,0.0,28.2,29.3,29.7,18.0,20.0,0.0,0.3000000000000142,11,314
2025-11-11,A6,MARICHA,0.0,27.7,17.2,22.915610145715505,88.52656344194293,9.0,6607.86061057882,0.0,0.0,0.0,0.0,28.5,28.2,29.6,18.2,18.0,0.0,0.3000000000000142,11,315
2025-11-12,A6,MARICHA,0.0,26.8,16.4,22.915610145715505,88.52656344194293,9.0,6607.86061057882,0.0,0.0,0.0,0.0,27.7,28.5,29.9,17.2,18.2,0.0,0.3000000000000142,11,316
2025-11-13,A6,MARICHA,0.0,26.9,16.4,22.915610145715505,88.52656344194293,9.0,6607.86061057882,0.0,0.0,0.0,0.3,26.8,27.7,30.2,16.4,17.2,0.0,0.3000000000000142,11,317
2025-11-14,A6,MARICHA,0.0,26.8,16.3,22.915610145715505,88.52656344194293,9.0,6607.86061057882,0.0,0.0,0.0,0.0,26.9,26.8,30.0,16.4,16.4,0.0,0.0,11,318
2025-11-15,A6,MARICHA,0.0,27.2,16.4,22.915610145715505,88.52656344194293,9.0,6607.86061057882,0.0,0.0,0.0,0.0,26.8,26.9,29.3,16.3,16.4,0.0,0.0,11,319
2025-11-16,A6,MARICHA,0.0,27.2,16.5,22.915610145715505,88.52656344194293,9.0,6607.86061057882,0.0,0.0,0.0,0.0,27.2,26.8,28.2,16.4,16.3,0.0,0.0,11,320
2025-11-17,A6,MARICHA,0.0,27.1,17.5,22.915610145715505,88.52656344194293,9.0,6607.86061057882,0.0,0.0,0.0,0.0,27.2,27.2,28.5,16.5,16.4,0.0,0.0,11,321
2025-11-18,A6,MARICHA,0.0,27.9,17.2,22.915610145715505,88.52656344194293,9.0,6607.86061057882,0.0,0.0,0.0,0.0,27.1,27.2,27.7,17.5,16.5,0.0,0.0,11,322
2025-11-19,A6,MARICHA,0.0,28.6,16.7,22.915610145715505,88.52656344194293,9.0,6607.86061057882,0.0,0.0,0.0,0.0,27.9,27.1,26.8,17.2,17.5,0.0,0.0,11,323
2025-11-20,A6,MARICHA,0.0,28.1,17.4,22.915610145715505,88.52656344194293,9.0,6607.86061057882,0.0,0.0,0.0,0.0,28.6,27.9,26.9,16.7,17.2,0.0,0.0,11,324
2025-11-21,A6,MARICHA,0.0,28.3,17.8,22.915610145715505,88.52656344194293,9.0,6607.86061057882,0.0,0.0,0.0,0.0,28.1,28.6,26.8,17.4,16.7,0.0,0.0,11,325
2025-11-22,A6,MARICHA,0.0,27.9,17.2,22.915610145715505,88.52656344194293,9.0,6607.86061057882,0.0,0.0,0.0,0.0,28.3,28.1,27.2,17.8,17.4,0.0,0.0,11,326
2025-11-23,A6,MARICHA,0.0,27.7,16.7,22.915610145715505,88.52656344194293,9.0,6607.86061057882,0.0,0.0,0.0,0.0,27.9,28.3,27.2,17.2,17.8,0.0,0.0,11,327
2025-11-24,A6,MARICHA,0.0,26.7,16.4,22.915610145715505,88.52656344194293,9.0,6607.86061057882,0.0,0.0,0.0,0.0,27.7,27.9,27.1,16.7,17.2,0.0,0.0,11,328
2025-11-25,A6,MARICHA,0.0,26.1,15.4,22.915610145715505,88.52656344194293,9.0,6607.86061057882,0.0,0.0,0.0,0.0,26.7,27.7,27.9,16.4,16.7,0.0,0.0,11,329
2025-11-26,A6,MARICHA,0.0,25.8,14.7,22.915610145715505,88.52656344194293,9.0,6607.86061057882,0.0,0.0,0.0,0.0,26.1,26.7,28.6,15.4,16.4,0.0,0.0,11,330
2025-11-27,A6,MARICHA,0.0,26.7,15.4,22.915610145715505,88.52656344194293,9.0,6607.86061057882,0.0,0.0,0.0,0.0,25.8,26.1,28.1,14.7,15.4,0.0,0.0,11,331
2025-11-28,A6,MARICHA,0.0,27.0,16.8,22.915610145715505,88.52656344194293,9.0,6607.86061057882,0.0,0.0,0.0,0.0,26.7,25.8,28.3,15.4,14.7,0.0,0.0,11,332
2025-11-29,A6,MARICHA,0.0,26.9,16.8,22.915610145715505,88.52656344194293,9.0,6607.86061057882,0.0,0.0,0.0,0.0,27.0,26.7,27.9,16.8,15.4,0.0,0.0,11,333
2025-11-30,A6,MARICHA,0.0,26.9,16.8,22.915610145715505,88.52656344194293,9.0,6607.86061057882,0.0,0.0,0.0,0.0,26.9,27.0,27.7,16.8,16.8,0.0,0.0,11,334
2025-12-01,A6,MARICHA,0.0,26.5,16.3,22.915610145715505,88.52656344194293,9.0,6607.86061057882,0.0,0.0,0.0,0.0,26.9,26.9,26.7,16.8,16.8,0.0,0.0,12,335
2025-12-02,A6,MARICHA,0.0,26.7,17.2,22.915610145715505,88.52656344194293,9.0,6607.86061057882,0.0,0.0,0.0,0.0,26.5,26.9,26.1,16.3,16.8,0.0,0.0,12,336
2025-12-03,A6,MARICHA,0.0,25.9,15.7,22.915610145715505,88.52656344194293,9.0,6607.86061057882,0.0,0.0,0.0,0.0,26.7,26.5,25.8,17.2,16.3,0.0,0.0,12,337
2025-12-04,A6,MARICHA,0.0,25.2,14.2,22.915610145715505,88.52656344194293,9.0,6607.86061057882,0.0,0.0,0.0,0.0,25.9,26.7,26.7,15.7,17.2,0.0,0.0,12,338
2025-12-05,A6,MARICHA,0.0,25.4,14.7,22.915610145715505,88.52656344194293,9.0,6607.86061057882,0.0,0.0,0.0,0.0,25.2,25.9,27.0,14.2,15.7,0.0,0.0,12,339
2025-12-06,A6,MARICHA,0.0,24.4,12.6,22.915610145715505,88.52656344194293,9.0,6607.86061057882,0.0,0.0,0.0,0.0,25.4,25.2,26.9,14.7,14.2,0.0,0.0,12,340
2025-12-07,A6,MARICHA,0.0,24.7,13.6,22.915610145715505,88.52656344194293,9.0,6607.86061057882,0.0,0.0,0.0,0.0,24.4,25.4,26.9,12.6,14.7,0.0,0.0,12,341
2025-12-08,A6,MARICHA,0.0,24.8,13.8,22.915610145715505,88.52656344194293,9.0,6607.86061057882,0.0,0.0,0.0,0.0,24.7,24.4,26.5,13.6,12.6,0.0,0.0,12,342
2025-12-09,A6,MARICHA,0.0,25.0,14.3,22.915610145715505,88.52656344194293,9.0,6607.86061057882,0.0,0.0,0.0,0.0,24.8,24.7,26.7,13.8,13.6,0.0,0.0,12,343
2025-12-10,A6,MARICHA,0.0,25.0,14.1,22.915610145715505,88.52656344194293,9.0,6607.86061057882,0.0,0.0,0.0,0.0,25.0,24.8,25.9,14.3,13.8,0.0,0.0,12,344
2025-12-11,A6,MARICHA,0.0,24.9,13.7,22.915610145715505,88.52656344194293,9.0,6607.86061057882,0.0,0.0,0.0,0.0,25.0,25.0,25.2,14.1,14.3,0.0,0.0,12,345
2025-12-12,A6,MARICHA,0.0,24.9,14.0,22.915610145715505,88.52656344194293,9.0,6607.86061057882,0.0,0.0,0.0,0.0,24.9,25.0,25.4,13.7,14.1,0.0,0.0,12,346
2025-12-13,A6,MARICHA,0.0,25.2,14.3,22.915610145715505,88.52656344194293,9.0,6607.86061057882,0.0,0.0,0.0,0.0,24.9,24.9,24.4,14.0,13.7,0.0,0.0,12,347
2025-12-14,A6,MARICHA,0.0,26.3,14.5,22.915610145715505,88.52656344194293,9.0,6607.86061057882,0.0,0.0,0.0,0.0,25.2,24.9,24.7,14.3,14.0,0.0,0.0,12,348
2025-12-15,A6,MARICHA,0.0,25.9,14.9,22.915610145715505,88.52656344194293,9.0,6607.86061057882,0.0,0.0,0.0,0.0,26.3,25.2,24.8,14.5,14.3,0.0,0.0,12,349
2025-12-16,A6,MARICHA,0.0,24.9,14.4,22.915610145715505,88.52656344194293,9.0,6607.86061057882,0.0,0.0,0.0,0.0,25.9,26.3,25.0,14.9,14.5,0.0,0.0,12,350
2025-12-17,A6,MARICHA,0.0,25.0,14.1,22.915610145715505,88.52656344194293,9.0,6607.86061057882,0.0,0.0,0.0,0.0,24.9,25.9,25.0,14.4,14.9,0.0,0.0,12,351
2025-12-18,A6,MARICHA,0.0,26.2,14.8,22.915610145715505,88.52656344194293,9.0,6607.86061057882,0.0,0.0,0.0,0.0,25.0,24.9,24.9,14.1,14.4,0.0,0.0,12,352
2025-12-19,A6,MARICHA,0.0,25.8,15.5,22.915610145715505,88.52656344194293,9.0,6607.86061057882,0.0,0.0,0.0,0.0,26.2,25.0,24.9,14.8,14.1,0.0,0.0,12,353
2025-12-20,A6,MARICHA,0.0,23.8,15.5,22.915610145715505,88.52656344194293,9.0,6607.86061057882,0.0,0.0,0.0,0.0,25.8,26.2,25.2,15.5,14.8,0.0,0.0,12,354
2025-12-21,A6,MARICHA,0.0,23.4,14.4,22.915610145715505,88.52656344194293,9.0,6607.86061057882,0.0,0.0,0.0,0.0,23.8,25.8,26.3,15.5,15.5,0.0,0.0,12,355
2025-12-22,A6,MARICHA,0.0,24.3,14.5,22.915610145715505,88.52656344194293,9.0,6607.86061057882,0.0,0.0,0.0,0.0,23.4,23.8,25.9,14.4,15.5,0.0,0.0,12,356
2025-12-23,A6,MARICHA,0.0,23.9,14.0,22.915610145715505,88.52656344194293,9.0,6607.86061057882,0.0,0.0,0.0,0.0,24.3,23.4,24.9,14.5,14.4,0.0,0.0,12,357
2025-12-24,A6,MARICHA,0.0,23.5,13.4,22.915610145715505,88.52656344194293,9.0,6607.86061057882,0.0,0.0,0.0,0.0,23.9,24.3,25.0,14.0,14.5,0.0,0.0,12,358
2025-12-25,A6,MARICHA,0.0,21.2,11.7,22.915610145715505,88.52656344194293,9.0,6607.86061057882,0.0,0.0,0.0,0.0,23.5,23.9,26.2,13.4,14.0,0.0,0.0,12,359
2025-12-26,A6,MARICHA,0.0,21.6,11.0,22.915610145715505,88.52656344194293,9.0,6607.86061057882,0.0,0.0,0.0,0.0,21.2,23.5,25.8,11.7,13.4,0.0,0.0,12,360
2025-12-27,A6,MARICHA,0.0,22.8,12.1,22.915610145715505,88.52656344194293,9.0,6607.86061057882,0.0,0.0,0.0,0.0,21.6,21.2,23.8,11.0,11.7,0.0,0.0,12,361
2025-12-28,A6,MARICHA,0.0,21.8,12.7,22.915610145715505,88.52656344194293,9.0,6607.86061057882,0.0,0.0,0.0,0.0,22.8,21.6,23.4,12.1,11.0,0.0,0.0,12,362
2025-12-29,A6,MARICHA,0.0,20.0,11.8,22.915610145715505,88.52656344194293,9.0,6607.86061057882,0.0,0.0,0.0,0.0,21.8,22.8,24.3,12.7,12.1,0.0,0.0,12,363
2025-12-30,A6,MARICHA,0.0,19.2,10.6,22.915610145715505,88.52656344194293,9.0,6607.86061057882,0.0,0.0,0.0,0.0,20.0,21.8,23.9,11.8,12.7,0.0,0.0,12,364
2025-12-31,A6,MARICHA,0.0,20.5,9.2,22.915610145715505,88.52656344194293,9.0,6607.86061057882,0.0,0.0,0.0,0.0,19.2,20.0,23.5,10.6,11.8,0.0,0.0,12,365
2024-01-08,A7,SADHANPUR,0.0,25.6,15.2,22.836689283126614,88.50403436810248,12.0,12590.222600614068,0.0,0.0,0.0,0.0,25.9,26.3,24.8,15.0,13.0,0.0,0.0,1,8
2024-01-09,A7,SADHANPUR,0.0,25.0,13.6,22.836689283126614,88.50403436810248,12.0,12590.222600614068,0.0,0.0,0.0,0.0,25.6,25.9,23.2,15.2,15.0,0.0,0.0,1,9
2024-01-10,A7,SADHANPUR,0.0,25.6,12.5,22.836689283126614,88.50403436810248,12.0,12590.222600614068,0.0,0.0,0.0,0.0,25.0,25.6,24.3,13.6,15.2,0.0,0.0,1,10
2024-01-11,A7,SADHANPUR,0.0,24.8,13.4,22.836689283126614,88.50403436810248,12.0,12590.222600614068,0.0,0.0,0.0,0.0,25.6,25.0,25.1,12.5,13.6,0.0,0.0,1,11
2024-01-12,A7,SADHANPUR,0.0,22.6,11.3,22.836689283126614,88.50403436810248,12.0,12590.222600614068,0.0,0.0,0.0,0.0,24.8,25.6,25.6,13.4,12.5,0.0,0.0,1,12
2024-01-13,A7,SADHANPUR,0.0,22.5,9.9,22.836689283126614,88.50403436810248,12.0,12590.222600614068,0.0,0.0,0.0,0.0,22.6,24.8,26.3,11.3,13.4,0.0,0.0,1,13
2024-01-14,A7,SADHANPUR,0.0,22.1,10.2,22.836689283126614,88.50403436810248,12.0,12590.222600614068,0.0,0.0,0.0,0.0,22.5,22.6,25.9,9.9,11.3,0.0,0.0,1,14
2024-01-15,A7,SADHANPUR,0.0,21.7,10.1,22.836689283126614,88.50403436810248,12.0,12590.222600614068,0.0,0.0,0.0,0.0,22.1,22.5,25.6,10.2,9.9,0.0,0.0,1,15
2024-01-16,A7,SADHANPUR,0.0,22.0,10.4,22.836689283126614,88.50403436810248,12.0,12590.222600614068,0.0,0.0,0.0,0.0,21.7,22.1,25.0,10.1,10.2,0.0,0.0,1,16
2024-01-17,A7,SADHANPUR,0.1,23.3,10.1,22.836689283126614,88.50403436810248,12.0,12590.222600614068,0.0,0.0,0.0,0.0,22.0,21.7,25.6,10.4,10.1,0.0,0.0,1,17
2024-01-18,A7,SADHANPUR,4.2,21.8,14.8,22.836689283126614,88.50403436810248,12.0,12590.222600614068,0.1,0.0,0.0,0.0,23.3,22.0,24.8,10.1,10.4,0.1,0.1,1,18
2024-01-19,A7,SADHANPUR,0.0,22.9,14.7,22.836689283126614,88.50403436810248,12.0,12590.222600614068,4.2,0.1,0.0,0.0,21.8,23.3,22.6,14.8,10.1,4.3,4.3,1,19
2024-01-20,A7,SADHANPUR,0.0,22.3,12.4,22.836689283126614,88.50403436810248,12.0,12590.222600614068,0.0,4.2,0.1,0.0,22.9,21.8,22.5,14.7,14.8,4.3,4.3,1,20
2024-01-21,A7,SADHANPUR,0.0,22.3,13.0,22.836689283126614,88.50403436810248,12.0,12590.222600614068,0.0,0.0,4.2,0.0,22.3,22.9,22.1,12.4,14.7,4.2,4.3,1,21
2024-01-22,A7,SADHANPUR,0.0,20.9,10.6,22.836689283126614,88.50403436810248,12.0,12590.222600614068,0.0,0.0,0.0,0.0,22.3,22.3,21.7,13.0,12.4,0.0,4.3,1,22
2024-01-23,A7,SADHANPUR,0.0,22.3,9.0,22.836689283126614,88.50403436810248,12.0,12590.222600614068,0.0,0.0,0.0,0.0,20.9,22.3,22.0,10.6,13.0,0.0,4.3,1,23
2024-01-24,A7,SADHANPUR,3.2,21.5,15.0,22.836689283126614,88.50403436810248,12.0,12590.222600614068,0.0,0.0,0.0,0.1,22.3,20.9,23.3,9.0,10.6,0.0,4.3,1,24
2024-01-25,A7,SADHANPUR,0.0,22.8,12.8,22.836689283126614,88.50403436810248,12.0,12590.222600614068,3.2,0.0,0.0,4.2,21.5,22.3,21.8,15.0,9.0,3.2,7.4,1,25
2024-01-26,A7,SADHANPUR,0.0,22.7,11.9,22.836689283126614,88.50403436810248,12.0,12590.222600614068,0.0,3.2,0.0,0.0,22.8,21.5,22.9,12.8,15.0,3.2,3.2,1,26
2024-01-27,A7,SADHANPUR,0.0,22.7,10.8,22.836689283126614,88.50403436810248,12.0,12590.222600614068,0.0,0.0,3.2,0.0,22.7,22.8,22.3,11.9,12.8,3.2,3.2,1,27
2024-01-28,A7,SADHANPUR,0.0,23.3,10.1,22.836689283126614,88.50403436810248,12.0,12590.222600614068,0.0,0.0,0.0,0.0,22.7,22.7,22.3,10.8,11.9,0.0,3.2,1,28
2024-01-29,A7,SADHANPUR,0.0,24.7,10.8,22.836689283126614,88.50403436810248,12.0,12590.222600614068,0.0,0.0,0.0,0.0,23.3,22.7,20.9,10.1,10.8,0.0,3.2,1,29
2024-01-30,A7,SADHANPUR,0.7,26.2,12.9,22.836689283126614,88.50403436810248,12.0,12590.222600614068,0.0,0.0,0.0,0.0,24.7,23.3,22.3,10.8,10.1,0.0,3.2,1,30
2024-01-31,A7,SADHANPUR,27.1,25.1,17.4,22.836689283126614,88.50403436810248,12.0,12590.222600614068,0.7,0.0,0.0,3.2,26.2,24.7,21.5,12.9,10.8,0.7,3.9000000000000004,1,31
2024-02-01,A7,SADHANPUR,6.3,24.5,16.2,22.836689283126614,88.50403436810248,12.0,12590.222600614068,27.1,0.7,0.0,0.0,25.1,26.2,22.8,17.4,12.9,27.8,27.8,2,32
2024-02-02,A7,SADHANPUR,0.1,26.5,16.4,22.836689283126614,88.50403436810248,12.0,12590.222600614068,6.3,27.1,0.7,0.0,24.5,25.1,22.7,16.2,17.4,34.1,34.1,2,33
2024-02-03,A7,SADHANPUR,0.0,25.8,15.2,22.836689283126614,88.50403436810248,12.0,12590.222600614068,0.1,6.3,27.1,0.0,26.5,24.5,22.7,16.4,16.2,33.5,34.2,2,34
2024-02-04,A7,SADHANPUR,0.0,26.0,12.4,22.836689283126614,88.50403436810248,12.0,12590.222600614068,0.0,0.1,6.3,0.0,25.8,26.5,23.3,15.2,16.4,6.3999999999999995,34.2,2,35
2024-02-05,A7,SADHANPUR,0.0,26.8,14.5,22.836689283126614,88.50403436810248,12.0,12590.222600614068,0.0,0.0,0.1,0.0,26.0,25.8,24.7,12.4,15.2,0.1,34.2,2,36
2024-02-06,A7,SADHANPUR,0.7,27.0,17.8,22.836689283126614,88.50403436810248,12.0,12590.222600614068,0.0,0.0,0.0,0.7,26.8,26.0,26.2,14.5,12.4,0.0,34.2,2,37
2024-02-07,A7,SADHANPUR,0.0,25.2,17.9,22.836689283126614,88.50403436810248,12.0,12590.222600614068,0.7,0.0,0.0,27.1,27.0,26.8,25.1,17.8,14.5,0.7,34.199999999999996,2,38
2024-02-08,A7,SADHANPUR,0.0,24.2,14.4,22.836689283126614,88.50403436810248,12.0,12590.222600614068,0.0,0.7,0.0,6.3,25.2,27.0,24.5,17.9,17.8,0.7,7.1,2,39
2024-02-09,A7,SADHANPUR,0.0,22.9,12.2,22.836689283126614,88.50403436810248,12.0,12590.222600614068,0.0,0.0,0.7,0.1,24.2,25.2,26.5,14.4,17.9,0.7,0.7999999999999999,2,40
2024-02-10,A7,SADHANPUR,0.0,24.6,11.4,22.836689283126614,88.50403436810248,12.0,12590.222600614068,0.0,0.0,0.0,0.0,22.9,24.2,25.8,12.2,14.4,0.0,0.7,2,41
2024-02-11,A7,SADHANPUR,0.0,26.4,11.9,22.836689283126614,88.50403436810248,12.0,12590.222600614068,0.0,0.0,0.0,0.0,24.6,22.9,26.0,11.4,12.2,0.0,0.7,2,42
2024-02-12,A7,SADHANPUR,0.0,27.3,13.8,22.836689283126614,88.50403436810248,12.0,12590.222600614068,0.0,0.0,0.0,0.0,26.4,24.6,26.8,11.9,11.4,0.0,0.7,2,43
2024-02-13,A7,SADHANPUR,0.0,28.9,16.7,22.836689283126614,88.50403436810248,12.0,12590.222600614068,0.0,0.0,0.0,0.7,27.3,26.4,27.0,13.8,11.9,0.0,0.7,2,44
2024-02-14,A7,SADHANPUR,0.0,28.3,15.8,22.836689283126614,88.50403436810248,12.0,12590.222600614068,0.0,0.0,0.0,0.0,28.9,27.3,25.2,16.7,13.8,0.0,0.0,2,45
2024-02-15,A7,SADHANPUR,0.6,27.8,17.0,22.836689283126614,88.50403436810248,12.0,12590.222600614068,0.0,0.0,0.0,0.0,28.3,28.9,24.2,15.8,16.7,0.0,0.0,2,46
2024-02-16,A7,SADHANPUR,0.0,28.5,17.3,22.836689283126614,88.50403436810248,12.0,12590.222600614068,0.6,0.0,0.0,0.0,27.8,28.3,22.9,17.0,15.8,0.6,0.6,2,47
2024-02-17,A7,SADHANPUR,0.0,27.7,15.0,22.836689283126614,88.50403436810248,12.0,12590.222600614068,0.0,0.6,0.0,0.0,28.5,27.8,24.6,17.3,17.0,0.6,0.6,2,48
2024-02-18,A7,SADHANPUR,0.2,28.6,14.9,22.836689283126614,88.50403436810248,12.0,12590.222600614068,0.0,0.0,0.6,0.0,27.7,28.5,26.4,15.0,17.3,0.6,0.6,2,49
2024-02-19,A7,SADHANPUR,0.4,29.6,17.8,22.836689283126614,88.50403436810248,12.0,12590.222600614068,0.2,0.0,0.0,0.0,28.6,27.7,27.3,14.9,15.0,0.2,0.8,2,50
2024-02-20,A7,SADHANPUR,0.3,31.4,20.8,22.836689283126614,88.50403436810248,12.0,12590.222600614068,0.4,0.2,0.0,0.0,29.6,28.6,28.9,17.8,14.9,0.6000000000000001,1.2,2,51
2024-02-21,A7,SADHANPUR,0.0,32.7,20.2,22.836689283126614,88.50403436810248,12.0,12590.222600614068,0.3,0.4,0.2,0.0,31.4,29.6,28.3,20.8,17.8,0.9,1.5,2,52
2024-02-22,A7,SADHANPUR,0.1,28.8,20.5,22.836689283126614,88.50403436810248,12.0,12590.222600614068,0.0,0.3,0.4,0.6,32.7,31.4,27.8,20.2,20.8,0.7,1.5,2,53
2024-02-23,A7,SADHANPUR,0.0,28.4,19.3,22.836689283126614,88.50403436810248,12.0,12590.222600614068,0.1,0.0,0.3,0.0,28.8,32.7,28.5,20.5,20.2,0.4,1.0,2,54
2024-02-24,A7,SADHANPUR,0.0,28.2,16.7,22.836689283126614,88.50403436810248,12.0,12590.222600614068,0.0,0.1,0.0,0.0,28.4,28.8,27.7,19.3,20.5,0.1,1.0,2,55
2024-02-25,A7,SADHANPUR,0.5,25.0,17.9,22.836689283126614,88.50403436810248,12.0,12590.222600614068,0.0,0.0,0.1,0.2,28.2,28.4,28.6,16.7,19.3,0.1,1.0,2,56
2024-02-26,A7,SADHANPUR,0.0,28.0,16.9,22.836689283126614,88.50403436810248,12.0,12590.222600614068,0.5,0.0,0.0,0.4,25.0,28.2,29.6,17.9,16.7,0.5,1.3,2,57
2024-02-27,A7,SADHANPUR,0.0,28.5,17.2,22.836689283126614,88.50403436810248,12.0,12590.222600614068,0.0,0.5,0.0,0.3,28.0,25.0,31.4,16.9,17.9,0.5,0.8999999999999999,2,58
2024-02-28,A7,SADHANPUR,0.0,29.1,17.8,22.836689283126614,88.50403436810248,12.0,12590.222600614068,0.0,0.0,0.5,0.0,28.5,28.0,32.7,17.2,16.9,0.5,0.6,2,59
2024-02-29,A7,SADHANPUR,0.0,29.6,17.8,22.836689283126614,88.50403436810248,12.0,12590.222600614068,0.0,0.0,0.0,0.1,29.1,28.5,28.8,17.8,17.2,0.0,0.6,2,60
2024-03-01,A7,SADHANPUR,0.0,30.2,16.4,22.836689283126614,88.50403436810248,12.0,12590.222600614068,0.0,0.0,0.0,0.0,29.6,29.1,28.4,17.8,17.8,0.0,0.5,3,61
2024-03-02,A7,SADHANPUR,0.0,30.6,15.9,22.836689283126614,88.50403436810248,12.0,12590.222600614068,0.0,0.0,0.0,0.0,30.2,29.6,28.2,16.4,17.8,0.0,0.5,3,62
2024-03-03,A7,SADHANPUR,0.2,31.2,18.7,22.836689283126614,88.50403436810248,12.0,12590.222600614068,0.0,0.0,0.0,0.5,30.6,30.2,25.0,15.9,16.4,0.0,0.5,3,63
2024-03-04,A7,SADHANPUR,1.1,31.2,19.2,22.836689283126614,88.50403436810248,12.0,12590.222600614068,0.2,0.0,0.0,0.0,31.2,30.6,28.0,18.7,15.9,0.2,0.2,3,64
2024-03-05,A7,SADHANPUR,0.0,30.4,19.8,22.836689283126614,88.50403436810248,12.0,12590.222600614068,1.1,0.2,0.0,0.0,31.2,31.2,28.5,19.2,18.7,1.3,1.3,3,65
2024-03-06,A7,SADHANPUR,0.0,28.9,17.8,22.836689283126614,88.50403436810248,12.0,12590.222600614068,0.0,1.1,0.2,0.0,30.4,31.2,29.1,19.8,19.2,1.3,1.3,3,66
2024-03-07,A7,SADHANPUR,0.0,28.3,18.4,22.836689283126614,88.50403436810248,12.0,12590.222600614068,0.0,0.0,1.1,0.0,28.9,30.4,29.6,17.8,19.8,1.1,1.3,3,67
2024-03-08,A7,SADHANPUR,0.0,29.9,18.4,22.836689283126614,88.50403436810248,12.0,12590.222600614068,0.0,0.0,0.0,0.0,28.3,28.9,30.2,18.4,17.8,0.0,1.3,3,68
2024-03-09,A7,SADHANPUR,0.0,29.3,15.1,22.836689283126614,88.50403436810248,12.0,12590.222600614068,0.0,0.0,0.0,0.0,29.9,28.3,30.6,18.4,18.4,0.0,1.3,3,69
2024-03-10,A7,SADHANPUR,0.0,29.2,14.7,22.836689283126614,88.50403436810248,12.0,12590.222600614068,0.0,0.0,0.0,0.2,29.3,29.9,31.2,15.1,18.4,0.0,1.3,3,70
2024-03-11,A7,SADHANPUR,0.0,30.6,14.5,22.836689283126614,88.50403436810248,12.0,12590.222600614068,0.0,0.0,0.0,1.1,29.2,29.3,31.2,14.7,15.1,0.0,1.1,3,71
2024-03-12,A7,SADHANPUR,0.0,32.7,19.6,22.836689283126614,88.50403436810248,12.0,12590.222600614068,0.0,0.0,0.0,0.0,30.6,29.2,30.4,14.5,14.7,0.0,0.0,3,72
2024-03-13,A7,SADHANPUR,0.6,33.6,23.2,22.836689283126614,88.50403436810248,12.0,12590.222600614068,0.0,0.0,0.0,0.0,32.7,30.6,28.9,19.6,14.5,0.0,0.0,3,73
2024-03-14,A7,SADHANPUR,12.3,31.8,21.5,22.836689283126614,88.50403436810248,12.0,12590.222600614068,0.6,0.0,0.0,0.0,33.6,32.7,28.3,23.2,19.6,0.6,0.6,3,74
2024-03-15,A7,SADHANPUR,0.9,33.4,21.9,22.836689283126614,88.50403436810248,12.0,12590.222600614068,12.3,0.6,0.0,0.0,31.8,33.6,29.9,21.5,23.2,12.9,12.9,3,75
2024-03-16,A7,SADHANPUR,1.4,31.7,22.5,22.836689283126614,88.50403436810248,12.0,12590.222600614068,0.9,12.3,0.6,0.0,33.4,31.8,29.3,21.9,21.5,13.8,13.8,3,76
2024-03-17,A7,SADHANPUR,0.0,31.6,21.4,22.836689283126614,88.50403436810248,12.0,12590.222600614068,1.4,0.9,12.3,0.0,31.7,33.4,29.2,22.5,21.9,14.600000000000001,15.2,3,77
2024-03-18,A7,SADHANPUR,2.0,29.6,21.7,22.836689283126614,88.50403436810248,12.0,12590.222600614068,0.0,1.4,0.9,0.0,31.6,31.7,30.6,21.4,22.5,2.3,15.2,3,78
2024-03-19,A7,SADHANPUR,11.9,30.2,22.6,22.836689283126614,88.50403436810248,12.0,12590.222600614068,2.0,0.0,1.4,0.0,29.6,31.6,32.7,21.7,21.4,3.4,17.2,3,79
2024-03-20,A7,SADHANPUR,12.9,23.5,18.4,22.836689283126614,88.50403436810248,12.0,12590.222600614068,11.9,2.0,0.0,0.6,30.2,29.6,33.6,22.6,21.7,13.9,29.1,3,80
2024-03-21,A7,SADHANPUR,7.4,26.5,18.3,22.836689283126614,88.50403436810248,12.0,12590.222600614068,12.9,11.9,2.0,12.3,23.5,30.2,31.8,18.4,22.6,26.8,41.4,3,81
2024-03-22,A7,SADHANPUR,0.3,27.5,16.7,22.836689283126614,88.50403436810248,12.0,12590.222600614068,7.4,12.9,11.9,0.9,26.5,23.5,33.4,18.3,18.4,32.2,36.5,3,82
2024-03-23,A7,SADHANPUR,5.0,31.9,19.1,22.836689283126614,88.50403436810248,12.0,12590.222600614068,0.3,7.4,12.9,1.4,27.5,26.5,31.7,16.7,18.3,20.6,35.900000000000006,3,83
2024-03-24,A7,SADHANPUR,0.0,33.7,23.7,22.836689283126614,88.50403436810248,12.0,12590.222600614068,5.0,0.3,7.4,0.0,31.9,27.5,31.6,19.1,16.7,12.7,39.5,3,84
2024-03-25,A7,SADHANPUR,15.3,33.0,22.7,22.836689283126614,88.50403436810248,12.0,12590.222600614068,0.0,5.0,0.3,2.0,33.7,31.9,29.6,23.7,19.1,5.3,39.5,3,85
2024-03-26,A7,SADHANPUR,0.0,32.4,23.8,22.836689283126614,88.50403436810248,12.0,12590.222600614068,15.3,0.0,5.0,11.9,33.0,33.7,30.2,22.7,23.7,20.3,52.8,3,86
2024-03-27,A7,SADHANPUR,0.1,34.4,22.7,22.836689283126614,88.50403436810248,12.0,12590.222600614068,0.0,15.3,0.0,12.9,32.4,33.0,23.5,23.8,22.7,15.3,40.900000000000006,3,87
2024-03-28,A7,SADHANPUR,0.3,32.8,22.3,22.836689283126614,88.50403436810248,12.0,12590.222600614068,0.1,0.0,15.3,7.4,34.4,32.4,26.5,22.7,23.8,15.4,28.100000000000005,3,88
2024-03-29,A7,SADHANPUR,0.2,34.2,24.7,22.836689283126614,88.50403436810248,12.0,12590.222600614068,0.3,0.1,0.0,0.3,32.8,34.4,27.5,22.3,22.7,0.4,21.0,3,89
2024-03-30,A7,SADHANPUR,0.3,35.7,24.8,22.836689283126614,88.50403436810248,12.0,12590.222600614068,0.2,0.3,0.1,5.0,34.2,32.8,31.9,24.7,22.3,0.6000000000000001,20.900000000000002,3,90
2024-03-31,A7,SADHANPUR,4.8,34.7,25.1,22.836689283126614,88.50403436810248,12.0,12590.222600614068,0.3,0.2,0.3,0.0,35.7,34.2,33.7,24.8,24.7,0.8,16.2,3,91
2024-04-01,A7,SADHANPUR,0.0,36.4,25.1,22.836689283126614,88.50403436810248,12.0,12590.222600614068,4.8,0.3,0.2,15.3,34.7,35.7,33.0,25.1,24.8,5.3,21.0,4,92
2024-04-02,A7,SADHANPUR,0.0,35.7,23.9,22.836689283126614,88.50403436810248,12.0,12590.222600614068,0.0,4.8,0.3,0.0,36.4,34.7,32.4,25.1,25.1,5.1,5.7,4,93
2024-04-03,A7,SADHANPUR,0.0,36.0,25.1,22.836689283126614,88.50403436810248,12.0,12590.222600614068,0.0,0.0,4.8,0.1,35.7,36.4,34.4,23.9,25.1,4.8,5.7,4,94
2024-04-04,A7,SADHANPUR,23.9,37.2,25.9,22.836689283126614,88.50403436810248,12.0,12590.222600614068,0.0,0.0,0.0,0.3,36.0,35.7,32.8,25.1,23.9,0.0,5.6000000000000005,4,95
2024-04-05,A7,SADHANPUR,0.0,37.4,26.3,22.836689283126614,88.50403436810248,12.0,12590.222600614068,23.9,0.0,0.0,0.2,37.2,36.0,34.2,25.9,25.1,23.9,29.2,4,96
2024-04-06,A7,SADHANPUR,0.2,37.8,25.9,22.836689283126614,88.50403436810248,12.0,12590.222600614068,0.0,23.9,0.0,0.3,37.4,37.2,35.7,26.3,25.9,23.9,29.0,4,97
2024-04-07,A7,SADHANPUR,1.0,36.2,25.8,22.836689283126614,88.50403436810248,12.0,12590.222600614068,0.2,0.0,23.9,4.8,37.8,37.4,34.7,25.9,26.3,24.099999999999998,28.9,4,98
2024-04-08,A7,SADHANPUR,0.0,31.3,22.6,22.836689283126614,88.50403436810248,12.0,12590.222600614068,1.0,0.2,0.0,0.0,36.2,37.8,36.4,25.8,25.9,1.2,25.099999999999998,4,99
2024-04-09,A7,SADHANPUR,0.0,34.7,22.1,22.836689283126614,88.50403436810248,12.0,12590.222600614068,0.0,1.0,0.2,0.0,31.3,36.2,35.7,22.6,25.8,1.2,25.099999999999998,4,100
2024-04-10,A7,SADHANPUR,0.0,35.8,22.7,22.836689283126614,88.50403436810248,12.0,12590.222600614068,0.0,0.0,1.0,0.0,34.7,31.3,36.0,22.1,22.6,1.0,25.099999999999998,4,101
2024-04-11,A7,SADHANPUR,6.0,33.2,23.9,22.836689283126614,88.50403436810248,12.0,12590.222600614068,0.0,0.0,0.0,23.9,35.8,34.7,37.2,22.7,22.1,0.0,25.099999999999998,4,102
2024-04-12,A7,SADHANPUR,0.0,35.0,23.5,22.836689283126614,88.50403436810248,12.0,12590.222600614068,6.0,0.0,0.0,0.0,33.2,35.8,37.4,23.9,22.7,6.0,7.2,4,103
2024-04-13,A7,SADHANPUR,0.0,36.1,23.7,22.836689283126614,88.50403436810248,12.0,12590.222600614068,0.0,6.0,0.0,0.2,35.0,33.2,37.8,23.5,23.9,6.0,7.2,4,104
2024-04-14,A7,SADHANPUR,0.0,36.9,23.2,22.836689283126614,88.50403436810248,12.0,12590.222600614068,0.0,0.0,6.0,1.0,36.1,35.0,36.2,23.7,23.5,6.0,7.0,4,105
2024-04-15,A7,SADHANPUR,0.0,38.2,23.9,22.836689283126614,88.50403436810248,12.0,12590.222600614068,0.0,0.0,0.0,0.0,36.9,36.1,31.3,23.2,23.7,0.0,6.0,4,106
2024-04-16,A7,SADHANPUR,0.0,38.2,26.3,22.836689283126614,88.50403436810248,12.0,12590.222600614068,0.0,0.0,0.0,0.0,38.2,36.9,34.7,23.9,23.2,0.0,6.0,4,107
2024-04-17,A7,SADHANPUR,0.0,37.9,27.2,22.836689283126614,88.50403436810248,12.0,12590.222600614068,0.0,0.0,0.0,0.0,38.2,38.2,35.8,26.3,23.9,0.0,6.0,4,108
2024-04-18,A7,SADHANPUR,0.0,38.3,25.6,22.836689283126614,88.50403436810248,12.0,12590.222600614068,0.0,0.0,0.0,6.0,37.9,38.2,33.2,27.2,26.3,0.0,6.0,4,109
2024-04-19,A7,SADHANPUR,0.0,40.3,24.9,22.836689283126614,88.50403436810248,12.0,12590.222600614068,0.0,0.0,0.0,0.0,38.3,37.9,35.0,25.6,27.2,0.0,0.0,4,110
2024-04-20,A7,SADHANPUR,0.0,41.6,26.0,22.836689283126614,88.50403436810248,12.0,12590.222600614068,0.0,0.0,0.0,0.0,40.3,38.3,36.1,24.9,25.6,0.0,0.0,4,111
2024-04-21,A7,SADHANPUR,0.0,40.8,27.1,22.836689283126614,88.50403436810248,12.0,12590.222600614068,0.0,0.0,0.0,0.0,41.6,40.3,36.9,26.0,24.9,0.0,0.0,4,112
2024-04-22,A7,SADHANPUR,0.0,39.9,25.9,22.836689283126614,88.50403436810248,12.0,12590.222600614068,0.0,0.0,0.0,0.0,40.8,41.6,38.2,27.1,26.0,0.0,0.0,4,113
2024-04-23,A7,SADHANPUR,0.0,38.4,26.5,22.836689283126614,88.50403436810248,12.0,12590.222600614068,0.0,0.0,0.0,0.0,39.9,40.8,38.2,25.9,27.1,0.0,0.0,4,114
2024-04-24,A7,SADHANPUR,0.0,40.2,27.1,22.836689283126614,88.50403436810248,12.0,12590.222600614068,0.0,0.0,0.0,0.0,38.4,39.9,37.9,26.5,25.9,0.0,0.0,4,115
2024-04-25,A7,SADHANPUR,0.0,40.3,24.8,22.836689283126614,88.50403436810248,12.0,12590.222600614068,0.0,0.0,0.0,0.0,40.2,38.4,38.3,27.1,26.5,0.0,0.0,4,116
2024-04-26,A7,SADHANPUR,0.0,40.8,27.1,22.836689283126614,88.50403436810248,12.0,12590.222600614068,0.0,0.0,0.0,0.0,40.3,40.2,40.3,24.8,27.1,0.0,0.0,4,117
2024-04-27,A7,SADHANPUR,0.0,41.4,27.8,22.836689283126614,88.50403436810248,12.0,12590.222600614068,0.0,0.0,0.0,0.0,40.8,40.3,41.6,27.1,24.8,0.0,0.0,4,118
2024-04-28,A7,SADHANPUR,0.9,40.1,28.3,22.836689283126614,88.50403436810248,12.0,12590.222600614068,0.0,0.0,0.0,0.0,41.4,40.8,40.8,27.8,27.1,0.0,0.0,4,119
2024-04-29,A7,SADHANPUR,0.0,41.7,28.5,22.836689283126614,88.50403436810248,12.0,12590.222600614068,0.9,0.0,0.0,0.0,40.1,41.4,39.9,28.3,27.8,0.9,0.9,4,120
2024-04-30,A7,SADHANPUR,0.0,43.7,29.2,22.836689283126614,88.50403436810248,12.0,12590.222600614068,0.0,0.9,0.0,0.0,41.7,40.1,38.4,28.5,28.3,0.9,0.9,4,121
2024-05-01,A7,SADHANPUR,0.0,41.5,28.7,22.836689283126614,88.50403436810248,12.0,12590.222600614068,0.0,0.0,0.9,0.0,43.7,41.7,40.2,29.2,28.5,0.9,0.9,5,122
2024-05-02,A7,SADHANPUR,0.0,41.1,29.4,22.836689283126614,88.50403436810248,12.0,12590.222600614068,0.0,0.0,0.0,0.0,41.5,43.7,40.3,28.7,29.2,0.0,0.9,5,123
2024-05-03,A7,SADHANPUR,0.0,40.2,26.1,22.836689283126614,88.50403436810248,12.0,12590.222600614068,0.0,0.0,0.0,0.0,41.1,41.5,40.8,29.4,28.7,0.0,0.9,5,124
2024-05-04,A7,SADHANPUR,0.1,39.9,27.4,22.836689283126614,88.50403436810248,12.0,12590.222600614068,0.0,0.0,0.0,0.0,40.2,41.1,41.4,26.1,29.4,0.0,0.9,5,125
2024-05-05,A7,SADHANPUR,0.5,37.9,28.5,22.836689283126614,88.50403436810248,12.0,12590.222600614068,0.1,0.0,0.0,0.9,39.9,40.2,40.1,27.4,26.1,0.1,1.0,5,126
2024-05-06,A7,SADHANPUR,86.6,37.3,24.8,22.836689283126614,88.50403436810248,12.0,12590.222600614068,0.5,0.1,0.0,0.0,37.9,39.9,41.7,28.5,27.4,0.6,0.6,5,127
2024-05-07,A7,SADHANPUR,2.1,33.4,24.3,22.836689283126614,88.50403436810248,12.0,12590.222600614068,86.6,0.5,0.1,0.0,37.3,37.9,43.7,24.8,28.5,87.19999999999999,87.19999999999999,5,128
2024-05-08,A7,SADHANPUR,3.6,30.4,23.8,22.836689283126614,88.50403436810248,12.0,12590.222600614068,2.1,86.6,0.5,0.0,33.4,37.3,41.5,24.3,24.8,89.19999999999999,89.29999999999998,5,129
2024-05-09,A7,SADHANPUR,9.0,31.3,24.0,22.836689283126614,88.50403436810248,12.0,12590.222600614068,3.6,2.1,86.6,0.0,30.4,33.4,41.1,23.8,24.3,92.3,92.89999999999999,5,130
2024-05-10,A7,SADHANPUR,10.1,31.3,23.6,22.836689283126614,88.50403436810248,12.0,12590.222600614068,9.0,3.6,2.1,0.0,31.3,30.4,40.2,24.0,23.8,14.7,101.89999999999999,5,131
2024-05-11,A7,SADHANPUR,16.1,31.5,25.0,22.836689283126614,88.50403436810248,12.0,12590.222600614068,10.1,9.0,3.6,0.1,31.3,31.3,39.9,23.6,24.0,22.7,111.99999999999999,5,132
2024-05-12,A7,SADHANPUR,3.3,32.7,25.0,22.836689283126614,88.50403436810248,12.0,12590.222600614068,16.1,10.1,9.0,0.5,31.5,31.3,37.9,25.0,23.6,35.2,128.0,5,133
2024-05-13,A7,SADHANPUR,0.0,33.6,24.0,22.836689283126614,88.50403436810248,12.0,12590.222600614068,3.3,16.1,10.1,86.6,32.7,31.5,37.3,25.0,25.0,29.5,130.79999999999998,5,134
2024-05-14,A7,SADHANPUR,2.5,34.0,25.1,22.836689283126614,88.50403436810248,12.0,12590.222600614068,0.0,3.3,16.1,2.1,33.6,32.7,33.4,24.0,25.0,19.4,44.199999999999996,5,135
2024-05-15,A7,SADHANPUR,0.0,35.2,26.0,22.836689283126614,88.50403436810248,12.0,12590.222600614068,2.5,0.0,3.3,3.6,34.0,33.6,30.4,25.1,24.0,5.799999999999996,44.599999999999994,5,136
2024-05-16,A7,SADHANPUR,0.0,35.6,26.1,22.836689283126614,88.50403436810248,12.0,12590.222600614068,0.0,2.5,0.0,9.0,35.2,34.0,31.3,26.0,25.1,2.4999999999999964,40.99999999999999,5,137
2024-05-17,A7,SADHANPUR,0.0,37.4,27.3,22.836689283126614,88.50403436810248,12.0,12590.222600614068,0.0,0.0,2.5,10.1,35.6,35.2,31.3,26.1,26.0,2.4999999999999964,32.0,5,138
2024-05-18,A7,SADHANPUR,0.0,36.5,28.7,22.836689283126614,88.50403436810248,12.0,12590.222600614068,0.0,0.0,0.0,16.1,37.4,35.6,31.5,27.3,26.1,0.0,21.9,5,139
2024-05-19,A7,SADHANPUR,0.1,33.8,28.8,22.836689283126614,88.50403436810248,12.0,12590.222600614068,0.0,0.0,0.0,3.3,36.5,37.4,32.7,28.7,27.3,0.0,5.799999999999996,5,140
2024-05-20,A7,SADHANPUR,12.9,33.2,26.9,22.836689283126614,88.50403436810248,12.0,12590.222600614068,0.1,0.0,0.0,0.0,33.8,36.5,33.6,28.8,28.7,0.09999999999999645,2.5999999999999965,5,141
2024-05-21,A7,SADHANPUR,7.0,33.3,26.4,22.836689283126614,88.50403436810248,12.0,12590.222600614068,12.9,0.1,0.0,2.5,33.2,33.8,34.0,26.9,28.8,12.999999999999996,15.499999999999996,5,142
2024-05-22,A7,SADHANPUR,2.1,33.8,26.7,22.836689283126614,88.50403436810248,12.0,12590.222600614068,7.0,12.9,0.1,0.0,33.3,33.2,35.2,26.4,26.9,19.999999999999996,19.999999999999996,5,143
2024-05-23,A7,SADHANPUR,0.0,35.0,26.0,22.836689283126614,88.50403436810248,12.0,12590.222600614068,2.1,7.0,12.9,0.0,33.8,33.3,35.6,26.7,26.4,21.999999999999996,22.099999999999998,5,144
2024-05-24,A7,SADHANPUR,0.0,35.6,26.3,22.836689283126614,88.50403436810248,12.0,12590.222600614068,0.0,2.1,7.0,0.0,35.0,33.8,37.4,26.0,26.7,9.099999999999996,22.099999999999998,5,145
2024-05-25,A7,SADHANPUR,0.1,36.5,27.4,22.836689283126614,88.50403436810248,12.0,12590.222600614068,0.0,0.0,2.1,0.0,35.6,35.0,36.5,26.3,26.0,2.0999999999999965,22.099999999999998,5,146
2024-05-26,A7,SADHANPUR,30.6,30.7,26.8,22.836689283126614,88.50403436810248,12.0,12590.222600614068,0.1,0.0,0.0,0.1,36.5,35.6,33.8,27.4,26.3,0.09999999999999645,22.199999999999996,5,147
2024-05-27,A7,SADHANPUR,70.7,27.6,26.1,22.836689283126614,88.50403436810248,12.0,12590.222600614068,30.6,0.1,0.0,12.9,30.7,36.5,33.2,26.8,27.4,30.7,52.699999999999996,5,148
2024-05-28,A7,SADHANPUR,0.1,35.5,26.4,22.836689283126614,88.50403436810248,12.0,12590.222600614068,70.7,30.6,0.1,7.0,27.6,30.7,33.3,26.1,26.8,101.4,110.5,5,149
2024-05-29,A7,SADHANPUR,0.0,35.9,29.3,22.836689283126614,88.50403436810248,12.0,12590.222600614068,0.1,70.7,30.6,2.1,35.5,27.6,33.8,26.4,26.1,101.4,103.6,5,150
2024-05-30,A7,SADHANPUR,0.2,35.3,29.4,22.836689283126614,88.50403436810248,12.0,12590.222600614068,0.0,0.1,70.7,0.0,35.9,35.5,35.0,29.3,26.4,70.8,101.5,5,151
2024-05-31,A7,SADHANPUR,0.0,34.9,28.5,22.836689283126614,88.50403436810248,12.0,12590.222600614068,0.2,0.0,0.1,0.0,35.3,35.9,35.6,29.4,29.3,0.30000000000000004,101.7,5,152
2024-06-01,A7,SADHANPUR,0.8,34.6,28.1,22.836689283126614,88.50403436810248,12.0,12590.222600614068,0.0,0.2,0.0,0.1,34.9,35.3,36.5,28.5,29.4,0.2,101.7,6,153
2024-06-02,A7,SADHANPUR,2.7,34.2,29.0,22.836689283126614,88.50403436810248,12.0,12590.222600614068,0.8,0.0,0.2,30.6,34.6,34.9,30.7,28.1,28.5,1.0,102.39999999999999,6,154
2024-06-03,A7,SADHANPUR,0.5,34.5,28.3,22.836689283126614,88.50403436810248,12.0,12590.222600614068,2.7,0.8,0.0,70.7,34.2,34.6,27.6,29.0,28.1,3.5,74.5,6,155
2024-06-04,A7,SADHANPUR,0.0,35.7,28.6,22.836689283126614,88.50403436810248,12.0,12590.222600614068,0.5,2.7,0.8,0.1,34.5,34.2,35.5,28.3,29.0,4.0,4.300000000000001,6,156
2024-06-05,A7,SADHANPUR,0.4,35.8,28.0,22.836689283126614,88.50403436810248,12.0,12590.222600614068,0.0,0.5,2.7,0.0,35.7,34.5,35.9,28.6,28.3,3.2,4.200000000000001,6,157
2024-06-06,A7,SADHANPUR,2.4,36.5,26.7,22.836689283126614,88.50403436810248,12.0,12590.222600614068,0.4,0.0,0.5,0.2,35.8,35.7,35.3,28.0,28.6,0.9,4.6000000000000005,6,158
2024-06-07,A7,SADHANPUR,0.0,36.3,25.9,22.836689283126614,88.50403436810248,12.0,12590.222600614068,2.4,0.4,0.0,0.0,36.5,35.8,34.9,26.7,28.0,2.8,6.800000000000001,6,159
2024-06-08,A7,SADHANPUR,0.0,35.6,28.0,22.836689283126614,88.50403436810248,12.0,12590.222600614068,0.0,2.4,0.4,0.8,36.3,36.5,34.6,25.9,26.7,2.8,6.800000000000001,6,160
2024-06-09,A7,SADHANPUR,0.0,36.5,28.2,22.836689283126614,88.50403436810248,12.0,12590.222600614068,0.0,0.0,2.4,2.7,35.6,36.3,34.2,28.0,25.9,2.4,6.0,6,161
2024-06-10,A7,SADHANPUR,0.0,36.4,28.5,22.836689283126614,88.50403436810248,12.0,12590.222600614068,0.0,0.0,0.0,0.5,36.5,35.6,34.5,28.2,28.0,0.0,3.3,6,162
2024-06-11,A7,SADHANPUR,0.0,36.7,28.9,22.836689283126614,88.50403436810248,12.0,12590.222600614068,0.0,0.0,0.0,0.0,36.4,36.5,35.7,28.5,28.2,0.0,2.8,6,163
2024-06-12,A7,SADHANPUR,0.0,35.3,28.3,22.836689283126614,88.50403436810248,12.0,12590.222600614068,0.0,0.0,0.0,0.4,36.7,36.4,35.8,28.9,28.5,0.0,2.8,6,164
2024-06-13,A7,SADHANPUR,0.0,36.0,28.6,22.836689283126614,88.50403436810248,12.0,12590.222600614068,0.0,0.0,0.0,2.4,35.3,36.7,36.5,28.3,28.9,0.0,2.4,6,165
2024-06-14,A7,SADHANPUR,0.0,37.2,29.1,22.836689283126614,88.50403436810248,12.0,12590.222600614068,0.0,0.0,0.0,0.0,36.0,35.3,36.3,28.6,28.3,0.0,0.0,6,166
2024-06-15,A7,SADHANPUR,0.0,37.3,29.4,22.836689283126614,88.50403436810248,12.0,12590.222600614068,0.0,0.0,0.0,0.0,37.2,36.0,35.6,29.1,28.6,0.0,0.0,6,167
2024-06-16,A7,SADHANPUR,0.0,36.9,29.4,22.836689283126614,88.50403436810248,12.0,12590.222600614068,0.0,0.0,0.0,0.0,37.3,37.2,36.5,29.4,29.1,0.0,0.0,6,168
2024-06-17,A7,SADHANPUR,0.1,36.8,29.2,22.836689283126614,88.50403436810248,12.0,12590.222600614068,0.0,0.0,0.0,0.0,36.9,37.3,36.4,29.4,29.4,0.0,0.0,6,169
2024-06-18,A7,SADHANPUR,10.9,32.5,28.4,22.836689283126614,88.50403436810248,12.0,12590.222600614068,0.1,0.0,0.0,0.0,36.8,36.9,36.7,29.2,29.4,0.1,0.1,6,170
2024-06-19,A7,SADHANPUR,8.1,34.6,28.5,22.836689283126614,88.50403436810248,12.0,12590.222600614068,10.9,0.1,0.0,0.0,32.5,36.8,35.3,28.4,29.2,11.0,11.0,6,171
2024-06-20,A7,SADHANPUR,31.5,33.8,27.9,22.836689283126614,88.50403436810248,12.0,12590.222600614068,8.1,10.9,0.1,0.0,34.6,32.5,36.0,28.5,28.4,19.1,19.1,6,172
2024-06-21,A7,SADHANPUR,3.9,32.0,27.2,22.836689283126614,88.50403436810248,12.0,12590.222600614068,31.5,8.1,10.9,0.0,33.8,34.6,37.2,27.9,28.5,50.5,50.6,6,173
2024-06-22,A7,SADHANPUR,1.9,33.3,26.4,22.836689283126614,88.50403436810248,12.0,12590.222600614068,3.9,31.5,8.1,0.0,32.0,33.8,37.3,27.2,27.9,43.5,54.5,6,174
2024-06-23,A7,SADHANPUR,3.3,33.6,26.7,22.836689283126614,88.50403436810248,12.0,12590.222600614068,1.9,3.9,31.5,0.0,33.3,32.0,36.9,26.4,27.2,37.3,56.4,6,175
2024-06-24,A7,SADHANPUR,0.8,34.0,27.2,22.836689283126614,88.50403436810248,12.0,12590.222600614068,3.3,1.9,3.9,0.1,33.6,33.3,36.8,26.7,26.4,9.1,59.7,6,176
2024-06-25,A7,SADHANPUR,0.6,34.0,28.0,22.836689283126614,88.50403436810248,12.0,12590.222600614068,0.8,3.3,1.9,10.9,34.0,33.6,32.5,27.2,26.7,5.999999999999999,60.4,6,177
2024-06-26,A7,SADHANPUR,0.7,34.3,27.3,22.836689283126614,88.50403436810248,12.0,12590.222600614068,0.6,0.8,3.3,8.1,34.0,34.0,34.6,28.0,27.2,4.7,50.1,6,178
2024-06-27,A7,SADHANPUR,10.2,32.1,27.4,22.836689283126614,88.50403436810248,12.0,12590.222600614068,0.7,0.6,0.8,31.5,34.3,34.0,33.8,27.3,28.0,2.1,42.7,6,179
2024-06-28,A7,SADHANPUR,7.8,33.0,27.2,22.836689283126614,88.50403436810248,12.0,12590.222600614068,10.2,0.7,0.6,3.9,32.1,34.3,32.0,27.4,27.3,11.5,21.4,6,180
2024-06-29,A7,SADHANPUR,7.0,31.6,26.8,22.836689283126614,88.50403436810248,12.0,12590.222600614068,7.8,10.2,0.7,1.9,33.0,32.1,33.3,27.2,27.4,18.7,25.3,6,181
2024-06-30,A7,SADHANPUR,34.0,32.0,26.4,22.836689283126614,88.50403436810248,12.0,12590.222600614068,7.0,7.8,10.2,3.3,31.6,33.0,33.6,26.8,27.2,25.0,30.4,6,182
2024-07-01,A7,SADHANPUR,18.6,31.4,25.9,22.836689283126614,88.50403436810248,12.0,12590.222600614068,34.0,7.0,7.8,0.8,32.0,31.6,34.0,26.4,26.8,48.8,61.1,7,183
2024-07-02,A7,SADHANPUR,25.4,30.5,25.9,22.836689283126614,88.50403436810248,12.0,12590.222600614068,18.6,34.0,7.0,0.6,31.4,32.0,34.0,25.9,26.4,59.6,78.9,7,184
2024-07-03,A7,SADHANPUR,11.2,30.7,25.8,22.836689283126614,88.50403436810248,12.0,12590.222600614068,25.4,18.6,34.0,0.7,30.5,31.4,34.3,25.9,25.9,78.0,103.7,7,185
2024-07-04,A7,SADHANPUR,21.9,30.7,25.4,22.836689283126614,88.50403436810248,12.0,12590.222600614068,11.2,25.4,18.6,10.2,30.7,30.5,32.1,25.8,25.9,55.2,114.2,7,186
2024-07-05,A7,SADHANPUR,27.6,32.4,25.7,22.836689283126614,88.50403436810248,12.0,12590.222600614068,21.9,11.2,25.4,7.8,30.7,30.7,33.0,25.4,25.8,58.5,125.89999999999999,7,187
2024-07-06,A7,SADHANPUR,2.7,32.1,26.1,22.836689283126614,88.50403436810248,12.0,12590.222600614068,27.6,21.9,11.2,7.0,32.4,30.7,31.6,25.7,25.4,60.7,145.7,7,188
2024-07-07,A7,SADHANPUR,11.7,32.0,26.4,22.836689283126614,88.50403436810248,12.0,12590.222600614068,2.7,27.6,21.9,34.0,32.1,32.4,32.0,26.1,25.7,52.199999999999996,141.4,7,189
2024-07-08,A7,SADHANPUR,1.3,32.3,26.2,22.836689283126614,88.50403436810248,12.0,12590.222600614068,11.7,2.7,27.6,18.6,32.0,32.1,31.4,26.4,26.1,42.0,119.1,7,190
2024-07-09,A7,SADHANPUR,3.5,31.5,27.0,22.836689283126614,88.50403436810248,12.0,12590.222600614068,1.3,11.7,2.7,25.4,32.3,32.0,30.5,26.2,26.4,15.7,101.8,7,191
2024-07-10,A7,SADHANPUR,1.8,32.8,27.5,22.836689283126614,88.50403436810248,12.0,12590.222600614068,3.5,1.3,11.7,11.2,31.5,32.3,30.7,27.0,26.2,16.5,79.89999999999999,7,192
2024-07-11,A7,SADHANPUR,27.9,32.8,27.6,22.836689283126614,88.50403436810248,12.0,12590.222600614068,1.8,3.5,1.3,21.9,32.8,31.5,30.7,27.5,27.0,6.6,70.5,7,193
2024-07-12,A7,SADHANPUR,8.8,32.0,26.0,22.836689283126614,88.50403436810248,12.0,12590.222600614068,27.9,1.8,3.5,27.6,32.8,32.8,32.4,27.6,27.5,33.199999999999996,76.5,7,194
2024-07-13,A7,SADHANPUR,5.5,32.8,25.4,22.836689283126614,88.50403436810248,12.0,12590.222600614068,8.8,27.9,1.8,2.7,32.0,32.8,32.1,26.0,27.6,38.5,57.699999999999996,7,195
2024-07-14,A7,SADHANPUR,3.8,32.6,26.3,22.836689283126614,88.50403436810248,12.0,12590.222600614068,5.5,8.8,27.9,11.7,32.8,32.0,32.0,25.4,26.0,42.2,60.5,7,196
2024-07-15,A7,SADHANPUR,1.9,32.6,27.0,22.836689283126614,88.50403436810248,12.0,12590.222600614068,3.8,5.5,8.8,1.3,32.6,32.8,32.3,26.3,25.4,18.1,52.599999999999994,7,197
2024-07-16,A7,SADHANPUR,4.2,32.3,26.6,22.836689283126614,88.50403436810248,12.0,12590.222600614068,1.9,3.8,5.5,3.5,32.6,32.6,31.5,27.0,26.3,11.2,53.2,7,198
2024-07-17,A7,SADHANPUR,6.8,33.1,26.6,22.836689283126614,88.50403436810248,12.0,12590.222600614068,4.2,1.9,3.8,1.8,32.3,32.6,32.8,26.6,27.0,9.9,53.9,7,199
2024-07-18,A7,SADHANPUR,1.5,33.4,26.7,22.836689283126614,88.50403436810248,12.0,12590.222600614068,6.8,4.2,1.9,27.9,33.1,32.3,32.8,26.6,26.6,12.9,58.900000000000006,7,200
2024-07-19,A7,SADHANPUR,5.6,32.4,27.3,22.836689283126614,88.50403436810248,12.0,12590.222600614068,1.5,6.8,4.2,8.8,33.4,33.1,32.0,26.7,26.6,12.5,32.5,7,201
2024-07-20,A7,SADHANPUR,2.7,32.4,27.1,22.836689283126614,88.50403436810248,12.0,12590.222600614068,5.6,1.5,6.8,5.5,32.4,33.4,32.8,27.3,26.7,13.9,29.3,7,202
2024-07-21,A7,SADHANPUR,9.7,32.2,27.0,22.836689283126614,88.50403436810248,12.0,12590.222600614068,2.7,5.6,1.5,3.8,32.4,32.4,32.6,27.1,27.3,9.8,26.5,7,203
2024-07-22,A7,SADHANPUR,12.6,31.3,26.7,22.836689283126614,88.50403436810248,12.0,12590.222600614068,9.7,2.7,5.6,1.9,32.2,32.4,32.6,27.0,27.1,18.0,32.4,7,204
2024-07-23,A7,SADHANPUR,15.6,32.3,25.9,22.836689283126614,88.50403436810248,12.0,12590.222600614068,12.6,9.7,2.7,4.2,31.3,32.2,32.3,26.7,27.0,25.0,43.1,7,205
2024-07-24,A7,SADHANPUR,13.3,32.6,26.6,22.836689283126614,88.50403436810248,12.0,12590.222600614068,15.6,12.6,9.7,6.8,32.3,31.3,33.1,25.9,26.7,37.9,54.5,7,206
2024-07-25,A7,SADHANPUR,8.7,32.4,26.3,22.836689283126614,88.50403436810248,12.0,12590.222600614068,13.3,15.6,12.6,1.5,32.6,32.3,33.4,26.6,25.9,41.5,61.0,7,207
2024-07-26,A7,SADHANPUR,21.8,31.4,26.2,22.836689283126614,88.50403436810248,12.0,12590.222600614068,8.7,13.3,15.6,5.6,32.4,32.6,32.4,26.3,26.6,37.6,68.2,7,208
2024-07-27,A7,SADHANPUR,5.9,32.3,27.0,22.836689283126614,88.50403436810248,12.0,12590.222600614068,21.8,8.7,13.3,2.7,31.4,32.4,32.4,26.2,26.3,43.8,84.4,7,209
2024-07-28,A7,SADHANPUR,21.8,31.1,26.3,22.836689283126614,88.50403436810248,12.0,12590.222600614068,5.9,21.8,8.7,9.7,32.3,31.4,32.2,27.0,26.2,36.4,87.6,7,210
2024-07-29,A7,SADHANPUR,8.3,32.0,26.4,22.836689283126614,88.50403436810248,12.0,12590.222600614068,21.8,5.9,21.8,12.6,31.1,32.3,31.3,26.3,27.0,49.5,99.70000000000002,7,211
2024-07-30,A7,SADHANPUR,5.2,33.0,26.2,22.836689283126614,88.50403436810248,12.0,12590.222600614068,8.3,21.8,5.9,15.6,32.0,31.1,32.3,26.4,26.3,36.0,95.4,7,212
2024-07-31,A7,SADHANPUR,28.3,32.0,25.9,22.836689283126614,88.50403436810248,12.0,12590.222600614068,5.2,8.3,21.8,13.3,33.0,32.0,32.6,26.2,26.4,35.300000000000004,85.00000000000001,7,213
2024-08-01,A7,SADHANPUR,67.5,28.9,25.3,22.836689283126614,88.50403436810248,12.0,12590.222600614068,28.3,5.2,8.3,8.7,32.0,33.0,32.4,25.9,26.2,41.8,100.00000000000001,8,214
2024-08-02,A7,SADHANPUR,31.4,30.1,25.6,22.836689283126614,88.50403436810248,12.0,12590.222600614068,67.5,28.3,5.2,21.8,28.9,32.0,31.4,25.3,25.9,101.0,158.8,8,215
2024-08-03,A7,SADHANPUR,28.2,31.0,24.9,22.836689283126614,88.50403436810248,12.0,12590.222600614068,31.4,67.5,28.3,5.9,30.1,28.9,32.3,25.6,25.3,127.19999999999999,168.4,8,216
2024-08-04,A7,SADHANPUR,38.3,30.9,24.7,22.836689283126614,88.50403436810248,12.0,12590.222600614068,28.2,31.4,67.5,21.8,31.0,30.1,31.1,24.9,25.6,127.1,190.7,8,217
2024-08-05,A7,SADHANPUR,18.6,32.4,24.8,22.836689283126614,88.50403436810248,12.0,12590.222600614068,38.3,28.2,31.4,8.3,30.9,31.0,32.0,24.7,24.9,97.89999999999999,207.2,8,218
2024-08-06,A7,SADHANPUR,9.9,31.3,26.2,22.836689283126614,88.50403436810248,12.0,12590.222600614068,18.6,38.3,28.2,5.2,32.4,30.9,33.0,24.8,24.7,85.1,217.5,8,219
2024-08-07,A7,SADHANPUR,3.0,30.5,25.8,22.836689283126614,88.50403436810248,12.0,12590.222600614068,9.9,18.6,38.3,28.3,31.3,32.4,32.0,26.2,24.8,66.8,222.20000000000002,8,220
2024-08-08,A7,SADHANPUR,11.9,31.0,25.9,22.836689283126614,88.50403436810248,12.0,12590.222600614068,3.0,9.9,18.6,67.5,30.5,31.3,28.9,25.8,26.2,31.5,196.9,8,221
2024-08-09,A7,SADHANPUR,11.5,30.9,25.3,22.836689283126614,88.50403436810248,12.0,12590.222600614068,11.9,3.0,9.9,31.4,31.0,30.5,30.1,25.9,25.8,24.8,141.29999999999998,8,222
2024-08-10,A7,SADHANPUR,32.7,32.2,24.9,22.836689283126614,88.50403436810248,12.0,12590.222600614068,11.5,11.9,3.0,28.2,30.9,31.0,31.0,25.3,25.9,26.4,121.39999999999999,8,223
2024-08-11,A7,SADHANPUR,10.0,32.3,25.1,22.836689283126614,88.50403436810248,12.0,12590.222600614068,32.7,11.5,11.9,38.3,32.2,30.9,30.9,24.9,25.3,56.1,125.9,8,224
2024-08-12,A7,SADHANPUR,11.5,32.4,25.4,22.836689283126614,88.50403436810248,12.0,12590.222600614068,10.0,32.7,11.5,18.6,32.3,32.2,32.4,25.1,24.9,54.2,97.60000000000001,8,225
2024-08-13,A7,SADHANPUR,13.0,32.3,25.4,22.836689283126614,88.50403436810248,12.0,12590.222600614068,11.5,10.0,32.7,9.9,32.4,32.3,31.3,25.4,25.1,54.2,90.5,8,226
2024-08-14,A7,SADHANPUR,16.6,32.4,25.0,22.836689283126614,88.50403436810248,12.0,12590.222600614068,13.0,11.5,10.0,3.0,32.3,32.4,30.5,25.4,25.4,34.5,93.60000000000001,8,227
2024-08-15,A7,SADHANPUR,9.2,32.9,25.7,22.836689283126614,88.50403436810248,12.0,12590.222600614068,16.6,13.0,11.5,11.9,32.4,32.3,31.0,25.0,25.4,41.1,107.20000000000002,8,228
2024-08-16,A7,SADHANPUR,1.1,31.3,25.2,22.836689283126614,88.50403436810248,12.0,12590.222600614068,9.2,16.6,13.0,11.5,32.9,32.4,30.9,25.7,25.0,38.8,104.5,8,229
2024-08-17,A7,SADHANPUR,16.8,32.8,25.3,22.836689283126614,88.50403436810248,12.0,12590.222600614068,1.1,9.2,16.6,32.7,31.3,32.9,32.2,25.2,25.7,26.900000000000002,94.10000000000001,8,230
2024-08-18,A7,SADHANPUR,16.5,29.4,25.2,22.836689283126614,88.50403436810248,12.0,12590.222600614068,16.8,1.1,9.2,10.0,32.8,31.3,32.3,25.3,25.2,27.1,78.2,8,231
2024-08-19,A7,SADHANPUR,17.0,30.6,25.7,22.836689283126614,88.50403436810248,12.0,12590.222600614068,16.5,16.8,1.1,11.5,29.4,32.8,32.4,25.2,25.3,34.400000000000006,84.7,8,232
2024-08-20,A7,SADHANPUR,19.2,30.9,24.8,22.836689283126614,88.50403436810248,12.0,12590.222600614068,17.0,16.5,16.8,13.0,30.6,29.4,32.3,25.7,25.2,50.3,90.2,8,233
2024-08-21,A7,SADHANPUR,29.5,31.8,24.9,22.836689283126614,88.50403436810248,12.0,12590.222600614068,19.2,17.0,16.5,16.6,30.9,30.6,32.4,24.8,25.7,52.7,96.4,8,234
2024-08-22,A7,SADHANPUR,24.7,31.5,25.6,22.836689283126614,88.50403436810248,12.0,12590.222600614068,29.5,19.2,17.0,9.2,31.8,30.9,32.9,24.9,24.8,65.7,109.30000000000001,8,235
2024-08-23,A7,SADHANPUR,33.6,30.5,24.6,22.836689283126614,88.50403436810248,12.0,12590.222600614068,24.7,29.5,19.2,1.1,31.5,31.8,31.3,25.6,24.9,73.4,124.80000000000001,8,236
2024-08-24,A7,SADHANPUR,5.0,29.2,25.0,22.836689283126614,88.50403436810248,12.0,12590.222600614068,33.6,24.7,29.5,16.8,30.5,31.5,32.8,24.6,25.6,87.8,157.3,8,237
2024-08-25,A7,SADHANPUR,42.7,29.4,24.2,22.836689283126614,88.50403436810248,12.0,12590.222600614068,5.0,33.6,24.7,16.5,29.2,30.5,29.4,25.0,24.6,63.3,145.5,8,238
2024-08-26,A7,SADHANPUR,29.0,29.6,24.6,22.836689283126614,88.50403436810248,12.0,12590.222600614068,42.7,5.0,33.6,17.0,29.4,29.2,30.6,24.2,25.0,81.3,171.7,8,239
2024-08-27,A7,SADHANPUR,23.8,30.5,24.6,22.836689283126614,88.50403436810248,12.0,12590.222600614068,29.0,42.7,5.0,19.2,29.6,29.4,30.9,24.6,24.2,76.7,183.7,8,240
2024-08-28,A7,SADHANPUR,6.8,32.0,24.7,22.836689283126614,88.50403436810248,12.0,12590.222600614068,23.8,29.0,42.7,29.5,30.5,29.6,31.8,24.6,24.6,95.5,188.3,8,241
2024-08-29,A7,SADHANPUR,5.5,32.3,25.5,22.836689283126614,88.50403436810248,12.0,12590.222600614068,6.8,23.8,29.0,24.7,32.0,30.5,31.5,24.7,24.6,59.6,165.6,8,242
2024-08-30,A7,SADHANPUR,0.3,32.9,24.9,22.836689283126614,88.50403436810248,12.0,12590.222600614068,5.5,6.8,23.8,33.6,32.3,32.0,30.5,25.5,24.7,36.1,146.4,8,243
2024-08-31,A7,SADHANPUR,3.6,32.3,26.2,22.836689283126614,88.50403436810248,12.0,12590.222600614068,0.3,5.5,6.8,5.0,32.9,32.3,29.2,24.9,25.5,12.6,113.10000000000001,8,244
2024-09-01,A7,SADHANPUR,10.6,30.5,26.2,22.836689283126614,88.50403436810248,12.0,12590.222600614068,3.6,0.3,5.5,42.7,32.3,32.9,29.4,26.2,24.9,9.4,111.7,9,245
2024-09-02,A7,SADHANPUR,3.0,32.2,25.5,22.836689283126614,88.50403436810248,12.0,12590.222600614068,10.6,3.6,0.3,29.0,30.5,32.3,29.6,26.2,26.2,14.5,79.6,9,246
2024-09-03,A7,SADHANPUR,6.7,31.9,25.3,22.836689283126614,88.50403436810248,12.0,12590.222600614068,3.0,10.6,3.6,23.8,32.2,30.5,30.5,25.5,26.2,17.2,53.6,9,247
2024-09-04,A7,SADHANPUR,9.4,31.4,25.6,22.836689283126614,88.50403436810248,12.0,12590.222600614068,6.7,3.0,10.6,6.8,31.9,32.2,32.0,25.3,25.5,20.3,36.5,9,248
2024-09-05,A7,SADHANPUR,3.1,32.4,25.4,22.836689283126614,88.50403436810248,12.0,12590.222600614068,9.4,6.7,3.0,5.5,31.4,31.9,32.3,25.6,25.3,19.1,39.099999999999994,9,249
2024-09-06,A7,SADHANPUR,2.3,33.2,25.9,22.836689283126614,88.50403436810248,12.0,12590.222600614068,3.1,9.4,6.7,0.3,32.4,31.4,32.9,25.4,25.6,19.2,36.699999999999996,9,250
2024-09-07,A7,SADHANPUR,14.8,33.6,25.5,22.836689283126614,88.50403436810248,12.0,12590.222600614068,2.3,3.1,9.4,3.6,33.2,32.4,32.3,25.9,25.4,14.8,38.7,9,251
2024-09-08,A7,SADHANPUR,7.7,32.1,26.2,22.836689283126614,88.50403436810248,12.0,12590.222600614068,14.8,2.3,3.1,10.6,33.6,33.2,30.5,25.5,25.9,20.2,49.9,9,252
2024-09-09,A7,SADHANPUR,3.6,32.3,26.5,22.836689283126614,88.50403436810248,12.0,12590.222600614068,7.7,14.8,2.3,3.0,32.1,33.6,32.2,26.2,25.5,24.799999999999997,47.0,9,253
2024-09-10,A7,SADHANPUR,5.7,31.6,25.9,22.836689283126614,88.50403436810248,12.0,12590.222600614068,3.6,7.7,14.8,6.7,32.3,32.1,31.9,26.5,26.2,26.1,47.6,9,254
2024-09-11,A7,SADHANPUR,10.0,32.3,26.1,22.836689283126614,88.50403436810248,12.0,12590.222600614068,5.7,3.6,7.7,9.4,31.6,32.3,31.4,25.9,26.5,17.0,46.6,9,255
2024-09-12,A7,SADHANPUR,15.9,32.0,26.2,22.836689283126614,88.50403436810248,12.0,12590.222600614068,10.0,5.7,3.6,3.1,32.3,31.6,32.4,26.1,25.9,19.299999999999997,47.2,9,256
2024-09-13,A7,SADHANPUR,28.3,32.2,25.7,22.836689283126614,88.50403436810248,12.0,12590.222600614068,15.9,10.0,5.7,2.3,32.0,32.3,33.2,26.2,26.1,31.599999999999998,60.0,9,257
2024-09-14,A7,SADHANPUR,48.7,27.6,25.1,22.836689283126614,88.50403436810248,12.0,12590.222600614068,28.3,15.9,10.0,14.8,32.2,32.0,33.6,25.7,26.2,54.2,86.0,9,258
2024-09-15,A7,SADHANPUR,18.8,28.6,24.9,22.836689283126614,88.50403436810248,12.0,12590.222600614068,48.7,28.3,15.9,7.7,27.6,32.2,32.1,25.1,25.7,92.9,119.9,9,259
2024-09-16,A7,SADHANPUR,16.9,27.9,25.2,22.836689283126614,88.50403436810248,12.0,12590.222600614068,18.8,48.7,28.3,3.6,28.6,27.6,32.3,24.9,25.1,95.8,131.0,9,260
2024-09-17,A7,SADHANPUR,0.2,32.3,25.6,22.836689283126614,88.50403436810248,12.0,12590.222600614068,16.9,18.8,48.7,5.7,27.9,28.6,31.6,25.2,24.9,84.4,144.3,9,261
2024-09-18,A7,SADHANPUR,0.0,32.8,24.4,22.836689283126614,88.50403436810248,12.0,12590.222600614068,0.2,16.9,18.8,10.0,32.3,27.9,32.3,25.6,25.2,35.9,138.79999999999998,9,262
2024-09-19,A7,SADHANPUR,3.2,32.8,25.8,22.836689283126614,88.50403436810248,12.0,12590.222600614068,0.0,0.2,16.9,15.9,32.8,32.3,32.0,24.4,25.6,17.099999999999998,128.79999999999998,9,263
2024-09-20,A7,SADHANPUR,0.6,33.9,26.4,22.836689283126614,88.50403436810248,12.0,12590.222600614068,3.2,0.0,0.2,28.3,32.8,32.8,32.2,25.8,24.4,3.4000000000000004,116.1,9,264
2024-09-21,A7,SADHANPUR,3.7,33.4,26.1,22.836689283126614,88.50403436810248,12.0,12590.222600614068,0.6,3.2,0.0,48.7,33.9,32.8,27.6,26.4,25.8,3.8000000000000003,88.4,9,265
2024-09-22,A7,SADHANPUR,0.0,34.1,26.8,22.836689283126614,88.50403436810248,12.0,12590.222600614068,3.7,0.6,3.2,18.8,33.4,33.9,28.6,26.1,26.4,7.5,43.4,9,266
2024-09-23,A7,SADHANPUR,8.0,34.1,26.1,22.836689283126614,88.50403436810248,12.0,12590.222600614068,0.0,3.7,0.6,16.9,34.1,33.4,27.9,26.8,26.1,4.300000000000001,24.599999999999998,9,267
2024-09-24,A7,SADHANPUR,10.5,30.7,26.3,22.836689283126614,88.50403436810248,12.0,12590.222600614068,8.0,0.0,3.7,0.2,34.1,34.1,32.3,26.1,26.8,11.700000000000001,15.700000000000001,9,268
2024-09-25,A7,SADHANPUR,26.3,28.8,24.1,22.836689283126614,88.50403436810248,12.0,12590.222600614068,10.5,8.0,0.0,0.0,30.7,34.1,32.8,26.3,26.1,18.5,26.0,9,269
2024-09-26,A7,SADHANPUR,26.5,28.4,24.4,22.836689283126614,88.50403436810248,12.0,12590.222600614068,26.3,10.5,8.0,3.2,28.8,30.7,32.8,24.1,26.3,44.8,52.300000000000004,9,270
2024-09-27,A7,SADHANPUR,12.2,30.8,24.6,22.836689283126614,88.50403436810248,12.0,12590.222600614068,26.5,26.3,10.5,0.6,28.4,28.8,33.9,24.4,24.1,63.3,75.6,9,271
2024-09-28,A7,SADHANPUR,4.1,31.6,25.0,22.836689283126614,88.50403436810248,12.0,12590.222600614068,12.2,26.5,26.3,3.7,30.8,28.4,33.4,24.6,24.4,65.0,87.2,9,272
2024-09-29,A7,SADHANPUR,5.5,32.2,26.2,22.836689283126614,88.50403436810248,12.0,12590.222600614068,4.1,12.2,26.5,0.0,31.6,30.8,34.1,25.0,24.6,42.800000000000004,87.60000000000001,9,273
2024-09-30,A7,SADHANPUR,0.4,33.2,26.0,22.836689283126614,88.50403436810248,12.0,12590.222600614068,5.5,4.1,12.2,8.0,32.2,31.6,34.1,26.2,25.0,21.799999999999997,93.10000000000001,9,274
2024-10-01,A7,SADHANPUR,9.5,34.0,26.4,22.836689283126614,88.50403436810248,12.0,12590.222600614068,0.4,5.5,4.1,10.5,33.2,32.2,30.7,26.0,26.2,10.0,85.5,10,275
2024-10-02,A7,SADHANPUR,8.4,32.1,24.6,22.836689283126614,88.50403436810248,12.0,12590.222600614068,9.5,0.4,5.5,26.3,34.0,33.2,28.8,26.4,26.0,15.4,84.5,10,276
2024-10-03,A7,SADHANPUR,19.3,30.8,26.0,22.836689283126614,88.50403436810248,12.0,12590.222600614068,8.4,9.5,0.4,26.5,32.1,34.0,28.4,24.6,26.4,18.3,66.6,10,277
2024-10-04,A7,SADHANPUR,31.9,30.4,24.8,22.836689283126614,88.50403436810248,12.0,12590.222600614068,19.3,8.4,9.5,12.2,30.8,32.1,30.8,26.0,24.6,37.2,59.4,10,278
2024-10-05,A7,SADHANPUR,22.9,30.4,24.7,22.836689283126614,88.50403436810248,12.0,12590.222600614068,31.9,19.3,8.4,4.1,30.4,30.8,31.6,24.8,26.0,59.6,79.1,10,279
2024-10-06,A7,SADHANPUR,7.9,30.4,24.5,22.836689283126614,88.50403436810248,12.0,12590.222600614068,22.9,31.9,19.3,5.5,30.4,30.4,32.2,24.7,24.8,74.1,97.89999999999999,10,280
2024-10-07,A7,SADHANPUR,9.6,30.9,24.0,22.836689283126614,88.50403436810248,12.0,12590.222600614068,7.9,22.9,31.9,0.4,30.4,30.4,33.2,24.5,24.7,62.699999999999996,100.3,10,281
2024-10-08,A7,SADHANPUR,8.3,30.7,25.3,22.836689283126614,88.50403436810248,12.0,12590.222600614068,9.6,7.9,22.9,9.5,30.9,30.4,34.0,24.0,24.5,40.4,109.5,10,282
2024-10-09,A7,SADHANPUR,10.3,30.3,24.8,22.836689283126614,88.50403436810248,12.0,12590.222600614068,8.3,9.6,7.9,8.4,30.7,30.9,32.1,25.3,24.0,25.8,108.3,10,283
2024-10-10,A7,SADHANPUR,12.4,30.7,24.7,22.836689283126614,88.50403436810248,12.0,12590.222600614068,10.3,8.3,9.6,19.3,30.3,30.7,30.8,24.8,25.3,28.2,110.19999999999999,10,284
2024-10-11,A7,SADHANPUR,5.3,32.0,25.2,22.836689283126614,88.50403436810248,12.0,12590.222600614068,12.4,10.3,8.3,31.9,30.7,30.3,30.4,24.7,24.8,31.0,103.3,10,285
2024-10-12,A7,SADHANPUR,6.9,31.9,24.6,22.836689283126614,88.50403436810248,12.0,12590.222600614068,5.3,12.4,10.3,22.9,32.0,30.7,30.4,25.2,24.7,28.0,76.7,10,286
2024-10-13,A7,SADHANPUR,1.2,32.0,24.6,22.836689283126614,88.50403436810248,12.0,12590.222600614068,6.9,5.3,12.4,7.9,31.9,32.0,30.4,24.6,25.2,24.6,60.7,10,287
2024-10-14,A7,SADHANPUR,0.0,32.1,23.9,22.836689283126614,88.50403436810248,12.0,12590.222600614068,1.2,6.9,5.3,9.6,32.0,31.9,30.9,24.6,24.6,13.4,54.0,10,288
2024-10-15,A7,SADHANPUR,9.0,31.6,24.3,22.836689283126614,88.50403436810248,12.0,12590.222600614068,0.0,1.2,6.9,8.3,32.1,32.0,30.7,23.9,24.6,8.100000000000001,44.4,10,289
2024-10-16,A7,SADHANPUR,0.1,31.3,23.9,22.836689283126614,88.50403436810248,12.0,12590.222600614068,9.0,0.0,1.2,10.3,31.6,32.1,30.3,24.3,23.9,10.2,45.099999999999994,10,290
2024-10-17,A7,SADHANPUR,8.2,31.1,23.8,22.836689283126614,88.50403436810248,12.0,12590.222600614068,0.1,9.0,0.0,12.4,31.3,31.6,30.7,23.9,24.3,9.1,34.9,10,291
2024-10-18,A7,SADHANPUR,5.4,29.5,23.4,22.836689283126614,88.50403436810248,12.0,12590.222600614068,8.2,0.1,9.0,5.3,31.1,31.3,32.0,23.8,23.9,17.299999999999997,30.700000000000003,10,292
2024-10-19,A7,SADHANPUR,9.0,30.2,23.4,22.836689283126614,88.50403436810248,12.0,12590.222600614068,5.4,8.2,0.1,6.9,29.5,31.1,31.9,23.4,23.8,13.7,30.8,10,293
2024-10-20,A7,SADHANPUR,0.0,30.6,23.5,22.836689283126614,88.50403436810248,12.0,12590.222600614068,9.0,5.4,8.2,1.2,30.2,29.5,32.0,23.4,23.4,22.6,32.9,10,294
2024-10-21,A7,SADHANPUR,0.0,30.6,23.7,22.836689283126614,88.50403436810248,12.0,12590.222600614068,0.0,9.0,5.4,0.0,30.6,30.2,32.1,23.5,23.4,14.4,31.7,10,295
2024-10-22,A7,SADHANPUR,0.0,31.0,22.6,22.836689283126614,88.50403436810248,12.0,12590.222600614068,0.0,0.0,9.0,9.0,30.6,30.6,31.6,23.7,23.5,9.0,31.7,10,296
2024-10-23,A7,SADHANPUR,12.6,29.9,24.0,22.836689283126614,88.50403436810248,12.0,12590.222600614068,0.0,0.0,0.0,0.1,31.0,30.6,31.3,22.6,23.7,0.0,22.7,10,297
2024-10-24,A7,SADHANPUR,14.5,27.1,24.1,22.836689283126614,88.50403436810248,12.0,12590.222600614068,12.6,0.0,0.0,8.2,29.9,31.0,31.1,24.0,22.6,12.6,35.199999999999996,10,298
2024-10-25,A7,SADHANPUR,28.6,25.9,23.7,22.836689283126614,88.50403436810248,12.0,12590.222600614068,14.5,12.6,0.0,5.4,27.1,29.9,29.5,24.1,24.0,27.1,41.5,10,299
2024-10-26,A7,SADHANPUR,2.8,31.5,24.5,22.836689283126614,88.50403436810248,12.0,12590.222600614068,28.6,14.5,12.6,9.0,25.9,27.1,30.2,23.7,24.1,55.7,64.69999999999999,10,300
2024-10-27,A7,SADHANPUR,0.3,31.1,23.5,22.836689283126614,88.50403436810248,12.0,12590.222600614068,2.8,28.6,14.5,0.0,31.5,25.9,30.6,24.5,23.7,45.9,58.49999999999999,10,301
2024-10-28,A7,SADHANPUR,0.3,31.4,23.1,22.836689283126614,88.50403436810248,12.0,12590.222600614068,0.3,2.8,28.6,0.0,31.1,31.5,30.6,23.5,24.5,31.700000000000003,58.800000000000004,10,302
2024-10-29,A7,SADHANPUR,0.0,31.3,23.4,22.836689283126614,88.50403436810248,12.0,12590.222600614068,0.3,0.3,2.8,0.0,31.4,31.1,31.0,23.1,23.5,3.4,59.099999999999994,10,303
2024-10-30,A7,SADHANPUR,0.6,31.1,23.6,22.836689283126614,88.50403436810248,12.0,12590.222600614068,0.0,0.3,0.3,12.6,31.3,31.4,29.9,23.4,23.1,0.6,59.099999999999994,10,304
2024-10-31,A7,SADHANPUR,0.8,31.2,23.8,22.836689283126614,88.50403436810248,12.0,12590.222600614068,0.6,0.0,0.3,14.5,31.1,31.3,27.1,23.6,23.4,0.8999999999999999,47.1,10,305
2024-11-01,A7,SADHANPUR,0.0,32.3,23.0,22.836689283126614,88.50403436810248,12.0,12590.222600614068,0.8,0.6,0.0,28.6,31.2,31.1,25.9,23.8,23.6,1.4,33.4,11,306
2024-11-02,A7,SADHANPUR,0.0,31.4,20.9,22.836689283126614,88.50403436810248,12.0,12590.222600614068,0.0,0.8,0.6,2.8,32.3,31.2,31.5,23.0,23.8,1.4,4.8,11,307
2024-11-03,A7,SADHANPUR,0.0,30.7,20.6,22.836689283126614,88.50403436810248,12.0,12590.222600614068,0.0,0.0,0.8,0.3,31.4,32.3,31.1,20.9,23.0,0.8000000000000002,2.0,11,308
2024-11-04,A7,SADHANPUR,0.0,30.5,20.8,22.836689283126614,88.50403436810248,12.0,12590.222600614068,0.0,0.0,0.0,0.3,30.7,31.4,31.4,20.6,20.9,0.0,1.7,11,309
2024-11-05,A7,SADHANPUR,0.4,29.8,21.9,22.836689283126614,88.50403436810248,12.0,12590.222600614068,0.0,0.0,0.0,0.0,30.5,30.7,31.3,20.8,20.6,0.0,1.4,11,310
2024-11-06,A7,SADHANPUR,0.5,29.4,21.8,22.836689283126614,88.50403436810248,12.0,12590.222600614068,0.4,0.0,0.0,0.6,29.8,30.5,31.1,21.9,20.8,0.40000000000000013,1.7999999999999998,11,311
2024-11-07,A7,SADHANPUR,0.3,30.0,20.6,22.836689283126614,88.50403436810248,12.0,12590.222600614068,0.5,0.4,0.0,0.8,29.4,29.8,31.2,21.8,21.9,0.9000000000000001,1.7000000000000002,11,312
2024-11-08,A7,SADHANPUR,0.0,30.2,21.4,22.836689283126614,88.50403436810248,12.0,12590.222600614068,0.3,0.5,0.4,0.0,30.0,29.4,32.3,20.6,21.8,1.2000000000000002,1.2,11,313
2024-11-09,A7,SADHANPUR,0.0,29.7,20.9,22.836689283126614,88.50403436810248,12.0,12590.222600614068,0.0,0.3,0.5,0.0,30.2,30.0,31.4,21.4,20.6,0.8,1.2,11,314
2024-11-10,A7,SADHANPUR,0.0,30.1,20.4,22.836689283126614,88.50403436810248,12.0,12590.222600614068,0.0,0.0,0.3,0.0,29.7,30.2,30.7,20.9,21.4,0.3000000000000001,1.2,11,315
2024-11-11,A7,SADHANPUR,0.0,30.2,20.2,22.836689283126614,88.50403436810248,12.0,12590.222600614068,0.0,0.0,0.0,0.0,30.1,29.7,30.5,20.4,20.9,0.0,1.2,11,316
2024-11-12,A7,SADHANPUR,0.0,30.2,19.8,22.836689283126614,88.50403436810248,12.0,12590.222600614068,0.0,0.0,0.0,0.4,30.2,30.1,29.8,20.2,20.4,0.0,1.2,11,317
2024-11-13,A7,SADHANPUR,0.0,31.2,20.3,22.836689283126614,88.50403436810248,12.0,12590.222600614068,0.0,0.0,0.0,0.5,30.2,30.2,29.4,19.8,20.2,0.0,0.8,11,318
2024-11-14,A7,SADHANPUR,0.0,31.1,20.2,22.836689283126614,88.50403436810248,12.0,12590.222600614068,0.0,0.0,0.0,0.3,31.2,30.2,30.0,20.3,19.8,0.0,0.3,11,319
2024-11-15,A7,SADHANPUR,0.0,30.9,19.0,22.836689283126614,88.50403436810248,12.0,12590.222600614068,0.0,0.0,0.0,0.0,31.1,31.2,30.2,20.2,20.3,0.0,0.0,11,320
2024-11-16,A7,SADHANPUR,0.0,29.7,17.8,22.836689283126614,88.50403436810248,12.0,12590.222600614068,0.0,0.0,0.0,0.0,30.9,31.1,29.7,19.0,20.2,0.0,0.0,11,321
2024-11-17,A7,SADHANPUR,0.0,29.1,17.8,22.836689283126614,88.50403436810248,12.0,12590.222600614068,0.0,0.0,0.0,0.0,29.7,30.9,30.1,17.8,19.0,0.0,0.0,11,322
2024-11-18,A7,SADHANPUR,0.0,28.8,17.1,22.836689283126614,88.50403436810248,12.0,12590.222600614068,0.0,0.0,0.0,0.0,29.1,29.7,30.2,17.8,17.8,0.0,0.0,11,323
2024-11-19,A7,SADHANPUR,0.0,28.3,17.6,22.836689283126614,88.50403436810248,12.0,12590.222600614068,0.0,0.0,0.0,0.0,28.8,29.1,30.2,17.1,17.8,0.0,0.0,11,324
2024-11-20,A7,SADHANPUR,0.0,29.4,17.4,22.836689283126614,88.50403436810248,12.0,12590.222600614068,0.0,0.0,0.0,0.0,28.3,28.8,31.2,17.6,17.1,0.0,0.0,11,325
2024-11-21,A7,SADHANPUR,0.0,29.2,18.4,22.836689283126614,88.50403436810248,12.0,12590.222600614068,0.0,0.0,0.0,0.0,29.4,28.3,31.1,17.4,17.6,0.0,0.0,11,326
2024-11-22,A7,SADHANPUR,0.0,29.2,17.9,22.836689283126614,88.50403436810248,12.0,12590.222600614068,0.0,0.0,0.0,0.0,29.2,29.4,30.9,18.4,17.4,0.0,0.0,11,327
2024-11-23,A7,SADHANPUR,0.0,29.0,17.7,22.836689283126614,88.50403436810248,12.0,12590.222600614068,0.0,0.0,0.0,0.0,29.2,29.2,29.7,17.9,18.4,0.0,0.0,11,328
2024-11-24,A7,SADHANPUR,0.0,28.4,16.5,22.836689283126614,88.50403436810248,12.0,12590.222600614068,0.0,0.0,0.0,0.0,29.0,29.2,29.1,17.7,17.9,0.0,0.0,11,329
2024-11-25,A7,SADHANPUR,0.0,27.8,16.2,22.836689283126614,88.50403436810248,12.0,12590.222600614068,0.0,0.0,0.0,0.0,28.4,29.0,28.8,16.5,17.7,0.0,0.0,11,330
2024-11-26,A7,SADHANPUR,0.0,27.8,16.1,22.836689283126614,88.50403436810248,12.0,12590.222600614068,0.0,0.0,0.0,0.0,27.8,28.4,28.3,16.2,16.5,0.0,0.0,11,331
2024-11-27,A7,SADHANPUR,0.0,28.3,16.4,22.836689283126614,88.50403436810248,12.0,12590.222600614068,0.0,0.0,0.0,0.0,27.8,27.8,29.4,16.1,16.2,0.0,0.0,11,332
2024-11-28,A7,SADHANPUR,0.0,28.1,16.9,22.836689283126614,88.50403436810248,12.0,12590.222600614068,0.0,0.0,0.0,0.0,28.3,27.8,29.2,16.4,16.1,0.0,0.0,11,333
2024-11-29,A7,SADHANPUR,0.3,27.1,19.6,22.836689283126614,88.50403436810248,12.0,12590.222600614068,0.0,0.0,0.0,0.0,28.1,28.3,29.2,16.9,16.4,0.0,0.0,11,334
2024-11-30,A7,SADHANPUR,19.3,23.2,18.5,22.836689283126614,88.50403436810248,12.0,12590.222600614068,0.3,0.0,0.0,0.0,27.1,28.1,29.0,19.6,16.9,0.3000000000000001,0.3,11,335
2024-12-01,A7,SADHANPUR,0.0,28.1,18.3,22.836689283126614,88.50403436810248,12.0,12590.222600614068,19.3,0.3,0.0,0.0,23.2,27.1,28.4,18.5,19.6,19.6,19.6,12,336
2024-12-02,A7,SADHANPUR,0.3,22.8,19.1,22.836689283126614,88.50403436810248,12.0,12590.222600614068,0.0,19.3,0.3,0.0,28.1,23.2,27.8,18.3,18.5,19.6,19.6,12,337
2024-12-03,A7,SADHANPUR,0.0,28.3,18.2,22.836689283126614,88.50403436810248,12.0,12590.222600614068,0.3,0.0,19.3,0.0,22.8,28.1,27.8,19.1,18.3,19.6,19.900000000000002,12,338
2024-12-04,A7,SADHANPUR,0.0,27.9,16.2,22.836689283126614,88.50403436810248,12.0,12590.222600614068,0.0,0.3,0.0,0.0,28.3,22.8,28.3,18.2,19.1,0.3,19.900000000000002,12,339
2024-12-05,A7,SADHANPUR,0.0,28.8,15.6,22.836689283126614,88.50403436810248,12.0,12590.222600614068,0.0,0.0,0.3,0.0,27.9,28.3,28.1,16.2,18.2,0.3,19.900000000000002,12,340
2024-12-06,A7,SADHANPUR,0.0,27.0,15.4,22.836689283126614,88.50403436810248,12.0,12590.222600614068,0.0,0.0,0.0,0.3,28.8,27.9,27.1,15.6,16.2,0.0,19.900000000000002,12,341
2024-12-07,A7,SADHANPUR,0.0,25.9,14.0,22.836689283126614,88.50403436810248,12.0,12590.222600614068,0.0,0.0,0.0,19.3,27.0,28.8,23.2,15.4,15.6,0.0,19.6,12,342
2024-12-08,A7,SADHANPUR,0.0,25.6,13.1,22.836689283126614,88.50403436810248,12.0,12590.222600614068,0.0,0.0,0.0,0.0,25.9,27.0,28.1,14.0,15.4,0.0,0.3,12,343
2024-12-09,A7,SADHANPUR,0.0,26.0,14.4,22.836689283126614,88.50403436810248,12.0,12590.222600614068,0.0,0.0,0.0,0.3,25.6,25.9,22.8,13.1,14.0,0.0,0.3,12,344
2024-12-10,A7,SADHANPUR,0.2,26.0,16.2,22.836689283126614,88.50403436810248,12.0,12590.222600614068,0.0,0.0,0.0,0.0,26.0,25.6,28.3,14.4,13.1,0.0,0.0,12,345
2024-12-11,A7,SADHANPUR,0.0,24.3,14.2,22.836689283126614,88.50403436810248,12.0,12590.222600614068,0.2,0.0,0.0,0.0,26.0,26.0,27.9,16.2,14.4,0.2,0.2,12,346
2024-12-12,A7,SADHANPUR,0.0,23.8,12.1,22.836689283126614,88.50403436810248,12.0,12590.222600614068,0.0,0.2,0.0,0.0,24.3,26.0,28.8,14.2,16.2,0.2,0.2,12,347
2024-12-13,A7,SADHANPUR,0.0,23.4,11.4,22.836689283126614,88.50403436810248,12.0,12590.222600614068,0.0,0.0,0.2,0.0,23.8,24.3,27.0,12.1,14.2,0.2,0.2,12,348
2024-12-14,A7,SADHANPUR,0.0,23.2,11.8,22.836689283126614,88.50403436810248,12.0,12590.222600614068,0.0,0.0,0.0,0.0,23.4,23.8,25.9,11.4,12.1,0.0,0.2,12,349
2024-12-15,A7,SADHANPUR,0.0,23.8,10.8,22.836689283126614,88.50403436810248,12.0,12590.222600614068,0.0,0.0,0.0,0.0,23.2,23.4,25.6,11.8,11.4,0.0,0.2,12,350
2024-12-16,A7,SADHANPUR,0.0,24.6,12.3,22.836689283126614,88.50403436810248,12.0,12590.222600614068,0.0,0.0,0.0,0.0,23.8,23.2,26.0,10.8,11.8,0.0,0.2,12,351
2024-12-17,A7,SADHANPUR,0.0,25.5,13.0,22.836689283126614,88.50403436810248,12.0,12590.222600614068,0.0,0.0,0.0,0.2,24.6,23.8,26.0,12.3,10.8,0.0,0.2,12,352
2024-12-18,A7,SADHANPUR,0.0,26.6,14.1,22.836689283126614,88.50403436810248,12.0,12590.222600614068,0.0,0.0,0.0,0.0,25.5,24.6,24.3,13.0,12.3,0.0,0.0,12,353
2024-12-19,A7,SADHANPUR,0.0,25.9,14.3,22.836689283126614,88.50403436810248,12.0,12590.222600614068,0.0,0.0,0.0,0.0,26.6,25.5,23.8,14.1,13.0,0.0,0.0,12,354
2024-12-20,A7,SADHANPUR,0.4,25.5,13.8,22.836689283126614,88.50403436810248,12.0,12590.222600614068,0.0,0.0,0.0,0.0,25.9,26.6,23.4,14.3,14.1,0.0,0.0,12,355
2024-12-21,A7,SADHANPUR,2.2,20.4,15.4,22.836689283126614,88.50403436810248,12.0,12590.222600614068,0.4,0.0,0.0,0.0,25.5,25.9,23.2,13.8,14.3,0.4,0.4,12,356
2024-12-22,A7,SADHANPUR,0.0,25.1,14.8,22.836689283126614,88.50403436810248,12.0,12590.222600614068,2.2,0.4,0.0,0.0,20.4,25.5,23.8,15.4,13.8,2.6,2.6,12,357
2024-12-23,A7,SADHANPUR,0.0,26.2,15.1,22.836689283126614,88.50403436810248,12.0,12590.222600614068,0.0,2.2,0.4,0.0,25.1,20.4,24.6,14.8,15.4,2.6,2.6,12,358
2024-12-24,A7,SADHANPUR,0.0,25.7,15.2,22.836689283126614,88.50403436810248,12.0,12590.222600614068,0.0,0.0,2.2,0.0,26.2,25.1,25.5,15.1,14.8,2.2,2.6,12,359
2024-12-25,A7,SADHANPUR,0.0,25.5,17.0,22.836689283126614,88.50403436810248,12.0,12590.222600614068,0.0,0.0,0.0,0.0,25.7,26.2,26.6,15.2,15.1,0.0,2.6,12,360
2024-12-26,A7,SADHANPUR,0.0,26.8,15.9,22.836689283126614,88.50403436810248,12.0,12590.222600614068,0.0,0.0,0.0,0.0,25.5,25.7,25.9,17.0,15.2,0.0,2.6,12,361
2024-12-27,A7,SADHANPUR,0.0,26.6,14.8,22.836689283126614,88.50403436810248,12.0,12590.222600614068,0.0,0.0,0.0,0.4,26.8,25.5,25.5,15.9,17.0,0.0,2.6,12,362
2024-12-28,A7,SADHANPUR,0.0,25.9,13.9,22.836689283126614,88.50403436810248,12.0,12590.222600614068,0.0,0.0,0.0,2.2,26.6,26.8,20.4,14.8,15.9,0.0,2.2,12,363
2024-12-29,A7,SADHANPUR,0.0,26.7,15.2,22.836689283126614,88.50403436810248,12.0,12590.222600614068,0.0,0.0,0.0,0.0,25.9,26.6,25.1,13.9,14.8,0.0,0.0,12,364
2024-12-30,A7,SADHANPUR,0.0,26.1,16.3,22.836689283126614,88.50403436810248,12.0,12590.222600614068,0.0,0.0,0.0,0.0,26.7,25.9,26.2,15.2,13.9,0.0,0.0,12,365
2024-12-31,A7,SADHANPUR,0.0,23.9,15.1,22.836689283126614,88.50403436810248,12.0,12590.222600614068,0.0,0.0,0.0,0.0,26.1,26.7,25.7,16.3,15.2,0.0,0.0,12,366
2025-01-01,A7,SADHANPUR,0.0,22.8,12.8,22.836689283126614,88.50403436810248,12.0,12590.222600614068,0.0,0.0,0.0,0.0,23.9,26.1,25.5,15.1,16.3,0.0,0.0,1,1
2025-01-02,A7,SADHANPUR,0.0,22.2,12.1,22.836689283126614,88.50403436810248,12.0,12590.222600614068,0.0,0.0,0.0,0.0,22.8,23.9,26.8,12.8,15.1,0.0,0.0,1,2
2025-01-03,A7,SADHANPUR,0.0,22.3,10.9,22.836689283126614,88.50403436810248,12.0,12590.222600614068,0.0,0.0,0.0,0.0,22.2,22.8,26.6,12.1,12.8,0.0,0.0,1,3
2025-01-04,A7,SADHANPUR,0.0,23.7,12.7,22.836689283126614,88.50403436810248,12.0,12590.222600614068,0.0,0.0,0.0,0.0,22.3,22.2,25.9,10.9,12.1,0.0,0.0,1,4
2025-01-05,A7,SADHANPUR,0.0,24.3,13.5,22.836689283126614,88.50403436810248,12.0,12590.222600614068,0.0,0.0,0.0,0.0,23.7,22.3,26.7,12.7,10.9,0.0,0.0,1,5
2025-01-06,A7,SADHANPUR,0.0,24.4,12.4,22.836689283126614,88.50403436810248,12.0,12590.222600614068,0.0,0.0,0.0,0.0,24.3,23.7,26.1,13.5,12.7,0.0,0.0,1,6
2025-01-07,A7,SADHANPUR,0.0,25.8,14.1,22.836689283126614,88.50403436810248,12.0,12590.222600614068,0.0,0.0,0.0,0.0,24.4,24.3,23.9,12.4,13.5,0.0,0.0,1,7
2025-01-08,A7,SADHANPUR,0.0,22.4,13.2,22.836689283126614,88.50403436810248,12.0,12590.222600614068,0.0,0.0,0.0,0.0,25.8,24.4,22.8,14.1,12.4,0.0,0.0,1,8
2025-01-09,A7,SADHANPUR,0.0,21.9,11.9,22.836689283126614,88.50403436810248,12.0,12590.222600614068,0.0,0.0,0.0,0.0,22.4,25.8,22.2,13.2,14.1,0.0,0.0,1,9
2025-01-10,A7,SADHANPUR,0.0,22.6,12.0,22.836689283126614,88.50403436810248,12.0,12590.222600614068,0.0,0.0,0.0,0.0,21.9,22.4,22.3,11.9,13.2,0.0,0.0,1,10
2025-01-11,A7,SADHANPUR,0.0,23.2,11.2,22.836689283126614,88.50403436810248,12.0,12590.222600614068,0.0,0.0,0.0,0.0,22.6,21.9,23.7,12.0,11.9,0.0,0.0,1,11
2025-01-12,A7,SADHANPUR,0.0,24.7,12.5,22.836689283126614,88.50403436810248,12.0,12590.222600614068,0.0,0.0,0.0,0.0,23.2,22.6,24.3,11.2,12.0,0.0,0.0,1,12
2025-01-13,A7,SADHANPUR,0.0,26.3,13.5,22.836689283126614,88.50403436810248,12.0,12590.222600614068,0.0,0.0,0.0,0.0,24.7,23.2,24.4,12.5,11.2,0.0,0.0,1,13
2025-01-14,A7,SADHANPUR,0.0,25.1,15.1,22.836689283126614,88.50403436810248,12.0,12590.222600614068,0.0,0.0,0.0,0.0,26.3,24.7,25.8,13.5,12.5,0.0,0.0,1,14
2025-01-15,A7,SADHANPUR,0.0,24.2,14.0,22.836689283126614,88.50403436810248,12.0,12590.222600614068,0.0,0.0,0.0,0.0,25.1,26.3,22.4,15.1,13.5,0.0,0.0,1,15
2025-01-16,A7,SADHANPUR,0.0,24.3,12.6,22.836689283126614,88.50403436810248,12.0,12590.222600614068,0.0,0.0,0.0,0.0,24.2,25.1,21.9,14.0,15.1,0.0,0.0,1,16
2025-01-17,A7,SADHANPUR,0.0,24.5,13.9,22.836689283126614,88.50403436810248,12.0,12590.222600614068,0.0,0.0,0.0,0.0,24.3,24.2,22.6,12.6,14.0,0.0,0.0,1,17
2025-01-18,A7,SADHANPUR,0.0,24.5,13.7,22.836689283126614,88.50403436810248,12.0,12590.222600614068,0.0,0.0,0.0,0.0,24.5,24.3,23.2,13.9,12.6,0.0,0.0,1,18
2025-01-19,A7,SADHANPUR,0.0,24.4,13.2,22.836689283126614,88.50403436810248,12.0,12590.222600614068,0.0,0.0,0.0,0.0,24.5,24.5,24.7,13.7,13.9,0.0,0.0,1,19
2025-01-20,A7,SADHANPUR,0.0,23.8,12.2,22.836689283126614,88.50403436810248,12.0,12590.222600614068,0.0,0.0,0.0,0.0,24.4,24.5,26.3,13.2,13.7,0.0,0.0,1,20
2025-01-21,A7,SADHANPUR,0.0,25.3,13.0,22.836689283126614,88.50403436810248,12.0,12590.222600614068,0.0,0.0,0.0,0.0,23.8,24.4,25.1,12.2,13.2,0.0,0.0,1,21
2025-01-22,A7,SADHANPUR,0.0,26.2,13.7,22.836689283126614,88.50403436810248,12.0,12590.222600614068,0.0,0.0,0.0,0.0,25.3,23.8,24.2,13.0,12.2,0.0,0.0,1,22
2025-01-23,A7,SADHANPUR,0.0,27.6,13.4,22.836689283126614,88.50403436810248,12.0,12590.222600614068,0.0,0.0,0.0,0.0,26.2,25.3,24.3,13.7,13.0,0.0,0.0,1,23
2025-01-24,A7,SADHANPUR,0.0,27.8,14.5,22.836689283126614,88.50403436810248,12.0,12590.222600614068,0.0,0.0,0.0,0.0,27.6,26.2,24.5,13.4,13.7,0.0,0.0,1,24
2025-01-25,A7,SADHANPUR,0.3,25.4,16.1,22.836689283126614,88.50403436810248,12.0,12590.222600614068,0.0,0.0,0.0,0.0,27.8,27.6,24.5,14.5,13.4,0.0,0.0,1,25
2025-01-26,A7,SADHANPUR,0.0,24.3,13.3,22.836689283126614,88.50403436810248,12.0,12590.222600614068,0.3,0.0,0.0,0.0,25.4,27.8,24.4,16.1,14.5,0.3,0.3,1,26
2025-01-27,A7,SADHANPUR,0.0,24.0,12.7,22.836689283126614,88.50403436810248,12.0,12590.222600614068,0.0,0.3,0.0,0.0,24.3,25.4,23.8,13.3,16.1,0.3,0.3,1,27
2025-01-28,A7,SADHANPUR,0.0,25.6,12.6,22.836689283126614,88.50403436810248,12.0,12590.222600614068,0.0,0.0,0.3,0.0,24.0,24.3,25.3,12.7,13.3,0.3,0.3,1,28
2025-01-29,A7,SADHANPUR,0.2,26.9,14.5,22.836689283126614,88.50403436810248,12.0,12590.222600614068,0.0,0.0,0.0,0.0,25.6,24.0,26.2,12.6,12.7,0.0,0.3,1,29
2025-01-30,A7,SADHANPUR,0.1,29.1,17.5,22.836689283126614,88.50403436810248,12.0,12590.222600614068,0.2,0.0,0.0,0.0,26.9,25.6,27.6,14.5,12.6,0.2,0.5,1,30
2025-01-31,A7,SADHANPUR,0.1,29.1,19.2,22.836689283126614,88.50403436810248,12.0,12590.222600614068,0.1,0.2,0.0,0.0,29.1,26.9,27.8,17.5,14.5,0.30000000000000004,0.6,1,31
2025-02-01,A7,SADHANPUR,0.5,28.8,20.0,22.836689283126614,88.50403436810248,12.0,12590.222600614068,0.1,0.1,0.2,0.3,29.1,29.1,25.4,19.2,17.5,0.4,0.7,2,32
2025-02-02,A7,SADHANPUR,0.2,28.5,20.2,22.836689283126614,88.50403436810248,12.0,12590.222600614068,0.5,0.1,0.1,0.0,28.8,29.1,24.3,20.0,19.2,0.7,0.8999999999999999,2,33
2025-02-03,A7,SADHANPUR,0.0,28.5,18.7,22.836689283126614,88.50403436810248,12.0,12590.222600614068,0.2,0.5,0.1,0.0,28.5,28.8,24.0,20.2,20.0,0.8,1.1,2,34
2025-02-04,A7,SADHANPUR,0.0,27.1,16.6,22.836689283126614,88.50403436810248,12.0,12590.222600614068,0.0,0.2,0.5,0.0,28.5,28.5,25.6,18.7,20.2,0.7,1.1,2,35
2025-02-05,A7,SADHANPUR,0.0,29.0,15.9,22.836689283126614,88.50403436810248,12.0,12590.222600614068,0.0,0.0,0.2,0.2,27.1,28.5,26.9,16.6,18.7,0.2,1.1,2,36
2025-02-06,A7,SADHANPUR,0.0,28.7,18.8,22.836689283126614,88.50403436810248,12.0,12590.222600614068,0.0,0.0,0.0,0.1,29.0,27.1,29.1,15.9,16.6,0.0,0.9,2,37
2025-02-07,A7,SADHANPUR,0.0,25.6,14.4,22.836689283126614,88.50403436810248,12.0,12590.222600614068,0.0,0.0,0.0,0.1,28.7,29.0,29.1,18.8,15.9,0.0,0.7999999999999999,2,38
2025-02-08,A7,SADHANPUR,0.0,25.4,13.2,22.836689283126614,88.50403436810248,12.0,12590.222600614068,0.0,0.0,0.0,0.5,25.6,28.7,28.8,14.4,18.8,0.0,0.7,2,39
2025-02-09,A7,SADHANPUR,0.0,26.0,13.4,22.836689283126614,88.50403436810248,12.0,12590.222600614068,0.0,0.0,0.0,0.2,25.4,25.6,28.5,13.2,14.4,0.0,0.19999999999999996,2,40
2025-02-10,A7,SADHANPUR,0.0,29.3,14.2,22.836689283126614,88.50403436810248,12.0,12590.222600614068,0.0,0.0,0.0,0.0,26.0,25.4,28.5,13.4,13.2,0.0,0.0,2,41
2025-02-11,A7,SADHANPUR,0.0,29.9,18.8,22.836689283126614,88.50403436810248,12.0,12590.222600614068,0.0,0.0,0.0,0.0,29.3,26.0,27.1,14.2,13.4,0.0,0.0,2,42
2025-02-12,A7,SADHANPUR,0.4,29.7,19.3,22.836689283126614,88.50403436810248,12.0,12590.222600614068,0.0,0.0,0.0,0.0,29.9,29.3,29.0,18.8,14.2,0.0,0.0,2,43
2025-02-13,A7,SADHANPUR,0.1,30.2,20.6,22.836689283126614,88.50403436810248,12.0,12590.222600614068,0.4,0.0,0.0,0.0,29.7,29.9,28.7,19.3,18.8,0.4,0.39999999999999997,2,44
2025-02-14,A7,SADHANPUR,0.0,27.8,15.7,22.836689283126614,88.50403436810248,12.0,12590.222600614068,0.1,0.4,0.0,0.0,30.2,29.7,25.6,20.6,19.3,0.5,0.5,2,45
2025-02-15,A7,SADHANPUR,0.0,28.8,15.4,22.836689283126614,88.50403436810248,12.0,12590.222600614068,0.0,0.1,0.4,0.0,27.8,30.2,25.4,15.7,20.6,0.5,0.5,2,46
2025-02-16,A7,SADHANPUR,0.0,30.7,16.3,22.836689283126614,88.50403436810248,12.0,12590.222600614068,0.0,0.0,0.1,0.0,28.8,27.8,26.0,15.4,15.7,0.1,0.5,2,47
2025-02-17,A7,SADHANPUR,0.1,31.1,18.6,22.836689283126614,88.50403436810248,12.0,12590.222600614068,0.0,0.0,0.0,0.0,30.7,28.8,29.3,16.3,15.4,0.0,0.5,2,48
2025-02-18,A7,SADHANPUR,0.2,29.8,18.4,22.836689283126614,88.50403436810248,12.0,12590.222600614068,0.1,0.0,0.0,0.0,31.1,30.7,29.9,18.6,16.3,0.1,0.6,2,49
2025-02-19,A7,SADHANPUR,1.4,28.3,18.7,22.836689283126614,88.50403436810248,12.0,12590.222600614068,0.2,0.1,0.0,0.4,29.8,31.1,29.7,18.4,18.6,0.30000000000000004,0.8,2,50
2025-02-20,A7,SADHANPUR,5.0,27.0,18.7,22.836689283126614,88.50403436810248,12.0,12590.222600614068,1.4,0.2,0.1,0.1,28.3,29.8,30.2,18.7,18.4,1.7,1.7999999999999998,2,51
2025-02-21,A7,SADHANPUR,0.0,28.8,17.4,22.836689283126614,88.50403436810248,12.0,12590.222600614068,5.0,1.4,0.2,0.0,27.0,28.3,27.8,18.7,18.7,6.6,6.699999999999999,2,52
2025-02-22,A7,SADHANPUR,9.7,28.7,18.9,22.836689283126614,88.50403436810248,12.0,12590.222600614068,0.0,5.0,1.4,0.0,28.8,27.0,28.8,17.4,18.7,6.3999999999999995,6.699999999999999,2,53
2025-02-23,A7,SADHANPUR,7.8,28.0,17.9,22.836689283126614,88.50403436810248,12.0,12590.222600614068,9.7,0.0,5.0,0.0,28.7,28.8,30.7,18.9,17.4,14.7,16.4,2,54
2025-02-24,A7,SADHANPUR,0.0,28.9,17.3,22.836689283126614,88.50403436810248,12.0,12590.222600614068,7.8,9.7,0.0,0.1,28.0,28.7,31.1,17.9,18.9,17.5,24.2,2,55
2025-02-25,A7,SADHANPUR,0.0,29.1,18.1,22.836689283126614,88.50403436810248,12.0,12590.222600614068,0.0,7.8,9.7,0.2,28.9,28.0,29.8,17.3,17.9,17.5,24.099999999999998,2,56
2025-02-26,A7,SADHANPUR,0.0,29.3,17.8,22.836689283126614,88.50403436810248,12.0,12590.222600614068,0.0,0.0,7.8,1.4,29.1,28.9,28.3,18.1,17.3,7.8,23.9,2,57
2025-02-27,A7,SADHANPUR,0.0,29.6,17.6,22.836689283126614,88.50403436810248,12.0,12590.222600614068,0.0,0.0,0.0,5.0,29.3,29.1,27.0,17.8,18.1,0.0,22.5,2,58
2025-02-28,A7,SADHANPUR,0.0,30.6,19.4,22.836689283126614,88.50403436810248,12.0,12590.222600614068,0.0,0.0,0.0,0.0,29.6,29.3,28.8,17.6,17.8,0.0,17.5,2,59
2025-03-01,A7,SADHANPUR,0.0,33.1,20.0,22.836689283126614,88.50403436810248,12.0,12590.222600614068,0.0,0.0,0.0,9.7,30.6,29.6,28.7,19.4,17.6,0.0,17.5,3,60
2025-03-02,A7,SADHANPUR,0.0,33.3,20.6,22.836689283126614,88.50403436810248,12.0,12590.222600614068,0.0,0.0,0.0,7.8,33.1,30.6,28.0,20.0,19.4,0.0,7.8,3,61
2025-03-03,A7,SADHANPUR,0.0,31.7,20.3,22.836689283126614,88.50403436810248,12.0,12590.222600614068,0.0,0.0,0.0,0.0,33.3,33.1,28.9,20.6,20.0,0.0,0.0,3,62
2025-03-04,A7,SADHANPUR,0.0,31.0,20.3,22.836689283126614,88.50403436810248,12.0,12590.222600614068,0.0,0.0,0.0,0.0,31.7,33.3,29.1,20.3,20.6,0.0,0.0,3,63
2025-03-05,A7,SADHANPUR,0.0,30.9,19.6,22.836689283126614,88.50403436810248,12.0,12590.222600614068,0.0,0.0,0.0,0.0,31.0,31.7,29.3,20.3,20.3,0.0,0.0,3,64
2025-03-06,A7,SADHANPUR,0.0,27.6,17.0,22.836689283126614,88.50403436810248,12.0,12590.222600614068,0.0,0.0,0.0,0.0,30.9,31.0,29.6,19.6,20.3,0.0,0.0,3,65
2025-03-07,A7,SADHANPUR,0.0,29.5,15.3,22.836689283126614,88.50403436810248,12.0,12590.222600614068,0.0,0.0,0.0,0.0,27.6,30.9,30.6,17.0,19.6,0.0,0.0,3,66
2025-03-08,A7,SADHANPUR,0.0,31.6,17.5,22.836689283126614,88.50403436810248,12.0,12590.222600614068,0.0,0.0,0.0,0.0,29.5,27.6,33.1,15.3,17.0,0.0,0.0,3,67
2025-03-09,A7,SADHANPUR,0.0,31.5,19.0,22.836689283126614,88.50403436810248,12.0,12590.222600614068,0.0,0.0,0.0,0.0,31.6,29.5,33.3,17.5,15.3,0.0,0.0,3,68
2025-03-10,A7,SADHANPUR,0.0,32.4,19.6,22.836689283126614,88.50403436810248,12.0,12590.222600614068,0.0,0.0,0.0,0.0,31.5,31.6,31.7,19.0,17.5,0.0,0.0,3,69
2025-03-11,A7,SADHANPUR,0.0,33.0,20.7,22.836689283126614,88.50403436810248,12.0,12590.222600614068,0.0,0.0,0.0,0.0,32.4,31.5,31.0,19.6,19.0,0.0,0.0,3,70
2025-03-12,A7,SADHANPUR,0.0,34.5,20.5,22.836689283126614,88.50403436810248,12.0,12590.222600614068,0.0,0.0,0.0,0.0,33.0,32.4,30.9,20.7,19.6,0.0,0.0,3,71
2025-03-13,A7,SADHANPUR,0.0,35.6,22.1,22.836689283126614,88.50403436810248,12.0,12590.222600614068,0.0,0.0,0.0,0.0,34.5,33.0,27.6,20.5,20.7,0.0,0.0,3,72
2025-03-14,A7,SADHANPUR,0.0,36.6,22.9,22.836689283126614,88.50403436810248,12.0,12590.222600614068,0.0,0.0,0.0,0.0,35.6,34.5,29.5,22.1,20.5,0.0,0.0,3,73
2025-03-15,A7,SADHANPUR,0.1,35.4,23.6,22.836689283126614,88.50403436810248,12.0,12590.222600614068,0.0,0.0,0.0,0.0,36.6,35.6,31.6,22.9,22.1,0.0,0.0,3,74
2025-03-16,A7,SADHANPUR,0.1,38.0,24.2,22.836689283126614,88.50403436810248,12.0,12590.222600614068,0.1,0.0,0.0,0.0,35.4,36.6,31.5,23.6,22.9,0.1,0.1,3,75
2025-03-17,A7,SADHANPUR,7.3,34.8,23.3,22.836689283126614,88.50403436810248,12.0,12590.222600614068,0.1,0.1,0.0,0.0,38.0,35.4,32.4,24.2,23.6,0.2,0.2,3,76
2025-03-18,A7,SADHANPUR,0.0,33.7,23.7,22.836689283126614,88.50403436810248,12.0,12590.222600614068,7.3,0.1,0.1,0.0,34.8,38.0,33.0,23.3,24.2,7.5,7.5,3,77
2025-03-19,A7,SADHANPUR,0.0,35.5,22.2,22.836689283126614,88.50403436810248,12.0,12590.222600614068,0.0,7.3,0.1,0.0,33.7,34.8,34.5,23.7,23.3,7.4,7.5,3,78
2025-03-20,A7,SADHANPUR,8.5,32.1,23.9,22.836689283126614,88.50403436810248,12.0,12590.222600614068,0.0,0.0,7.3,0.0,35.5,33.7,35.6,22.2,23.7,7.3,7.5,3,79
2025-03-21,A7,SADHANPUR,5.7,31.1,21.2,22.836689283126614,88.50403436810248,12.0,12590.222600614068,8.5,0.0,0.0,0.0,32.1,35.5,36.6,23.9,22.2,8.5,16.0,3,80
2025-03-22,A7,SADHANPUR,3.4,26.7,20.8,22.836689283126614,88.50403436810248,12.0,12590.222600614068,5.7,8.5,0.0,0.1,31.1,32.1,35.4,21.2,23.9,14.2,21.7,3,81
2025-03-23,A7,SADHANPUR,1.2,28.7,18.7,22.836689283126614,88.50403436810248,12.0,12590.222600614068,3.4,5.7,8.5,0.1,26.7,31.1,38.0,20.8,21.2,17.6,25.0,3,82
2025-03-24,A7,SADHANPUR,0.0,30.7,17.8,22.836689283126614,88.50403436810248,12.0,12590.222600614068,1.2,3.4,5.7,7.3,28.7,26.7,34.8,18.7,20.8,10.3,26.1,3,83
2025-03-25,A7,SADHANPUR,0.0,32.0,19.1,22.836689283126614,88.50403436810248,12.0,12590.222600614068,0.0,1.2,3.4,0.0,30.7,28.7,33.7,17.8,18.7,4.6,18.8,3,84
2025-03-26,A7,SADHANPUR,0.0,34.3,21.2,22.836689283126614,88.50403436810248,12.0,12590.222600614068,0.0,0.0,1.2,0.0,32.0,30.7,35.5,19.1,17.8,1.2,18.8,3,85
2025-03-27,A7,SADHANPUR,0.0,35.6,23.0,22.836689283126614,88.50403436810248,12.0,12590.222600614068,0.0,0.0,0.0,8.5,34.3,32.0,32.1,21.2,19.1,0.0,18.8,3,86
2025-03-28,A7,SADHANPUR,0.0,36.8,22.9,22.836689283126614,88.50403436810248,12.0,12590.222600614068,0.0,0.0,0.0,5.7,35.6,34.3,31.1,23.0,21.2,0.0,10.3,3,87
2025-03-29,A7,SADHANPUR,0.0,35.9,23.3,22.836689283126614,88.50403436810248,12.0,12590.222600614068,0.0,0.0,0.0,3.4,36.8,35.6,26.7,22.9,23.0,0.0,4.6,3,88
2025-03-30,A7,SADHANPUR,0.1,36.0,24.3,22.836689283126614,88.50403436810248,12.0,12590.222600614068,0.0,0.0,0.0,1.2,35.9,36.8,28.7,23.3,22.9,0.0,1.2,3,89
2025-03-31,A7,SADHANPUR,0.0,36.1,25.2,22.836689283126614,88.50403436810248,12.0,12590.222600614068,0.1,0.0,0.0,0.0,36.0,35.9,30.7,24.3,23.3,0.1,0.1,3,90
2025-04-01,A7,SADHANPUR,0.0,36.2,24.9,22.836689283126614,88.50403436810248,12.0,12590.222600614068,0.0,0.1,0.0,0.0,36.1,36.0,32.0,25.2,24.3,0.1,0.1,4,91
2025-04-02,A7,SADHANPUR,0.2,36.7,24.8,22.836689283126614,88.50403436810248,12.0,12590.222600614068,0.0,0.0,0.1,0.0,36.2,36.1,34.3,24.9,25.2,0.1,0.1,4,92
2025-04-03,A7,SADHANPUR,0.0,36.0,24.7,22.836689283126614,88.50403436810248,12.0,12590.222600614068,0.2,0.0,0.0,0.0,36.7,36.2,35.6,24.8,24.9,0.2,0.30000000000000004,4,93
2025-04-04,A7,SADHANPUR,0.0,34.0,25.2,22.836689283126614,88.50403436810248,12.0,12590.222600614068,0.0,0.2,0.0,0.0,36.0,36.7,36.8,24.7,24.8,0.2,0.30000000000000004,4,94
2025-04-05,A7,SADHANPUR,0.0,36.5,24.3,22.836689283126614,88.50403436810248,12.0,12590.222600614068,0.0,0.0,0.2,0.0,34.0,36.0,35.9,25.2,24.7,0.2,0.30000000000000004,4,95
2025-04-06,A7,SADHANPUR,0.2,35.5,24.4,22.836689283126614,88.50403436810248,12.0,12590.222600614068,0.0,0.0,0.0,0.1,36.5,34.0,36.0,24.3,25.2,0.0,0.30000000000000004,4,96
2025-04-07,A7,SADHANPUR,0.0,35.3,24.5,22.836689283126614,88.50403436810248,12.0,12590.222600614068,0.2,0.0,0.0,0.0,35.5,36.5,36.1,24.4,24.3,0.2,0.4,4,97
2025-04-08,A7,SADHANPUR,1.9,34.0,24.1,22.836689283126614,88.50403436810248,12.0,12590.222600614068,0.0,0.2,0.0,0.0,35.3,35.5,36.2,24.5,24.4,0.2,0.4,4,98
2025-04-09,A7,SADHANPUR,0.0,33.8,23.4,22.836689283126614,88.50403436810248,12.0,12590.222600614068,1.9,0.0,0.2,0.2,34.0,35.3,36.7,24.1,24.5,2.1,2.3,4,99
2025-04-10,A7,SADHANPUR,14.8,34.5,22.4,22.836689283126614,88.50403436810248,12.0,12590.222600614068,0.0,1.9,0.0,0.0,33.8,34.0,36.0,23.4,24.1,1.9,2.0999999999999996,4,100
2025-04-11,A7,SADHANPUR,0.1,32.0,22.0,22.836689283126614,88.50403436810248,12.0,12590.222600614068,14.8,0.0,1.9,0.0,34.5,33.8,34.0,22.4,23.4,16.7,16.9,4,101
2025-04-12,A7,SADHANPUR,2.9,34.9,23.5,22.836689283126614,88.50403436810248,12.0,12590.222600614068,0.1,14.8,0.0,0.0,32.0,34.5,36.5,22.0,22.4,14.9,17.0,4,102
2025-04-13,A7,SADHANPUR,0.0,33.1,23.6,22.836689283126614,88.50403436810248,12.0,12590.222600614068,2.9,0.1,14.8,0.2,34.9,32.0,35.5,23.5,22.0,17.8,19.9,4,103
2025-04-14,A7,SADHANPUR,1.0,32.0,23.8,22.836689283126614,88.50403436810248,12.0,12590.222600614068,0.0,2.9,0.1,0.0,33.1,34.9,35.3,23.6,23.5,3.0,19.700000000000003,4,104
2025-04-15,A7,SADHANPUR,1.7,32.3,23.3,22.836689283126614,88.50403436810248,12.0,12590.222600614068,1.0,0.0,2.9,1.9,32.0,33.1,34.0,23.8,23.6,3.9,20.700000000000003,4,105
2025-04-16,A7,SADHANPUR,3.6,33.0,23.3,22.836689283126614,88.50403436810248,12.0,12590.222600614068,1.7,1.0,0.0,0.0,32.3,32.0,33.8,23.3,23.8,2.7,20.500000000000004,4,106
2025-04-17,A7,SADHANPUR,17.7,32.1,23.0,22.836689283126614,88.50403436810248,12.0,12590.222600614068,3.6,1.7,1.0,14.8,33.0,32.3,34.5,23.3,23.3,6.3,24.099999999999998,4,107
2025-04-18,A7,SADHANPUR,7.2,30.4,22.6,22.836689283126614,88.50403436810248,12.0,12590.222600614068,17.7,3.6,1.7,0.1,32.1,33.0,32.0,23.0,23.3,23.0,27.0,4,108
2025-04-19,A7,SADHANPUR,5.0,30.3,22.9,22.836689283126614,88.50403436810248,12.0,12590.222600614068,7.2,17.7,3.6,2.9,30.4,32.1,34.9,22.6,23.0,28.5,34.099999999999994,4,109
2025-04-20,A7,SADHANPUR,1.8,35.2,24.9,22.836689283126614,88.50403436810248,12.0,12590.222600614068,5.0,7.2,17.7,0.0,30.3,30.4,33.1,22.9,22.6,29.9,36.199999999999996,4,110
2025-04-21,A7,SADHANPUR,0.0,35.9,27.7,22.836689283126614,88.50403436810248,12.0,12590.222600614068,1.8,5.0,7.2,1.0,35.2,30.3,32.0,24.9,22.9,14.0,38.0,4,111
2025-04-22,A7,SADHANPUR,0.1,36.2,27.4,22.836689283126614,88.50403436810248,12.0,12590.222600614068,0.0,1.8,5.0,1.7,35.9,35.2,32.3,27.7,24.9,6.8,37.0,4,112
2025-04-23,A7,SADHANPUR,0.0,38.6,27.1,22.836689283126614,88.50403436810248,12.0,12590.222600614068,0.1,0.0,1.8,3.6,36.2,35.9,33.0,27.4,27.7,1.9000000000000001,35.39999999999999,4,113
2025-04-24,A7,SADHANPUR,0.0,36.8,27.2,22.836689283126614,88.50403436810248,12.0,12590.222600614068,0.0,0.1,0.0,17.7,38.6,36.2,32.1,27.1,27.4,0.1,31.799999999999997,4,114
2025-04-25,A7,SADHANPUR,1.6,37.7,27.4,22.836689283126614,88.50403436810248,12.0,12590.222600614068,0.0,0.0,0.1,7.2,36.8,38.6,30.4,27.2,27.1,0.1,14.099999999999996,4,115
2025-04-26,A7,SADHANPUR,3.4,36.1,27.0,22.836689283126614,88.50403436810248,12.0,12590.222600614068,1.6,0.0,0.0,5.0,37.7,36.8,30.3,27.4,27.2,1.6,8.499999999999996,4,116
2025-04-27,A7,SADHANPUR,0.0,35.7,27.6,22.836689283126614,88.50403436810248,12.0,12590.222600614068,3.4,1.6,0.0,1.8,36.1,37.7,35.2,27.0,27.4,5.0,6.899999999999997,4,117
2025-04-28,A7,SADHANPUR,4.1,29.7,24.6,22.836689283126614,88.50403436810248,12.0,12590.222600614068,0.0,3.4,1.6,0.0,35.7,36.1,35.9,27.6,27.0,5.0,5.099999999999997,4,118
2025-04-29,A7,SADHANPUR,6.1,30.8,22.4,22.836689283126614,88.50403436810248,12.0,12590.222600614068,4.1,0.0,3.4,0.1,29.7,35.7,36.2,24.6,27.6,7.5,9.199999999999996,4,119
2025-04-30,A7,SADHANPUR,3.3,30.5,21.5,22.836689283126614,88.50403436810248,12.0,12590.222600614068,6.1,4.1,0.0,0.0,30.8,29.7,38.6,22.4,24.6,10.2,15.199999999999996,4,120
2025-05-01,A7,SADHANPUR,1.2,31.3,21.9,22.836689283126614,88.50403436810248,12.0,12590.222600614068,3.3,6.1,4.1,0.0,30.5,30.8,36.8,21.5,22.4,13.5,18.499999999999996,5,121
2025-05-02,A7,SADHANPUR,0.0,30.6,21.5,22.836689283126614,88.50403436810248,12.0,12590.222600614068,1.2,3.3,6.1,1.6,31.3,30.5,37.7,21.9,21.5,10.6,19.699999999999996,5,122
2025-05-03,A7,SADHANPUR,0.6,32.3,23.3,22.836689283126614,88.50403436810248,12.0,12590.222600614068,0.0,1.2,3.3,3.4,30.6,31.3,36.1,21.5,21.9,4.5,18.099999999999994,5,123
2025-05-04,A7,SADHANPUR,3.9,30.9,23.6,22.836689283126614,88.50403436810248,12.0,12590.222600614068,0.6,0.0,1.2,0.0,32.3,30.6,35.7,23.3,21.5,1.7999999999999998,15.299999999999997,5,124
2025-05-05,A7,SADHANPUR,4.4,32.9,23.6,22.836689283126614,88.50403436810248,12.0,12590.222600614068,3.9,0.6,0.0,4.1,30.9,32.3,29.7,23.6,23.3,4.5,19.199999999999996,5,125
2025-05-06,A7,SADHANPUR,20.6,32.6,24.4,22.836689283126614,88.50403436810248,12.0,12590.222600614068,4.4,3.9,0.6,6.1,32.9,30.9,30.8,23.6,23.6,8.9,19.499999999999993,5,126
2025-05-07,A7,SADHANPUR,3.4,33.4,24.1,22.836689283126614,88.50403436810248,12.0,12590.222600614068,20.6,4.4,3.9,3.3,32.6,32.9,30.5,24.4,23.6,28.900000000000002,34.0,5,127
2025-05-08,A7,SADHANPUR,0.0,36.2,26.7,22.836689283126614,88.50403436810248,12.0,12590.222600614068,3.4,20.6,4.4,1.2,33.4,32.6,31.3,24.1,24.4,28.4,34.099999999999994,5,128
2025-05-09,A7,SADHANPUR,0.0,36.9,26.6,22.836689283126614,88.50403436810248,12.0,12590.222600614068,0.0,3.4,20.6,0.0,36.2,33.4,30.6,26.7,24.1,24.0,32.89999999999999,5,129
2025-05-10,A7,SADHANPUR,0.0,36.9,26.9,22.836689283126614,88.50403436810248,12.0,12590.222600614068,0.0,0.0,3.4,0.6,36.9,36.2,32.3,26.6,26.7,3.4,32.89999999999999,5,130
2025-05-11,A7,SADHANPUR,0.0,37.2,27.1,22.836689283126614,88.50403436810248,12.0,12590.222600614068,0.0,0.0,0.0,3.9,36.9,36.9,30.9,26.9,26.6,0.0,32.3,5,131
2025-05-12,A7,SADHANPUR,0.2,37.5,28.7,22.836689283126614,88.50403436810248,12.0,12590.222600614068,0.0,0.0,0.0,4.4,37.2,36.9,32.9,27.1,26.9,0.0,28.399999999999995,5,132
2025-05-13,A7,SADHANPUR,2.4,35.5,28.4,22.836689283126614,88.50403436810248,12.0,12590.222600614068,0.2,0.0,0.0,20.6,37.5,37.2,32.6,28.7,27.1,0.2,24.199999999999996,5,133
2025-05-14,A7,SADHANPUR,0.1,36.4,28.2,22.836689283126614,88.50403436810248,12.0,12590.222600614068,2.4,0.2,0.0,3.4,35.5,37.5,33.4,28.4,28.7,2.6,5.999999999999993,5,134
2025-05-15,A7,SADHANPUR,6.8,35.3,27.3,22.836689283126614,88.50403436810248,12.0,12590.222600614068,0.1,2.4,0.2,0.0,36.4,35.5,36.2,28.2,28.4,2.7,2.699999999999993,5,135
2025-05-16,A7,SADHANPUR,4.9,34.9,27.9,22.836689283126614,88.50403436810248,12.0,12590.222600614068,6.8,0.1,2.4,0.0,35.3,36.4,36.9,27.3,28.2,9.3,9.499999999999993,5,136
2025-05-17,A7,SADHANPUR,26.1,34.9,25.8,22.836689283126614,88.50403436810248,12.0,12590.222600614068,4.9,6.8,0.1,0.0,34.9,35.3,36.9,27.9,27.3,11.8,14.399999999999993,5,137
2025-05-18,A7,SADHANPUR,6.4,30.6,26.4,22.836689283126614,88.50403436810248,12.0,12590.222600614068,26.1,4.9,6.8,0.0,34.9,34.9,37.2,25.8,27.9,37.800000000000004,40.49999999999999,5,138
2025-05-19,A7,SADHANPUR,3.1,33.8,26.2,22.836689283126614,88.50403436810248,12.0,12590.222600614068,6.4,26.1,4.9,0.2,30.6,34.9,37.5,26.4,25.8,37.400000000000006,46.89999999999999,5,139
2025-05-20,A7,SADHANPUR,14.3,34.4,25.4,22.836689283126614,88.50403436810248,12.0,12590.222600614068,3.1,6.4,26.1,2.4,33.8,30.6,35.5,26.2,26.4,35.60000000000001,49.79999999999999,5,140
2025-05-21,A7,SADHANPUR,21.3,33.8,25.6,22.836689283126614,88.50403436810248,12.0,12590.222600614068,14.3,3.1,6.4,0.1,34.4,33.8,36.4,25.4,26.2,23.800000000000004,61.69999999999999,5,141
2025-05-22,A7,SADHANPUR,4.2,32.2,26.2,22.836689283126614,88.50403436810248,12.0,12590.222600614068,21.3,14.3,3.1,6.8,33.8,34.4,35.3,25.6,25.4,38.7,82.89999999999999,5,142
2025-05-23,A7,SADHANPUR,6.4,31.7,25.6,22.836689283126614,88.50403436810248,12.0,12590.222600614068,4.2,21.3,14.3,4.9,32.2,33.8,34.9,26.2,25.6,39.800000000000004,80.3,5,143
2025-05-24,A7,SADHANPUR,10.3,32.1,25.4,22.836689283126614,88.50403436810248,12.0,12590.222600614068,6.4,4.2,21.3,26.1,31.7,32.2,34.9,25.6,26.2,31.900000000000006,81.79999999999998,5,144
2025-05-25,A7,SADHANPUR,18.1,30.8,25.7,22.836689283126614,88.50403436810248,12.0,12590.222600614068,10.3,6.4,4.2,6.4,32.1,31.7,30.6,25.4,25.6,20.900000000000006,66.0,5,145
2025-05-26,A7,SADHANPUR,17.9,30.7,25.2,22.836689283126614,88.50403436810248,12.0,12590.222600614068,18.1,10.3,6.4,3.1,30.8,32.1,33.8,25.7,25.4,34.80000000000001,77.7,5,146
2025-05-27,A7,SADHANPUR,9.5,31.4,25.4,22.836689283126614,88.50403436810248,12.0,12590.222600614068,17.9,18.1,10.3,14.3,30.7,30.8,34.4,25.2,25.7,46.300000000000004,92.49999999999999,5,147
2025-05-28,A7,SADHANPUR,14.9,31.6,26.0,22.836689283126614,88.50403436810248,12.0,12590.222600614068,9.5,17.9,18.1,21.3,31.4,30.7,33.8,25.4,25.2,45.5,87.69999999999999,5,148
2025-05-29,A7,SADHANPUR,38.3,29.5,25.3,22.836689283126614,88.50403436810248,12.0,12590.222600614068,14.9,9.5,17.9,4.2,31.6,31.4,32.2,26.0,25.4,42.300000000000004,81.3,5,149
2025-05-30,A7,SADHANPUR,18.4,33.2,24.8,22.836689283126614,88.50403436810248,12.0,12590.222600614068,38.3,14.9,9.5,6.4,29.5,31.6,31.7,25.3,26.0,62.7,115.39999999999999,5,150
2025-05-31,A7,SADHANPUR,34.7,32.1,25.4,22.836689283126614,88.50403436810248,12.0,12590.222600614068,18.4,38.3,14.9,10.3,33.2,29.5,32.1,24.8,25.3,71.6,127.4,5,151
2025-06-01,A7,SADHANPUR,10.8,31.3,26.7,22.836689283126614,88.50403436810248,12.0,12590.222600614068,34.7,18.4,38.3,18.1,32.1,33.2,30.8,25.4,24.8,91.4,151.79999999999998,6,152
2025-06-02,A7,SADHANPUR,0.4,36.0,26.9,22.836689283126614,88.50403436810248,12.0,12590.222600614068,10.8,34.7,18.4,17.9,31.3,32.1,30.7,26.7,25.4,63.900000000000006,144.5,6,153
2025-06-03,A7,SADHANPUR,0.9,34.9,26.9,22.836689283126614,88.50403436810248,12.0,12590.222600614068,0.4,10.8,34.7,9.5,36.0,31.3,31.4,26.9,26.7,45.90000000000001,126.99999999999999,6,154
2025-06-04,A7,SADHANPUR,1.0,34.0,27.1,22.836689283126614,88.50403436810248,12.0,12590.222600614068,0.9,0.4,10.8,14.9,34.9,36.0,31.6,26.9,26.9,12.100000000000009,118.39999999999999,6,155
2025-06-05,A7,SADHANPUR,4.7,32.2,26.4,22.836689283126614,88.50403436810248,12.0,12590.222600614068,1.0,0.9,0.4,38.3,34.0,34.9,29.5,27.1,26.9,2.300000000000007,104.5,6,156
2025-06-06,A7,SADHANPUR,5.8,32.9,25.9,22.836689283126614,88.50403436810248,12.0,12590.222600614068,4.7,1.0,0.9,18.4,32.2,34.0,33.2,26.4,27.1,6.600000000000007,70.89999999999999,6,157
2025-06-07,A7,SADHANPUR,0.0,33.9,25.3,22.836689283126614,88.50403436810248,12.0,12590.222600614068,5.8,4.7,1.0,34.7,32.9,32.2,32.1,25.9,26.4,11.500000000000007,58.3,6,158
2025-06-08,A7,SADHANPUR,1.1,33.7,26.3,22.836689283126614,88.50403436810248,12.0,12590.222600614068,0.0,5.8,4.7,10.8,33.9,32.9,31.3,25.3,25.9,10.500000000000007,23.599999999999994,6,159
2025-06-09,A7,SADHANPUR,0.8,33.6,26.3,22.836689283126614,88.50403436810248,12.0,12590.222600614068,1.1,0.0,5.8,0.4,33.7,33.9,36.0,26.3,25.3,6.9000000000000075,13.899999999999993,6,160
2025-06-10,A7,SADHANPUR,0.5,34.2,26.3,22.836689283126614,88.50403436810248,12.0,12590.222600614068,0.8,1.1,0.0,0.9,33.6,33.7,34.9,26.3,26.3,1.9000000000000072,14.299999999999992,6,161
2025-06-11,A7,SADHANPUR,0.8,33.1,26.9,22.836689283126614,88.50403436810248,12.0,12590.222600614068,0.5,0.8,1.1,1.0,34.2,33.6,34.0,26.3,26.3,2.4000000000000075,13.899999999999991,6,162
2025-06-12,A7,SADHANPUR,0.2,33.2,25.8,22.836689283126614,88.50403436810248,12.0,12590.222600614068,0.8,0.5,0.8,4.7,33.1,34.2,32.2,26.9,26.3,2.100000000000007,13.699999999999992,6,163
2025-06-13,A7,SADHANPUR,0.9,33.3,26.6,22.836689283126614,88.50403436810248,12.0,12590.222600614068,0.2,0.8,0.5,5.8,33.2,33.1,32.9,25.8,26.9,1.500000000000007,9.199999999999992,6,164
2025-06-14,A7,SADHANPUR,0.7,34.3,27.2,22.836689283126614,88.50403436810248,12.0,12590.222600614068,0.9,0.2,0.8,0.0,33.3,33.2,33.9,26.6,25.8,1.9000000000000072,4.299999999999994,6,165
2025-06-15,A7,SADHANPUR,21.5,30.6,26.6,22.836689283126614,88.50403436810248,12.0,12590.222600614068,0.7,0.9,0.2,1.1,34.3,33.3,33.7,27.2,26.6,1.8000000000000071,4.999999999999993,6,166
2025-06-16,A7,SADHANPUR,34.9,31.8,26.0,22.836689283126614,88.50403436810248,12.0,12590.222600614068,21.5,0.7,0.9,0.8,30.6,34.3,33.6,26.6,27.2,23.10000000000001,25.39999999999999,6,167
2025-06-17,A7,SADHANPUR,35.4,28.9,25.3,22.836689283126614,88.50403436810248,12.0,12590.222600614068,34.9,21.5,0.7,0.5,31.8,30.6,34.2,26.0,26.6,57.10000000000001,59.499999999999986,6,168
2025-06-18,A7,SADHANPUR,28.7,28.9,25.3,22.836689283126614,88.50403436810248,12.0,12590.222600614068,35.4,34.9,21.5,0.8,28.9,31.8,33.1,25.3,26.0,91.80000000000001,94.39999999999999,6,169
2025-06-19,A7,SADHANPUR,46.4,30.7,24.1,22.836689283126614,88.50403436810248,12.0,12590.222600614068,28.7,35.4,34.9,0.2,28.9,28.9,33.2,25.3,25.3,99.0,122.3,6,170
2025-06-20,A7,SADHANPUR,9.3,32.2,26.1,22.836689283126614,88.50403436810248,12.0,12590.222600614068,46.4,28.7,35.4,0.9,30.7,28.9,33.3,24.1,25.3,110.5,168.5,6,171
2025-06-21,A7,SADHANPUR,1.4,33.3,26.3,22.836689283126614,88.50403436810248,12.0,12590.222600614068,9.3,46.4,28.7,0.7,32.2,30.7,34.3,26.1,24.1,84.4,176.89999999999998,6,172
2025-06-22,A7,SADHANPUR,16.4,32.6,26.0,22.836689283126614,88.50403436810248,12.0,12590.222600614068,1.4,9.3,46.4,21.5,33.3,32.2,30.6,26.3,26.1,57.10000000000001,177.6,6,173
2025-06-23,A7,SADHANPUR,12.8,31.7,26.5,22.836689283126614,88.50403436810248,12.0,12590.222600614068,16.4,1.4,9.3,34.9,32.6,33.3,31.8,26.0,26.3,27.100000000000012,172.5,6,174
2025-06-24,A7,SADHANPUR,8.1,32.3,26.2,22.836689283126614,88.50403436810248,12.0,12590.222600614068,12.8,16.4,1.4,35.4,31.7,32.6,28.9,26.5,26.0,30.600000000000012,150.39999999999998,6,175
2025-06-25,A7,SADHANPUR,8.1,31.5,26.1,22.836689283126614,88.50403436810248,12.0,12590.222600614068,8.1,12.8,16.4,28.7,32.3,31.7,28.9,26.2,26.5,37.30000000000001,123.09999999999998,6,176
2025-06-26,A7,SADHANPUR,3.9,32.2,26.1,22.836689283126614,88.50403436810248,12.0,12590.222600614068,8.1,8.1,12.8,46.4,31.5,32.3,30.7,26.1,26.2,29.000000000000014,102.49999999999999,6,177
2025-06-27,A7,SADHANPUR,16.3,31.3,25.2,22.836689283126614,88.50403436810248,12.0,12590.222600614068,3.9,8.1,8.1,9.3,32.2,31.5,32.2,26.1,26.1,20.100000000000012,59.999999999999986,6,178
2025-06-28,A7,SADHANPUR,18.7,30.3,25.3,22.836689283126614,88.50403436810248,12.0,12590.222600614068,16.3,3.9,8.1,1.4,31.3,32.2,33.3,25.2,26.1,28.30000000000001,66.99999999999999,6,179
2025-06-29,A7,SADHANPUR,42.3,31.0,25.4,22.836689283126614,88.50403436810248,12.0,12590.222600614068,18.7,16.3,3.9,16.4,30.3,31.3,32.6,25.3,25.2,38.90000000000001,84.29999999999998,6,180
2025-06-30,A7,SADHANPUR,21.2,30.3,25.3,22.836689283126614,88.50403436810248,12.0,12590.222600614068,42.3,18.7,16.3,12.8,31.0,30.3,31.7,25.4,25.3,77.30000000000001,110.19999999999999,6,181
2025-07-01,A7,SADHANPUR,7.1,30.5,26.0,22.836689283126614,88.50403436810248,12.0,12590.222600614068,21.2,42.3,18.7,8.1,30.3,31.0,32.3,25.3,25.4,82.20000000000002,118.59999999999998,7,182
2025-07-02,A7,SADHANPUR,20.6,32.4,25.8,22.836689283126614,88.50403436810248,12.0,12590.222600614068,7.1,21.2,42.3,8.1,30.5,30.3,31.5,26.0,25.3,70.60000000000001,117.59999999999998,7,183
2025-07-03,A7,SADHANPUR,33.6,31.0,25.7,22.836689283126614,88.50403436810248,12.0,12590.222600614068,20.6,7.1,21.2,3.9,32.4,30.5,32.2,25.8,26.0,48.90000000000001,130.1,7,184
2025-07-04,A7,SADHANPUR,31.8,31.7,24.8,22.836689283126614,88.50403436810248,12.0,12590.222600614068,33.6,20.6,7.1,16.3,31.0,32.4,31.3,25.7,25.8,61.30000000000001,159.79999999999998,7,185
2025-07-05,A7,SADHANPUR,9.6,30.8,25.7,22.836689283126614,88.50403436810248,12.0,12590.222600614068,31.8,33.6,20.6,18.7,31.7,31.0,30.3,24.8,25.7,86.00000000000001,175.3,7,186
2025-07-06,A7,SADHANPUR,3.9,29.4,25.1,22.836689283126614,88.50403436810248,12.0,12590.222600614068,9.6,31.8,33.6,42.3,30.8,31.7,31.0,25.7,24.8,75.00000000000001,166.2,7,187
2025-07-07,A7,SADHANPUR,14.8,28.9,25.3,22.836689283126614,88.50403436810248,12.0,12590.222600614068,3.9,9.6,31.8,21.2,29.4,30.8,30.3,25.1,25.7,45.30000000000001,127.79999999999998,7,188
2025-07-08,A7,SADHANPUR,22.5,28.1,24.5,22.836689283126614,88.50403436810248,12.0,12590.222600614068,14.8,3.9,9.6,7.1,28.9,29.4,30.5,25.3,25.1,28.300000000000015,121.39999999999998,7,189
2025-07-09,A7,SADHANPUR,13.7,30.0,24.8,22.836689283126614,88.50403436810248,12.0,12590.222600614068,22.5,14.8,3.9,20.6,28.1,28.9,32.4,24.5,25.3,41.20000000000002,136.79999999999998,7,190
2025-07-10,A7,SADHANPUR,22.8,31.7,25.0,22.836689283126614,88.50403436810248,12.0,12590.222600614068,13.7,22.5,14.8,33.6,30.0,28.1,31.0,24.8,24.5,51.000000000000014,129.9,7,191
2025-07-11,A7,SADHANPUR,9.9,30.6,25.5,22.836689283126614,88.50403436810248,12.0,12590.222600614068,22.8,13.7,22.5,31.8,31.7,30.0,31.7,25.0,24.8,59.000000000000014,119.1,7,192
2025-07-12,A7,SADHANPUR,6.2,33.3,25.5,22.836689283126614,88.50403436810248,12.0,12590.222600614068,9.9,22.8,13.7,9.6,30.6,31.7,30.8,25.5,25.0,46.40000000000001,97.19999999999999,7,193
2025-07-13,A7,SADHANPUR,10.6,31.7,26.1,22.836689283126614,88.50403436810248,12.0,12590.222600614068,6.2,9.9,22.8,3.9,33.3,30.6,29.4,25.5,25.5,38.90000000000002,93.79999999999998,7,194
2025-07-14,A7,SADHANPUR,40.3,27.8,25.2,22.836689283126614,88.50403436810248,12.0,12590.222600614068,10.6,6.2,9.9,14.8,31.7,33.3,28.9,26.1,25.5,26.700000000000014,100.49999999999999,7,195
2025-07-15,A7,SADHANPUR,16.6,30.3,24.9,22.836689283126614,88.50403436810248,12.0,12590.222600614068,40.3,10.6,6.2,22.5,27.8,31.7,28.1,25.2,26.1,57.10000000000001,125.99999999999999,7,196
2025-07-16,A7,SADHANPUR,9.0,30.4,25.9,22.836689283126614,88.50403436810248,12.0,12590.222600614068,16.6,40.3,10.6,13.7,30.3,27.8,30.0,24.9,25.2,67.50000000000001,120.09999999999997,7,197
2025-07-17,A7,SADHANPUR,0.1,33.1,26.3,22.836689283126614,88.50403436810248,12.0,12590.222600614068,9.0,16.6,40.3,22.8,30.4,30.3,31.7,25.9,24.9,65.9,115.39999999999998,7,198
2025-07-18,A7,SADHANPUR,6.3,33.0,26.6,22.836689283126614,88.50403436810248,12.0,12590.222600614068,0.1,9.0,16.6,9.9,33.1,30.4,30.6,26.3,25.9,25.700000000000017,92.69999999999997,7,199
2025-07-19,A7,SADHANPUR,1.0,33.4,26.6,22.836689283126614,88.50403436810248,12.0,12590.222600614068,6.3,0.1,9.0,6.2,33.0,33.1,33.3,26.6,26.3,15.400000000000013,89.09999999999998,7,200
2025-07-20,A7,SADHANPUR,0.6,32.8,26.7,22.836689283126614,88.50403436810248,12.0,12590.222600614068,1.0,6.3,0.1,10.6,33.4,33.0,31.7,26.6,26.6,7.400000000000014,83.89999999999998,7,201
2025-07-21,A7,SADHANPUR,0.6,32.8,26.5,22.836689283126614,88.50403436810248,12.0,12590.222600614068,0.6,1.0,6.3,40.3,32.8,33.4,27.8,26.7,26.6,7.900000000000014,73.89999999999998,7,202
2025-07-22,A7,SADHANPUR,7.6,33.2,26.8,22.836689283126614,88.50403436810248,12.0,12590.222600614068,0.6,0.6,1.0,16.6,32.8,32.8,30.3,26.5,26.7,2.2000000000000144,34.19999999999999,7,203
2025-07-23,A7,SADHANPUR,0.5,33.8,27.0,22.836689283126614,88.50403436810248,12.0,12590.222600614068,7.6,0.6,0.6,9.0,33.2,32.8,30.4,26.8,26.5,8.800000000000015,25.199999999999985,7,204
2025-07-24,A7,SADHANPUR,11.5,32.7,26.2,22.836689283126614,88.50403436810248,12.0,12590.222600614068,0.5,7.6,0.6,0.1,33.8,33.2,33.1,27.0,26.8,8.700000000000014,16.699999999999985,7,205
2025-07-25,A7,SADHANPUR,52.5,31.1,25.9,22.836689283126614,88.50403436810248,12.0,12590.222600614068,11.5,0.5,7.6,6.3,32.7,33.8,33.0,26.2,27.0,19.600000000000016,28.099999999999984,7,206
2025-07-26,A7,SADHANPUR,3.4,31.1,26.2,22.836689283126614,88.50403436810248,12.0,12590.222600614068,52.5,11.5,0.5,1.0,31.1,32.7,33.4,25.9,26.2,64.50000000000001,74.29999999999998,7,207
2025-07-27,A7,SADHANPUR,5.8,32.6,26.1,22.836689283126614,88.50403436810248,12.0,12590.222600614068,3.4,52.5,11.5,0.6,31.1,31.1,32.8,26.2,25.9,67.40000000000002,76.69999999999999,7,208
2025-07-28,A7,SADHANPUR,3.6,30.5,26.7,22.836689283126614,88.50403436810248,12.0,12590.222600614068,5.8,3.4,52.5,0.6,32.6,31.1,32.8,26.1,26.2,61.70000000000002,81.89999999999999,7,209
2025-07-29,A7,SADHANPUR,53.3,29.5,25.4,22.836689283126614,88.50403436810248,12.0,12590.222600614068,3.6,5.8,3.4,7.6,30.5,32.6,33.2,26.7,26.1,12.800000000000013,84.89999999999998,7,210
2025-07-30,A7,SADHANPUR,19.0,29.3,25.2,22.836689283126614,88.50403436810248,12.0,12590.222600614068,53.3,3.6,5.8,0.5,29.5,30.5,33.8,25.4,26.7,62.70000000000001,130.59999999999997,7,211
2025-07-31,A7,SADHANPUR,36.6,29.3,24.8,22.836689283126614,88.50403436810248,12.0,12590.222600614068,19.0,53.3,3.6,11.5,29.3,29.5,32.7,25.2,25.4,75.9,149.09999999999997,7,212
2025-08-01,A7,SADHANPUR,19.3,32.2,25.7,22.836689283126614,88.50403436810248,12.0,12590.222600614068,36.6,19.0,53.3,52.5,29.3,29.3,31.1,24.8,25.2,108.9,174.2,8,213
2025-08-02,A7,SADHANPUR,6.5,32.2,25.8,22.836689283126614,88.50403436810248,12.0,12590.222600614068,19.3,36.6,19.0,3.4,32.2,29.3,31.1,25.7,24.8,74.90000000000002,140.99999999999997,8,214
2025-08-03,A7,SADHANPUR,15.0,32.6,26.7,22.836689283126614,88.50403436810248,12.0,12590.222600614068,6.5,19.3,36.6,5.8,32.2,32.2,32.6,25.8,25.7,62.40000000000002,144.09999999999997,8,215
2025-08-04,A7,SADHANPUR,28.0,31.7,25.8,22.836689283126614,88.50403436810248,12.0,12590.222600614068,15.0,6.5,19.3,3.6,32.6,32.2,30.5,26.7,25.8,40.80000000000001,153.29999999999998,8,216
2025-08-05,A7,SADHANPUR,15.3,32.2,26.2,22.836689283126614,88.50403436810248,12.0,12590.222600614068,28.0,15.0,6.5,53.3,31.7,32.6,29.5,25.8,26.7,49.500000000000014,177.69999999999996,8,217
2025-08-06,A7,SADHANPUR,10.6,30.3,25.3,22.836689283126614,88.50403436810248,12.0,12590.222600614068,15.3,28.0,15.0,19.0,32.2,31.7,29.3,26.2,25.8,58.30000000000001,139.7,8,218
2025-08-07,A7,SADHANPUR,8.6,31.7,25.4,22.836689283126614,88.50403436810248,12.0,12590.222600614068,10.6,15.3,28.0,36.6,30.3,32.2,29.3,25.3,26.2,53.90000000000001,131.29999999999998,8,219
2025-08-08,A7,SADHANPUR,2.2,31.0,24.4,22.836689283126614,88.50403436810248,12.0,12590.222600614068,8.6,10.6,15.3,19.3,31.7,30.3,32.2,25.4,25.3,34.500000000000014,103.3,8,220
2025-08-09,A7,SADHANPUR,10.6,31.4,25.1,22.836689283126614,88.50403436810248,12.0,12590.222600614068,2.2,8.6,10.6,6.5,31.0,31.7,32.2,24.4,25.4,21.400000000000013,86.19999999999999,8,221
2025-08-10,A7,SADHANPUR,0.6,32.8,26.7,22.836689283126614,88.50403436810248,12.0,12590.222600614068,10.6,2.2,8.6,15.0,31.4,31.0,32.6,25.1,24.4,21.400000000000013,90.29999999999998,8,222
2025-08-11,A7,SADHANPUR,5.2,32.3,26.4,22.836689283126614,88.50403436810248,12.0,12590.222600614068,0.6,10.6,2.2,28.0,32.8,31.4,31.7,26.7,25.1,13.400000000000015,75.89999999999998,8,223
2025-08-12,A7,SADHANPUR,4.7,33.5,26.5,22.836689283126614,88.50403436810248,12.0,12590.222600614068,5.2,0.6,10.6,15.3,32.3,32.8,32.2,26.4,26.7,16.400000000000013,53.09999999999998,8,224
2025-08-13,A7,SADHANPUR,15.3,30.8,26.4,22.836689283126614,88.50403436810248,12.0,12590.222600614068,4.7,5.2,0.6,10.6,33.5,32.3,30.3,26.5,26.4,10.500000000000016,42.499999999999986,8,225
2025-08-14,A7,SADHANPUR,7.4,29.8,25.7,22.836689283126614,88.50403436810248,12.0,12590.222600614068,15.3,4.7,5.2,8.6,30.8,33.5,31.7,26.4,26.5,25.200000000000017,47.19999999999999,8,226
2025-08-15,A7,SADHANPUR,13.6,31.5,25.4,22.836689283126614,88.50403436810248,12.0,12590.222600614068,7.4,15.3,4.7,2.2,29.8,30.8,31.0,25.7,26.4,27.40000000000002,45.99999999999999,8,227
2025-08-16,A7,SADHANPUR,6.9,32.1,25.7,22.836689283126614,88.50403436810248,12.0,12590.222600614068,13.6,7.4,15.3,10.6,31.5,29.8,31.4,25.4,25.7,36.30000000000001,57.39999999999999,8,228
2025-08-17,A7,SADHANPUR,9.1,32.0,26.1,22.836689283126614,88.50403436810248,12.0,12590.222600614068,6.9,13.6,7.4,0.6,32.1,31.5,32.8,25.7,25.4,27.90000000000002,53.69999999999999,8,229
2025-08-18,A7,SADHANPUR,8.0,31.7,26.4,22.836689283126614,88.50403436810248,12.0,12590.222600614068,9.1,6.9,13.6,5.2,32.0,32.1,32.3,26.1,25.7,29.600000000000016,62.19999999999999,8,230
2025-08-19,A7,SADHANPUR,12.1,30.2,25.7,22.836689283126614,88.50403436810248,12.0,12590.222600614068,8.0,9.1,6.9,4.7,31.7,32.0,33.5,26.4,26.1,24.000000000000014,64.99999999999999,8,231
2025-08-20,A7,SADHANPUR,2.2,30.0,25.4,22.836689283126614,88.50403436810248,12.0,12590.222600614068,12.1,8.0,9.1,15.3,30.2,31.7,30.8,25.7,26.4,29.200000000000017,72.39999999999999,8,232
2025-08-21,A7,SADHANPUR,51.0,28.6,24.6,22.836689283126614,88.50403436810248,12.0,12590.222600614068,2.2,12.1,8.0,7.4,30.0,30.2,29.8,25.4,25.7,22.300000000000015,59.29999999999999,8,233
2025-08-22,A7,SADHANPUR,31.5,30.3,24.5,22.836689283126614,88.50403436810248,12.0,12590.222600614068,51.0,2.2,12.1,13.6,28.6,30.0,31.5,24.6,25.4,65.30000000000001,102.89999999999998,8,234
2025-08-23,A7,SADHANPUR,13.2,29.0,24.7,22.836689283126614,88.50403436810248,12.0,12590.222600614068,31.5,51.0,2.2,6.9,30.3,28.6,32.1,24.5,24.6,84.70000000000002,120.79999999999998,8,235
2025-08-24,A7,SADHANPUR,11.1,30.3,24.7,22.836689283126614,88.50403436810248,12.0,12590.222600614068,13.2,31.5,51.0,9.1,29.0,30.3,32.0,24.7,24.5,95.70000000000002,127.09999999999998,8,236
2025-08-25,A7,SADHANPUR,2.6,31.6,24.9,22.836689283126614,88.50403436810248,12.0,12590.222600614068,11.1,13.2,31.5,8.0,30.3,29.0,31.7,24.7,24.7,55.80000000000002,129.1,8,237
2025-08-26,A7,SADHANPUR,1.6,31.9,25.2,22.836689283126614,88.50403436810248,12.0,12590.222600614068,2.6,11.1,13.2,12.1,31.6,30.3,30.2,24.9,24.7,26.90000000000002,123.69999999999999,8,238
2025-08-27,A7,SADHANPUR,5.0,31.8,25.6,22.836689283126614,88.50403436810248,12.0,12590.222600614068,1.6,2.6,11.1,2.2,31.9,31.6,30.0,25.2,24.9,15.300000000000022,113.19999999999997,8,239
2025-08-28,A7,SADHANPUR,14.5,30.7,25.7,22.836689283126614,88.50403436810248,12.0,12590.222600614068,5.0,1.6,2.6,51.0,31.8,31.9,28.6,25.6,25.2,9.20000000000002,115.99999999999999,8,240
2025-08-29,A7,SADHANPUR,21.0,30.1,25.6,22.836689283126614,88.50403436810248,12.0,12590.222600614068,14.5,5.0,1.6,31.5,30.7,31.8,30.3,25.7,25.6,21.100000000000023,79.49999999999997,8,241
2025-08-30,A7,SADHANPUR,15.7,30.3,25.6,22.836689283126614,88.50403436810248,12.0,12590.222600614068,21.0,14.5,5.0,13.2,30.1,30.7,29.0,25.6,25.7,40.50000000000002,68.99999999999999,8,242
2025-08-31,A7,SADHANPUR,3.7,32.0,25.1,22.836689283126614,88.50403436810248,12.0,12590.222600614068,15.7,21.0,14.5,11.1,30.3,30.1,30.3,25.6,25.6,51.20000000000002,71.49999999999999,8,243
2025-09-01,A7,SADHANPUR,21.5,33.5,26.1,22.836689283126614,88.50403436810248,12.0,12590.222600614068,3.7,15.7,21.0,2.6,32.0,30.3,31.6,25.1,25.6,40.40000000000002,64.1,9,244
2025-09-02,A7,SADHANPUR,15.6,30.4,25.7,22.836689283126614,88.50403436810248,12.0,12590.222600614068,21.5,3.7,15.7,1.6,33.5,32.0,31.9,26.1,25.1,40.90000000000002,82.99999999999999,9,245
2025-09-03,A7,SADHANPUR,18.8,29.3,25.0,22.836689283126614,88.50403436810248,12.0,12590.222600614068,15.6,21.5,3.7,5.0,30.4,33.5,31.8,25.7,26.1,40.80000000000002,96.99999999999999,9,246
2025-09-04,A7,SADHANPUR,7.4,30.2,25.6,22.836689283126614,88.50403436810248,12.0,12590.222600614068,18.8,15.6,21.5,14.5,29.3,30.4,30.7,25.0,25.7,55.90000000000002,110.79999999999998,9,247
2025-09-05,A7,SADHANPUR,10.0,31.9,25.4,22.836689283126614,88.50403436810248,12.0,12590.222600614068,7.4,18.8,15.6,21.0,30.2,29.3,30.1,25.6,25.0,41.80000000000002,103.69999999999999,9,248
2025-09-06,A7,SADHANPUR,3.8,32.5,25.1,22.836689283126614,88.50403436810248,12.0,12590.222600614068,10.0,7.4,18.8,15.7,31.9,30.2,30.3,25.4,25.6,36.200000000000024,92.69999999999999,9,249
2025-09-07,A7,SADHANPUR,0.4,33.1,25.4,22.836689283126614,88.50403436810248,12.0,12590.222600614068,3.8,10.0,7.4,3.7,32.5,31.9,32.0,25.1,25.4,21.20000000000002,80.79999999999998,9,250
2025-09-08,A7,SADHANPUR,0.2,32.9,25.5,22.836689283126614,88.50403436810248,12.0,12590.222600614068,0.4,3.8,10.0,21.5,33.1,32.5,33.5,25.4,25.1,14.20000000000002,77.49999999999999,9,251
2025-09-09,A7,SADHANPUR,0.2,33.1,25.7,22.836689283126614,88.50403436810248,12.0,12590.222600614068,0.2,0.4,3.8,15.6,32.9,33.1,30.4,25.5,25.4,4.400000000000021,56.19999999999998,9,252
2025-09-10,A7,SADHANPUR,0.2,33.7,26.2,22.836689283126614,88.50403436810248,12.0,12590.222600614068,0.2,0.2,0.4,18.8,33.1,32.9,29.3,25.7,25.5,0.8000000000000214,40.79999999999998,9,253
2025-09-11,A7,SADHANPUR,4.1,32.8,26.2,22.836689283126614,88.50403436810248,12.0,12590.222600614068,0.2,0.2,0.2,7.4,33.7,33.1,30.2,26.2,25.7,0.6000000000000001,22.199999999999985,9,254
2025-09-12,A7,SADHANPUR,19.0,31.1,25.2,22.836689283126614,88.50403436810248,12.0,12590.222600614068,4.1,0.2,0.2,10.0,32.8,33.7,31.9,26.2,26.2,4.500000000000021,18.899999999999984,9,255
2025-09-13,A7,SADHANPUR,6.9,30.4,25.6,22.836689283126614,88.50403436810248,12.0,12590.222600614068,19.0,4.1,0.2,3.8,31.1,32.8,32.5,25.2,26.2,23.300000000000022,27.899999999999984,9,256
2025-09-14,A7,SADHANPUR,40.9,30.6,26.1,22.836689283126614,88.50403436810248,12.0,12590.222600614068,6.9,19.0,4.1,0.4,30.4,31.1,33.1,25.6,25.2,30.00000000000002,30.999999999999986,9,257
2025-09-15,A7,SADHANPUR,25.8,29.3,24.4,22.836689283126614,88.50403436810248,12.0,12590.222600614068,40.9,6.9,19.0,0.2,30.6,30.4,32.9,26.1,25.6,66.80000000000001,71.49999999999999,9,258
2025-09-16,A7,SADHANPUR,10.7,29.6,24.4,22.836689283126614,88.50403436810248,12.0,12590.222600614068,25.8,40.9,6.9,0.2,29.3,30.6,33.1,24.4,26.1,73.60000000000002,97.09999999999998,9,259
2025-09-17,A7,SADHANPUR,8.4,30.5,24.9,22.836689283126614,88.50403436810248,12.0,12590.222600614068,10.7,25.8,40.9,0.2,29.6,29.3,33.7,24.4,24.4,77.4,107.59999999999998,9,260
2025-09-18,A7,SADHANPUR,3.5,32.1,26.0,22.836689283126614,88.50403436810248,12.0,12590.222600614068,8.4,10.7,25.8,4.1,30.5,29.6,32.8,24.9,24.4,44.90000000000002,115.8,9,261
2025-09-19,A7,SADHANPUR,12.4,30.7,25.4,22.836689283126614,88.50403436810248,12.0,12590.222600614068,3.5,8.4,10.7,19.0,32.1,30.5,31.1,26.0,24.9,22.600000000000023,115.19999999999999,9,262
2025-09-20,A7,SADHANPUR,8.9,32.3,25.9,22.836689283126614,88.50403436810248,12.0,12590.222600614068,12.4,3.5,8.4,6.9,30.7,32.1,30.4,25.4,26.0,24.300000000000022,108.59999999999998,9,263
2025-09-21,A7,SADHANPUR,1.1,32.6,25.3,22.836689283126614,88.50403436810248,12.0,12590.222600614068,8.9,12.4,3.5,40.9,32.3,30.7,30.6,25.9,25.4,24.800000000000022,110.6,9,264
2025-09-22,A7,SADHANPUR,21.0,30.1,25.0,22.836689283126614,88.50403436810248,12.0,12590.222600614068,1.1,8.9,12.4,25.8,32.6,32.3,29.3,25.3,25.9,22.400000000000023,70.79999999999998,9,265
2025-09-23,A7,SADHANPUR,10.8,31.0,24.4,22.836689283126614,88.50403436810248,12.0,12590.222600614068,21.0,1.1,8.9,10.7,30.1,32.6,29.6,25.0,25.3,31.00000000000002,65.99999999999999,9,266
2025-09-24,A7,SADHANPUR,4.1,31.5,24.8,22.836689283126614,88.50403436810248,12.0,12590.222600614068,10.8,21.0,1.1,8.4,31.0,30.1,30.5,24.4,25.0,32.90000000000002,66.1,9,267
2025-09-25,A7,SADHANPUR,10.8,32.8,25.5,22.836689283126614,88.50403436810248,12.0,12590.222600614068,4.1,10.8,21.0,3.5,31.5,31.0,32.1,24.8,24.4,35.90000000000002,61.79999999999999,9,268
2025-09-26,A7,SADHANPUR,3.8,31.9,25.4,22.836689283126614,88.50403436810248,12.0,12590.222600614068,10.8,4.1,10.8,12.4,32.8,31.5,30.7,25.5,24.8,25.700000000000024,69.1,9,269
2025-09-27,A7,SADHANPUR,8.0,30.1,25.6,22.836689283126614,88.50403436810248,12.0,12590.222600614068,3.8,10.8,4.1,8.9,31.9,32.8,32.3,25.4,25.5,18.70000000000002,60.499999999999986,9,270
2025-09-28,A7,SADHANPUR,6.8,31.6,25.5,22.836689283126614,88.50403436810248,12.0,12590.222600614068,8.0,3.8,10.8,1.1,30.1,31.9,32.6,25.6,25.4,22.600000000000023,59.59999999999999,9,271
2025-09-29,A7,SADHANPUR,2.6,32.1,25.7,22.836689283126614,88.50403436810248,12.0,12590.222600614068,6.8,8.0,3.8,21.0,31.6,30.1,30.1,25.5,25.6,18.60000000000002,65.29999999999998,9,272
2025-09-30,A7,SADHANPUR,4.3,32.1,26.3,22.836689283126614,88.50403436810248,12.0,12590.222600614068,2.6,6.8,8.0,10.8,32.1,31.6,31.0,25.7,25.5,17.40000000000002,46.899999999999984,9,273
2025-10-01,A7,SADHANPUR,15.3,31.4,24.5,22.836689283126614,88.50403436810248,12.0,12590.222600614068,4.3,2.6,6.8,4.1,32.1,32.1,31.5,26.3,25.7,13.700000000000019,40.399999999999984,10,274
2025-10-02,A7,SADHANPUR,29.0,27.4,24.5,22.836689283126614,88.50403436810248,12.0,12590.222600614068,15.3,4.3,2.6,10.8,31.4,32.1,32.8,24.5,26.3,22.20000000000002,51.59999999999999,10,275
2025-10-03,A7,SADHANPUR,14.7,29.5,25.3,22.836689283126614,88.50403436810248,12.0,12590.222600614068,29.0,15.3,4.3,3.8,27.4,31.4,31.9,24.5,24.5,48.60000000000002,69.79999999999998,10,276
2025-10-04,A7,SADHANPUR,9.7,32.0,25.2,22.836689283126614,88.50403436810248,12.0,12590.222600614068,14.7,29.0,15.3,8.0,29.5,27.4,30.1,25.3,24.5,59.00000000000002,80.69999999999999,10,277
2025-10-05,A7,SADHANPUR,31.3,30.5,24.2,22.836689283126614,88.50403436810248,12.0,12590.222600614068,9.7,14.7,29.0,6.8,32.0,29.5,31.6,25.2,25.3,53.40000000000002,82.39999999999999,10,278
2025-10-06,A7,SADHANPUR,4.0,28.8,24.2,22.836689283126614,88.50403436810248,12.0,12590.222600614068,31.3,9.7,14.7,2.6,30.5,32.0,32.1,24.2,25.2,55.70000000000002,106.89999999999999,10,279
2025-10-07,A7,SADHANPUR,7.2,31.1,24.1,22.836689283126614,88.50403436810248,12.0,12590.222600614068,4.0,31.3,9.7,4.3,28.8,30.5,32.1,24.2,24.2,45.000000000000014,108.29999999999998,10,280
2025-10-08,A7,SADHANPUR,11.8,30.8,24.4,22.836689283126614,88.50403436810248,12.0,12590.222600614068,7.2,4.0,31.3,15.3,31.1,28.8,31.4,24.1,24.2,42.50000000000002,111.19999999999999,10,281
2025-10-09,A7,SADHANPUR,3.3,31.2,24.6,22.836689283126614,88.50403436810248,12.0,12590.222600614068,11.8,7.2,4.0,29.0,30.8,31.1,27.4,24.4,24.1,23.000000000000018,107.69999999999999,10,282
2025-10-10,A7,SADHANPUR,11.4,31.3,24.4,22.836689283126614,88.50403436810248,12.0,12590.222600614068,3.3,11.8,7.2,14.7,31.2,30.8,29.5,24.6,24.4,22.30000000000002,81.99999999999999,10,283
2025-10-11,A7,SADHANPUR,2.9,30.5,24.1,22.836689283126614,88.50403436810248,12.0,12590.222600614068,11.4,3.3,11.8,9.7,31.3,31.2,32.0,24.4,24.6,26.500000000000018,78.69999999999999,10,284
2025-10-12,A7,SADHANPUR,0.0,31.2,24.3,22.836689283126614,88.50403436810248,12.0,12590.222600614068,2.9,11.4,3.3,31.3,30.5,31.3,30.5,24.1,24.4,17.600000000000016,71.89999999999999,10,285
2025-10-13,A7,SADHANPUR,0.0,30.6,23.7,22.836689283126614,88.50403436810248,12.0,12590.222600614068,0.0,2.9,11.4,4.0,31.2,30.5,28.8,24.3,24.1,14.300000000000017,40.59999999999999,10,286
2025-10-14,A7,SADHANPUR,0.0,31.1,23.1,22.836689283126614,88.50403436810248,12.0,12590.222600614068,0.0,0.0,2.9,7.2,30.6,31.2,31.1,23.7,24.3,2.9000000000000177,36.59999999999999,10,287
2025-10-15,A7,SADHANPUR,0.0,31.0,22.9,22.836689283126614,88.50403436810248,12.0,12590.222600614068,0.0,0.0,0.0,11.8,31.1,30.6,30.8,23.1,23.7,0.0,29.399999999999988,10,288
2025-10-16,A7,SADHANPUR,0.0,30.8,22.0,22.836689283126614,88.50403436810248,12.0,12590.222600614068,0.0,0.0,0.0,3.3,31.0,31.1,31.2,22.9,23.1,0.0,17.599999999999987,10,289
2025-10-17,A7,SADHANPUR,0.0,31.5,22.4,22.836689283126614,88.50403436810248,12.0,12590.222600614068,0.0,0.0,0.0,11.4,30.8,31.0,31.3,22.0,22.9,0.0,14.299999999999988,10,290
2025-10-18,A7,SADHANPUR,0.1,31.6,23.7,22.836689283126614,88.50403436810248,12.0,12590.222600614068,0.0,0.0,0.0,2.9,31.5,30.8,30.5,22.4,22.0,0.0,2.8999999999999893,10,291
2025-10-19,A7,SADHANPUR,0.1,32.7,24.3,22.836689283126614,88.50403436810248,12.0,12590.222600614068,0.1,0.0,0.0,0.0,31.6,31.5,31.2,23.7,22.4,0.10000000000001777,0.09999999999998935,10,292
2025-10-20,A7,SADHANPUR,0.0,32.9,23.5,22.836689283126614,88.50403436810248,12.0,12590.222600614068,0.1,0.1,0.0,0.0,32.7,31.6,30.6,24.3,23.7,0.20000000000001777,0.19999999999998935,10,293
2025-10-21,A7,SADHANPUR,0.0,32.9,23.3,22.836689283126614,88.50403436810248,12.0,12590.222600614068,0.0,0.1,0.1,0.0,32.9,32.7,31.1,23.5,24.3,0.20000000000001777,0.19999999999998935,10,294
2025-10-22,A7,SADHANPUR,0.0,32.2,22.9,22.836689283126614,88.50403436810248,12.0,12590.222600614068,0.0,0.0,0.1,0.0,32.9,32.9,31.0,23.3,23.5,0.10000000000001777,0.19999999999998935,10,295
2025-10-23,A7,SADHANPUR,0.0,32.2,22.9,22.836689283126614,88.50403436810248,12.0,12590.222600614068,0.0,0.0,0.0,0.0,32.2,32.9,30.8,22.9,23.3,0.0,0.19999999999998935,10,296
2025-10-24,A7,SADHANPUR,0.0,32.1,22.5,22.836689283126614,88.50403436810248,12.0,12590.222600614068,0.0,0.0,0.0,0.0,32.2,32.2,31.5,22.9,22.9,0.0,0.19999999999998935,10,297
2025-10-25,A7,SADHANPUR,0.0,32.0,23.3,22.836689283126614,88.50403436810248,12.0,12590.222600614068,0.0,0.0,0.0,0.1,32.1,32.2,31.6,22.5,22.9,0.0,0.19999999999998935,10,298
2025-10-26,A7,SADHANPUR,0.0,32.1,24.1,22.836689283126614,88.50403436810248,12.0,12590.222600614068,0.0,0.0,0.0,0.1,32.0,32.1,32.7,23.3,22.5,0.0,0.09999999999998935,10,299
2025-10-27,A7,SADHANPUR,0.1,32.2,23.7,22.836689283126614,88.50403436810248,12.0,12590.222600614068,0.0,0.0,0.0,0.0,32.1,32.0,32.9,24.1,23.3,0.0,0.0,10,300
2025-10-28,A7,SADHANPUR,0.5,32.5,24.3,22.836689283126614,88.50403436810248,12.0,12590.222600614068,0.1,0.0,0.0,0.0,32.2,32.1,32.9,23.7,24.1,0.10000000000001777,0.09999999999998935,10,301
2025-10-29,A7,SADHANPUR,17.2,28.4,24.5,22.836689283126614,88.50403436810248,12.0,12590.222600614068,0.5,0.1,0.0,0.0,32.5,32.2,32.2,24.3,23.7,0.6000000000000177,0.5999999999999893,10,302
2025-10-30,A7,SADHANPUR,15.5,30.2,23.8,22.836689283126614,88.50403436810248,12.0,12590.222600614068,17.2,0.5,0.1,0.0,28.4,32.5,32.2,24.5,24.3,17.80000000000002,17.79999999999999,10,303
2025-10-31,A7,SADHANPUR,0.7,31.6,24.3,22.836689283126614,88.50403436810248,12.0,12590.222600614068,15.5,17.2,0.5,0.0,30.2,28.4,32.1,23.8,24.5,33.20000000000002,33.29999999999999,10,304
2025-11-01,A7,SADHANPUR,19.3,30.5,25.1,22.836689283126614,88.50403436810248,12.0,12590.222600614068,0.7,15.5,17.2,0.0,31.6,30.2,32.0,24.3,23.8,33.40000000000002,33.99999999999999,11,305
2025-11-02,A7,SADHANPUR,0.0,28.5,23.3,22.836689283126614,88.50403436810248,12.0,12590.222600614068,19.3,0.7,15.5,0.0,30.5,31.6,32.1,25.1,24.3,35.500000000000014,53.29999999999999,11,306
2025-11-03,A7,SADHANPUR,0.0,29.7,22.2,22.836689283126614,88.50403436810248,12.0,12590.222600614068,0.0,19.3,0.7,0.1,28.5,30.5,32.2,23.3,25.1,20.000000000000018,53.29999999999999,11,307
2025-11-04,A7,SADHANPUR,0.0,29.6,19.7,22.836689283126614,88.50403436810248,12.0,12590.222600614068,0.0,0.0,19.3,0.5,29.7,28.5,32.5,22.2,23.3,19.30000000000002,53.19999999999999,11,308
2025-11-05,A7,SADHANPUR,0.0,29.8,21.1,22.836689283126614,88.50403436810248,12.0,12590.222600614068,0.0,0.0,0.0,17.2,29.6,29.7,28.4,19.7,22.2,0.0,52.69999999999999,11,309
2025-11-06,A7,SADHANPUR,0.5,30.1,21.2,22.836689283126614,88.50403436810248,12.0,12590.222600614068,0.0,0.0,0.0,15.5,29.8,29.6,30.2,21.1,19.7,0.0,35.499999999999986,11,310
2025-11-07,A7,SADHANPUR,0.1,29.9,22.4,22.836689283126614,88.50403436810248,12.0,12590.222600614068,0.5,0.0,0.0,0.7,30.1,29.8,31.6,21.2,21.1,0.5000000000000178,20.49999999999999,11,311
2025-11-08,A7,SADHANPUR,0.0,29.2,19.8,22.836689283126614,88.50403436810248,12.0,12590.222600614068,0.1,0.5,0.0,19.3,29.9,30.1,30.5,22.4,21.2,0.6000000000000177,19.89999999999999,11,312
2025-11-09,A7,SADHANPUR,0.0,28.0,17.8,22.836689283126614,88.50403436810248,12.0,12590.222600614068,0.0,0.1,0.5,0.0,29.2,29.9,28.5,19.8,22.4,0.6000000000000177,0.5999999999999893,11,313
2025-11-10,A7,SADHANPUR,0.0,28.4,18.0,22.836689283126614,88.50403436810248,12.0,12590.222600614068,0.0,0.0,0.1,0.0,28.0,29.2,29.7,17.8,19.8,0.10000000000001777,0.5999999999999893,11,314
2025-11-11,A7,SADHANPUR,0.0,27.5,16.9,22.836689283126614,88.50403436810248,12.0,12590.222600614068,0.0,0.0,0.0,0.0,28.4,28.0,29.6,18.0,17.8,0.0,0.5999999999999893,11,315
2025-11-12,A7,SADHANPUR,0.0,26.7,16.3,22.836689283126614,88.50403436810248,12.0,12590.222600614068,0.0,0.0,0.0,0.0,27.5,28.4,29.8,16.9,18.0,0.0,0.5999999999999893,11,316
2025-11-13,A7,SADHANPUR,0.0,26.9,16.2,22.836689283126614,88.50403436810248,12.0,12590.222600614068,0.0,0.0,0.0,0.5,26.7,27.5,30.1,16.3,16.9,0.0,0.5999999999999893,11,317
2025-11-14,A7,SADHANPUR,0.0,26.7,16.2,22.836689283126614,88.50403436810248,12.0,12590.222600614068,0.0,0.0,0.0,0.1,26.9,26.7,29.9,16.2,16.3,0.0,0.09999999999998935,11,318
2025-11-15,A7,SADHANPUR,0.0,27.0,16.4,22.836689283126614,88.50403436810248,12.0,12590.222600614068,0.0,0.0,0.0,0.0,26.7,26.9,29.2,16.2,16.2,0.0,0.0,11,319
2025-11-16,A7,SADHANPUR,0.0,27.1,16.4,22.836689283126614,88.50403436810248,12.0,12590.222600614068,0.0,0.0,0.0,0.0,27.0,26.7,28.0,16.4,16.2,0.0,0.0,11,320
2025-11-17,A7,SADHANPUR,0.0,27.0,17.3,22.836689283126614,88.50403436810248,12.0,12590.222600614068,0.0,0.0,0.0,0.0,27.1,27.0,28.4,16.4,16.4,0.0,0.0,11,321
2025-11-18,A7,SADHANPUR,0.0,27.9,16.9,22.836689283126614,88.50403436810248,12.0,12590.222600614068,0.0,0.0,0.0,0.0,27.0,27.1,27.5,17.3,16.4,0.0,0.0,11,322
2025-11-19,A7,SADHANPUR,0.0,28.6,16.3,22.836689283126614,88.50403436810248,12.0,12590.222600614068,0.0,0.0,0.0,0.0,27.9,27.0,26.7,16.9,17.3,0.0,0.0,11,323
2025-11-20,A7,SADHANPUR,0.0,28.1,17.4,22.836689283126614,88.50403436810248,12.0,12590.222600614068,0.0,0.0,0.0,0.0,28.6,27.9,26.9,16.3,16.9,0.0,0.0,11,324
2025-11-21,A7,SADHANPUR,0.0,28.2,17.6,22.836689283126614,88.50403436810248,12.0,12590.222600614068,0.0,0.0,0.0,0.0,28.1,28.6,26.7,17.4,16.3,0.0,0.0,11,325
2025-11-22,A7,SADHANPUR,0.0,27.8,17.1,22.836689283126614,88.50403436810248,12.0,12590.222600614068,0.0,0.0,0.0,0.0,28.2,28.1,27.0,17.6,17.4,0.0,0.0,11,326
2025-11-23,A7,SADHANPUR,0.0,27.7,16.7,22.836689283126614,88.50403436810248,12.0,12590.222600614068,0.0,0.0,0.0,0.0,27.8,28.2,27.1,17.1,17.6,0.0,0.0,11,327
2025-11-24,A7,SADHANPUR,0.0,26.7,16.4,22.836689283126614,88.50403436810248,12.0,12590.222600614068,0.0,0.0,0.0,0.0,27.7,27.8,27.0,16.7,17.1,0.0,0.0,11,328
2025-11-25,A7,SADHANPUR,0.0,26.1,15.3,22.836689283126614,88.50403436810248,12.0,12590.222600614068,0.0,0.0,0.0,0.0,26.7,27.7,27.9,16.4,16.7,0.0,0.0,11,329
2025-11-26,A7,SADHANPUR,0.0,25.8,14.7,22.836689283126614,88.50403436810248,12.0,12590.222600614068,0.0,0.0,0.0,0.0,26.1,26.7,28.6,15.3,16.4,0.0,0.0,11,330
2025-11-27,A7,SADHANPUR,0.0,26.8,15.3,22.836689283126614,88.50403436810248,12.0,12590.222600614068,0.0,0.0,0.0,0.0,25.8,26.1,28.1,14.7,15.3,0.0,0.0,11,331
2025-11-28,A7,SADHANPUR,0.0,27.1,16.5,22.836689283126614,88.50403436810248,12.0,12590.222600614068,0.0,0.0,0.0,0.0,26.8,25.8,28.2,15.3,14.7,0.0,0.0,11,332
2025-11-29,A7,SADHANPUR,0.0,26.9,16.6,22.836689283126614,88.50403436810248,12.0,12590.222600614068,0.0,0.0,0.0,0.0,27.1,26.8,27.8,16.5,15.3,0.0,0.0,11,333
2025-11-30,A7,SADHANPUR,0.0,26.9,16.5,22.836689283126614,88.50403436810248,12.0,12590.222600614068,0.0,0.0,0.0,0.0,26.9,27.1,27.7,16.6,16.5,0.0,0.0,11,334
2025-12-01,A7,SADHANPUR,0.0,26.6,16.4,22.836689283126614,88.50403436810248,12.0,12590.222600614068,0.0,0.0,0.0,0.0,26.9,26.9,26.7,16.5,16.6,0.0,0.0,12,335
2025-12-02,A7,SADHANPUR,0.0,26.7,17.2,22.836689283126614,88.50403436810248,12.0,12590.222600614068,0.0,0.0,0.0,0.0,26.6,26.9,26.1,16.4,16.5,0.0,0.0,12,336
2025-12-03,A7,SADHANPUR,0.0,25.9,15.6,22.836689283126614,88.50403436810248,12.0,12590.222600614068,0.0,0.0,0.0,0.0,26.7,26.6,25.8,17.2,16.4,0.0,0.0,12,337
2025-12-04,A7,SADHANPUR,0.0,25.3,14.3,22.836689283126614,88.50403436810248,12.0,12590.222600614068,0.0,0.0,0.0,0.0,25.9,26.7,26.8,15.6,17.2,0.0,0.0,12,338
2025-12-05,A7,SADHANPUR,0.0,25.4,14.6,22.836689283126614,88.50403436810248,12.0,12590.222600614068,0.0,0.0,0.0,0.0,25.3,25.9,27.1,14.3,15.6,0.0,0.0,12,339
2025-12-06,A7,SADHANPUR,0.0,24.5,12.6,22.836689283126614,88.50403436810248,12.0,12590.222600614068,0.0,0.0,0.0,0.0,25.4,25.3,26.9,14.6,14.3,0.0,0.0,12,340
2025-12-07,A7,SADHANPUR,0.0,24.8,13.4,22.836689283126614,88.50403436810248,12.0,12590.222600614068,0.0,0.0,0.0,0.0,24.5,25.4,26.9,12.6,14.6,0.0,0.0,12,341
2025-12-08,A7,SADHANPUR,0.0,24.9,13.7,22.836689283126614,88.50403436810248,12.0,12590.222600614068,0.0,0.0,0.0,0.0,24.8,24.5,26.6,13.4,12.6,0.0,0.0,12,342
2025-12-09,A7,SADHANPUR,0.0,25.1,14.2,22.836689283126614,88.50403436810248,12.0,12590.222600614068,0.0,0.0,0.0,0.0,24.9,24.8,26.7,13.7,13.4,0.0,0.0,12,343
2025-12-10,A7,SADHANPUR,0.0,25.2,14.1,22.836689283126614,88.50403436810248,12.0,12590.222600614068,0.0,0.0,0.0,0.0,25.1,24.9,25.9,14.2,13.7,0.0,0.0,12,344
2025-12-11,A7,SADHANPUR,0.0,25.1,13.7,22.836689283126614,88.50403436810248,12.0,12590.222600614068,0.0,0.0,0.0,0.0,25.2,25.1,25.3,14.1,14.2,0.0,0.0,12,345
2025-12-12,A7,SADHANPUR,0.0,25.0,13.9,22.836689283126614,88.50403436810248,12.0,12590.222600614068,0.0,0.0,0.0,0.0,25.1,25.2,25.4,13.7,14.1,0.0,0.0,12,346
2025-12-13,A7,SADHANPUR,0.0,25.4,14.2,22.836689283126614,88.50403436810248,12.0,12590.222600614068,0.0,0.0,0.0,0.0,25.0,25.1,24.5,13.9,13.7,0.0,0.0,12,347
2025-12-14,A7,SADHANPUR,0.0,26.5,14.4,22.836689283126614,88.50403436810248,12.0,12590.222600614068,0.0,0.0,0.0,0.0,25.4,25.0,24.8,14.2,13.9,0.0,0.0,12,348
2025-12-15,A7,SADHANPUR,0.0,26.1,14.8,22.836689283126614,88.50403436810248,12.0,12590.222600614068,0.0,0.0,0.0,0.0,26.5,25.4,24.9,14.4,14.2,0.0,0.0,12,349
2025-12-16,A7,SADHANPUR,0.0,25.1,14.4,22.836689283126614,88.50403436810248,12.0,12590.222600614068,0.0,0.0,0.0,0.0,26.1,26.5,25.1,14.8,14.4,0.0,0.0,12,350
2025-12-17,A7,SADHANPUR,0.0,25.3,14.3,22.836689283126614,88.50403436810248,12.0,12590.222600614068,0.0,0.0,0.0,0.0,25.1,26.1,25.2,14.4,14.8,0.0,0.0,12,351
2025-12-18,A7,SADHANPUR,0.0,26.4,14.6,22.836689283126614,88.50403436810248,12.0,12590.222600614068,0.0,0.0,0.0,0.0,25.3,25.1,25.1,14.3,14.4,0.0,0.0,12,352
2025-12-19,A7,SADHANPUR,0.0,26.1,15.4,22.836689283126614,88.50403436810248,12.0,12590.222600614068,0.0,0.0,0.0,0.0,26.4,25.3,25.0,14.6,14.3,0.0,0.0,12,353
2025-12-20,A7,SADHANPUR,0.0,24.0,15.2,22.836689283126614,88.50403436810248,12.0,12590.222600614068,0.0,0.0,0.0,0.0,26.1,26.4,25.4,15.4,14.6,0.0,0.0,12,354
2025-12-21,A7,SADHANPUR,0.0,23.8,14.3,22.836689283126614,88.50403436810248,12.0,12590.222600614068,0.0,0.0,0.0,0.0,24.0,26.1,26.5,15.2,15.4,0.0,0.0,12,355
2025-12-22,A7,SADHANPUR,0.0,24.5,14.4,22.836689283126614,88.50403436810248,12.0,12590.222600614068,0.0,0.0,0.0,0.0,23.8,24.0,26.1,14.3,15.2,0.0,0.0,12,356
2025-12-23,A7,SADHANPUR,0.0,24.0,13.8,22.836689283126614,88.50403436810248,12.0,12590.222600614068,0.0,0.0,0.0,0.0,24.5,23.8,25.1,14.4,14.3,0.0,0.0,12,357
2025-12-24,A7,SADHANPUR,0.0,23.7,13.2,22.836689283126614,88.50403436810248,12.0,12590.222600614068,0.0,0.0,0.0,0.0,24.0,24.5,25.3,13.8,14.4,0.0,0.0,12,358
2025-12-25,A7,SADHANPUR,0.0,21.4,11.7,22.836689283126614,88.50403436810248,12.0,12590.222600614068,0.0,0.0,0.0,0.0,23.7,24.0,26.4,13.2,13.8,0.0,0.0,12,359
2025-12-26,A7,SADHANPUR,0.0,21.8,10.9,22.836689283126614,88.50403436810248,12.0,12590.222600614068,0.0,0.0,0.0,0.0,21.4,23.7,26.1,11.7,13.2,0.0,0.0,12,360
2025-12-27,A7,SADHANPUR,0.0,23.1,12.0,22.836689283126614,88.50403436810248,12.0,12590.222600614068,0.0,0.0,0.0,0.0,21.8,21.4,24.0,10.9,11.7,0.0,0.0,12,361
2025-12-28,A7,SADHANPUR,0.0,22.0,12.7,22.836689283126614,88.50403436810248,12.0,12590.222600614068,0.0,0.0,0.0,0.0,23.1,21.8,23.8,12.0,10.9,0.0,0.0,12,362
2025-12-29,A7,SADHANPUR,0.0,20.4,11.7,22.836689283126614,88.50403436810248,12.0,12590.222600614068,0.0,0.0,0.0,0.0,22.0,23.1,24.5,12.7,12.0,0.0,0.0,12,363
2025-12-30,A7,SADHANPUR,0.0,19.6,10.4,22.836689283126614,88.50403436810248,12.0,12590.222600614068,0.0,0.0,0.0,0.0,20.4,22.0,24.0,11.7,12.7,0.0,0.0,12,364
2025-12-31,A7,SADHANPUR,0.0,20.8,9.0,22.836689283126614,88.50403436810248,12.0,12590.222600614068,0.0,0.0,0.0,0.0,19.6,20.4,23.7,10.4,11.7,0.0,0.0,12,365
2024-01-08,A8,TARABERIA,0.0,25.6,15.2,22.821180120142344,88.46001493875849,5.0,8775.35558906746,0.0,0.0,0.0,0.0,25.9,26.3,24.8,15.0,13.0,0.0,0.0,1,8
2024-01-09,A8,TARABERIA,0.0,25.0,13.6,22.821180120142344,88.46001493875849,5.0,8775.35558906746,0.0,0.0,0.0,0.0,25.6,25.9,23.2,15.2,15.0,0.0,0.0,1,9
2024-01-10,A8,TARABERIA,0.0,25.6,12.5,22.821180120142344,88.46001493875849,5.0,8775.35558906746,0.0,0.0,0.0,0.0,25.0,25.6,24.3,13.6,15.2,0.0,0.0,1,10
2024-01-11,A8,TARABERIA,0.0,24.8,13.4,22.821180120142344,88.46001493875849,5.0,8775.35558906746,0.0,0.0,0.0,0.0,25.6,25.0,25.1,12.5,13.6,0.0,0.0,1,11
2024-01-12,A8,TARABERIA,0.0,22.6,11.3,22.821180120142344,88.46001493875849,5.0,8775.35558906746,0.0,0.0,0.0,0.0,24.8,25.6,25.6,13.4,12.5,0.0,0.0,1,12
2024-01-13,A8,TARABERIA,0.0,22.5,9.9,22.821180120142344,88.46001493875849,5.0,8775.35558906746,0.0,0.0,0.0,0.0,22.6,24.8,26.3,11.3,13.4,0.0,0.0,1,13
2024-01-14,A8,TARABERIA,0.0,22.1,10.2,22.821180120142344,88.46001493875849,5.0,8775.35558906746,0.0,0.0,0.0,0.0,22.5,22.6,25.9,9.9,11.3,0.0,0.0,1,14
2024-01-15,A8,TARABERIA,0.0,21.7,10.1,22.821180120142344,88.46001493875849,5.0,8775.35558906746,0.0,0.0,0.0,0.0,22.1,22.5,25.6,10.2,9.9,0.0,0.0,1,15
2024-01-16,A8,TARABERIA,0.0,22.0,10.4,22.821180120142344,88.46001493875849,5.0,8775.35558906746,0.0,0.0,0.0,0.0,21.7,22.1,25.0,10.1,10.2,0.0,0.0,1,16
2024-01-17,A8,TARABERIA,0.1,23.3,10.1,22.821180120142344,88.46001493875849,5.0,8775.35558906746,0.0,0.0,0.0,0.0,22.0,21.7,25.6,10.4,10.1,0.0,0.0,1,17
2024-01-18,A8,TARABERIA,4.2,21.8,14.8,22.821180120142344,88.46001493875849,5.0,8775.35558906746,0.1,0.0,0.0,0.0,23.3,22.0,24.8,10.1,10.4,0.1,0.1,1,18
2024-01-19,A8,TARABERIA,0.0,22.9,14.7,22.821180120142344,88.46001493875849,5.0,8775.35558906746,4.2,0.1,0.0,0.0,21.8,23.3,22.6,14.8,10.1,4.3,4.3,1,19
2024-01-20,A8,TARABERIA,0.0,22.3,12.4,22.821180120142344,88.46001493875849,5.0,8775.35558906746,0.0,4.2,0.1,0.0,22.9,21.8,22.5,14.7,14.8,4.3,4.3,1,20
2024-01-21,A8,TARABERIA,0.0,22.3,13.0,22.821180120142344,88.46001493875849,5.0,8775.35558906746,0.0,0.0,4.2,0.0,22.3,22.9,22.1,12.4,14.7,4.2,4.3,1,21
2024-01-22,A8,TARABERIA,0.0,20.9,10.6,22.821180120142344,88.46001493875849,5.0,8775.35558906746,0.0,0.0,0.0,0.0,22.3,22.3,21.7,13.0,12.4,0.0,4.3,1,22
2024-01-23,A8,TARABERIA,0.0,22.3,9.0,22.821180120142344,88.46001493875849,5.0,8775.35558906746,0.0,0.0,0.0,0.0,20.9,22.3,22.0,10.6,13.0,0.0,4.3,1,23
2024-01-24,A8,TARABERIA,3.2,21.5,15.0,22.821180120142344,88.46001493875849,5.0,8775.35558906746,0.0,0.0,0.0,0.1,22.3,20.9,23.3,9.0,10.6,0.0,4.3,1,24
2024-01-25,A8,TARABERIA,0.0,22.8,12.8,22.821180120142344,88.46001493875849,5.0,8775.35558906746,3.2,0.0,0.0,4.2,21.5,22.3,21.8,15.0,9.0,3.2,7.4,1,25
2024-01-26,A8,TARABERIA,0.0,22.7,11.9,22.821180120142344,88.46001493875849,5.0,8775.35558906746,0.0,3.2,0.0,0.0,22.8,21.5,22.9,12.8,15.0,3.2,3.2,1,26
2024-01-27,A8,TARABERIA,0.0,22.7,10.8,22.821180120142344,88.46001493875849,5.0,8775.35558906746,0.0,0.0,3.2,0.0,22.7,22.8,22.3,11.9,12.8,3.2,3.2,1,27
2024-01-28,A8,TARABERIA,0.0,23.3,10.1,22.821180120142344,88.46001493875849,5.0,8775.35558906746,0.0,0.0,0.0,0.0,22.7,22.7,22.3,10.8,11.9,0.0,3.2,1,28
2024-01-29,A8,TARABERIA,0.0,24.7,10.8,22.821180120142344,88.46001493875849,5.0,8775.35558906746,0.0,0.0,0.0,0.0,23.3,22.7,20.9,10.1,10.8,0.0,3.2,1,29
2024-01-30,A8,TARABERIA,0.7,26.2,12.9,22.821180120142344,88.46001493875849,5.0,8775.35558906746,0.0,0.0,0.0,0.0,24.7,23.3,22.3,10.8,10.1,0.0,3.2,1,30
2024-01-31,A8,TARABERIA,27.1,25.1,17.4,22.821180120142344,88.46001493875849,5.0,8775.35558906746,0.7,0.0,0.0,3.2,26.2,24.7,21.5,12.9,10.8,0.7,3.9000000000000004,1,31
2024-02-01,A8,TARABERIA,6.3,24.5,16.2,22.821180120142344,88.46001493875849,5.0,8775.35558906746,27.1,0.7,0.0,0.0,25.1,26.2,22.8,17.4,12.9,27.8,27.8,2,32
2024-02-02,A8,TARABERIA,0.1,26.5,16.4,22.821180120142344,88.46001493875849,5.0,8775.35558906746,6.3,27.1,0.7,0.0,24.5,25.1,22.7,16.2,17.4,34.1,34.1,2,33
2024-02-03,A8,TARABERIA,0.0,25.8,15.2,22.821180120142344,88.46001493875849,5.0,8775.35558906746,0.1,6.3,27.1,0.0,26.5,24.5,22.7,16.4,16.2,33.5,34.2,2,34
2024-02-04,A8,TARABERIA,0.0,26.0,12.4,22.821180120142344,88.46001493875849,5.0,8775.35558906746,0.0,0.1,6.3,0.0,25.8,26.5,23.3,15.2,16.4,6.3999999999999995,34.2,2,35
2024-02-05,A8,TARABERIA,0.0,26.8,14.5,22.821180120142344,88.46001493875849,5.0,8775.35558906746,0.0,0.0,0.1,0.0,26.0,25.8,24.7,12.4,15.2,0.1,34.2,2,36
2024-02-06,A8,TARABERIA,0.7,27.0,17.8,22.821180120142344,88.46001493875849,5.0,8775.35558906746,0.0,0.0,0.0,0.7,26.8,26.0,26.2,14.5,12.4,0.0,34.2,2,37
2024-02-07,A8,TARABERIA,0.0,25.2,17.9,22.821180120142344,88.46001493875849,5.0,8775.35558906746,0.7,0.0,0.0,27.1,27.0,26.8,25.1,17.8,14.5,0.7,34.199999999999996,2,38
2024-02-08,A8,TARABERIA,0.0,24.2,14.4,22.821180120142344,88.46001493875849,5.0,8775.35558906746,0.0,0.7,0.0,6.3,25.2,27.0,24.5,17.9,17.8,0.7,7.1,2,39
2024-02-09,A8,TARABERIA,0.0,22.9,12.2,22.821180120142344,88.46001493875849,5.0,8775.35558906746,0.0,0.0,0.7,0.1,24.2,25.2,26.5,14.4,17.9,0.7,0.7999999999999999,2,40
2024-02-10,A8,TARABERIA,0.0,24.6,11.4,22.821180120142344,88.46001493875849,5.0,8775.35558906746,0.0,0.0,0.0,0.0,22.9,24.2,25.8,12.2,14.4,0.0,0.7,2,41
2024-02-11,A8,TARABERIA,0.0,26.4,11.9,22.821180120142344,88.46001493875849,5.0,8775.35558906746,0.0,0.0,0.0,0.0,24.6,22.9,26.0,11.4,12.2,0.0,0.7,2,42
2024-02-12,A8,TARABERIA,0.0,27.3,13.8,22.821180120142344,88.46001493875849,5.0,8775.35558906746,0.0,0.0,0.0,0.0,26.4,24.6,26.8,11.9,11.4,0.0,0.7,2,43
2024-02-13,A8,TARABERIA,0.0,28.9,16.7,22.821180120142344,88.46001493875849,5.0,8775.35558906746,0.0,0.0,0.0,0.7,27.3,26.4,27.0,13.8,11.9,0.0,0.7,2,44
2024-02-14,A8,TARABERIA,0.0,28.3,15.8,22.821180120142344,88.46001493875849,5.0,8775.35558906746,0.0,0.0,0.0,0.0,28.9,27.3,25.2,16.7,13.8,0.0,0.0,2,45
2024-02-15,A8,TARABERIA,0.6,27.8,17.0,22.821180120142344,88.46001493875849,5.0,8775.35558906746,0.0,0.0,0.0,0.0,28.3,28.9,24.2,15.8,16.7,0.0,0.0,2,46
2024-02-16,A8,TARABERIA,0.0,28.5,17.3,22.821180120142344,88.46001493875849,5.0,8775.35558906746,0.6,0.0,0.0,0.0,27.8,28.3,22.9,17.0,15.8,0.6,0.6,2,47
2024-02-17,A8,TARABERIA,0.0,27.7,15.0,22.821180120142344,88.46001493875849,5.0,8775.35558906746,0.0,0.6,0.0,0.0,28.5,27.8,24.6,17.3,17.0,0.6,0.6,2,48
2024-02-18,A8,TARABERIA,0.2,28.6,14.9,22.821180120142344,88.46001493875849,5.0,8775.35558906746,0.0,0.0,0.6,0.0,27.7,28.5,26.4,15.0,17.3,0.6,0.6,2,49
2024-02-19,A8,TARABERIA,0.4,29.6,17.8,22.821180120142344,88.46001493875849,5.0,8775.35558906746,0.2,0.0,0.0,0.0,28.6,27.7,27.3,14.9,15.0,0.2,0.8,2,50
2024-02-20,A8,TARABERIA,0.3,31.4,20.8,22.821180120142344,88.46001493875849,5.0,8775.35558906746,0.4,0.2,0.0,0.0,29.6,28.6,28.9,17.8,14.9,0.6000000000000001,1.2,2,51
2024-02-21,A8,TARABERIA,0.0,32.7,20.2,22.821180120142344,88.46001493875849,5.0,8775.35558906746,0.3,0.4,0.2,0.0,31.4,29.6,28.3,20.8,17.8,0.9,1.5,2,52
2024-02-22,A8,TARABERIA,0.1,28.8,20.5,22.821180120142344,88.46001493875849,5.0,8775.35558906746,0.0,0.3,0.4,0.6,32.7,31.4,27.8,20.2,20.8,0.7,1.5,2,53
2024-02-23,A8,TARABERIA,0.0,28.4,19.3,22.821180120142344,88.46001493875849,5.0,8775.35558906746,0.1,0.0,0.3,0.0,28.8,32.7,28.5,20.5,20.2,0.4,1.0,2,54
2024-02-24,A8,TARABERIA,0.0,28.2,16.7,22.821180120142344,88.46001493875849,5.0,8775.35558906746,0.0,0.1,0.0,0.0,28.4,28.8,27.7,19.3,20.5,0.1,1.0,2,55
2024-02-25,A8,TARABERIA,0.5,25.0,17.9,22.821180120142344,88.46001493875849,5.0,8775.35558906746,0.0,0.0,0.1,0.2,28.2,28.4,28.6,16.7,19.3,0.1,1.0,2,56
2024-02-26,A8,TARABERIA,0.0,28.0,16.9,22.821180120142344,88.46001493875849,5.0,8775.35558906746,0.5,0.0,0.0,0.4,25.0,28.2,29.6,17.9,16.7,0.5,1.3,2,57
2024-02-27,A8,TARABERIA,0.0,28.5,17.2,22.821180120142344,88.46001493875849,5.0,8775.35558906746,0.0,0.5,0.0,0.3,28.0,25.0,31.4,16.9,17.9,0.5,0.8999999999999999,2,58
2024-02-28,A8,TARABERIA,0.0,29.1,17.8,22.821180120142344,88.46001493875849,5.0,8775.35558906746,0.0,0.0,0.5,0.0,28.5,28.0,32.7,17.2,16.9,0.5,0.6,2,59
2024-02-29,A8,TARABERIA,0.0,29.6,17.8,22.821180120142344,88.46001493875849,5.0,8775.35558906746,0.0,0.0,0.0,0.1,29.1,28.5,28.8,17.8,17.2,0.0,0.6,2,60
2024-03-01,A8,TARABERIA,0.0,30.2,16.4,22.821180120142344,88.46001493875849,5.0,8775.35558906746,0.0,0.0,0.0,0.0,29.6,29.1,28.4,17.8,17.8,0.0,0.5,3,61
2024-03-02,A8,TARABERIA,0.0,30.6,15.9,22.821180120142344,88.46001493875849,5.0,8775.35558906746,0.0,0.0,0.0,0.0,30.2,29.6,28.2,16.4,17.8,0.0,0.5,3,62
2024-03-03,A8,TARABERIA,0.2,31.2,18.7,22.821180120142344,88.46001493875849,5.0,8775.35558906746,0.0,0.0,0.0,0.5,30.6,30.2,25.0,15.9,16.4,0.0,0.5,3,63
2024-03-04,A8,TARABERIA,1.1,31.2,19.2,22.821180120142344,88.46001493875849,5.0,8775.35558906746,0.2,0.0,0.0,0.0,31.2,30.6,28.0,18.7,15.9,0.2,0.2,3,64
2024-03-05,A8,TARABERIA,0.0,30.4,19.8,22.821180120142344,88.46001493875849,5.0,8775.35558906746,1.1,0.2,0.0,0.0,31.2,31.2,28.5,19.2,18.7,1.3,1.3,3,65
2024-03-06,A8,TARABERIA,0.0,28.9,17.8,22.821180120142344,88.46001493875849,5.0,8775.35558906746,0.0,1.1,0.2,0.0,30.4,31.2,29.1,19.8,19.2,1.3,1.3,3,66
2024-03-07,A8,TARABERIA,0.0,28.3,18.4,22.821180120142344,88.46001493875849,5.0,8775.35558906746,0.0,0.0,1.1,0.0,28.9,30.4,29.6,17.8,19.8,1.1,1.3,3,67
2024-03-08,A8,TARABERIA,0.0,29.9,18.4,22.821180120142344,88.46001493875849,5.0,8775.35558906746,0.0,0.0,0.0,0.0,28.3,28.9,30.2,18.4,17.8,0.0,1.3,3,68
2024-03-09,A8,TARABERIA,0.0,29.3,15.1,22.821180120142344,88.46001493875849,5.0,8775.35558906746,0.0,0.0,0.0,0.0,29.9,28.3,30.6,18.4,18.4,0.0,1.3,3,69
2024-03-10,A8,TARABERIA,0.0,29.2,14.7,22.821180120142344,88.46001493875849,5.0,8775.35558906746,0.0,0.0,0.0,0.2,29.3,29.9,31.2,15.1,18.4,0.0,1.3,3,70
2024-03-11,A8,TARABERIA,0.0,30.6,14.5,22.821180120142344,88.46001493875849,5.0,8775.35558906746,0.0,0.0,0.0,1.1,29.2,29.3,31.2,14.7,15.1,0.0,1.1,3,71
2024-03-12,A8,TARABERIA,0.0,32.7,19.6,22.821180120142344,88.46001493875849,5.0,8775.35558906746,0.0,0.0,0.0,0.0,30.6,29.2,30.4,14.5,14.7,0.0,0.0,3,72
2024-03-13,A8,TARABERIA,0.6,33.6,23.2,22.821180120142344,88.46001493875849,5.0,8775.35558906746,0.0,0.0,0.0,0.0,32.7,30.6,28.9,19.6,14.5,0.0,0.0,3,73
2024-03-14,A8,TARABERIA,12.3,31.8,21.5,22.821180120142344,88.46001493875849,5.0,8775.35558906746,0.6,0.0,0.0,0.0,33.6,32.7,28.3,23.2,19.6,0.6,0.6,3,74
2024-03-15,A8,TARABERIA,0.9,33.4,21.9,22.821180120142344,88.46001493875849,5.0,8775.35558906746,12.3,0.6,0.0,0.0,31.8,33.6,29.9,21.5,23.2,12.9,12.9,3,75
2024-03-16,A8,TARABERIA,1.4,31.7,22.5,22.821180120142344,88.46001493875849,5.0,8775.35558906746,0.9,12.3,0.6,0.0,33.4,31.8,29.3,21.9,21.5,13.8,13.8,3,76
2024-03-17,A8,TARABERIA,0.0,31.6,21.4,22.821180120142344,88.46001493875849,5.0,8775.35558906746,1.4,0.9,12.3,0.0,31.7,33.4,29.2,22.5,21.9,14.600000000000001,15.2,3,77
2024-03-18,A8,TARABERIA,2.0,29.6,21.7,22.821180120142344,88.46001493875849,5.0,8775.35558906746,0.0,1.4,0.9,0.0,31.6,31.7,30.6,21.4,22.5,2.3,15.2,3,78
2024-03-19,A8,TARABERIA,11.9,30.2,22.6,22.821180120142344,88.46001493875849,5.0,8775.35558906746,2.0,0.0,1.4,0.0,29.6,31.6,32.7,21.7,21.4,3.4,17.2,3,79
2024-03-20,A8,TARABERIA,12.9,23.5,18.4,22.821180120142344,88.46001493875849,5.0,8775.35558906746,11.9,2.0,0.0,0.6,30.2,29.6,33.6,22.6,21.7,13.9,29.1,3,80
2024-03-21,A8,TARABERIA,7.4,26.5,18.3,22.821180120142344,88.46001493875849,5.0,8775.35558906746,12.9,11.9,2.0,12.3,23.5,30.2,31.8,18.4,22.6,26.8,41.4,3,81
2024-03-22,A8,TARABERIA,0.3,27.5,16.7,22.821180120142344,88.46001493875849,5.0,8775.35558906746,7.4,12.9,11.9,0.9,26.5,23.5,33.4,18.3,18.4,32.2,36.5,3,82
2024-03-23,A8,TARABERIA,5.0,31.9,19.1,22.821180120142344,88.46001493875849,5.0,8775.35558906746,0.3,7.4,12.9,1.4,27.5,26.5,31.7,16.7,18.3,20.6,35.900000000000006,3,83
2024-03-24,A8,TARABERIA,0.0,33.7,23.7,22.821180120142344,88.46001493875849,5.0,8775.35558906746,5.0,0.3,7.4,0.0,31.9,27.5,31.6,19.1,16.7,12.7,39.5,3,84
2024-03-25,A8,TARABERIA,15.3,33.0,22.7,22.821180120142344,88.46001493875849,5.0,8775.35558906746,0.0,5.0,0.3,2.0,33.7,31.9,29.6,23.7,19.1,5.3,39.5,3,85
2024-03-26,A8,TARABERIA,0.0,32.4,23.8,22.821180120142344,88.46001493875849,5.0,8775.35558906746,15.3,0.0,5.0,11.9,33.0,33.7,30.2,22.7,23.7,20.3,52.8,3,86
2024-03-27,A8,TARABERIA,0.1,34.4,22.7,22.821180120142344,88.46001493875849,5.0,8775.35558906746,0.0,15.3,0.0,12.9,32.4,33.0,23.5,23.8,22.7,15.3,40.900000000000006,3,87
2024-03-28,A8,TARABERIA,0.3,32.8,22.3,22.821180120142344,88.46001493875849,5.0,8775.35558906746,0.1,0.0,15.3,7.4,34.4,32.4,26.5,22.7,23.8,15.4,28.100000000000005,3,88
2024-03-29,A8,TARABERIA,0.2,34.2,24.7,22.821180120142344,88.46001493875849,5.0,8775.35558906746,0.3,0.1,0.0,0.3,32.8,34.4,27.5,22.3,22.7,0.4,21.0,3,89
2024-03-30,A8,TARABERIA,0.3,35.7,24.8,22.821180120142344,88.46001493875849,5.0,8775.35558906746,0.2,0.3,0.1,5.0,34.2,32.8,31.9,24.7,22.3,0.6000000000000001,20.900000000000002,3,90
2024-03-31,A8,TARABERIA,4.8,34.7,25.1,22.821180120142344,88.46001493875849,5.0,8775.35558906746,0.3,0.2,0.3,0.0,35.7,34.2,33.7,24.8,24.7,0.8,16.2,3,91
2024-04-01,A8,TARABERIA,0.0,36.4,25.1,22.821180120142344,88.46001493875849,5.0,8775.35558906746,4.8,0.3,0.2,15.3,34.7,35.7,33.0,25.1,24.8,5.3,21.0,4,92
2024-04-02,A8,TARABERIA,0.0,35.7,23.9,22.821180120142344,88.46001493875849,5.0,8775.35558906746,0.0,4.8,0.3,0.0,36.4,34.7,32.4,25.1,25.1,5.1,5.7,4,93
2024-04-03,A8,TARABERIA,0.0,36.0,25.1,22.821180120142344,88.46001493875849,5.0,8775.35558906746,0.0,0.0,4.8,0.1,35.7,36.4,34.4,23.9,25.1,4.8,5.7,4,94
2024-04-04,A8,TARABERIA,23.9,37.2,25.9,22.821180120142344,88.46001493875849,5.0,8775.35558906746,0.0,0.0,0.0,0.3,36.0,35.7,32.8,25.1,23.9,0.0,5.6000000000000005,4,95
2024-04-05,A8,TARABERIA,0.0,37.4,26.3,22.821180120142344,88.46001493875849,5.0,8775.35558906746,23.9,0.0,0.0,0.2,37.2,36.0,34.2,25.9,25.1,23.9,29.2,4,96
2024-04-06,A8,TARABERIA,0.2,37.8,25.9,22.821180120142344,88.46001493875849,5.0,8775.35558906746,0.0,23.9,0.0,0.3,37.4,37.2,35.7,26.3,25.9,23.9,29.0,4,97
2024-04-07,A8,TARABERIA,1.0,36.2,25.8,22.821180120142344,88.46001493875849,5.0,8775.35558906746,0.2,0.0,23.9,4.8,37.8,37.4,34.7,25.9,26.3,24.099999999999998,28.9,4,98
2024-04-08,A8,TARABERIA,0.0,31.3,22.6,22.821180120142344,88.46001493875849,5.0,8775.35558906746,1.0,0.2,0.0,0.0,36.2,37.8,36.4,25.8,25.9,1.2,25.099999999999998,4,99
2024-04-09,A8,TARABERIA,0.0,34.7,22.1,22.821180120142344,88.46001493875849,5.0,8775.35558906746,0.0,1.0,0.2,0.0,31.3,36.2,35.7,22.6,25.8,1.2,25.099999999999998,4,100
2024-04-10,A8,TARABERIA,0.0,35.8,22.7,22.821180120142344,88.46001493875849,5.0,8775.35558906746,0.0,0.0,1.0,0.0,34.7,31.3,36.0,22.1,22.6,1.0,25.099999999999998,4,101
2024-04-11,A8,TARABERIA,6.0,33.2,23.9,22.821180120142344,88.46001493875849,5.0,8775.35558906746,0.0,0.0,0.0,23.9,35.8,34.7,37.2,22.7,22.1,0.0,25.099999999999998,4,102
2024-04-12,A8,TARABERIA,0.0,35.0,23.5,22.821180120142344,88.46001493875849,5.0,8775.35558906746,6.0,0.0,0.0,0.0,33.2,35.8,37.4,23.9,22.7,6.0,7.2,4,103
2024-04-13,A8,TARABERIA,0.0,36.1,23.7,22.821180120142344,88.46001493875849,5.0,8775.35558906746,0.0,6.0,0.0,0.2,35.0,33.2,37.8,23.5,23.9,6.0,7.2,4,104
2024-04-14,A8,TARABERIA,0.0,36.9,23.2,22.821180120142344,88.46001493875849,5.0,8775.35558906746,0.0,0.0,6.0,1.0,36.1,35.0,36.2,23.7,23.5,6.0,7.0,4,105
2024-04-15,A8,TARABERIA,0.0,38.2,23.9,22.821180120142344,88.46001493875849,5.0,8775.35558906746,0.0,0.0,0.0,0.0,36.9,36.1,31.3,23.2,23.7,0.0,6.0,4,106
2024-04-16,A8,TARABERIA,0.0,38.2,26.3,22.821180120142344,88.46001493875849,5.0,8775.35558906746,0.0,0.0,0.0,0.0,38.2,36.9,34.7,23.9,23.2,0.0,6.0,4,107
2024-04-17,A8,TARABERIA,0.0,37.9,27.2,22.821180120142344,88.46001493875849,5.0,8775.35558906746,0.0,0.0,0.0,0.0,38.2,38.2,35.8,26.3,23.9,0.0,6.0,4,108
2024-04-18,A8,TARABERIA,0.0,38.3,25.6,22.821180120142344,88.46001493875849,5.0,8775.35558906746,0.0,0.0,0.0,6.0,37.9,38.2,33.2,27.2,26.3,0.0,6.0,4,109
2024-04-19,A8,TARABERIA,0.0,40.3,24.9,22.821180120142344,88.46001493875849,5.0,8775.35558906746,0.0,0.0,0.0,0.0,38.3,37.9,35.0,25.6,27.2,0.0,0.0,4,110
2024-04-20,A8,TARABERIA,0.0,41.6,26.0,22.821180120142344,88.46001493875849,5.0,8775.35558906746,0.0,0.0,0.0,0.0,40.3,38.3,36.1,24.9,25.6,0.0,0.0,4,111
2024-04-21,A8,TARABERIA,0.0,40.8,27.1,22.821180120142344,88.46001493875849,5.0,8775.35558906746,0.0,0.0,0.0,0.0,41.6,40.3,36.9,26.0,24.9,0.0,0.0,4,112
2024-04-22,A8,TARABERIA,0.0,39.9,25.9,22.821180120142344,88.46001493875849,5.0,8775.35558906746,0.0,0.0,0.0,0.0,40.8,41.6,38.2,27.1,26.0,0.0,0.0,4,113
2024-04-23,A8,TARABERIA,0.0,38.4,26.5,22.821180120142344,88.46001493875849,5.0,8775.35558906746,0.0,0.0,0.0,0.0,39.9,40.8,38.2,25.9,27.1,0.0,0.0,4,114
2024-04-24,A8,TARABERIA,0.0,40.2,27.1,22.821180120142344,88.46001493875849,5.0,8775.35558906746,0.0,0.0,0.0,0.0,38.4,39.9,37.9,26.5,25.9,0.0,0.0,4,115
2024-04-25,A8,TARABERIA,0.0,40.3,24.8,22.821180120142344,88.46001493875849,5.0,8775.35558906746,0.0,0.0,0.0,0.0,40.2,38.4,38.3,27.1,26.5,0.0,0.0,4,116
2024-04-26,A8,TARABERIA,0.0,40.8,27.1,22.821180120142344,88.46001493875849,5.0,8775.35558906746,0.0,0.0,0.0,0.0,40.3,40.2,40.3,24.8,27.1,0.0,0.0,4,117
2024-04-27,A8,TARABERIA,0.0,41.4,27.8,22.821180120142344,88.46001493875849,5.0,8775.35558906746,0.0,0.0,0.0,0.0,40.8,40.3,41.6,27.1,24.8,0.0,0.0,4,118
2024-04-28,A8,TARABERIA,0.9,40.1,28.3,22.821180120142344,88.46001493875849,5.0,8775.35558906746,0.0,0.0,0.0,0.0,41.4,40.8,40.8,27.8,27.1,0.0,0.0,4,119
2024-04-29,A8,TARABERIA,0.0,41.7,28.5,22.821180120142344,88.46001493875849,5.0,8775.35558906746,0.9,0.0,0.0,0.0,40.1,41.4,39.9,28.3,27.8,0.9,0.9,4,120
2024-04-30,A8,TARABERIA,0.0,43.7,29.2,22.821180120142344,88.46001493875849,5.0,8775.35558906746,0.0,0.9,0.0,0.0,41.7,40.1,38.4,28.5,28.3,0.9,0.9,4,121
2024-05-01,A8,TARABERIA,0.0,41.5,28.7,22.821180120142344,88.46001493875849,5.0,8775.35558906746,0.0,0.0,0.9,0.0,43.7,41.7,40.2,29.2,28.5,0.9,0.9,5,122
2024-05-02,A8,TARABERIA,0.0,41.1,29.4,22.821180120142344,88.46001493875849,5.0,8775.35558906746,0.0,0.0,0.0,0.0,41.5,43.7,40.3,28.7,29.2,0.0,0.9,5,123
2024-05-03,A8,TARABERIA,0.0,40.2,26.1,22.821180120142344,88.46001493875849,5.0,8775.35558906746,0.0,0.0,0.0,0.0,41.1,41.5,40.8,29.4,28.7,0.0,0.9,5,124
2024-05-04,A8,TARABERIA,0.1,39.9,27.4,22.821180120142344,88.46001493875849,5.0,8775.35558906746,0.0,0.0,0.0,0.0,40.2,41.1,41.4,26.1,29.4,0.0,0.9,5,125
2024-05-05,A8,TARABERIA,0.5,37.9,28.5,22.821180120142344,88.46001493875849,5.0,8775.35558906746,0.1,0.0,0.0,0.9,39.9,40.2,40.1,27.4,26.1,0.1,1.0,5,126
2024-05-06,A8,TARABERIA,86.6,37.3,24.8,22.821180120142344,88.46001493875849,5.0,8775.35558906746,0.5,0.1,0.0,0.0,37.9,39.9,41.7,28.5,27.4,0.6,0.6,5,127
2024-05-07,A8,TARABERIA,2.1,33.4,24.3,22.821180120142344,88.46001493875849,5.0,8775.35558906746,86.6,0.5,0.1,0.0,37.3,37.9,43.7,24.8,28.5,87.19999999999999,87.19999999999999,5,128
2024-05-08,A8,TARABERIA,3.6,30.4,23.8,22.821180120142344,88.46001493875849,5.0,8775.35558906746,2.1,86.6,0.5,0.0,33.4,37.3,41.5,24.3,24.8,89.19999999999999,89.29999999999998,5,129
2024-05-09,A8,TARABERIA,9.0,31.3,24.0,22.821180120142344,88.46001493875849,5.0,8775.35558906746,3.6,2.1,86.6,0.0,30.4,33.4,41.1,23.8,24.3,92.3,92.89999999999999,5,130
2024-05-10,A8,TARABERIA,10.1,31.3,23.6,22.821180120142344,88.46001493875849,5.0,8775.35558906746,9.0,3.6,2.1,0.0,31.3,30.4,40.2,24.0,23.8,14.7,101.89999999999999,5,131
2024-05-11,A8,TARABERIA,16.1,31.5,25.0,22.821180120142344,88.46001493875849,5.0,8775.35558906746,10.1,9.0,3.6,0.1,31.3,31.3,39.9,23.6,24.0,22.7,111.99999999999999,5,132
2024-05-12,A8,TARABERIA,3.3,32.7,25.0,22.821180120142344,88.46001493875849,5.0,8775.35558906746,16.1,10.1,9.0,0.5,31.5,31.3,37.9,25.0,23.6,35.2,128.0,5,133
2024-05-13,A8,TARABERIA,0.0,33.6,24.0,22.821180120142344,88.46001493875849,5.0,8775.35558906746,3.3,16.1,10.1,86.6,32.7,31.5,37.3,25.0,25.0,29.5,130.79999999999998,5,134
2024-05-14,A8,TARABERIA,2.5,34.0,25.1,22.821180120142344,88.46001493875849,5.0,8775.35558906746,0.0,3.3,16.1,2.1,33.6,32.7,33.4,24.0,25.0,19.4,44.199999999999996,5,135
2024-05-15,A8,TARABERIA,0.0,35.2,26.0,22.821180120142344,88.46001493875849,5.0,8775.35558906746,2.5,0.0,3.3,3.6,34.0,33.6,30.4,25.1,24.0,5.799999999999996,44.599999999999994,5,136
2024-05-16,A8,TARABERIA,0.0,35.6,26.1,22.821180120142344,88.46001493875849,5.0,8775.35558906746,0.0,2.5,0.0,9.0,35.2,34.0,31.3,26.0,25.1,2.4999999999999964,40.99999999999999,5,137
2024-05-17,A8,TARABERIA,0.0,37.4,27.3,22.821180120142344,88.46001493875849,5.0,8775.35558906746,0.0,0.0,2.5,10.1,35.6,35.2,31.3,26.1,26.0,2.4999999999999964,32.0,5,138
2024-05-18,A8,TARABERIA,0.0,36.5,28.7,22.821180120142344,88.46001493875849,5.0,8775.35558906746,0.0,0.0,0.0,16.1,37.4,35.6,31.5,27.3,26.1,0.0,21.9,5,139
2024-05-19,A8,TARABERIA,0.1,33.8,28.8,22.821180120142344,88.46001493875849,5.0,8775.35558906746,0.0,0.0,0.0,3.3,36.5,37.4,32.7,28.7,27.3,0.0,5.799999999999996,5,140
2024-05-20,A8,TARABERIA,12.9,33.2,26.9,22.821180120142344,88.46001493875849,5.0,8775.35558906746,0.1,0.0,0.0,0.0,33.8,36.5,33.6,28.8,28.7,0.09999999999999645,2.5999999999999965,5,141
2024-05-21,A8,TARABERIA,7.0,33.3,26.4,22.821180120142344,88.46001493875849,5.0,8775.35558906746,12.9,0.1,0.0,2.5,33.2,33.8,34.0,26.9,28.8,12.999999999999996,15.499999999999996,5,142
2024-05-22,A8,TARABERIA,2.1,33.8,26.7,22.821180120142344,88.46001493875849,5.0,8775.35558906746,7.0,12.9,0.1,0.0,33.3,33.2,35.2,26.4,26.9,19.999999999999996,19.999999999999996,5,143
2024-05-23,A8,TARABERIA,0.0,35.0,26.0,22.821180120142344,88.46001493875849,5.0,8775.35558906746,2.1,7.0,12.9,0.0,33.8,33.3,35.6,26.7,26.4,21.999999999999996,22.099999999999998,5,144
2024-05-24,A8,TARABERIA,0.0,35.6,26.3,22.821180120142344,88.46001493875849,5.0,8775.35558906746,0.0,2.1,7.0,0.0,35.0,33.8,37.4,26.0,26.7,9.099999999999996,22.099999999999998,5,145
2024-05-25,A8,TARABERIA,0.1,36.5,27.4,22.821180120142344,88.46001493875849,5.0,8775.35558906746,0.0,0.0,2.1,0.0,35.6,35.0,36.5,26.3,26.0,2.0999999999999965,22.099999999999998,5,146
2024-05-26,A8,TARABERIA,30.6,30.7,26.8,22.821180120142344,88.46001493875849,5.0,8775.35558906746,0.1,0.0,0.0,0.1,36.5,35.6,33.8,27.4,26.3,0.09999999999999645,22.199999999999996,5,147
2024-05-27,A8,TARABERIA,70.7,27.6,26.1,22.821180120142344,88.46001493875849,5.0,8775.35558906746,30.6,0.1,0.0,12.9,30.7,36.5,33.2,26.8,27.4,30.7,52.699999999999996,5,148
2024-05-28,A8,TARABERIA,0.1,35.5,26.4,22.821180120142344,88.46001493875849,5.0,8775.35558906746,70.7,30.6,0.1,7.0,27.6,30.7,33.3,26.1,26.8,101.4,110.5,5,149
2024-05-29,A8,TARABERIA,0.0,35.9,29.3,22.821180120142344,88.46001493875849,5.0,8775.35558906746,0.1,70.7,30.6,2.1,35.5,27.6,33.8,26.4,26.1,101.4,103.6,5,150
2024-05-30,A8,TARABERIA,0.2,35.3,29.4,22.821180120142344,88.46001493875849,5.0,8775.35558906746,0.0,0.1,70.7,0.0,35.9,35.5,35.0,29.3,26.4,70.8,101.5,5,151
2024-05-31,A8,TARABERIA,0.0,34.9,28.5,22.821180120142344,88.46001493875849,5.0,8775.35558906746,0.2,0.0,0.1,0.0,35.3,35.9,35.6,29.4,29.3,0.30000000000000004,101.7,5,152
2024-06-01,A8,TARABERIA,0.8,34.6,28.1,22.821180120142344,88.46001493875849,5.0,8775.35558906746,0.0,0.2,0.0,0.1,34.9,35.3,36.5,28.5,29.4,0.2,101.7,6,153
2024-06-02,A8,TARABERIA,2.7,34.2,29.0,22.821180120142344,88.46001493875849,5.0,8775.35558906746,0.8,0.0,0.2,30.6,34.6,34.9,30.7,28.1,28.5,1.0,102.39999999999999,6,154
2024-06-03,A8,TARABERIA,0.5,34.5,28.3,22.821180120142344,88.46001493875849,5.0,8775.35558906746,2.7,0.8,0.0,70.7,34.2,34.6,27.6,29.0,28.1,3.5,74.5,6,155
2024-06-04,A8,TARABERIA,0.0,35.7,28.6,22.821180120142344,88.46001493875849,5.0,8775.35558906746,0.5,2.7,0.8,0.1,34.5,34.2,35.5,28.3,29.0,4.0,4.300000000000001,6,156
2024-06-05,A8,TARABERIA,0.4,35.8,28.0,22.821180120142344,88.46001493875849,5.0,8775.35558906746,0.0,0.5,2.7,0.0,35.7,34.5,35.9,28.6,28.3,3.2,4.200000000000001,6,157
2024-06-06,A8,TARABERIA,2.4,36.5,26.7,22.821180120142344,88.46001493875849,5.0,8775.35558906746,0.4,0.0,0.5,0.2,35.8,35.7,35.3,28.0,28.6,0.9,4.6000000000000005,6,158
2024-06-07,A8,TARABERIA,0.0,36.3,25.9,22.821180120142344,88.46001493875849,5.0,8775.35558906746,2.4,0.4,0.0,0.0,36.5,35.8,34.9,26.7,28.0,2.8,6.800000000000001,6,159
2024-06-08,A8,TARABERIA,0.0,35.6,28.0,22.821180120142344,88.46001493875849,5.0,8775.35558906746,0.0,2.4,0.4,0.8,36.3,36.5,34.6,25.9,26.7,2.8,6.800000000000001,6,160
2024-06-09,A8,TARABERIA,0.0,36.5,28.2,22.821180120142344,88.46001493875849,5.0,8775.35558906746,0.0,0.0,2.4,2.7,35.6,36.3,34.2,28.0,25.9,2.4,6.0,6,161
2024-06-10,A8,TARABERIA,0.0,36.4,28.5,22.821180120142344,88.46001493875849,5.0,8775.35558906746,0.0,0.0,0.0,0.5,36.5,35.6,34.5,28.2,28.0,0.0,3.3,6,162
2024-06-11,A8,TARABERIA,0.0,36.7,28.9,22.821180120142344,88.46001493875849,5.0,8775.35558906746,0.0,0.0,0.0,0.0,36.4,36.5,35.7,28.5,28.2,0.0,2.8,6,163
2024-06-12,A8,TARABERIA,0.0,35.3,28.3,22.821180120142344,88.46001493875849,5.0,8775.35558906746,0.0,0.0,0.0,0.4,36.7,36.4,35.8,28.9,28.5,0.0,2.8,6,164
2024-06-13,A8,TARABERIA,0.0,36.0,28.6,22.821180120142344,88.46001493875849,5.0,8775.35558906746,0.0,0.0,0.0,2.4,35.3,36.7,36.5,28.3,28.9,0.0,2.4,6,165
2024-06-14,A8,TARABERIA,0.0,37.2,29.1,22.821180120142344,88.46001493875849,5.0,8775.35558906746,0.0,0.0,0.0,0.0,36.0,35.3,36.3,28.6,28.3,0.0,0.0,6,166
2024-06-15,A8,TARABERIA,0.0,37.3,29.4,22.821180120142344,88.46001493875849,5.0,8775.35558906746,0.0,0.0,0.0,0.0,37.2,36.0,35.6,29.1,28.6,0.0,0.0,6,167
2024-06-16,A8,TARABERIA,0.0,36.9,29.4,22.821180120142344,88.46001493875849,5.0,8775.35558906746,0.0,0.0,0.0,0.0,37.3,37.2,36.5,29.4,29.1,0.0,0.0,6,168
2024-06-17,A8,TARABERIA,0.1,36.8,29.2,22.821180120142344,88.46001493875849,5.0,8775.35558906746,0.0,0.0,0.0,0.0,36.9,37.3,36.4,29.4,29.4,0.0,0.0,6,169
2024-06-18,A8,TARABERIA,10.9,32.5,28.4,22.821180120142344,88.46001493875849,5.0,8775.35558906746,0.1,0.0,0.0,0.0,36.8,36.9,36.7,29.2,29.4,0.1,0.1,6,170
2024-06-19,A8,TARABERIA,8.1,34.6,28.5,22.821180120142344,88.46001493875849,5.0,8775.35558906746,10.9,0.1,0.0,0.0,32.5,36.8,35.3,28.4,29.2,11.0,11.0,6,171
2024-06-20,A8,TARABERIA,31.5,33.8,27.9,22.821180120142344,88.46001493875849,5.0,8775.35558906746,8.1,10.9,0.1,0.0,34.6,32.5,36.0,28.5,28.4,19.1,19.1,6,172
2024-06-21,A8,TARABERIA,3.9,32.0,27.2,22.821180120142344,88.46001493875849,5.0,8775.35558906746,31.5,8.1,10.9,0.0,33.8,34.6,37.2,27.9,28.5,50.5,50.6,6,173
2024-06-22,A8,TARABERIA,1.9,33.3,26.4,22.821180120142344,88.46001493875849,5.0,8775.35558906746,3.9,31.5,8.1,0.0,32.0,33.8,37.3,27.2,27.9,43.5,54.5,6,174
2024-06-23,A8,TARABERIA,3.3,33.6,26.7,22.821180120142344,88.46001493875849,5.0,8775.35558906746,1.9,3.9,31.5,0.0,33.3,32.0,36.9,26.4,27.2,37.3,56.4,6,175
2024-06-24,A8,TARABERIA,0.8,34.0,27.2,22.821180120142344,88.46001493875849,5.0,8775.35558906746,3.3,1.9,3.9,0.1,33.6,33.3,36.8,26.7,26.4,9.1,59.7,6,176
2024-06-25,A8,TARABERIA,0.6,34.0,28.0,22.821180120142344,88.46001493875849,5.0,8775.35558906746,0.8,3.3,1.9,10.9,34.0,33.6,32.5,27.2,26.7,5.999999999999999,60.4,6,177
2024-06-26,A8,TARABERIA,0.7,34.3,27.3,22.821180120142344,88.46001493875849,5.0,8775.35558906746,0.6,0.8,3.3,8.1,34.0,34.0,34.6,28.0,27.2,4.7,50.1,6,178
2024-06-27,A8,TARABERIA,10.2,32.1,27.4,22.821180120142344,88.46001493875849,5.0,8775.35558906746,0.7,0.6,0.8,31.5,34.3,34.0,33.8,27.3,28.0,2.1,42.7,6,179
2024-06-28,A8,TARABERIA,7.8,33.0,27.2,22.821180120142344,88.46001493875849,5.0,8775.35558906746,10.2,0.7,0.6,3.9,32.1,34.3,32.0,27.4,27.3,11.5,21.4,6,180
2024-06-29,A8,TARABERIA,7.0,31.6,26.8,22.821180120142344,88.46001493875849,5.0,8775.35558906746,7.8,10.2,0.7,1.9,33.0,32.1,33.3,27.2,27.4,18.7,25.3,6,181
2024-06-30,A8,TARABERIA,34.0,32.0,26.4,22.821180120142344,88.46001493875849,5.0,8775.35558906746,7.0,7.8,10.2,3.3,31.6,33.0,33.6,26.8,27.2,25.0,30.4,6,182
2024-07-01,A8,TARABERIA,18.6,31.4,25.9,22.821180120142344,88.46001493875849,5.0,8775.35558906746,34.0,7.0,7.8,0.8,32.0,31.6,34.0,26.4,26.8,48.8,61.1,7,183
2024-07-02,A8,TARABERIA,25.4,30.5,25.9,22.821180120142344,88.46001493875849,5.0,8775.35558906746,18.6,34.0,7.0,0.6,31.4,32.0,34.0,25.9,26.4,59.6,78.9,7,184
2024-07-03,A8,TARABERIA,11.2,30.7,25.8,22.821180120142344,88.46001493875849,5.0,8775.35558906746,25.4,18.6,34.0,0.7,30.5,31.4,34.3,25.9,25.9,78.0,103.7,7,185
2024-07-04,A8,TARABERIA,21.9,30.7,25.4,22.821180120142344,88.46001493875849,5.0,8775.35558906746,11.2,25.4,18.6,10.2,30.7,30.5,32.1,25.8,25.9,55.2,114.2,7,186
2024-07-05,A8,TARABERIA,27.6,32.4,25.7,22.821180120142344,88.46001493875849,5.0,8775.35558906746,21.9,11.2,25.4,7.8,30.7,30.7,33.0,25.4,25.8,58.5,125.89999999999999,7,187
2024-07-06,A8,TARABERIA,2.7,32.1,26.1,22.821180120142344,88.46001493875849,5.0,8775.35558906746,27.6,21.9,11.2,7.0,32.4,30.7,31.6,25.7,25.4,60.7,145.7,7,188
2024-07-07,A8,TARABERIA,11.7,32.0,26.4,22.821180120142344,88.46001493875849,5.0,8775.35558906746,2.7,27.6,21.9,34.0,32.1,32.4,32.0,26.1,25.7,52.199999999999996,141.4,7,189
2024-07-08,A8,TARABERIA,1.3,32.3,26.2,22.821180120142344,88.46001493875849,5.0,8775.35558906746,11.7,2.7,27.6,18.6,32.0,32.1,31.4,26.4,26.1,42.0,119.1,7,190
2024-07-09,A8,TARABERIA,3.5,31.5,27.0,22.821180120142344,88.46001493875849,5.0,8775.35558906746,1.3,11.7,2.7,25.4,32.3,32.0,30.5,26.2,26.4,15.7,101.8,7,191
2024-07-10,A8,TARABERIA,1.8,32.8,27.5,22.821180120142344,88.46001493875849,5.0,8775.35558906746,3.5,1.3,11.7,11.2,31.5,32.3,30.7,27.0,26.2,16.5,79.89999999999999,7,192
2024-07-11,A8,TARABERIA,27.9,32.8,27.6,22.821180120142344,88.46001493875849,5.0,8775.35558906746,1.8,3.5,1.3,21.9,32.8,31.5,30.7,27.5,27.0,6.6,70.5,7,193
2024-07-12,A8,TARABERIA,8.8,32.0,26.0,22.821180120142344,88.46001493875849,5.0,8775.35558906746,27.9,1.8,3.5,27.6,32.8,32.8,32.4,27.6,27.5,33.199999999999996,76.5,7,194
2024-07-13,A8,TARABERIA,5.5,32.8,25.4,22.821180120142344,88.46001493875849,5.0,8775.35558906746,8.8,27.9,1.8,2.7,32.0,32.8,32.1,26.0,27.6,38.5,57.699999999999996,7,195
2024-07-14,A8,TARABERIA,3.8,32.6,26.3,22.821180120142344,88.46001493875849,5.0,8775.35558906746,5.5,8.8,27.9,11.7,32.8,32.0,32.0,25.4,26.0,42.2,60.5,7,196
2024-07-15,A8,TARABERIA,1.9,32.6,27.0,22.821180120142344,88.46001493875849,5.0,8775.35558906746,3.8,5.5,8.8,1.3,32.6,32.8,32.3,26.3,25.4,18.1,52.599999999999994,7,197
2024-07-16,A8,TARABERIA,4.2,32.3,26.6,22.821180120142344,88.46001493875849,5.0,8775.35558906746,1.9,3.8,5.5,3.5,32.6,32.6,31.5,27.0,26.3,11.2,53.2,7,198
2024-07-17,A8,TARABERIA,6.8,33.1,26.6,22.821180120142344,88.46001493875849,5.0,8775.35558906746,4.2,1.9,3.8,1.8,32.3,32.6,32.8,26.6,27.0,9.9,53.9,7,199
2024-07-18,A8,TARABERIA,1.5,33.4,26.7,22.821180120142344,88.46001493875849,5.0,8775.35558906746,6.8,4.2,1.9,27.9,33.1,32.3,32.8,26.6,26.6,12.9,58.900000000000006,7,200
2024-07-19,A8,TARABERIA,5.6,32.4,27.3,22.821180120142344,88.46001493875849,5.0,8775.35558906746,1.5,6.8,4.2,8.8,33.4,33.1,32.0,26.7,26.6,12.5,32.5,7,201
2024-07-20,A8,TARABERIA,2.7,32.4,27.1,22.821180120142344,88.46001493875849,5.0,8775.35558906746,5.6,1.5,6.8,5.5,32.4,33.4,32.8,27.3,26.7,13.9,29.3,7,202
2024-07-21,A8,TARABERIA,9.7,32.2,27.0,22.821180120142344,88.46001493875849,5.0,8775.35558906746,2.7,5.6,1.5,3.8,32.4,32.4,32.6,27.1,27.3,9.8,26.5,7,203
2024-07-22,A8,TARABERIA,12.6,31.3,26.7,22.821180120142344,88.46001493875849,5.0,8775.35558906746,9.7,2.7,5.6,1.9,32.2,32.4,32.6,27.0,27.1,18.0,32.4,7,204
2024-07-23,A8,TARABERIA,15.6,32.3,25.9,22.821180120142344,88.46001493875849,5.0,8775.35558906746,12.6,9.7,2.7,4.2,31.3,32.2,32.3,26.7,27.0,25.0,43.1,7,205
2024-07-24,A8,TARABERIA,13.3,32.6,26.6,22.821180120142344,88.46001493875849,5.0,8775.35558906746,15.6,12.6,9.7,6.8,32.3,31.3,33.1,25.9,26.7,37.9,54.5,7,206
2024-07-25,A8,TARABERIA,8.7,32.4,26.3,22.821180120142344,88.46001493875849,5.0,8775.35558906746,13.3,15.6,12.6,1.5,32.6,32.3,33.4,26.6,25.9,41.5,61.0,7,207
2024-07-26,A8,TARABERIA,21.8,31.4,26.2,22.821180120142344,88.46001493875849,5.0,8775.35558906746,8.7,13.3,15.6,5.6,32.4,32.6,32.4,26.3,26.6,37.6,68.2,7,208
2024-07-27,A8,TARABERIA,5.9,32.3,27.0,22.821180120142344,88.46001493875849,5.0,8775.35558906746,21.8,8.7,13.3,2.7,31.4,32.4,32.4,26.2,26.3,43.8,84.4,7,209
2024-07-28,A8,TARABERIA,21.8,31.1,26.3,22.821180120142344,88.46001493875849,5.0,8775.35558906746,5.9,21.8,8.7,9.7,32.3,31.4,32.2,27.0,26.2,36.4,87.6,7,210
2024-07-29,A8,TARABERIA,8.3,32.0,26.4,22.821180120142344,88.46001493875849,5.0,8775.35558906746,21.8,5.9,21.8,12.6,31.1,32.3,31.3,26.3,27.0,49.5,99.70000000000002,7,211
2024-07-30,A8,TARABERIA,5.2,33.0,26.2,22.821180120142344,88.46001493875849,5.0,8775.35558906746,8.3,21.8,5.9,15.6,32.0,31.1,32.3,26.4,26.3,36.0,95.4,7,212
2024-07-31,A8,TARABERIA,28.3,32.0,25.9,22.821180120142344,88.46001493875849,5.0,8775.35558906746,5.2,8.3,21.8,13.3,33.0,32.0,32.6,26.2,26.4,35.300000000000004,85.00000000000001,7,213
2024-08-01,A8,TARABERIA,67.5,28.9,25.3,22.821180120142344,88.46001493875849,5.0,8775.35558906746,28.3,5.2,8.3,8.7,32.0,33.0,32.4,25.9,26.2,41.8,100.00000000000001,8,214
2024-08-02,A8,TARABERIA,31.4,30.1,25.6,22.821180120142344,88.46001493875849,5.0,8775.35558906746,67.5,28.3,5.2,21.8,28.9,32.0,31.4,25.3,25.9,101.0,158.8,8,215
2024-08-03,A8,TARABERIA,28.2,31.0,24.9,22.821180120142344,88.46001493875849,5.0,8775.35558906746,31.4,67.5,28.3,5.9,30.1,28.9,32.3,25.6,25.3,127.19999999999999,168.4,8,216
2024-08-04,A8,TARABERIA,38.3,30.9,24.7,22.821180120142344,88.46001493875849,5.0,8775.35558906746,28.2,31.4,67.5,21.8,31.0,30.1,31.1,24.9,25.6,127.1,190.7,8,217
2024-08-05,A8,TARABERIA,18.6,32.4,24.8,22.821180120142344,88.46001493875849,5.0,8775.35558906746,38.3,28.2,31.4,8.3,30.9,31.0,32.0,24.7,24.9,97.89999999999999,207.2,8,218
2024-08-06,A8,TARABERIA,9.9,31.3,26.2,22.821180120142344,88.46001493875849,5.0,8775.35558906746,18.6,38.3,28.2,5.2,32.4,30.9,33.0,24.8,24.7,85.1,217.5,8,219
2024-08-07,A8,TARABERIA,3.0,30.5,25.8,22.821180120142344,88.46001493875849,5.0,8775.35558906746,9.9,18.6,38.3,28.3,31.3,32.4,32.0,26.2,24.8,66.8,222.20000000000002,8,220
2024-08-08,A8,TARABERIA,11.9,31.0,25.9,22.821180120142344,88.46001493875849,5.0,8775.35558906746,3.0,9.9,18.6,67.5,30.5,31.3,28.9,25.8,26.2,31.5,196.9,8,221
2024-08-09,A8,TARABERIA,11.5,30.9,25.3,22.821180120142344,88.46001493875849,5.0,8775.35558906746,11.9,3.0,9.9,31.4,31.0,30.5,30.1,25.9,25.8,24.8,141.29999999999998,8,222
2024-08-10,A8,TARABERIA,32.7,32.2,24.9,22.821180120142344,88.46001493875849,5.0,8775.35558906746,11.5,11.9,3.0,28.2,30.9,31.0,31.0,25.3,25.9,26.4,121.39999999999999,8,223
2024-08-11,A8,TARABERIA,10.0,32.3,25.1,22.821180120142344,88.46001493875849,5.0,8775.35558906746,32.7,11.5,11.9,38.3,32.2,30.9,30.9,24.9,25.3,56.1,125.9,8,224
2024-08-12,A8,TARABERIA,11.5,32.4,25.4,22.821180120142344,88.46001493875849,5.0,8775.35558906746,10.0,32.7,11.5,18.6,32.3,32.2,32.4,25.1,24.9,54.2,97.60000000000001,8,225
2024-08-13,A8,TARABERIA,13.0,32.3,25.4,22.821180120142344,88.46001493875849,5.0,8775.35558906746,11.5,10.0,32.7,9.9,32.4,32.3,31.3,25.4,25.1,54.2,90.5,8,226
2024-08-14,A8,TARABERIA,16.6,32.4,25.0,22.821180120142344,88.46001493875849,5.0,8775.35558906746,13.0,11.5,10.0,3.0,32.3,32.4,30.5,25.4,25.4,34.5,93.60000000000001,8,227
2024-08-15,A8,TARABERIA,9.2,32.9,25.7,22.821180120142344,88.46001493875849,5.0,8775.35558906746,16.6,13.0,11.5,11.9,32.4,32.3,31.0,25.0,25.4,41.1,107.20000000000002,8,228
2024-08-16,A8,TARABERIA,1.1,31.3,25.2,22.821180120142344,88.46001493875849,5.0,8775.35558906746,9.2,16.6,13.0,11.5,32.9,32.4,30.9,25.7,25.0,38.8,104.5,8,229
2024-08-17,A8,TARABERIA,16.8,32.8,25.3,22.821180120142344,88.46001493875849,5.0,8775.35558906746,1.1,9.2,16.6,32.7,31.3,32.9,32.2,25.2,25.7,26.900000000000002,94.10000000000001,8,230
2024-08-18,A8,TARABERIA,16.5,29.4,25.2,22.821180120142344,88.46001493875849,5.0,8775.35558906746,16.8,1.1,9.2,10.0,32.8,31.3,32.3,25.3,25.2,27.1,78.2,8,231
2024-08-19,A8,TARABERIA,17.0,30.6,25.7,22.821180120142344,88.46001493875849,5.0,8775.35558906746,16.5,16.8,1.1,11.5,29.4,32.8,32.4,25.2,25.3,34.400000000000006,84.7,8,232
2024-08-20,A8,TARABERIA,19.2,30.9,24.8,22.821180120142344,88.46001493875849,5.0,8775.35558906746,17.0,16.5,16.8,13.0,30.6,29.4,32.3,25.7,25.2,50.3,90.2,8,233
2024-08-21,A8,TARABERIA,29.5,31.8,24.9,22.821180120142344,88.46001493875849,5.0,8775.35558906746,19.2,17.0,16.5,16.6,30.9,30.6,32.4,24.8,25.7,52.7,96.4,8,234
2024-08-22,A8,TARABERIA,24.7,31.5,25.6,22.821180120142344,88.46001493875849,5.0,8775.35558906746,29.5,19.2,17.0,9.2,31.8,30.9,32.9,24.9,24.8,65.7,109.30000000000001,8,235
2024-08-23,A8,TARABERIA,33.6,30.5,24.6,22.821180120142344,88.46001493875849,5.0,8775.35558906746,24.7,29.5,19.2,1.1,31.5,31.8,31.3,25.6,24.9,73.4,124.80000000000001,8,236
2024-08-24,A8,TARABERIA,5.0,29.2,25.0,22.821180120142344,88.46001493875849,5.0,8775.35558906746,33.6,24.7,29.5,16.8,30.5,31.5,32.8,24.6,25.6,87.8,157.3,8,237
2024-08-25,A8,TARABERIA,42.7,29.4,24.2,22.821180120142344,88.46001493875849,5.0,8775.35558906746,5.0,33.6,24.7,16.5,29.2,30.5,29.4,25.0,24.6,63.3,145.5,8,238
2024-08-26,A8,TARABERIA,29.0,29.6,24.6,22.821180120142344,88.46001493875849,5.0,8775.35558906746,42.7,5.0,33.6,17.0,29.4,29.2,30.6,24.2,25.0,81.3,171.7,8,239
2024-08-27,A8,TARABERIA,23.8,30.5,24.6,22.821180120142344,88.46001493875849,5.0,8775.35558906746,29.0,42.7,5.0,19.2,29.6,29.4,30.9,24.6,24.2,76.7,183.7,8,240
2024-08-28,A8,TARABERIA,6.8,32.0,24.7,22.821180120142344,88.46001493875849,5.0,8775.35558906746,23.8,29.0,42.7,29.5,30.5,29.6,31.8,24.6,24.6,95.5,188.3,8,241
2024-08-29,A8,TARABERIA,5.5,32.3,25.5,22.821180120142344,88.46001493875849,5.0,8775.35558906746,6.8,23.8,29.0,24.7,32.0,30.5,31.5,24.7,24.6,59.6,165.6,8,242
2024-08-30,A8,TARABERIA,0.3,32.9,24.9,22.821180120142344,88.46001493875849,5.0,8775.35558906746,5.5,6.8,23.8,33.6,32.3,32.0,30.5,25.5,24.7,36.1,146.4,8,243
2024-08-31,A8,TARABERIA,3.6,32.3,26.2,22.821180120142344,88.46001493875849,5.0,8775.35558906746,0.3,5.5,6.8,5.0,32.9,32.3,29.2,24.9,25.5,12.6,113.10000000000001,8,244
2024-09-01,A8,TARABERIA,10.6,30.5,26.2,22.821180120142344,88.46001493875849,5.0,8775.35558906746,3.6,0.3,5.5,42.7,32.3,32.9,29.4,26.2,24.9,9.4,111.7,9,245
2024-09-02,A8,TARABERIA,3.0,32.2,25.5,22.821180120142344,88.46001493875849,5.0,8775.35558906746,10.6,3.6,0.3,29.0,30.5,32.3,29.6,26.2,26.2,14.5,79.6,9,246
2024-09-03,A8,TARABERIA,6.7,31.9,25.3,22.821180120142344,88.46001493875849,5.0,8775.35558906746,3.0,10.6,3.6,23.8,32.2,30.5,30.5,25.5,26.2,17.2,53.6,9,247
2024-09-04,A8,TARABERIA,9.4,31.4,25.6,22.821180120142344,88.46001493875849,5.0,8775.35558906746,6.7,3.0,10.6,6.8,31.9,32.2,32.0,25.3,25.5,20.3,36.5,9,248
2024-09-05,A8,TARABERIA,3.1,32.4,25.4,22.821180120142344,88.46001493875849,5.0,8775.35558906746,9.4,6.7,3.0,5.5,31.4,31.9,32.3,25.6,25.3,19.1,39.099999999999994,9,249
2024-09-06,A8,TARABERIA,2.3,33.2,25.9,22.821180120142344,88.46001493875849,5.0,8775.35558906746,3.1,9.4,6.7,0.3,32.4,31.4,32.9,25.4,25.6,19.2,36.699999999999996,9,250
2024-09-07,A8,TARABERIA,14.8,33.6,25.5,22.821180120142344,88.46001493875849,5.0,8775.35558906746,2.3,3.1,9.4,3.6,33.2,32.4,32.3,25.9,25.4,14.8,38.7,9,251
2024-09-08,A8,TARABERIA,7.7,32.1,26.2,22.821180120142344,88.46001493875849,5.0,8775.35558906746,14.8,2.3,3.1,10.6,33.6,33.2,30.5,25.5,25.9,20.2,49.9,9,252
2024-09-09,A8,TARABERIA,3.6,32.3,26.5,22.821180120142344,88.46001493875849,5.0,8775.35558906746,7.7,14.8,2.3,3.0,32.1,33.6,32.2,26.2,25.5,24.799999999999997,47.0,9,253
2024-09-10,A8,TARABERIA,5.7,31.6,25.9,22.821180120142344,88.46001493875849,5.0,8775.35558906746,3.6,7.7,14.8,6.7,32.3,32.1,31.9,26.5,26.2,26.1,47.6,9,254
2024-09-11,A8,TARABERIA,10.0,32.3,26.1,22.821180120142344,88.46001493875849,5.0,8775.35558906746,5.7,3.6,7.7,9.4,31.6,32.3,31.4,25.9,26.5,17.0,46.6,9,255
2024-09-12,A8,TARABERIA,15.9,32.0,26.2,22.821180120142344,88.46001493875849,5.0,8775.35558906746,10.0,5.7,3.6,3.1,32.3,31.6,32.4,26.1,25.9,19.299999999999997,47.2,9,256
2024-09-13,A8,TARABERIA,28.3,32.2,25.7,22.821180120142344,88.46001493875849,5.0,8775.35558906746,15.9,10.0,5.7,2.3,32.0,32.3,33.2,26.2,26.1,31.599999999999998,60.0,9,257
2024-09-14,A8,TARABERIA,48.7,27.6,25.1,22.821180120142344,88.46001493875849,5.0,8775.35558906746,28.3,15.9,10.0,14.8,32.2,32.0,33.6,25.7,26.2,54.2,86.0,9,258
2024-09-15,A8,TARABERIA,18.8,28.6,24.9,22.821180120142344,88.46001493875849,5.0,8775.35558906746,48.7,28.3,15.9,7.7,27.6,32.2,32.1,25.1,25.7,92.9,119.9,9,259
2024-09-16,A8,TARABERIA,16.9,27.9,25.2,22.821180120142344,88.46001493875849,5.0,8775.35558906746,18.8,48.7,28.3,3.6,28.6,27.6,32.3,24.9,25.1,95.8,131.0,9,260
2024-09-17,A8,TARABERIA,0.2,32.3,25.6,22.821180120142344,88.46001493875849,5.0,8775.35558906746,16.9,18.8,48.7,5.7,27.9,28.6,31.6,25.2,24.9,84.4,144.3,9,261
2024-09-18,A8,TARABERIA,0.0,32.8,24.4,22.821180120142344,88.46001493875849,5.0,8775.35558906746,0.2,16.9,18.8,10.0,32.3,27.9,32.3,25.6,25.2,35.9,138.79999999999998,9,262
2024-09-19,A8,TARABERIA,3.2,32.8,25.8,22.821180120142344,88.46001493875849,5.0,8775.35558906746,0.0,0.2,16.9,15.9,32.8,32.3,32.0,24.4,25.6,17.099999999999998,128.79999999999998,9,263
2024-09-20,A8,TARABERIA,0.6,33.9,26.4,22.821180120142344,88.46001493875849,5.0,8775.35558906746,3.2,0.0,0.2,28.3,32.8,32.8,32.2,25.8,24.4,3.4000000000000004,116.1,9,264
2024-09-21,A8,TARABERIA,3.7,33.4,26.1,22.821180120142344,88.46001493875849,5.0,8775.35558906746,0.6,3.2,0.0,48.7,33.9,32.8,27.6,26.4,25.8,3.8000000000000003,88.4,9,265
2024-09-22,A8,TARABERIA,0.0,34.1,26.8,22.821180120142344,88.46001493875849,5.0,8775.35558906746,3.7,0.6,3.2,18.8,33.4,33.9,28.6,26.1,26.4,7.5,43.4,9,266
2024-09-23,A8,TARABERIA,8.0,34.1,26.1,22.821180120142344,88.46001493875849,5.0,8775.35558906746,0.0,3.7,0.6,16.9,34.1,33.4,27.9,26.8,26.1,4.300000000000001,24.599999999999998,9,267
2024-09-24,A8,TARABERIA,10.5,30.7,26.3,22.821180120142344,88.46001493875849,5.0,8775.35558906746,8.0,0.0,3.7,0.2,34.1,34.1,32.3,26.1,26.8,11.700000000000001,15.700000000000001,9,268
2024-09-25,A8,TARABERIA,26.3,28.8,24.1,22.821180120142344,88.46001493875849,5.0,8775.35558906746,10.5,8.0,0.0,0.0,30.7,34.1,32.8,26.3,26.1,18.5,26.0,9,269
2024-09-26,A8,TARABERIA,26.5,28.4,24.4,22.821180120142344,88.46001493875849,5.0,8775.35558906746,26.3,10.5,8.0,3.2,28.8,30.7,32.8,24.1,26.3,44.8,52.300000000000004,9,270
2024-09-27,A8,TARABERIA,12.2,30.8,24.6,22.821180120142344,88.46001493875849,5.0,8775.35558906746,26.5,26.3,10.5,0.6,28.4,28.8,33.9,24.4,24.1,63.3,75.6,9,271
2024-09-28,A8,TARABERIA,4.1,31.6,25.0,22.821180120142344,88.46001493875849,5.0,8775.35558906746,12.2,26.5,26.3,3.7,30.8,28.4,33.4,24.6,24.4,65.0,87.2,9,272
2024-09-29,A8,TARABERIA,5.5,32.2,26.2,22.821180120142344,88.46001493875849,5.0,8775.35558906746,4.1,12.2,26.5,0.0,31.6,30.8,34.1,25.0,24.6,42.800000000000004,87.60000000000001,9,273
2024-09-30,A8,TARABERIA,0.4,33.2,26.0,22.821180120142344,88.46001493875849,5.0,8775.35558906746,5.5,4.1,12.2,8.0,32.2,31.6,34.1,26.2,25.0,21.799999999999997,93.10000000000001,9,274
2024-10-01,A8,TARABERIA,9.5,34.0,26.4,22.821180120142344,88.46001493875849,5.0,8775.35558906746,0.4,5.5,4.1,10.5,33.2,32.2,30.7,26.0,26.2,10.0,85.5,10,275
2024-10-02,A8,TARABERIA,8.4,32.1,24.6,22.821180120142344,88.46001493875849,5.0,8775.35558906746,9.5,0.4,5.5,26.3,34.0,33.2,28.8,26.4,26.0,15.4,84.5,10,276
2024-10-03,A8,TARABERIA,19.3,30.8,26.0,22.821180120142344,88.46001493875849,5.0,8775.35558906746,8.4,9.5,0.4,26.5,32.1,34.0,28.4,24.6,26.4,18.3,66.6,10,277
2024-10-04,A8,TARABERIA,31.9,30.4,24.8,22.821180120142344,88.46001493875849,5.0,8775.35558906746,19.3,8.4,9.5,12.2,30.8,32.1,30.8,26.0,24.6,37.2,59.4,10,278
2024-10-05,A8,TARABERIA,22.9,30.4,24.7,22.821180120142344,88.46001493875849,5.0,8775.35558906746,31.9,19.3,8.4,4.1,30.4,30.8,31.6,24.8,26.0,59.6,79.1,10,279
2024-10-06,A8,TARABERIA,7.9,30.4,24.5,22.821180120142344,88.46001493875849,5.0,8775.35558906746,22.9,31.9,19.3,5.5,30.4,30.4,32.2,24.7,24.8,74.1,97.89999999999999,10,280
2024-10-07,A8,TARABERIA,9.6,30.9,24.0,22.821180120142344,88.46001493875849,5.0,8775.35558906746,7.9,22.9,31.9,0.4,30.4,30.4,33.2,24.5,24.7,62.699999999999996,100.3,10,281
2024-10-08,A8,TARABERIA,8.3,30.7,25.3,22.821180120142344,88.46001493875849,5.0,8775.35558906746,9.6,7.9,22.9,9.5,30.9,30.4,34.0,24.0,24.5,40.4,109.5,10,282
2024-10-09,A8,TARABERIA,10.3,30.3,24.8,22.821180120142344,88.46001493875849,5.0,8775.35558906746,8.3,9.6,7.9,8.4,30.7,30.9,32.1,25.3,24.0,25.8,108.3,10,283
2024-10-10,A8,TARABERIA,12.4,30.7,24.7,22.821180120142344,88.46001493875849,5.0,8775.35558906746,10.3,8.3,9.6,19.3,30.3,30.7,30.8,24.8,25.3,28.2,110.19999999999999,10,284
2024-10-11,A8,TARABERIA,5.3,32.0,25.2,22.821180120142344,88.46001493875849,5.0,8775.35558906746,12.4,10.3,8.3,31.9,30.7,30.3,30.4,24.7,24.8,31.0,103.3,10,285
2024-10-12,A8,TARABERIA,6.9,31.9,24.6,22.821180120142344,88.46001493875849,5.0,8775.35558906746,5.3,12.4,10.3,22.9,32.0,30.7,30.4,25.2,24.7,28.0,76.7,10,286
2024-10-13,A8,TARABERIA,1.2,32.0,24.6,22.821180120142344,88.46001493875849,5.0,8775.35558906746,6.9,5.3,12.4,7.9,31.9,32.0,30.4,24.6,25.2,24.6,60.7,10,287
2024-10-14,A8,TARABERIA,0.0,32.1,23.9,22.821180120142344,88.46001493875849,5.0,8775.35558906746,1.2,6.9,5.3,9.6,32.0,31.9,30.9,24.6,24.6,13.4,54.0,10,288
2024-10-15,A8,TARABERIA,9.0,31.6,24.3,22.821180120142344,88.46001493875849,5.0,8775.35558906746,0.0,1.2,6.9,8.3,32.1,32.0,30.7,23.9,24.6,8.100000000000001,44.4,10,289
2024-10-16,A8,TARABERIA,0.1,31.3,23.9,22.821180120142344,88.46001493875849,5.0,8775.35558906746,9.0,0.0,1.2,10.3,31.6,32.1,30.3,24.3,23.9,10.2,45.099999999999994,10,290
2024-10-17,A8,TARABERIA,8.2,31.1,23.8,22.821180120142344,88.46001493875849,5.0,8775.35558906746,0.1,9.0,0.0,12.4,31.3,31.6,30.7,23.9,24.3,9.1,34.9,10,291
2024-10-18,A8,TARABERIA,5.4,29.5,23.4,22.821180120142344,88.46001493875849,5.0,8775.35558906746,8.2,0.1,9.0,5.3,31.1,31.3,32.0,23.8,23.9,17.299999999999997,30.700000000000003,10,292
2024-10-19,A8,TARABERIA,9.0,30.2,23.4,22.821180120142344,88.46001493875849,5.0,8775.35558906746,5.4,8.2,0.1,6.9,29.5,31.1,31.9,23.4,23.8,13.7,30.8,10,293
2024-10-20,A8,TARABERIA,0.0,30.6,23.5,22.821180120142344,88.46001493875849,5.0,8775.35558906746,9.0,5.4,8.2,1.2,30.2,29.5,32.0,23.4,23.4,22.6,32.9,10,294
2024-10-21,A8,TARABERIA,0.0,30.6,23.7,22.821180120142344,88.46001493875849,5.0,8775.35558906746,0.0,9.0,5.4,0.0,30.6,30.2,32.1,23.5,23.4,14.4,31.7,10,295
2024-10-22,A8,TARABERIA,0.0,31.0,22.6,22.821180120142344,88.46001493875849,5.0,8775.35558906746,0.0,0.0,9.0,9.0,30.6,30.6,31.6,23.7,23.5,9.0,31.7,10,296
2024-10-23,A8,TARABERIA,12.6,29.9,24.0,22.821180120142344,88.46001493875849,5.0,8775.35558906746,0.0,0.0,0.0,0.1,31.0,30.6,31.3,22.6,23.7,0.0,22.7,10,297
2024-10-24,A8,TARABERIA,14.5,27.1,24.1,22.821180120142344,88.46001493875849,5.0,8775.35558906746,12.6,0.0,0.0,8.2,29.9,31.0,31.1,24.0,22.6,12.6,35.199999999999996,10,298
2024-10-25,A8,TARABERIA,28.6,25.9,23.7,22.821180120142344,88.46001493875849,5.0,8775.35558906746,14.5,12.6,0.0,5.4,27.1,29.9,29.5,24.1,24.0,27.1,41.5,10,299
2024-10-26,A8,TARABERIA,2.8,31.5,24.5,22.821180120142344,88.46001493875849,5.0,8775.35558906746,28.6,14.5,12.6,9.0,25.9,27.1,30.2,23.7,24.1,55.7,64.69999999999999,10,300
2024-10-27,A8,TARABERIA,0.3,31.1,23.5,22.821180120142344,88.46001493875849,5.0,8775.35558906746,2.8,28.6,14.5,0.0,31.5,25.9,30.6,24.5,23.7,45.9,58.49999999999999,10,301
2024-10-28,A8,TARABERIA,0.3,31.4,23.1,22.821180120142344,88.46001493875849,5.0,8775.35558906746,0.3,2.8,28.6,0.0,31.1,31.5,30.6,23.5,24.5,31.700000000000003,58.800000000000004,10,302
2024-10-29,A8,TARABERIA,0.0,31.3,23.4,22.821180120142344,88.46001493875849,5.0,8775.35558906746,0.3,0.3,2.8,0.0,31.4,31.1,31.0,23.1,23.5,3.4,59.099999999999994,10,303
2024-10-30,A8,TARABERIA,0.6,31.1,23.6,22.821180120142344,88.46001493875849,5.0,8775.35558906746,0.0,0.3,0.3,12.6,31.3,31.4,29.9,23.4,23.1,0.6,59.099999999999994,10,304
2024-10-31,A8,TARABERIA,0.8,31.2,23.8,22.821180120142344,88.46001493875849,5.0,8775.35558906746,0.6,0.0,0.3,14.5,31.1,31.3,27.1,23.6,23.4,0.8999999999999999,47.1,10,305
2024-11-01,A8,TARABERIA,0.0,32.3,23.0,22.821180120142344,88.46001493875849,5.0,8775.35558906746,0.8,0.6,0.0,28.6,31.2,31.1,25.9,23.8,23.6,1.4,33.4,11,306
2024-11-02,A8,TARABERIA,0.0,31.4,20.9,22.821180120142344,88.46001493875849,5.0,8775.35558906746,0.0,0.8,0.6,2.8,32.3,31.2,31.5,23.0,23.8,1.4,4.8,11,307
2024-11-03,A8,TARABERIA,0.0,30.7,20.6,22.821180120142344,88.46001493875849,5.0,8775.35558906746,0.0,0.0,0.8,0.3,31.4,32.3,31.1,20.9,23.0,0.8000000000000002,2.0,11,308
2024-11-04,A8,TARABERIA,0.0,30.5,20.8,22.821180120142344,88.46001493875849,5.0,8775.35558906746,0.0,0.0,0.0,0.3,30.7,31.4,31.4,20.6,20.9,0.0,1.7,11,309
2024-11-05,A8,TARABERIA,0.4,29.8,21.9,22.821180120142344,88.46001493875849,5.0,8775.35558906746,0.0,0.0,0.0,0.0,30.5,30.7,31.3,20.8,20.6,0.0,1.4,11,310
2024-11-06,A8,TARABERIA,0.5,29.4,21.8,22.821180120142344,88.46001493875849,5.0,8775.35558906746,0.4,0.0,0.0,0.6,29.8,30.5,31.1,21.9,20.8,0.40000000000000013,1.7999999999999998,11,311
2024-11-07,A8,TARABERIA,0.3,30.0,20.6,22.821180120142344,88.46001493875849,5.0,8775.35558906746,0.5,0.4,0.0,0.8,29.4,29.8,31.2,21.8,21.9,0.9000000000000001,1.7000000000000002,11,312
2024-11-08,A8,TARABERIA,0.0,30.2,21.4,22.821180120142344,88.46001493875849,5.0,8775.35558906746,0.3,0.5,0.4,0.0,30.0,29.4,32.3,20.6,21.8,1.2000000000000002,1.2,11,313
2024-11-09,A8,TARABERIA,0.0,29.7,20.9,22.821180120142344,88.46001493875849,5.0,8775.35558906746,0.0,0.3,0.5,0.0,30.2,30.0,31.4,21.4,20.6,0.8,1.2,11,314
2024-11-10,A8,TARABERIA,0.0,30.1,20.4,22.821180120142344,88.46001493875849,5.0,8775.35558906746,0.0,0.0,0.3,0.0,29.7,30.2,30.7,20.9,21.4,0.3000000000000001,1.2,11,315
2024-11-11,A8,TARABERIA,0.0,30.2,20.2,22.821180120142344,88.46001493875849,5.0,8775.35558906746,0.0,0.0,0.0,0.0,30.1,29.7,30.5,20.4,20.9,0.0,1.2,11,316
2024-11-12,A8,TARABERIA,0.0,30.2,19.8,22.821180120142344,88.46001493875849,5.0,8775.35558906746,0.0,0.0,0.0,0.4,30.2,30.1,29.8,20.2,20.4,0.0,1.2,11,317
2024-11-13,A8,TARABERIA,0.0,31.2,20.3,22.821180120142344,88.46001493875849,5.0,8775.35558906746,0.0,0.0,0.0,0.5,30.2,30.2,29.4,19.8,20.2,0.0,0.8,11,318
2024-11-14,A8,TARABERIA,0.0,31.1,20.2,22.821180120142344,88.46001493875849,5.0,8775.35558906746,0.0,0.0,0.0,0.3,31.2,30.2,30.0,20.3,19.8,0.0,0.3,11,319
2024-11-15,A8,TARABERIA,0.0,30.9,19.0,22.821180120142344,88.46001493875849,5.0,8775.35558906746,0.0,0.0,0.0,0.0,31.1,31.2,30.2,20.2,20.3,0.0,0.0,11,320
2024-11-16,A8,TARABERIA,0.0,29.7,17.8,22.821180120142344,88.46001493875849,5.0,8775.35558906746,0.0,0.0,0.0,0.0,30.9,31.1,29.7,19.0,20.2,0.0,0.0,11,321
2024-11-17,A8,TARABERIA,0.0,29.1,17.8,22.821180120142344,88.46001493875849,5.0,8775.35558906746,0.0,0.0,0.0,0.0,29.7,30.9,30.1,17.8,19.0,0.0,0.0,11,322
2024-11-18,A8,TARABERIA,0.0,28.8,17.1,22.821180120142344,88.46001493875849,5.0,8775.35558906746,0.0,0.0,0.0,0.0,29.1,29.7,30.2,17.8,17.8,0.0,0.0,11,323
2024-11-19,A8,TARABERIA,0.0,28.3,17.6,22.821180120142344,88.46001493875849,5.0,8775.35558906746,0.0,0.0,0.0,0.0,28.8,29.1,30.2,17.1,17.8,0.0,0.0,11,324
2024-11-20,A8,TARABERIA,0.0,29.4,17.4,22.821180120142344,88.46001493875849,5.0,8775.35558906746,0.0,0.0,0.0,0.0,28.3,28.8,31.2,17.6,17.1,0.0,0.0,11,325
2024-11-21,A8,TARABERIA,0.0,29.2,18.4,22.821180120142344,88.46001493875849,5.0,8775.35558906746,0.0,0.0,0.0,0.0,29.4,28.3,31.1,17.4,17.6,0.0,0.0,11,326
2024-11-22,A8,TARABERIA,0.0,29.2,17.9,22.821180120142344,88.46001493875849,5.0,8775.35558906746,0.0,0.0,0.0,0.0,29.2,29.4,30.9,18.4,17.4,0.0,0.0,11,327
2024-11-23,A8,TARABERIA,0.0,29.0,17.7,22.821180120142344,88.46001493875849,5.0,8775.35558906746,0.0,0.0,0.0,0.0,29.2,29.2,29.7,17.9,18.4,0.0,0.0,11,328
2024-11-24,A8,TARABERIA,0.0,28.4,16.5,22.821180120142344,88.46001493875849,5.0,8775.35558906746,0.0,0.0,0.0,0.0,29.0,29.2,29.1,17.7,17.9,0.0,0.0,11,329
2024-11-25,A8,TARABERIA,0.0,27.8,16.2,22.821180120142344,88.46001493875849,5.0,8775.35558906746,0.0,0.0,0.0,0.0,28.4,29.0,28.8,16.5,17.7,0.0,0.0,11,330
2024-11-26,A8,TARABERIA,0.0,27.8,16.1,22.821180120142344,88.46001493875849,5.0,8775.35558906746,0.0,0.0,0.0,0.0,27.8,28.4,28.3,16.2,16.5,0.0,0.0,11,331
2024-11-27,A8,TARABERIA,0.0,28.3,16.4,22.821180120142344,88.46001493875849,5.0,8775.35558906746,0.0,0.0,0.0,0.0,27.8,27.8,29.4,16.1,16.2,0.0,0.0,11,332
2024-11-28,A8,TARABERIA,0.0,28.1,16.9,22.821180120142344,88.46001493875849,5.0,8775.35558906746,0.0,0.0,0.0,0.0,28.3,27.8,29.2,16.4,16.1,0.0,0.0,11,333
2024-11-29,A8,TARABERIA,0.3,27.1,19.6,22.821180120142344,88.46001493875849,5.0,8775.35558906746,0.0,0.0,0.0,0.0,28.1,28.3,29.2,16.9,16.4,0.0,0.0,11,334
2024-11-30,A8,TARABERIA,19.3,23.2,18.5,22.821180120142344,88.46001493875849,5.0,8775.35558906746,0.3,0.0,0.0,0.0,27.1,28.1,29.0,19.6,16.9,0.3000000000000001,0.3,11,335
2024-12-01,A8,TARABERIA,0.0,28.1,18.3,22.821180120142344,88.46001493875849,5.0,8775.35558906746,19.3,0.3,0.0,0.0,23.2,27.1,28.4,18.5,19.6,19.6,19.6,12,336
2024-12-02,A8,TARABERIA,0.3,22.8,19.1,22.821180120142344,88.46001493875849,5.0,8775.35558906746,0.0,19.3,0.3,0.0,28.1,23.2,27.8,18.3,18.5,19.6,19.6,12,337
2024-12-03,A8,TARABERIA,0.0,28.3,18.2,22.821180120142344,88.46001493875849,5.0,8775.35558906746,0.3,0.0,19.3,0.0,22.8,28.1,27.8,19.1,18.3,19.6,19.900000000000002,12,338
2024-12-04,A8,TARABERIA,0.0,27.9,16.2,22.821180120142344,88.46001493875849,5.0,8775.35558906746,0.0,0.3,0.0,0.0,28.3,22.8,28.3,18.2,19.1,0.3,19.900000000000002,12,339
2024-12-05,A8,TARABERIA,0.0,28.8,15.6,22.821180120142344,88.46001493875849,5.0,8775.35558906746,0.0,0.0,0.3,0.0,27.9,28.3,28.1,16.2,18.2,0.3,19.900000000000002,12,340
2024-12-06,A8,TARABERIA,0.0,27.0,15.4,22.821180120142344,88.46001493875849,5.0,8775.35558906746,0.0,0.0,0.0,0.3,28.8,27.9,27.1,15.6,16.2,0.0,19.900000000000002,12,341
2024-12-07,A8,TARABERIA,0.0,25.9,14.0,22.821180120142344,88.46001493875849,5.0,8775.35558906746,0.0,0.0,0.0,19.3,27.0,28.8,23.2,15.4,15.6,0.0,19.6,12,342
2024-12-08,A8,TARABERIA,0.0,25.6,13.1,22.821180120142344,88.46001493875849,5.0,8775.35558906746,0.0,0.0,0.0,0.0,25.9,27.0,28.1,14.0,15.4,0.0,0.3,12,343
2024-12-09,A8,TARABERIA,0.0,26.0,14.4,22.821180120142344,88.46001493875849,5.0,8775.35558906746,0.0,0.0,0.0,0.3,25.6,25.9,22.8,13.1,14.0,0.0,0.3,12,344
2024-12-10,A8,TARABERIA,0.2,26.0,16.2,22.821180120142344,88.46001493875849,5.0,8775.35558906746,0.0,0.0,0.0,0.0,26.0,25.6,28.3,14.4,13.1,0.0,0.0,12,345
2024-12-11,A8,TARABERIA,0.0,24.3,14.2,22.821180120142344,88.46001493875849,5.0,8775.35558906746,0.2,0.0,0.0,0.0,26.0,26.0,27.9,16.2,14.4,0.2,0.2,12,346
2024-12-12,A8,TARABERIA,0.0,23.8,12.1,22.821180120142344,88.46001493875849,5.0,8775.35558906746,0.0,0.2,0.0,0.0,24.3,26.0,28.8,14.2,16.2,0.2,0.2,12,347
2024-12-13,A8,TARABERIA,0.0,23.4,11.4,22.821180120142344,88.46001493875849,5.0,8775.35558906746,0.0,0.0,0.2,0.0,23.8,24.3,27.0,12.1,14.2,0.2,0.2,12,348
2024-12-14,A8,TARABERIA,0.0,23.2,11.8,22.821180120142344,88.46001493875849,5.0,8775.35558906746,0.0,0.0,0.0,0.0,23.4,23.8,25.9,11.4,12.1,0.0,0.2,12,349
2024-12-15,A8,TARABERIA,0.0,23.8,10.8,22.821180120142344,88.46001493875849,5.0,8775.35558906746,0.0,0.0,0.0,0.0,23.2,23.4,25.6,11.8,11.4,0.0,0.2,12,350
2024-12-16,A8,TARABERIA,0.0,24.6,12.3,22.821180120142344,88.46001493875849,5.0,8775.35558906746,0.0,0.0,0.0,0.0,23.8,23.2,26.0,10.8,11.8,0.0,0.2,12,351
2024-12-17,A8,TARABERIA,0.0,25.5,13.0,22.821180120142344,88.46001493875849,5.0,8775.35558906746,0.0,0.0,0.0,0.2,24.6,23.8,26.0,12.3,10.8,0.0,0.2,12,352
2024-12-18,A8,TARABERIA,0.0,26.6,14.1,22.821180120142344,88.46001493875849,5.0,8775.35558906746,0.0,0.0,0.0,0.0,25.5,24.6,24.3,13.0,12.3,0.0,0.0,12,353
2024-12-19,A8,TARABERIA,0.0,25.9,14.3,22.821180120142344,88.46001493875849,5.0,8775.35558906746,0.0,0.0,0.0,0.0,26.6,25.5,23.8,14.1,13.0,0.0,0.0,12,354
2024-12-20,A8,TARABERIA,0.4,25.5,13.8,22.821180120142344,88.46001493875849,5.0,8775.35558906746,0.0,0.0,0.0,0.0,25.9,26.6,23.4,14.3,14.1,0.0,0.0,12,355
2024-12-21,A8,TARABERIA,2.2,20.4,15.4,22.821180120142344,88.46001493875849,5.0,8775.35558906746,0.4,0.0,0.0,0.0,25.5,25.9,23.2,13.8,14.3,0.4,0.4,12,356
2024-12-22,A8,TARABERIA,0.0,25.1,14.8,22.821180120142344,88.46001493875849,5.0,8775.35558906746,2.2,0.4,0.0,0.0,20.4,25.5,23.8,15.4,13.8,2.6,2.6,12,357
2024-12-23,A8,TARABERIA,0.0,26.2,15.1,22.821180120142344,88.46001493875849,5.0,8775.35558906746,0.0,2.2,0.4,0.0,25.1,20.4,24.6,14.8,15.4,2.6,2.6,12,358
2024-12-24,A8,TARABERIA,0.0,25.7,15.2,22.821180120142344,88.46001493875849,5.0,8775.35558906746,0.0,0.0,2.2,0.0,26.2,25.1,25.5,15.1,14.8,2.2,2.6,12,359
2024-12-25,A8,TARABERIA,0.0,25.5,17.0,22.821180120142344,88.46001493875849,5.0,8775.35558906746,0.0,0.0,0.0,0.0,25.7,26.2,26.6,15.2,15.1,0.0,2.6,12,360
2024-12-26,A8,TARABERIA,0.0,26.8,15.9,22.821180120142344,88.46001493875849,5.0,8775.35558906746,0.0,0.0,0.0,0.0,25.5,25.7,25.9,17.0,15.2,0.0,2.6,12,361
2024-12-27,A8,TARABERIA,0.0,26.6,14.8,22.821180120142344,88.46001493875849,5.0,8775.35558906746,0.0,0.0,0.0,0.4,26.8,25.5,25.5,15.9,17.0,0.0,2.6,12,362
2024-12-28,A8,TARABERIA,0.0,25.9,13.9,22.821180120142344,88.46001493875849,5.0,8775.35558906746,0.0,0.0,0.0,2.2,26.6,26.8,20.4,14.8,15.9,0.0,2.2,12,363
2024-12-29,A8,TARABERIA,0.0,26.7,15.2,22.821180120142344,88.46001493875849,5.0,8775.35558906746,0.0,0.0,0.0,0.0,25.9,26.6,25.1,13.9,14.8,0.0,0.0,12,364
2024-12-30,A8,TARABERIA,0.0,26.1,16.3,22.821180120142344,88.46001493875849,5.0,8775.35558906746,0.0,0.0,0.0,0.0,26.7,25.9,26.2,15.2,13.9,0.0,0.0,12,365
2024-12-31,A8,TARABERIA,0.0,23.9,15.1,22.821180120142344,88.46001493875849,5.0,8775.35558906746,0.0,0.0,0.0,0.0,26.1,26.7,25.7,16.3,15.2,0.0,0.0,12,366
2025-01-01,A8,TARABERIA,0.0,22.8,12.8,22.821180120142344,88.46001493875849,5.0,8775.35558906746,0.0,0.0,0.0,0.0,23.9,26.1,25.5,15.1,16.3,0.0,0.0,1,1
2025-01-02,A8,TARABERIA,0.0,22.2,12.1,22.821180120142344,88.46001493875849,5.0,8775.35558906746,0.0,0.0,0.0,0.0,22.8,23.9,26.8,12.8,15.1,0.0,0.0,1,2
2025-01-03,A8,TARABERIA,0.0,22.3,10.9,22.821180120142344,88.46001493875849,5.0,8775.35558906746,0.0,0.0,0.0,0.0,22.2,22.8,26.6,12.1,12.8,0.0,0.0,1,3
2025-01-04,A8,TARABERIA,0.0,23.7,12.7,22.821180120142344,88.46001493875849,5.0,8775.35558906746,0.0,0.0,0.0,0.0,22.3,22.2,25.9,10.9,12.1,0.0,0.0,1,4
2025-01-05,A8,TARABERIA,0.0,24.3,13.5,22.821180120142344,88.46001493875849,5.0,8775.35558906746,0.0,0.0,0.0,0.0,23.7,22.3,26.7,12.7,10.9,0.0,0.0,1,5
2025-01-06,A8,TARABERIA,0.0,24.4,12.4,22.821180120142344,88.46001493875849,5.0,8775.35558906746,0.0,0.0,0.0,0.0,24.3,23.7,26.1,13.5,12.7,0.0,0.0,1,6
2025-01-07,A8,TARABERIA,0.0,25.8,14.1,22.821180120142344,88.46001493875849,5.0,8775.35558906746,0.0,0.0,0.0,0.0,24.4,24.3,23.9,12.4,13.5,0.0,0.0,1,7
2025-01-08,A8,TARABERIA,0.0,22.4,13.2,22.821180120142344,88.46001493875849,5.0,8775.35558906746,0.0,0.0,0.0,0.0,25.8,24.4,22.8,14.1,12.4,0.0,0.0,1,8
2025-01-09,A8,TARABERIA,0.0,21.9,11.9,22.821180120142344,88.46001493875849,5.0,8775.35558906746,0.0,0.0,0.0,0.0,22.4,25.8,22.2,13.2,14.1,0.0,0.0,1,9
2025-01-10,A8,TARABERIA,0.0,22.6,12.0,22.821180120142344,88.46001493875849,5.0,8775.35558906746,0.0,0.0,0.0,0.0,21.9,22.4,22.3,11.9,13.2,0.0,0.0,1,10
2025-01-11,A8,TARABERIA,0.0,23.2,11.2,22.821180120142344,88.46001493875849,5.0,8775.35558906746,0.0,0.0,0.0,0.0,22.6,21.9,23.7,12.0,11.9,0.0,0.0,1,11
2025-01-12,A8,TARABERIA,0.0,24.7,12.5,22.821180120142344,88.46001493875849,5.0,8775.35558906746,0.0,0.0,0.0,0.0,23.2,22.6,24.3,11.2,12.0,0.0,0.0,1,12
2025-01-13,A8,TARABERIA,0.0,26.3,13.5,22.821180120142344,88.46001493875849,5.0,8775.35558906746,0.0,0.0,0.0,0.0,24.7,23.2,24.4,12.5,11.2,0.0,0.0,1,13
2025-01-14,A8,TARABERIA,0.0,25.1,15.1,22.821180120142344,88.46001493875849,5.0,8775.35558906746,0.0,0.0,0.0,0.0,26.3,24.7,25.8,13.5,12.5,0.0,0.0,1,14
2025-01-15,A8,TARABERIA,0.0,24.2,14.0,22.821180120142344,88.46001493875849,5.0,8775.35558906746,0.0,0.0,0.0,0.0,25.1,26.3,22.4,15.1,13.5,0.0,0.0,1,15
2025-01-16,A8,TARABERIA,0.0,24.3,12.6,22.821180120142344,88.46001493875849,5.0,8775.35558906746,0.0,0.0,0.0,0.0,24.2,25.1,21.9,14.0,15.1,0.0,0.0,1,16
2025-01-17,A8,TARABERIA,0.0,24.5,13.9,22.821180120142344,88.46001493875849,5.0,8775.35558906746,0.0,0.0,0.0,0.0,24.3,24.2,22.6,12.6,14.0,0.0,0.0,1,17
2025-01-18,A8,TARABERIA,0.0,24.5,13.7,22.821180120142344,88.46001493875849,5.0,8775.35558906746,0.0,0.0,0.0,0.0,24.5,24.3,23.2,13.9,12.6,0.0,0.0,1,18
2025-01-19,A8,TARABERIA,0.0,24.4,13.2,22.821180120142344,88.46001493875849,5.0,8775.35558906746,0.0,0.0,0.0,0.0,24.5,24.5,24.7,13.7,13.9,0.0,0.0,1,19
2025-01-20,A8,TARABERIA,0.0,23.8,12.2,22.821180120142344,88.46001493875849,5.0,8775.35558906746,0.0,0.0,0.0,0.0,24.4,24.5,26.3,13.2,13.7,0.0,0.0,1,20
2025-01-21,A8,TARABERIA,0.0,25.3,13.0,22.821180120142344,88.46001493875849,5.0,8775.35558906746,0.0,0.0,0.0,0.0,23.8,24.4,25.1,12.2,13.2,0.0,0.0,1,21
2025-01-22,A8,TARABERIA,0.0,26.2,13.7,22.821180120142344,88.46001493875849,5.0,8775.35558906746,0.0,0.0,0.0,0.0,25.3,23.8,24.2,13.0,12.2,0.0,0.0,1,22
2025-01-23,A8,TARABERIA,0.0,27.6,13.4,22.821180120142344,88.46001493875849,5.0,8775.35558906746,0.0,0.0,0.0,0.0,26.2,25.3,24.3,13.7,13.0,0.0,0.0,1,23
2025-01-24,A8,TARABERIA,0.0,27.8,14.5,22.821180120142344,88.46001493875849,5.0,8775.35558906746,0.0,0.0,0.0,0.0,27.6,26.2,24.5,13.4,13.7,0.0,0.0,1,24
2025-01-25,A8,TARABERIA,0.3,25.4,16.1,22.821180120142344,88.46001493875849,5.0,8775.35558906746,0.0,0.0,0.0,0.0,27.8,27.6,24.5,14.5,13.4,0.0,0.0,1,25
2025-01-26,A8,TARABERIA,0.0,24.3,13.3,22.821180120142344,88.46001493875849,5.0,8775.35558906746,0.3,0.0,0.0,0.0,25.4,27.8,24.4,16.1,14.5,0.3,0.3,1,26
2025-01-27,A8,TARABERIA,0.0,24.0,12.7,22.821180120142344,88.46001493875849,5.0,8775.35558906746,0.0,0.3,0.0,0.0,24.3,25.4,23.8,13.3,16.1,0.3,0.3,1,27
2025-01-28,A8,TARABERIA,0.0,25.6,12.6,22.821180120142344,88.46001493875849,5.0,8775.35558906746,0.0,0.0,0.3,0.0,24.0,24.3,25.3,12.7,13.3,0.3,0.3,1,28
2025-01-29,A8,TARABERIA,0.2,26.9,14.5,22.821180120142344,88.46001493875849,5.0,8775.35558906746,0.0,0.0,0.0,0.0,25.6,24.0,26.2,12.6,12.7,0.0,0.3,1,29
2025-01-30,A8,TARABERIA,0.1,29.1,17.5,22.821180120142344,88.46001493875849,5.0,8775.35558906746,0.2,0.0,0.0,0.0,26.9,25.6,27.6,14.5,12.6,0.2,0.5,1,30
2025-01-31,A8,TARABERIA,0.1,29.1,19.2,22.821180120142344,88.46001493875849,5.0,8775.35558906746,0.1,0.2,0.0,0.0,29.1,26.9,27.8,17.5,14.5,0.30000000000000004,0.6,1,31
2025-02-01,A8,TARABERIA,0.5,28.8,20.0,22.821180120142344,88.46001493875849,5.0,8775.35558906746,0.1,0.1,0.2,0.3,29.1,29.1,25.4,19.2,17.5,0.4,0.7,2,32
2025-02-02,A8,TARABERIA,0.2,28.5,20.2,22.821180120142344,88.46001493875849,5.0,8775.35558906746,0.5,0.1,0.1,0.0,28.8,29.1,24.3,20.0,19.2,0.7,0.8999999999999999,2,33
2025-02-03,A8,TARABERIA,0.0,28.5,18.7,22.821180120142344,88.46001493875849,5.0,8775.35558906746,0.2,0.5,0.1,0.0,28.5,28.8,24.0,20.2,20.0,0.8,1.1,2,34
2025-02-04,A8,TARABERIA,0.0,27.1,16.6,22.821180120142344,88.46001493875849,5.0,8775.35558906746,0.0,0.2,0.5,0.0,28.5,28.5,25.6,18.7,20.2,0.7,1.1,2,35
2025-02-05,A8,TARABERIA,0.0,29.0,15.9,22.821180120142344,88.46001493875849,5.0,8775.35558906746,0.0,0.0,0.2,0.2,27.1,28.5,26.9,16.6,18.7,0.2,1.1,2,36
2025-02-06,A8,TARABERIA,0.0,28.7,18.8,22.821180120142344,88.46001493875849,5.0,8775.35558906746,0.0,0.0,0.0,0.1,29.0,27.1,29.1,15.9,16.6,0.0,0.9,2,37
2025-02-07,A8,TARABERIA,0.0,25.6,14.4,22.821180120142344,88.46001493875849,5.0,8775.35558906746,0.0,0.0,0.0,0.1,28.7,29.0,29.1,18.8,15.9,0.0,0.7999999999999999,2,38
2025-02-08,A8,TARABERIA,0.0,25.4,13.2,22.821180120142344,88.46001493875849,5.0,8775.35558906746,0.0,0.0,0.0,0.5,25.6,28.7,28.8,14.4,18.8,0.0,0.7,2,39
2025-02-09,A8,TARABERIA,0.0,26.0,13.4,22.821180120142344,88.46001493875849,5.0,8775.35558906746,0.0,0.0,0.0,0.2,25.4,25.6,28.5,13.2,14.4,0.0,0.19999999999999996,2,40
2025-02-10,A8,TARABERIA,0.0,29.3,14.2,22.821180120142344,88.46001493875849,5.0,8775.35558906746,0.0,0.0,0.0,0.0,26.0,25.4,28.5,13.4,13.2,0.0,0.0,2,41
2025-02-11,A8,TARABERIA,0.0,29.9,18.8,22.821180120142344,88.46001493875849,5.0,8775.35558906746,0.0,0.0,0.0,0.0,29.3,26.0,27.1,14.2,13.4,0.0,0.0,2,42
2025-02-12,A8,TARABERIA,0.4,29.7,19.3,22.821180120142344,88.46001493875849,5.0,8775.35558906746,0.0,0.0,0.0,0.0,29.9,29.3,29.0,18.8,14.2,0.0,0.0,2,43
2025-02-13,A8,TARABERIA,0.1,30.2,20.6,22.821180120142344,88.46001493875849,5.0,8775.35558906746,0.4,0.0,0.0,0.0,29.7,29.9,28.7,19.3,18.8,0.4,0.39999999999999997,2,44
2025-02-14,A8,TARABERIA,0.0,27.8,15.7,22.821180120142344,88.46001493875849,5.0,8775.35558906746,0.1,0.4,0.0,0.0,30.2,29.7,25.6,20.6,19.3,0.5,0.5,2,45
2025-02-15,A8,TARABERIA,0.0,28.8,15.4,22.821180120142344,88.46001493875849,5.0,8775.35558906746,0.0,0.1,0.4,0.0,27.8,30.2,25.4,15.7,20.6,0.5,0.5,2,46
2025-02-16,A8,TARABERIA,0.0,30.7,16.3,22.821180120142344,88.46001493875849,5.0,8775.35558906746,0.0,0.0,0.1,0.0,28.8,27.8,26.0,15.4,15.7,0.1,0.5,2,47
2025-02-17,A8,TARABERIA,0.1,31.1,18.6,22.821180120142344,88.46001493875849,5.0,8775.35558906746,0.0,0.0,0.0,0.0,30.7,28.8,29.3,16.3,15.4,0.0,0.5,2,48
2025-02-18,A8,TARABERIA,0.2,29.8,18.4,22.821180120142344,88.46001493875849,5.0,8775.35558906746,0.1,0.0,0.0,0.0,31.1,30.7,29.9,18.6,16.3,0.1,0.6,2,49
2025-02-19,A8,TARABERIA,1.4,28.3,18.7,22.821180120142344,88.46001493875849,5.0,8775.35558906746,0.2,0.1,0.0,0.4,29.8,31.1,29.7,18.4,18.6,0.30000000000000004,0.8,2,50
2025-02-20,A8,TARABERIA,5.0,27.0,18.7,22.821180120142344,88.46001493875849,5.0,8775.35558906746,1.4,0.2,0.1,0.1,28.3,29.8,30.2,18.7,18.4,1.7,1.7999999999999998,2,51
2025-02-21,A8,TARABERIA,0.0,28.8,17.4,22.821180120142344,88.46001493875849,5.0,8775.35558906746,5.0,1.4,0.2,0.0,27.0,28.3,27.8,18.7,18.7,6.6,6.699999999999999,2,52
2025-02-22,A8,TARABERIA,9.7,28.7,18.9,22.821180120142344,88.46001493875849,5.0,8775.35558906746,0.0,5.0,1.4,0.0,28.8,27.0,28.8,17.4,18.7,6.3999999999999995,6.699999999999999,2,53
2025-02-23,A8,TARABERIA,7.8,28.0,17.9,22.821180120142344,88.46001493875849,5.0,8775.35558906746,9.7,0.0,5.0,0.0,28.7,28.8,30.7,18.9,17.4,14.7,16.4,2,54
2025-02-24,A8,TARABERIA,0.0,28.9,17.3,22.821180120142344,88.46001493875849,5.0,8775.35558906746,7.8,9.7,0.0,0.1,28.0,28.7,31.1,17.9,18.9,17.5,24.2,2,55
2025-02-25,A8,TARABERIA,0.0,29.1,18.1,22.821180120142344,88.46001493875849,5.0,8775.35558906746,0.0,7.8,9.7,0.2,28.9,28.0,29.8,17.3,17.9,17.5,24.099999999999998,2,56
2025-02-26,A8,TARABERIA,0.0,29.3,17.8,22.821180120142344,88.46001493875849,5.0,8775.35558906746,0.0,0.0,7.8,1.4,29.1,28.9,28.3,18.1,17.3,7.8,23.9,2,57
2025-02-27,A8,TARABERIA,0.0,29.6,17.6,22.821180120142344,88.46001493875849,5.0,8775.35558906746,0.0,0.0,0.0,5.0,29.3,29.1,27.0,17.8,18.1,0.0,22.5,2,58
2025-02-28,A8,TARABERIA,0.0,30.6,19.4,22.821180120142344,88.46001493875849,5.0,8775.35558906746,0.0,0.0,0.0,0.0,29.6,29.3,28.8,17.6,17.8,0.0,17.5,2,59
2025-03-01,A8,TARABERIA,0.0,33.1,20.0,22.821180120142344,88.46001493875849,5.0,8775.35558906746,0.0,0.0,0.0,9.7,30.6,29.6,28.7,19.4,17.6,0.0,17.5,3,60
2025-03-02,A8,TARABERIA,0.0,33.3,20.6,22.821180120142344,88.46001493875849,5.0,8775.35558906746,0.0,0.0,0.0,7.8,33.1,30.6,28.0,20.0,19.4,0.0,7.8,3,61
2025-03-03,A8,TARABERIA,0.0,31.7,20.3,22.821180120142344,88.46001493875849,5.0,8775.35558906746,0.0,0.0,0.0,0.0,33.3,33.1,28.9,20.6,20.0,0.0,0.0,3,62
2025-03-04,A8,TARABERIA,0.0,31.0,20.3,22.821180120142344,88.46001493875849,5.0,8775.35558906746,0.0,0.0,0.0,0.0,31.7,33.3,29.1,20.3,20.6,0.0,0.0,3,63
2025-03-05,A8,TARABERIA,0.0,30.9,19.6,22.821180120142344,88.46001493875849,5.0,8775.35558906746,0.0,0.0,0.0,0.0,31.0,31.7,29.3,20.3,20.3,0.0,0.0,3,64
2025-03-06,A8,TARABERIA,0.0,27.6,17.0,22.821180120142344,88.46001493875849,5.0,8775.35558906746,0.0,0.0,0.0,0.0,30.9,31.0,29.6,19.6,20.3,0.0,0.0,3,65
2025-03-07,A8,TARABERIA,0.0,29.5,15.3,22.821180120142344,88.46001493875849,5.0,8775.35558906746,0.0,0.0,0.0,0.0,27.6,30.9,30.6,17.0,19.6,0.0,0.0,3,66
2025-03-08,A8,TARABERIA,0.0,31.6,17.5,22.821180120142344,88.46001493875849,5.0,8775.35558906746,0.0,0.0,0.0,0.0,29.5,27.6,33.1,15.3,17.0,0.0,0.0,3,67
2025-03-09,A8,TARABERIA,0.0,31.5,19.0,22.821180120142344,88.46001493875849,5.0,8775.35558906746,0.0,0.0,0.0,0.0,31.6,29.5,33.3,17.5,15.3,0.0,0.0,3,68
2025-03-10,A8,TARABERIA,0.0,32.4,19.6,22.821180120142344,88.46001493875849,5.0,8775.35558906746,0.0,0.0,0.0,0.0,31.5,31.6,31.7,19.0,17.5,0.0,0.0,3,69
2025-03-11,A8,TARABERIA,0.0,33.0,20.7,22.821180120142344,88.46001493875849,5.0,8775.35558906746,0.0,0.0,0.0,0.0,32.4,31.5,31.0,19.6,19.0,0.0,0.0,3,70
2025-03-12,A8,TARABERIA,0.0,34.5,20.5,22.821180120142344,88.46001493875849,5.0,8775.35558906746,0.0,0.0,0.0,0.0,33.0,32.4,30.9,20.7,19.6,0.0,0.0,3,71
2025-03-13,A8,TARABERIA,0.0,35.6,22.1,22.821180120142344,88.46001493875849,5.0,8775.35558906746,0.0,0.0,0.0,0.0,34.5,33.0,27.6,20.5,20.7,0.0,0.0,3,72
2025-03-14,A8,TARABERIA,0.0,36.6,22.9,22.821180120142344,88.46001493875849,5.0,8775.35558906746,0.0,0.0,0.0,0.0,35.6,34.5,29.5,22.1,20.5,0.0,0.0,3,73
2025-03-15,A8,TARABERIA,0.1,35.4,23.6,22.821180120142344,88.46001493875849,5.0,8775.35558906746,0.0,0.0,0.0,0.0,36.6,35.6,31.6,22.9,22.1,0.0,0.0,3,74
2025-03-16,A8,TARABERIA,0.1,38.0,24.2,22.821180120142344,88.46001493875849,5.0,8775.35558906746,0.1,0.0,0.0,0.0,35.4,36.6,31.5,23.6,22.9,0.1,0.1,3,75
2025-03-17,A8,TARABERIA,7.3,34.8,23.3,22.821180120142344,88.46001493875849,5.0,8775.35558906746,0.1,0.1,0.0,0.0,38.0,35.4,32.4,24.2,23.6,0.2,0.2,3,76
2025-03-18,A8,TARABERIA,0.0,33.7,23.7,22.821180120142344,88.46001493875849,5.0,8775.35558906746,7.3,0.1,0.1,0.0,34.8,38.0,33.0,23.3,24.2,7.5,7.5,3,77
2025-03-19,A8,TARABERIA,0.0,35.5,22.2,22.821180120142344,88.46001493875849,5.0,8775.35558906746,0.0,7.3,0.1,0.0,33.7,34.8,34.5,23.7,23.3,7.4,7.5,3,78
2025-03-20,A8,TARABERIA,8.5,32.1,23.9,22.821180120142344,88.46001493875849,5.0,8775.35558906746,0.0,0.0,7.3,0.0,35.5,33.7,35.6,22.2,23.7,7.3,7.5,3,79
2025-03-21,A8,TARABERIA,5.7,31.1,21.2,22.821180120142344,88.46001493875849,5.0,8775.35558906746,8.5,0.0,0.0,0.0,32.1,35.5,36.6,23.9,22.2,8.5,16.0,3,80
2025-03-22,A8,TARABERIA,3.4,26.7,20.8,22.821180120142344,88.46001493875849,5.0,8775.35558906746,5.7,8.5,0.0,0.1,31.1,32.1,35.4,21.2,23.9,14.2,21.7,3,81
2025-03-23,A8,TARABERIA,1.2,28.7,18.7,22.821180120142344,88.46001493875849,5.0,8775.35558906746,3.4,5.7,8.5,0.1,26.7,31.1,38.0,20.8,21.2,17.6,25.0,3,82
2025-03-24,A8,TARABERIA,0.0,30.7,17.8,22.821180120142344,88.46001493875849,5.0,8775.35558906746,1.2,3.4,5.7,7.3,28.7,26.7,34.8,18.7,20.8,10.3,26.1,3,83
2025-03-25,A8,TARABERIA,0.0,32.0,19.1,22.821180120142344,88.46001493875849,5.0,8775.35558906746,0.0,1.2,3.4,0.0,30.7,28.7,33.7,17.8,18.7,4.6,18.8,3,84
2025-03-26,A8,TARABERIA,0.0,34.3,21.2,22.821180120142344,88.46001493875849,5.0,8775.35558906746,0.0,0.0,1.2,0.0,32.0,30.7,35.5,19.1,17.8,1.2,18.8,3,85
2025-03-27,A8,TARABERIA,0.0,35.6,23.0,22.821180120142344,88.46001493875849,5.0,8775.35558906746,0.0,0.0,0.0,8.5,34.3,32.0,32.1,21.2,19.1,0.0,18.8,3,86
2025-03-28,A8,TARABERIA,0.0,36.8,22.9,22.821180120142344,88.46001493875849,5.0,8775.35558906746,0.0,0.0,0.0,5.7,35.6,34.3,31.1,23.0,21.2,0.0,10.3,3,87
2025-03-29,A8,TARABERIA,0.0,35.9,23.3,22.821180120142344,88.46001493875849,5.0,8775.35558906746,0.0,0.0,0.0,3.4,36.8,35.6,26.7,22.9,23.0,0.0,4.6,3,88
2025-03-30,A8,TARABERIA,0.1,36.0,24.3,22.821180120142344,88.46001493875849,5.0,8775.35558906746,0.0,0.0,0.0,1.2,35.9,36.8,28.7,23.3,22.9,0.0,1.2,3,89
2025-03-31,A8,TARABERIA,0.0,36.1,25.2,22.821180120142344,88.46001493875849,5.0,8775.35558906746,0.1,0.0,0.0,0.0,36.0,35.9,30.7,24.3,23.3,0.1,0.1,3,90
2025-04-01,A8,TARABERIA,0.0,36.2,24.9,22.821180120142344,88.46001493875849,5.0,8775.35558906746,0.0,0.1,0.0,0.0,36.1,36.0,32.0,25.2,24.3,0.1,0.1,4,91
2025-04-02,A8,TARABERIA,0.2,36.7,24.8,22.821180120142344,88.46001493875849,5.0,8775.35558906746,0.0,0.0,0.1,0.0,36.2,36.1,34.3,24.9,25.2,0.1,0.1,4,92
2025-04-03,A8,TARABERIA,0.0,36.0,24.7,22.821180120142344,88.46001493875849,5.0,8775.35558906746,0.2,0.0,0.0,0.0,36.7,36.2,35.6,24.8,24.9,0.2,0.30000000000000004,4,93
2025-04-04,A8,TARABERIA,0.0,34.0,25.2,22.821180120142344,88.46001493875849,5.0,8775.35558906746,0.0,0.2,0.0,0.0,36.0,36.7,36.8,24.7,24.8,0.2,0.30000000000000004,4,94
2025-04-05,A8,TARABERIA,0.0,36.5,24.3,22.821180120142344,88.46001493875849,5.0,8775.35558906746,0.0,0.0,0.2,0.0,34.0,36.0,35.9,25.2,24.7,0.2,0.30000000000000004,4,95
2025-04-06,A8,TARABERIA,0.2,35.5,24.4,22.821180120142344,88.46001493875849,5.0,8775.35558906746,0.0,0.0,0.0,0.1,36.5,34.0,36.0,24.3,25.2,0.0,0.30000000000000004,4,96
2025-04-07,A8,TARABERIA,0.0,35.3,24.5,22.821180120142344,88.46001493875849,5.0,8775.35558906746,0.2,0.0,0.0,0.0,35.5,36.5,36.1,24.4,24.3,0.2,0.4,4,97
2025-04-08,A8,TARABERIA,1.9,34.0,24.1,22.821180120142344,88.46001493875849,5.0,8775.35558906746,0.0,0.2,0.0,0.0,35.3,35.5,36.2,24.5,24.4,0.2,0.4,4,98
2025-04-09,A8,TARABERIA,0.0,33.8,23.4,22.821180120142344,88.46001493875849,5.0,8775.35558906746,1.9,0.0,0.2,0.2,34.0,35.3,36.7,24.1,24.5,2.1,2.3,4,99
2025-04-10,A8,TARABERIA,14.8,34.5,22.4,22.821180120142344,88.46001493875849,5.0,8775.35558906746,0.0,1.9,0.0,0.0,33.8,34.0,36.0,23.4,24.1,1.9,2.0999999999999996,4,100
2025-04-11,A8,TARABERIA,0.1,32.0,22.0,22.821180120142344,88.46001493875849,5.0,8775.35558906746,14.8,0.0,1.9,0.0,34.5,33.8,34.0,22.4,23.4,16.7,16.9,4,101
2025-04-12,A8,TARABERIA,2.9,34.9,23.5,22.821180120142344,88.46001493875849,5.0,8775.35558906746,0.1,14.8,0.0,0.0,32.0,34.5,36.5,22.0,22.4,14.9,17.0,4,102
2025-04-13,A8,TARABERIA,0.0,33.1,23.6,22.821180120142344,88.46001493875849,5.0,8775.35558906746,2.9,0.1,14.8,0.2,34.9,32.0,35.5,23.5,22.0,17.8,19.9,4,103
2025-04-14,A8,TARABERIA,1.0,32.0,23.8,22.821180120142344,88.46001493875849,5.0,8775.35558906746,0.0,2.9,0.1,0.0,33.1,34.9,35.3,23.6,23.5,3.0,19.700000000000003,4,104
2025-04-15,A8,TARABERIA,1.7,32.3,23.3,22.821180120142344,88.46001493875849,5.0,8775.35558906746,1.0,0.0,2.9,1.9,32.0,33.1,34.0,23.8,23.6,3.9,20.700000000000003,4,105
2025-04-16,A8,TARABERIA,3.6,33.0,23.3,22.821180120142344,88.46001493875849,5.0,8775.35558906746,1.7,1.0,0.0,0.0,32.3,32.0,33.8,23.3,23.8,2.7,20.500000000000004,4,106
2025-04-17,A8,TARABERIA,17.7,32.1,23.0,22.821180120142344,88.46001493875849,5.0,8775.35558906746,3.6,1.7,1.0,14.8,33.0,32.3,34.5,23.3,23.3,6.3,24.099999999999998,4,107
2025-04-18,A8,TARABERIA,7.2,30.4,22.6,22.821180120142344,88.46001493875849,5.0,8775.35558906746,17.7,3.6,1.7,0.1,32.1,33.0,32.0,23.0,23.3,23.0,27.0,4,108
2025-04-19,A8,TARABERIA,5.0,30.3,22.9,22.821180120142344,88.46001493875849,5.0,8775.35558906746,7.2,17.7,3.6,2.9,30.4,32.1,34.9,22.6,23.0,28.5,34.099999999999994,4,109
2025-04-20,A8,TARABERIA,1.8,35.2,24.9,22.821180120142344,88.46001493875849,5.0,8775.35558906746,5.0,7.2,17.7,0.0,30.3,30.4,33.1,22.9,22.6,29.9,36.199999999999996,4,110
2025-04-21,A8,TARABERIA,0.0,35.9,27.7,22.821180120142344,88.46001493875849,5.0,8775.35558906746,1.8,5.0,7.2,1.0,35.2,30.3,32.0,24.9,22.9,14.0,38.0,4,111
2025-04-22,A8,TARABERIA,0.1,36.2,27.4,22.821180120142344,88.46001493875849,5.0,8775.35558906746,0.0,1.8,5.0,1.7,35.9,35.2,32.3,27.7,24.9,6.8,37.0,4,112
2025-04-23,A8,TARABERIA,0.0,38.6,27.1,22.821180120142344,88.46001493875849,5.0,8775.35558906746,0.1,0.0,1.8,3.6,36.2,35.9,33.0,27.4,27.7,1.9000000000000001,35.39999999999999,4,113
2025-04-24,A8,TARABERIA,0.0,36.8,27.2,22.821180120142344,88.46001493875849,5.0,8775.35558906746,0.0,0.1,0.0,17.7,38.6,36.2,32.1,27.1,27.4,0.1,31.799999999999997,4,114
2025-04-25,A8,TARABERIA,1.6,37.7,27.4,22.821180120142344,88.46001493875849,5.0,8775.35558906746,0.0,0.0,0.1,7.2,36.8,38.6,30.4,27.2,27.1,0.1,14.099999999999996,4,115
2025-04-26,A8,TARABERIA,3.4,36.1,27.0,22.821180120142344,88.46001493875849,5.0,8775.35558906746,1.6,0.0,0.0,5.0,37.7,36.8,30.3,27.4,27.2,1.6,8.499999999999996,4,116
2025-04-27,A8,TARABERIA,0.0,35.7,27.6,22.821180120142344,88.46001493875849,5.0,8775.35558906746,3.4,1.6,0.0,1.8,36.1,37.7,35.2,27.0,27.4,5.0,6.899999999999997,4,117
2025-04-28,A8,TARABERIA,4.1,29.7,24.6,22.821180120142344,88.46001493875849,5.0,8775.35558906746,0.0,3.4,1.6,0.0,35.7,36.1,35.9,27.6,27.0,5.0,5.099999999999997,4,118
2025-04-29,A8,TARABERIA,6.1,30.8,22.4,22.821180120142344,88.46001493875849,5.0,8775.35558906746,4.1,0.0,3.4,0.1,29.7,35.7,36.2,24.6,27.6,7.5,9.199999999999996,4,119
2025-04-30,A8,TARABERIA,3.3,30.5,21.5,22.821180120142344,88.46001493875849,5.0,8775.35558906746,6.1,4.1,0.0,0.0,30.8,29.7,38.6,22.4,24.6,10.2,15.199999999999996,4,120
2025-05-01,A8,TARABERIA,1.2,31.3,21.9,22.821180120142344,88.46001493875849,5.0,8775.35558906746,3.3,6.1,4.1,0.0,30.5,30.8,36.8,21.5,22.4,13.5,18.499999999999996,5,121
2025-05-02,A8,TARABERIA,0.0,30.6,21.5,22.821180120142344,88.46001493875849,5.0,8775.35558906746,1.2,3.3,6.1,1.6,31.3,30.5,37.7,21.9,21.5,10.6,19.699999999999996,5,122
2025-05-03,A8,TARABERIA,0.6,32.3,23.3,22.821180120142344,88.46001493875849,5.0,8775.35558906746,0.0,1.2,3.3,3.4,30.6,31.3,36.1,21.5,21.9,4.5,18.099999999999994,5,123
2025-05-04,A8,TARABERIA,3.9,30.9,23.6,22.821180120142344,88.46001493875849,5.0,8775.35558906746,0.6,0.0,1.2,0.0,32.3,30.6,35.7,23.3,21.5,1.7999999999999998,15.299999999999997,5,124
2025-05-05,A8,TARABERIA,4.4,32.9,23.6,22.821180120142344,88.46001493875849,5.0,8775.35558906746,3.9,0.6,0.0,4.1,30.9,32.3,29.7,23.6,23.3,4.5,19.199999999999996,5,125
2025-05-06,A8,TARABERIA,20.6,32.6,24.4,22.821180120142344,88.46001493875849,5.0,8775.35558906746,4.4,3.9,0.6,6.1,32.9,30.9,30.8,23.6,23.6,8.9,19.499999999999993,5,126
2025-05-07,A8,TARABERIA,3.4,33.4,24.1,22.821180120142344,88.46001493875849,5.0,8775.35558906746,20.6,4.4,3.9,3.3,32.6,32.9,30.5,24.4,23.6,28.900000000000002,34.0,5,127
2025-05-08,A8,TARABERIA,0.0,36.2,26.7,22.821180120142344,88.46001493875849,5.0,8775.35558906746,3.4,20.6,4.4,1.2,33.4,32.6,31.3,24.1,24.4,28.4,34.099999999999994,5,128
2025-05-09,A8,TARABERIA,0.0,36.9,26.6,22.821180120142344,88.46001493875849,5.0,8775.35558906746,0.0,3.4,20.6,0.0,36.2,33.4,30.6,26.7,24.1,24.0,32.89999999999999,5,129
2025-05-10,A8,TARABERIA,0.0,36.9,26.9,22.821180120142344,88.46001493875849,5.0,8775.35558906746,0.0,0.0,3.4,0.6,36.9,36.2,32.3,26.6,26.7,3.4,32.89999999999999,5,130
2025-05-11,A8,TARABERIA,0.0,37.2,27.1,22.821180120142344,88.46001493875849,5.0,8775.35558906746,0.0,0.0,0.0,3.9,36.9,36.9,30.9,26.9,26.6,0.0,32.3,5,131
2025-05-12,A8,TARABERIA,0.2,37.5,28.7,22.821180120142344,88.46001493875849,5.0,8775.35558906746,0.0,0.0,0.0,4.4,37.2,36.9,32.9,27.1,26.9,0.0,28.399999999999995,5,132
2025-05-13,A8,TARABERIA,2.4,35.5,28.4,22.821180120142344,88.46001493875849,5.0,8775.35558906746,0.2,0.0,0.0,20.6,37.5,37.2,32.6,28.7,27.1,0.2,24.199999999999996,5,133
2025-05-14,A8,TARABERIA,0.1,36.4,28.2,22.821180120142344,88.46001493875849,5.0,8775.35558906746,2.4,0.2,0.0,3.4,35.5,37.5,33.4,28.4,28.7,2.6,5.999999999999993,5,134
2025-05-15,A8,TARABERIA,6.8,35.3,27.3,22.821180120142344,88.46001493875849,5.0,8775.35558906746,0.1,2.4,0.2,0.0,36.4,35.5,36.2,28.2,28.4,2.7,2.699999999999993,5,135
2025-05-16,A8,TARABERIA,4.9,34.9,27.9,22.821180120142344,88.46001493875849,5.0,8775.35558906746,6.8,0.1,2.4,0.0,35.3,36.4,36.9,27.3,28.2,9.3,9.499999999999993,5,136
2025-05-17,A8,TARABERIA,26.1,34.9,25.8,22.821180120142344,88.46001493875849,5.0,8775.35558906746,4.9,6.8,0.1,0.0,34.9,35.3,36.9,27.9,27.3,11.8,14.399999999999993,5,137
2025-05-18,A8,TARABERIA,6.4,30.6,26.4,22.821180120142344,88.46001493875849,5.0,8775.35558906746,26.1,4.9,6.8,0.0,34.9,34.9,37.2,25.8,27.9,37.800000000000004,40.49999999999999,5,138
2025-05-19,A8,TARABERIA,3.1,33.8,26.2,22.821180120142344,88.46001493875849,5.0,8775.35558906746,6.4,26.1,4.9,0.2,30.6,34.9,37.5,26.4,25.8,37.400000000000006,46.89999999999999,5,139
2025-05-20,A8,TARABERIA,14.3,34.4,25.4,22.821180120142344,88.46001493875849,5.0,8775.35558906746,3.1,6.4,26.1,2.4,33.8,30.6,35.5,26.2,26.4,35.60000000000001,49.79999999999999,5,140
2025-05-21,A8,TARABERIA,21.3,33.8,25.6,22.821180120142344,88.46001493875849,5.0,8775.35558906746,14.3,3.1,6.4,0.1,34.4,33.8,36.4,25.4,26.2,23.800000000000004,61.69999999999999,5,141
2025-05-22,A8,TARABERIA,4.2,32.2,26.2,22.821180120142344,88.46001493875849,5.0,8775.35558906746,21.3,14.3,3.1,6.8,33.8,34.4,35.3,25.6,25.4,38.7,82.89999999999999,5,142
2025-05-23,A8,TARABERIA,6.4,31.7,25.6,22.821180120142344,88.46001493875849,5.0,8775.35558906746,4.2,21.3,14.3,4.9,32.2,33.8,34.9,26.2,25.6,39.800000000000004,80.3,5,143
2025-05-24,A8,TARABERIA,10.3,32.1,25.4,22.821180120142344,88.46001493875849,5.0,8775.35558906746,6.4,4.2,21.3,26.1,31.7,32.2,34.9,25.6,26.2,31.900000000000006,81.79999999999998,5,144
2025-05-25,A8,TARABERIA,18.1,30.8,25.7,22.821180120142344,88.46001493875849,5.0,8775.35558906746,10.3,6.4,4.2,6.4,32.1,31.7,30.6,25.4,25.6,20.900000000000006,66.0,5,145
2025-05-26,A8,TARABERIA,17.9,30.7,25.2,22.821180120142344,88.46001493875849,5.0,8775.35558906746,18.1,10.3,6.4,3.1,30.8,32.1,33.8,25.7,25.4,34.80000000000001,77.7,5,146
2025-05-27,A8,TARABERIA,9.5,31.4,25.4,22.821180120142344,88.46001493875849,5.0,8775.35558906746,17.9,18.1,10.3,14.3,30.7,30.8,34.4,25.2,25.7,46.300000000000004,92.49999999999999,5,147
2025-05-28,A8,TARABERIA,14.9,31.6,26.0,22.821180120142344,88.46001493875849,5.0,8775.35558906746,9.5,17.9,18.1,21.3,31.4,30.7,33.8,25.4,25.2,45.5,87.69999999999999,5,148
2025-05-29,A8,TARABERIA,38.3,29.5,25.3,22.821180120142344,88.46001493875849,5.0,8775.35558906746,14.9,9.5,17.9,4.2,31.6,31.4,32.2,26.0,25.4,42.300000000000004,81.3,5,149
2025-05-30,A8,TARABERIA,18.4,33.2,24.8,22.821180120142344,88.46001493875849,5.0,8775.35558906746,38.3,14.9,9.5,6.4,29.5,31.6,31.7,25.3,26.0,62.7,115.39999999999999,5,150
2025-05-31,A8,TARABERIA,34.7,32.1,25.4,22.821180120142344,88.46001493875849,5.0,8775.35558906746,18.4,38.3,14.9,10.3,33.2,29.5,32.1,24.8,25.3,71.6,127.4,5,151
2025-06-01,A8,TARABERIA,10.8,31.3,26.7,22.821180120142344,88.46001493875849,5.0,8775.35558906746,34.7,18.4,38.3,18.1,32.1,33.2,30.8,25.4,24.8,91.4,151.79999999999998,6,152
2025-06-02,A8,TARABERIA,0.4,36.0,26.9,22.821180120142344,88.46001493875849,5.0,8775.35558906746,10.8,34.7,18.4,17.9,31.3,32.1,30.7,26.7,25.4,63.900000000000006,144.5,6,153
2025-06-03,A8,TARABERIA,0.9,34.9,26.9,22.821180120142344,88.46001493875849,5.0,8775.35558906746,0.4,10.8,34.7,9.5,36.0,31.3,31.4,26.9,26.7,45.90000000000001,126.99999999999999,6,154
2025-06-04,A8,TARABERIA,1.0,34.0,27.1,22.821180120142344,88.46001493875849,5.0,8775.35558906746,0.9,0.4,10.8,14.9,34.9,36.0,31.6,26.9,26.9,12.100000000000009,118.39999999999999,6,155
2025-06-05,A8,TARABERIA,4.7,32.2,26.4,22.821180120142344,88.46001493875849,5.0,8775.35558906746,1.0,0.9,0.4,38.3,34.0,34.9,29.5,27.1,26.9,2.300000000000007,104.5,6,156
2025-06-06,A8,TARABERIA,5.8,32.9,25.9,22.821180120142344,88.46001493875849,5.0,8775.35558906746,4.7,1.0,0.9,18.4,32.2,34.0,33.2,26.4,27.1,6.600000000000007,70.89999999999999,6,157
2025-06-07,A8,TARABERIA,0.0,33.9,25.3,22.821180120142344,88.46001493875849,5.0,8775.35558906746,5.8,4.7,1.0,34.7,32.9,32.2,32.1,25.9,26.4,11.500000000000007,58.3,6,158
2025-06-08,A8,TARABERIA,1.1,33.7,26.3,22.821180120142344,88.46001493875849,5.0,8775.35558906746,0.0,5.8,4.7,10.8,33.9,32.9,31.3,25.3,25.9,10.500000000000007,23.599999999999994,6,159
2025-06-09,A8,TARABERIA,0.8,33.6,26.3,22.821180120142344,88.46001493875849,5.0,8775.35558906746,1.1,0.0,5.8,0.4,33.7,33.9,36.0,26.3,25.3,6.9000000000000075,13.899999999999993,6,160
2025-06-10,A8,TARABERIA,0.5,34.2,26.3,22.821180120142344,88.46001493875849,5.0,8775.35558906746,0.8,1.1,0.0,0.9,33.6,33.7,34.9,26.3,26.3,1.9000000000000072,14.299999999999992,6,161
2025-06-11,A8,TARABERIA,0.8,33.1,26.9,22.821180120142344,88.46001493875849,5.0,8775.35558906746,0.5,0.8,1.1,1.0,34.2,33.6,34.0,26.3,26.3,2.4000000000000075,13.899999999999991,6,162
2025-06-12,A8,TARABERIA,0.2,33.2,25.8,22.821180120142344,88.46001493875849,5.0,8775.35558906746,0.8,0.5,0.8,4.7,33.1,34.2,32.2,26.9,26.3,2.100000000000007,13.699999999999992,6,163
2025-06-13,A8,TARABERIA,0.9,33.3,26.6,22.821180120142344,88.46001493875849,5.0,8775.35558906746,0.2,0.8,0.5,5.8,33.2,33.1,32.9,25.8,26.9,1.500000000000007,9.199999999999992,6,164
2025-06-14,A8,TARABERIA,0.7,34.3,27.2,22.821180120142344,88.46001493875849,5.0,8775.35558906746,0.9,0.2,0.8,0.0,33.3,33.2,33.9,26.6,25.8,1.9000000000000072,4.299999999999994,6,165
2025-06-15,A8,TARABERIA,21.5,30.6,26.6,22.821180120142344,88.46001493875849,5.0,8775.35558906746,0.7,0.9,0.2,1.1,34.3,33.3,33.7,27.2,26.6,1.8000000000000071,4.999999999999993,6,166
2025-06-16,A8,TARABERIA,34.9,31.8,26.0,22.821180120142344,88.46001493875849,5.0,8775.35558906746,21.5,0.7,0.9,0.8,30.6,34.3,33.6,26.6,27.2,23.10000000000001,25.39999999999999,6,167
2025-06-17,A8,TARABERIA,35.4,28.9,25.3,22.821180120142344,88.46001493875849,5.0,8775.35558906746,34.9,21.5,0.7,0.5,31.8,30.6,34.2,26.0,26.6,57.10000000000001,59.499999999999986,6,168
2025-06-18,A8,TARABERIA,28.7,28.9,25.3,22.821180120142344,88.46001493875849,5.0,8775.35558906746,35.4,34.9,21.5,0.8,28.9,31.8,33.1,25.3,26.0,91.80000000000001,94.39999999999999,6,169
2025-06-19,A8,TARABERIA,46.4,30.7,24.1,22.821180120142344,88.46001493875849,5.0,8775.35558906746,28.7,35.4,34.9,0.2,28.9,28.9,33.2,25.3,25.3,99.0,122.3,6,170
2025-06-20,A8,TARABERIA,9.3,32.2,26.1,22.821180120142344,88.46001493875849,5.0,8775.35558906746,46.4,28.7,35.4,0.9,30.7,28.9,33.3,24.1,25.3,110.5,168.5,6,171
2025-06-21,A8,TARABERIA,1.4,33.3,26.3,22.821180120142344,88.46001493875849,5.0,8775.35558906746,9.3,46.4,28.7,0.7,32.2,30.7,34.3,26.1,24.1,84.4,176.89999999999998,6,172
2025-06-22,A8,TARABERIA,16.4,32.6,26.0,22.821180120142344,88.46001493875849,5.0,8775.35558906746,1.4,9.3,46.4,21.5,33.3,32.2,30.6,26.3,26.1,57.10000000000001,177.6,6,173
2025-06-23,A8,TARABERIA,12.8,31.7,26.5,22.821180120142344,88.46001493875849,5.0,8775.35558906746,16.4,1.4,9.3,34.9,32.6,33.3,31.8,26.0,26.3,27.100000000000012,172.5,6,174
2025-06-24,A8,TARABERIA,8.1,32.3,26.2,22.821180120142344,88.46001493875849,5.0,8775.35558906746,12.8,16.4,1.4,35.4,31.7,32.6,28.9,26.5,26.0,30.600000000000012,150.39999999999998,6,175
2025-06-25,A8,TARABERIA,8.1,31.5,26.1,22.821180120142344,88.46001493875849,5.0,8775.35558906746,8.1,12.8,16.4,28.7,32.3,31.7,28.9,26.2,26.5,37.30000000000001,123.09999999999998,6,176
2025-06-26,A8,TARABERIA,3.9,32.2,26.1,22.821180120142344,88.46001493875849,5.0,8775.35558906746,8.1,8.1,12.8,46.4,31.5,32.3,30.7,26.1,26.2,29.000000000000014,102.49999999999999,6,177
2025-06-27,A8,TARABERIA,16.3,31.3,25.2,22.821180120142344,88.46001493875849,5.0,8775.35558906746,3.9,8.1,8.1,9.3,32.2,31.5,32.2,26.1,26.1,20.100000000000012,59.999999999999986,6,178
2025-06-28,A8,TARABERIA,18.7,30.3,25.3,22.821180120142344,88.46001493875849,5.0,8775.35558906746,16.3,3.9,8.1,1.4,31.3,32.2,33.3,25.2,26.1,28.30000000000001,66.99999999999999,6,179
2025-06-29,A8,TARABERIA,42.3,31.0,25.4,22.821180120142344,88.46001493875849,5.0,8775.35558906746,18.7,16.3,3.9,16.4,30.3,31.3,32.6,25.3,25.2,38.90000000000001,84.29999999999998,6,180
2025-06-30,A8,TARABERIA,21.2,30.3,25.3,22.821180120142344,88.46001493875849,5.0,8775.35558906746,42.3,18.7,16.3,12.8,31.0,30.3,31.7,25.4,25.3,77.30000000000001,110.19999999999999,6,181
2025-07-01,A8,TARABERIA,7.1,30.5,26.0,22.821180120142344,88.46001493875849,5.0,8775.35558906746,21.2,42.3,18.7,8.1,30.3,31.0,32.3,25.3,25.4,82.20000000000002,118.59999999999998,7,182
2025-07-02,A8,TARABERIA,20.6,32.4,25.8,22.821180120142344,88.46001493875849,5.0,8775.35558906746,7.1,21.2,42.3,8.1,30.5,30.3,31.5,26.0,25.3,70.60000000000001,117.59999999999998,7,183
2025-07-03,A8,TARABERIA,33.6,31.0,25.7,22.821180120142344,88.46001493875849,5.0,8775.35558906746,20.6,7.1,21.2,3.9,32.4,30.5,32.2,25.8,26.0,48.90000000000001,130.1,7,184
2025-07-04,A8,TARABERIA,31.8,31.7,24.8,22.821180120142344,88.46001493875849,5.0,8775.35558906746,33.6,20.6,7.1,16.3,31.0,32.4,31.3,25.7,25.8,61.30000000000001,159.79999999999998,7,185
2025-07-05,A8,TARABERIA,9.6,30.8,25.7,22.821180120142344,88.46001493875849,5.0,8775.35558906746,31.8,33.6,20.6,18.7,31.7,31.0,30.3,24.8,25.7,86.00000000000001,175.3,7,186
2025-07-06,A8,TARABERIA,3.9,29.4,25.1,22.821180120142344,88.46001493875849,5.0,8775.35558906746,9.6,31.8,33.6,42.3,30.8,31.7,31.0,25.7,24.8,75.00000000000001,166.2,7,187
2025-07-07,A8,TARABERIA,14.8,28.9,25.3,22.821180120142344,88.46001493875849,5.0,8775.35558906746,3.9,9.6,31.8,21.2,29.4,30.8,30.3,25.1,25.7,45.30000000000001,127.79999999999998,7,188
2025-07-08,A8,TARABERIA,22.5,28.1,24.5,22.821180120142344,88.46001493875849,5.0,8775.35558906746,14.8,3.9,9.6,7.1,28.9,29.4,30.5,25.3,25.1,28.300000000000015,121.39999999999998,7,189
2025-07-09,A8,TARABERIA,13.7,30.0,24.8,22.821180120142344,88.46001493875849,5.0,8775.35558906746,22.5,14.8,3.9,20.6,28.1,28.9,32.4,24.5,25.3,41.20000000000002,136.79999999999998,7,190
2025-07-10,A8,TARABERIA,22.8,31.7,25.0,22.821180120142344,88.46001493875849,5.0,8775.35558906746,13.7,22.5,14.8,33.6,30.0,28.1,31.0,24.8,24.5,51.000000000000014,129.9,7,191
2025-07-11,A8,TARABERIA,9.9,30.6,25.5,22.821180120142344,88.46001493875849,5.0,8775.35558906746,22.8,13.7,22.5,31.8,31.7,30.0,31.7,25.0,24.8,59.000000000000014,119.1,7,192
2025-07-12,A8,TARABERIA,6.2,33.3,25.5,22.821180120142344,88.46001493875849,5.0,8775.35558906746,9.9,22.8,13.7,9.6,30.6,31.7,30.8,25.5,25.0,46.40000000000001,97.19999999999999,7,193
2025-07-13,A8,TARABERIA,10.6,31.7,26.1,22.821180120142344,88.46001493875849,5.0,8775.35558906746,6.2,9.9,22.8,3.9,33.3,30.6,29.4,25.5,25.5,38.90000000000002,93.79999999999998,7,194
2025-07-14,A8,TARABERIA,40.3,27.8,25.2,22.821180120142344,88.46001493875849,5.0,8775.35558906746,10.6,6.2,9.9,14.8,31.7,33.3,28.9,26.1,25.5,26.700000000000014,100.49999999999999,7,195
2025-07-15,A8,TARABERIA,16.6,30.3,24.9,22.821180120142344,88.46001493875849,5.0,8775.35558906746,40.3,10.6,6.2,22.5,27.8,31.7,28.1,25.2,26.1,57.10000000000001,125.99999999999999,7,196
2025-07-16,A8,TARABERIA,9.0,30.4,25.9,22.821180120142344,88.46001493875849,5.0,8775.35558906746,16.6,40.3,10.6,13.7,30.3,27.8,30.0,24.9,25.2,67.50000000000001,120.09999999999997,7,197
2025-07-17,A8,TARABERIA,0.1,33.1,26.3,22.821180120142344,88.46001493875849,5.0,8775.35558906746,9.0,16.6,40.3,22.8,30.4,30.3,31.7,25.9,24.9,65.9,115.39999999999998,7,198
2025-07-18,A8,TARABERIA,6.3,33.0,26.6,22.821180120142344,88.46001493875849,5.0,8775.35558906746,0.1,9.0,16.6,9.9,33.1,30.4,30.6,26.3,25.9,25.700000000000017,92.69999999999997,7,199
2025-07-19,A8,TARABERIA,1.0,33.4,26.6,22.821180120142344,88.46001493875849,5.0,8775.35558906746,6.3,0.1,9.0,6.2,33.0,33.1,33.3,26.6,26.3,15.400000000000013,89.09999999999998,7,200
2025-07-20,A8,TARABERIA,0.6,32.8,26.7,22.821180120142344,88.46001493875849,5.0,8775.35558906746,1.0,6.3,0.1,10.6,33.4,33.0,31.7,26.6,26.6,7.400000000000014,83.89999999999998,7,201
2025-07-21,A8,TARABERIA,0.6,32.8,26.5,22.821180120142344,88.46001493875849,5.0,8775.35558906746,0.6,1.0,6.3,40.3,32.8,33.4,27.8,26.7,26.6,7.900000000000014,73.89999999999998,7,202
2025-07-22,A8,TARABERIA,7.6,33.2,26.8,22.821180120142344,88.46001493875849,5.0,8775.35558906746,0.6,0.6,1.0,16.6,32.8,32.8,30.3,26.5,26.7,2.2000000000000144,34.19999999999999,7,203
2025-07-23,A8,TARABERIA,0.5,33.8,27.0,22.821180120142344,88.46001493875849,5.0,8775.35558906746,7.6,0.6,0.6,9.0,33.2,32.8,30.4,26.8,26.5,8.800000000000015,25.199999999999985,7,204
2025-07-24,A8,TARABERIA,11.5,32.7,26.2,22.821180120142344,88.46001493875849,5.0,8775.35558906746,0.5,7.6,0.6,0.1,33.8,33.2,33.1,27.0,26.8,8.700000000000014,16.699999999999985,7,205
2025-07-25,A8,TARABERIA,52.5,31.1,25.9,22.821180120142344,88.46001493875849,5.0,8775.35558906746,11.5,0.5,7.6,6.3,32.7,33.8,33.0,26.2,27.0,19.600000000000016,28.099999999999984,7,206
2025-07-26,A8,TARABERIA,3.4,31.1,26.2,22.821180120142344,88.46001493875849,5.0,8775.35558906746,52.5,11.5,0.5,1.0,31.1,32.7,33.4,25.9,26.2,64.50000000000001,74.29999999999998,7,207
2025-07-27,A8,TARABERIA,5.8,32.6,26.1,22.821180120142344,88.46001493875849,5.0,8775.35558906746,3.4,52.5,11.5,0.6,31.1,31.1,32.8,26.2,25.9,67.40000000000002,76.69999999999999,7,208
2025-07-28,A8,TARABERIA,3.6,30.5,26.7,22.821180120142344,88.46001493875849,5.0,8775.35558906746,5.8,3.4,52.5,0.6,32.6,31.1,32.8,26.1,26.2,61.70000000000002,81.89999999999999,7,209
2025-07-29,A8,TARABERIA,53.3,29.5,25.4,22.821180120142344,88.46001493875849,5.0,8775.35558906746,3.6,5.8,3.4,7.6,30.5,32.6,33.2,26.7,26.1,12.800000000000013,84.89999999999998,7,210
2025-07-30,A8,TARABERIA,19.0,29.3,25.2,22.821180120142344,88.46001493875849,5.0,8775.35558906746,53.3,3.6,5.8,0.5,29.5,30.5,33.8,25.4,26.7,62.70000000000001,130.59999999999997,7,211
2025-07-31,A8,TARABERIA,36.6,29.3,24.8,22.821180120142344,88.46001493875849,5.0,8775.35558906746,19.0,53.3,3.6,11.5,29.3,29.5,32.7,25.2,25.4,75.9,149.09999999999997,7,212
2025-08-01,A8,TARABERIA,19.3,32.2,25.7,22.821180120142344,88.46001493875849,5.0,8775.35558906746,36.6,19.0,53.3,52.5,29.3,29.3,31.1,24.8,25.2,108.9,174.2,8,213
2025-08-02,A8,TARABERIA,6.5,32.2,25.8,22.821180120142344,88.46001493875849,5.0,8775.35558906746,19.3,36.6,19.0,3.4,32.2,29.3,31.1,25.7,24.8,74.90000000000002,140.99999999999997,8,214
2025-08-03,A8,TARABERIA,15.0,32.6,26.7,22.821180120142344,88.46001493875849,5.0,8775.35558906746,6.5,19.3,36.6,5.8,32.2,32.2,32.6,25.8,25.7,62.40000000000002,144.09999999999997,8,215
2025-08-04,A8,TARABERIA,28.0,31.7,25.8,22.821180120142344,88.46001493875849,5.0,8775.35558906746,15.0,6.5,19.3,3.6,32.6,32.2,30.5,26.7,25.8,40.80000000000001,153.29999999999998,8,216
2025-08-05,A8,TARABERIA,15.3,32.2,26.2,22.821180120142344,88.46001493875849,5.0,8775.35558906746,28.0,15.0,6.5,53.3,31.7,32.6,29.5,25.8,26.7,49.500000000000014,177.69999999999996,8,217
2025-08-06,A8,TARABERIA,10.6,30.3,25.3,22.821180120142344,88.46001493875849,5.0,8775.35558906746,15.3,28.0,15.0,19.0,32.2,31.7,29.3,26.2,25.8,58.30000000000001,139.7,8,218
2025-08-07,A8,TARABERIA,8.6,31.7,25.4,22.821180120142344,88.46001493875849,5.0,8775.35558906746,10.6,15.3,28.0,36.6,30.3,32.2,29.3,25.3,26.2,53.90000000000001,131.29999999999998,8,219
2025-08-08,A8,TARABERIA,2.2,31.0,24.4,22.821180120142344,88.46001493875849,5.0,8775.35558906746,8.6,10.6,15.3,19.3,31.7,30.3,32.2,25.4,25.3,34.500000000000014,103.3,8,220
2025-08-09,A8,TARABERIA,10.6,31.4,25.1,22.821180120142344,88.46001493875849,5.0,8775.35558906746,2.2,8.6,10.6,6.5,31.0,31.7,32.2,24.4,25.4,21.400000000000013,86.19999999999999,8,221
2025-08-10,A8,TARABERIA,0.6,32.8,26.7,22.821180120142344,88.46001493875849,5.0,8775.35558906746,10.6,2.2,8.6,15.0,31.4,31.0,32.6,25.1,24.4,21.400000000000013,90.29999999999998,8,222
2025-08-11,A8,TARABERIA,5.2,32.3,26.4,22.821180120142344,88.46001493875849,5.0,8775.35558906746,0.6,10.6,2.2,28.0,32.8,31.4,31.7,26.7,25.1,13.400000000000015,75.89999999999998,8,223
2025-08-12,A8,TARABERIA,4.7,33.5,26.5,22.821180120142344,88.46001493875849,5.0,8775.35558906746,5.2,0.6,10.6,15.3,32.3,32.8,32.2,26.4,26.7,16.400000000000013,53.09999999999998,8,224
2025-08-13,A8,TARABERIA,15.3,30.8,26.4,22.821180120142344,88.46001493875849,5.0,8775.35558906746,4.7,5.2,0.6,10.6,33.5,32.3,30.3,26.5,26.4,10.500000000000016,42.499999999999986,8,225
2025-08-14,A8,TARABERIA,7.4,29.8,25.7,22.821180120142344,88.46001493875849,5.0,8775.35558906746,15.3,4.7,5.2,8.6,30.8,33.5,31.7,26.4,26.5,25.200000000000017,47.19999999999999,8,226
2025-08-15,A8,TARABERIA,13.6,31.5,25.4,22.821180120142344,88.46001493875849,5.0,8775.35558906746,7.4,15.3,4.7,2.2,29.8,30.8,31.0,25.7,26.4,27.40000000000002,45.99999999999999,8,227
2025-08-16,A8,TARABERIA,6.9,32.1,25.7,22.821180120142344,88.46001493875849,5.0,8775.35558906746,13.6,7.4,15.3,10.6,31.5,29.8,31.4,25.4,25.7,36.30000000000001,57.39999999999999,8,228
2025-08-17,A8,TARABERIA,9.1,32.0,26.1,22.821180120142344,88.46001493875849,5.0,8775.35558906746,6.9,13.6,7.4,0.6,32.1,31.5,32.8,25.7,25.4,27.90000000000002,53.69999999999999,8,229
2025-08-18,A8,TARABERIA,8.0,31.7,26.4,22.821180120142344,88.46001493875849,5.0,8775.35558906746,9.1,6.9,13.6,5.2,32.0,32.1,32.3,26.1,25.7,29.600000000000016,62.19999999999999,8,230
2025-08-19,A8,TARABERIA,12.1,30.2,25.7,22.821180120142344,88.46001493875849,5.0,8775.35558906746,8.0,9.1,6.9,4.7,31.7,32.0,33.5,26.4,26.1,24.000000000000014,64.99999999999999,8,231
2025-08-20,A8,TARABERIA,2.2,30.0,25.4,22.821180120142344,88.46001493875849,5.0,8775.35558906746,12.1,8.0,9.1,15.3,30.2,31.7,30.8,25.7,26.4,29.200000000000017,72.39999999999999,8,232
2025-08-21,A8,TARABERIA,51.0,28.6,24.6,22.821180120142344,88.46001493875849,5.0,8775.35558906746,2.2,12.1,8.0,7.4,30.0,30.2,29.8,25.4,25.7,22.300000000000015,59.29999999999999,8,233
2025-08-22,A8,TARABERIA,31.5,30.3,24.5,22.821180120142344,88.46001493875849,5.0,8775.35558906746,51.0,2.2,12.1,13.6,28.6,30.0,31.5,24.6,25.4,65.30000000000001,102.89999999999998,8,234
2025-08-23,A8,TARABERIA,13.2,29.0,24.7,22.821180120142344,88.46001493875849,5.0,8775.35558906746,31.5,51.0,2.2,6.9,30.3,28.6,32.1,24.5,24.6,84.70000000000002,120.79999999999998,8,235
2025-08-24,A8,TARABERIA,11.1,30.3,24.7,22.821180120142344,88.46001493875849,5.0,8775.35558906746,13.2,31.5,51.0,9.1,29.0,30.3,32.0,24.7,24.5,95.70000000000002,127.09999999999998,8,236
2025-08-25,A8,TARABERIA,2.6,31.6,24.9,22.821180120142344,88.46001493875849,5.0,8775.35558906746,11.1,13.2,31.5,8.0,30.3,29.0,31.7,24.7,24.7,55.80000000000002,129.1,8,237
2025-08-26,A8,TARABERIA,1.6,31.9,25.2,22.821180120142344,88.46001493875849,5.0,8775.35558906746,2.6,11.1,13.2,12.1,31.6,30.3,30.2,24.9,24.7,26.90000000000002,123.69999999999999,8,238
2025-08-27,A8,TARABERIA,5.0,31.8,25.6,22.821180120142344,88.46001493875849,5.0,8775.35558906746,1.6,2.6,11.1,2.2,31.9,31.6,30.0,25.2,24.9,15.300000000000022,113.19999999999997,8,239
2025-08-28,A8,TARABERIA,14.5,30.7,25.7,22.821180120142344,88.46001493875849,5.0,8775.35558906746,5.0,1.6,2.6,51.0,31.8,31.9,28.6,25.6,25.2,9.20000000000002,115.99999999999999,8,240
2025-08-29,A8,TARABERIA,21.0,30.1,25.6,22.821180120142344,88.46001493875849,5.0,8775.35558906746,14.5,5.0,1.6,31.5,30.7,31.8,30.3,25.7,25.6,21.100000000000023,79.49999999999997,8,241
2025-08-30,A8,TARABERIA,15.7,30.3,25.6,22.821180120142344,88.46001493875849,5.0,8775.35558906746,21.0,14.5,5.0,13.2,30.1,30.7,29.0,25.6,25.7,40.50000000000002,68.99999999999999,8,242
2025-08-31,A8,TARABERIA,3.7,32.0,25.1,22.821180120142344,88.46001493875849,5.0,8775.35558906746,15.7,21.0,14.5,11.1,30.3,30.1,30.3,25.6,25.6,51.20000000000002,71.49999999999999,8,243
2025-09-01,A8,TARABERIA,21.5,33.5,26.1,22.821180120142344,88.46001493875849,5.0,8775.35558906746,3.7,15.7,21.0,2.6,32.0,30.3,31.6,25.1,25.6,40.40000000000002,64.1,9,244
2025-09-02,A8,TARABERIA,15.6,30.4,25.7,22.821180120142344,88.46001493875849,5.0,8775.35558906746,21.5,3.7,15.7,1.6,33.5,32.0,31.9,26.1,25.1,40.90000000000002,82.99999999999999,9,245
2025-09-03,A8,TARABERIA,18.8,29.3,25.0,22.821180120142344,88.46001493875849,5.0,8775.35558906746,15.6,21.5,3.7,5.0,30.4,33.5,31.8,25.7,26.1,40.80000000000002,96.99999999999999,9,246
2025-09-04,A8,TARABERIA,7.4,30.2,25.6,22.821180120142344,88.46001493875849,5.0,8775.35558906746,18.8,15.6,21.5,14.5,29.3,30.4,30.7,25.0,25.7,55.90000000000002,110.79999999999998,9,247
2025-09-05,A8,TARABERIA,10.0,31.9,25.4,22.821180120142344,88.46001493875849,5.0,8775.35558906746,7.4,18.8,15.6,21.0,30.2,29.3,30.1,25.6,25.0,41.80000000000002,103.69999999999999,9,248
2025-09-06,A8,TARABERIA,3.8,32.5,25.1,22.821180120142344,88.46001493875849,5.0,8775.35558906746,10.0,7.4,18.8,15.7,31.9,30.2,30.3,25.4,25.6,36.200000000000024,92.69999999999999,9,249
2025-09-07,A8,TARABERIA,0.4,33.1,25.4,22.821180120142344,88.46001493875849,5.0,8775.35558906746,3.8,10.0,7.4,3.7,32.5,31.9,32.0,25.1,25.4,21.20000000000002,80.79999999999998,9,250
2025-09-08,A8,TARABERIA,0.2,32.9,25.5,22.821180120142344,88.46001493875849,5.0,8775.35558906746,0.4,3.8,10.0,21.5,33.1,32.5,33.5,25.4,25.1,14.20000000000002,77.49999999999999,9,251
2025-09-09,A8,TARABERIA,0.2,33.1,25.7,22.821180120142344,88.46001493875849,5.0,8775.35558906746,0.2,0.4,3.8,15.6,32.9,33.1,30.4,25.5,25.4,4.400000000000021,56.19999999999998,9,252
2025-09-10,A8,TARABERIA,0.2,33.7,26.2,22.821180120142344,88.46001493875849,5.0,8775.35558906746,0.2,0.2,0.4,18.8,33.1,32.9,29.3,25.7,25.5,0.8000000000000214,40.79999999999998,9,253
2025-09-11,A8,TARABERIA,4.1,32.8,26.2,22.821180120142344,88.46001493875849,5.0,8775.35558906746,0.2,0.2,0.2,7.4,33.7,33.1,30.2,26.2,25.7,0.6000000000000001,22.199999999999985,9,254
2025-09-12,A8,TARABERIA,19.0,31.1,25.2,22.821180120142344,88.46001493875849,5.0,8775.35558906746,4.1,0.2,0.2,10.0,32.8,33.7,31.9,26.2,26.2,4.500000000000021,18.899999999999984,9,255
2025-09-13,A8,TARABERIA,6.9,30.4,25.6,22.821180120142344,88.46001493875849,5.0,8775.35558906746,19.0,4.1,0.2,3.8,31.1,32.8,32.5,25.2,26.2,23.300000000000022,27.899999999999984,9,256
2025-09-14,A8,TARABERIA,40.9,30.6,26.1,22.821180120142344,88.46001493875849,5.0,8775.35558906746,6.9,19.0,4.1,0.4,30.4,31.1,33.1,25.6,25.2,30.00000000000002,30.999999999999986,9,257
2025-09-15,A8,TARABERIA,25.8,29.3,24.4,22.821180120142344,88.46001493875849,5.0,8775.35558906746,40.9,6.9,19.0,0.2,30.6,30.4,32.9,26.1,25.6,66.80000000000001,71.49999999999999,9,258
2025-09-16,A8,TARABERIA,10.7,29.6,24.4,22.821180120142344,88.46001493875849,5.0,8775.35558906746,25.8,40.9,6.9,0.2,29.3,30.6,33.1,24.4,26.1,73.60000000000002,97.09999999999998,9,259
2025-09-17,A8,TARABERIA,8.4,30.5,24.9,22.821180120142344,88.46001493875849,5.0,8775.35558906746,10.7,25.8,40.9,0.2,29.6,29.3,33.7,24.4,24.4,77.4,107.59999999999998,9,260
2025-09-18,A8,TARABERIA,3.5,32.1,26.0,22.821180120142344,88.46001493875849,5.0,8775.35558906746,8.4,10.7,25.8,4.1,30.5,29.6,32.8,24.9,24.4,44.90000000000002,115.8,9,261
2025-09-19,A8,TARABERIA,12.4,30.7,25.4,22.821180120142344,88.46001493875849,5.0,8775.35558906746,3.5,8.4,10.7,19.0,32.1,30.5,31.1,26.0,24.9,22.600000000000023,115.19999999999999,9,262
2025-09-20,A8,TARABERIA,8.9,32.3,25.9,22.821180120142344,88.46001493875849,5.0,8775.35558906746,12.4,3.5,8.4,6.9,30.7,32.1,30.4,25.4,26.0,24.300000000000022,108.59999999999998,9,263
2025-09-21,A8,TARABERIA,1.1,32.6,25.3,22.821180120142344,88.46001493875849,5.0,8775.35558906746,8.9,12.4,3.5,40.9,32.3,30.7,30.6,25.9,25.4,24.800000000000022,110.6,9,264
2025-09-22,A8,TARABERIA,21.0,30.1,25.0,22.821180120142344,88.46001493875849,5.0,8775.35558906746,1.1,8.9,12.4,25.8,32.6,32.3,29.3,25.3,25.9,22.400000000000023,70.79999999999998,9,265
2025-09-23,A8,TARABERIA,10.8,31.0,24.4,22.821180120142344,88.46001493875849,5.0,8775.35558906746,21.0,1.1,8.9,10.7,30.1,32.6,29.6,25.0,25.3,31.00000000000002,65.99999999999999,9,266
2025-09-24,A8,TARABERIA,4.1,31.5,24.8,22.821180120142344,88.46001493875849,5.0,8775.35558906746,10.8,21.0,1.1,8.4,31.0,30.1,30.5,24.4,25.0,32.90000000000002,66.1,9,267
2025-09-25,A8,TARABERIA,10.8,32.8,25.5,22.821180120142344,88.46001493875849,5.0,8775.35558906746,4.1,10.8,21.0,3.5,31.5,31.0,32.1,24.8,24.4,35.90000000000002,61.79999999999999,9,268
2025-09-26,A8,TARABERIA,3.8,31.9,25.4,22.821180120142344,88.46001493875849,5.0,8775.35558906746,10.8,4.1,10.8,12.4,32.8,31.5,30.7,25.5,24.8,25.700000000000024,69.1,9,269
2025-09-27,A8,TARABERIA,8.0,30.1,25.6,22.821180120142344,88.46001493875849,5.0,8775.35558906746,3.8,10.8,4.1,8.9,31.9,32.8,32.3,25.4,25.5,18.70000000000002,60.499999999999986,9,270
2025-09-28,A8,TARABERIA,6.8,31.6,25.5,22.821180120142344,88.46001493875849,5.0,8775.35558906746,8.0,3.8,10.8,1.1,30.1,31.9,32.6,25.6,25.4,22.600000000000023,59.59999999999999,9,271
2025-09-29,A8,TARABERIA,2.6,32.1,25.7,22.821180120142344,88.46001493875849,5.0,8775.35558906746,6.8,8.0,3.8,21.0,31.6,30.1,30.1,25.5,25.6,18.60000000000002,65.29999999999998,9,272
2025-09-30,A8,TARABERIA,4.3,32.1,26.3,22.821180120142344,88.46001493875849,5.0,8775.35558906746,2.6,6.8,8.0,10.8,32.1,31.6,31.0,25.7,25.5,17.40000000000002,46.899999999999984,9,273
2025-10-01,A8,TARABERIA,15.3,31.4,24.5,22.821180120142344,88.46001493875849,5.0,8775.35558906746,4.3,2.6,6.8,4.1,32.1,32.1,31.5,26.3,25.7,13.700000000000019,40.399999999999984,10,274
2025-10-02,A8,TARABERIA,29.0,27.4,24.5,22.821180120142344,88.46001493875849,5.0,8775.35558906746,15.3,4.3,2.6,10.8,31.4,32.1,32.8,24.5,26.3,22.20000000000002,51.59999999999999,10,275
2025-10-03,A8,TARABERIA,14.7,29.5,25.3,22.821180120142344,88.46001493875849,5.0,8775.35558906746,29.0,15.3,4.3,3.8,27.4,31.4,31.9,24.5,24.5,48.60000000000002,69.79999999999998,10,276
2025-10-04,A8,TARABERIA,9.7,32.0,25.2,22.821180120142344,88.46001493875849,5.0,8775.35558906746,14.7,29.0,15.3,8.0,29.5,27.4,30.1,25.3,24.5,59.00000000000002,80.69999999999999,10,277
2025-10-05,A8,TARABERIA,31.3,30.5,24.2,22.821180120142344,88.46001493875849,5.0,8775.35558906746,9.7,14.7,29.0,6.8,32.0,29.5,31.6,25.2,25.3,53.40000000000002,82.39999999999999,10,278
2025-10-06,A8,TARABERIA,4.0,28.8,24.2,22.821180120142344,88.46001493875849,5.0,8775.35558906746,31.3,9.7,14.7,2.6,30.5,32.0,32.1,24.2,25.2,55.70000000000002,106.89999999999999,10,279
2025-10-07,A8,TARABERIA,7.2,31.1,24.1,22.821180120142344,88.46001493875849,5.0,8775.35558906746,4.0,31.3,9.7,4.3,28.8,30.5,32.1,24.2,24.2,45.000000000000014,108.29999999999998,10,280
2025-10-08,A8,TARABERIA,11.8,30.8,24.4,22.821180120142344,88.46001493875849,5.0,8775.35558906746,7.2,4.0,31.3,15.3,31.1,28.8,31.4,24.1,24.2,42.50000000000002,111.19999999999999,10,281
2025-10-09,A8,TARABERIA,3.3,31.2,24.6,22.821180120142344,88.46001493875849,5.0,8775.35558906746,11.8,7.2,4.0,29.0,30.8,31.1,27.4,24.4,24.1,23.000000000000018,107.69999999999999,10,282
2025-10-10,A8,TARABERIA,11.4,31.3,24.4,22.821180120142344,88.46001493875849,5.0,8775.35558906746,3.3,11.8,7.2,14.7,31.2,30.8,29.5,24.6,24.4,22.30000000000002,81.99999999999999,10,283
2025-10-11,A8,TARABERIA,2.9,30.5,24.1,22.821180120142344,88.46001493875849,5.0,8775.35558906746,11.4,3.3,11.8,9.7,31.3,31.2,32.0,24.4,24.6,26.500000000000018,78.69999999999999,10,284
2025-10-12,A8,TARABERIA,0.0,31.2,24.3,22.821180120142344,88.46001493875849,5.0,8775.35558906746,2.9,11.4,3.3,31.3,30.5,31.3,30.5,24.1,24.4,17.600000000000016,71.89999999999999,10,285
2025-10-13,A8,TARABERIA,0.0,30.6,23.7,22.821180120142344,88.46001493875849,5.0,8775.35558906746,0.0,2.9,11.4,4.0,31.2,30.5,28.8,24.3,24.1,14.300000000000017,40.59999999999999,10,286
2025-10-14,A8,TARABERIA,0.0,31.1,23.1,22.821180120142344,88.46001493875849,5.0,8775.35558906746,0.0,0.0,2.9,7.2,30.6,31.2,31.1,23.7,24.3,2.9000000000000177,36.59999999999999,10,287
2025-10-15,A8,TARABERIA,0.0,31.0,22.9,22.821180120142344,88.46001493875849,5.0,8775.35558906746,0.0,0.0,0.0,11.8,31.1,30.6,30.8,23.1,23.7,0.0,29.399999999999988,10,288
2025-10-16,A8,TARABERIA,0.0,30.8,22.0,22.821180120142344,88.46001493875849,5.0,8775.35558906746,0.0,0.0,0.0,3.3,31.0,31.1,31.2,22.9,23.1,0.0,17.599999999999987,10,289
2025-10-17,A8,TARABERIA,0.0,31.5,22.4,22.821180120142344,88.46001493875849,5.0,8775.35558906746,0.0,0.0,0.0,11.4,30.8,31.0,31.3,22.0,22.9,0.0,14.299999999999988,10,290
2025-10-18,A8,TARABERIA,0.1,31.6,23.7,22.821180120142344,88.46001493875849,5.0,8775.35558906746,0.0,0.0,0.0,2.9,31.5,30.8,30.5,22.4,22.0,0.0,2.8999999999999893,10,291
2025-10-19,A8,TARABERIA,0.1,32.7,24.3,22.821180120142344,88.46001493875849,5.0,8775.35558906746,0.1,0.0,0.0,0.0,31.6,31.5,31.2,23.7,22.4,0.10000000000001777,0.09999999999998935,10,292
2025-10-20,A8,TARABERIA,0.0,32.9,23.5,22.821180120142344,88.46001493875849,5.0,8775.35558906746,0.1,0.1,0.0,0.0,32.7,31.6,30.6,24.3,23.7,0.20000000000001777,0.19999999999998935,10,293
2025-10-21,A8,TARABERIA,0.0,32.9,23.3,22.821180120142344,88.46001493875849,5.0,8775.35558906746,0.0,0.1,0.1,0.0,32.9,32.7,31.1,23.5,24.3,0.20000000000001777,0.19999999999998935,10,294
2025-10-22,A8,TARABERIA,0.0,32.2,22.9,22.821180120142344,88.46001493875849,5.0,8775.35558906746,0.0,0.0,0.1,0.0,32.9,32.9,31.0,23.3,23.5,0.10000000000001777,0.19999999999998935,10,295
2025-10-23,A8,TARABERIA,0.0,32.2,22.9,22.821180120142344,88.46001493875849,5.0,8775.35558906746,0.0,0.0,0.0,0.0,32.2,32.9,30.8,22.9,23.3,0.0,0.19999999999998935,10,296
2025-10-24,A8,TARABERIA,0.0,32.1,22.5,22.821180120142344,88.46001493875849,5.0,8775.35558906746,0.0,0.0,0.0,0.0,32.2,32.2,31.5,22.9,22.9,0.0,0.19999999999998935,10,297
2025-10-25,A8,TARABERIA,0.0,32.0,23.3,22.821180120142344,88.46001493875849,5.0,8775.35558906746,0.0,0.0,0.0,0.1,32.1,32.2,31.6,22.5,22.9,0.0,0.19999999999998935,10,298
2025-10-26,A8,TARABERIA,0.0,32.1,24.1,22.821180120142344,88.46001493875849,5.0,8775.35558906746,0.0,0.0,0.0,0.1,32.0,32.1,32.7,23.3,22.5,0.0,0.09999999999998935,10,299
2025-10-27,A8,TARABERIA,0.1,32.2,23.7,22.821180120142344,88.46001493875849,5.0,8775.35558906746,0.0,0.0,0.0,0.0,32.1,32.0,32.9,24.1,23.3,0.0,0.0,10,300
2025-10-28,A8,TARABERIA,0.5,32.5,24.3,22.821180120142344,88.46001493875849,5.0,8775.35558906746,0.1,0.0,0.0,0.0,32.2,32.1,32.9,23.7,24.1,0.10000000000001777,0.09999999999998935,10,301
2025-10-29,A8,TARABERIA,17.2,28.4,24.5,22.821180120142344,88.46001493875849,5.0,8775.35558906746,0.5,0.1,0.0,0.0,32.5,32.2,32.2,24.3,23.7,0.6000000000000177,0.5999999999999893,10,302
2025-10-30,A8,TARABERIA,15.5,30.2,23.8,22.821180120142344,88.46001493875849,5.0,8775.35558906746,17.2,0.5,0.1,0.0,28.4,32.5,32.2,24.5,24.3,17.80000000000002,17.79999999999999,10,303
2025-10-31,A8,TARABERIA,0.7,31.6,24.3,22.821180120142344,88.46001493875849,5.0,8775.35558906746,15.5,17.2,0.5,0.0,30.2,28.4,32.1,23.8,24.5,33.20000000000002,33.29999999999999,10,304
2025-11-01,A8,TARABERIA,19.3,30.5,25.1,22.821180120142344,88.46001493875849,5.0,8775.35558906746,0.7,15.5,17.2,0.0,31.6,30.2,32.0,24.3,23.8,33.40000000000002,33.99999999999999,11,305
2025-11-02,A8,TARABERIA,0.0,28.5,23.3,22.821180120142344,88.46001493875849,5.0,8775.35558906746,19.3,0.7,15.5,0.0,30.5,31.6,32.1,25.1,24.3,35.500000000000014,53.29999999999999,11,306
2025-11-03,A8,TARABERIA,0.0,29.7,22.2,22.821180120142344,88.46001493875849,5.0,8775.35558906746,0.0,19.3,0.7,0.1,28.5,30.5,32.2,23.3,25.1,20.000000000000018,53.29999999999999,11,307
2025-11-04,A8,TARABERIA,0.0,29.6,19.7,22.821180120142344,88.46001493875849,5.0,8775.35558906746,0.0,0.0,19.3,0.5,29.7,28.5,32.5,22.2,23.3,19.30000000000002,53.19999999999999,11,308
2025-11-05,A8,TARABERIA,0.0,29.8,21.1,22.821180120142344,88.46001493875849,5.0,8775.35558906746,0.0,0.0,0.0,17.2,29.6,29.7,28.4,19.7,22.2,0.0,52.69999999999999,11,309
2025-11-06,A8,TARABERIA,0.5,30.1,21.2,22.821180120142344,88.46001493875849,5.0,8775.35558906746,0.0,0.0,0.0,15.5,29.8,29.6,30.2,21.1,19.7,0.0,35.499999999999986,11,310
2025-11-07,A8,TARABERIA,0.1,29.9,22.4,22.821180120142344,88.46001493875849,5.0,8775.35558906746,0.5,0.0,0.0,0.7,30.1,29.8,31.6,21.2,21.1,0.5000000000000178,20.49999999999999,11,311
2025-11-08,A8,TARABERIA,0.0,29.2,19.8,22.821180120142344,88.46001493875849,5.0,8775.35558906746,0.1,0.5,0.0,19.3,29.9,30.1,30.5,22.4,21.2,0.6000000000000177,19.89999999999999,11,312
2025-11-09,A8,TARABERIA,0.0,28.0,17.8,22.821180120142344,88.46001493875849,5.0,8775.35558906746,0.0,0.1,0.5,0.0,29.2,29.9,28.5,19.8,22.4,0.6000000000000177,0.5999999999999893,11,313
2025-11-10,A8,TARABERIA,0.0,28.4,18.0,22.821180120142344,88.46001493875849,5.0,8775.35558906746,0.0,0.0,0.1,0.0,28.0,29.2,29.7,17.8,19.8,0.10000000000001777,0.5999999999999893,11,314
2025-11-11,A8,TARABERIA,0.0,27.5,16.9,22.821180120142344,88.46001493875849,5.0,8775.35558906746,0.0,0.0,0.0,0.0,28.4,28.0,29.6,18.0,17.8,0.0,0.5999999999999893,11,315
2025-11-12,A8,TARABERIA,0.0,26.7,16.3,22.821180120142344,88.46001493875849,5.0,8775.35558906746,0.0,0.0,0.0,0.0,27.5,28.4,29.8,16.9,18.0,0.0,0.5999999999999893,11,316
2025-11-13,A8,TARABERIA,0.0,26.9,16.2,22.821180120142344,88.46001493875849,5.0,8775.35558906746,0.0,0.0,0.0,0.5,26.7,27.5,30.1,16.3,16.9,0.0,0.5999999999999893,11,317
2025-11-14,A8,TARABERIA,0.0,26.7,16.2,22.821180120142344,88.46001493875849,5.0,8775.35558906746,0.0,0.0,0.0,0.1,26.9,26.7,29.9,16.2,16.3,0.0,0.09999999999998935,11,318
2025-11-15,A8,TARABERIA,0.0,27.0,16.4,22.821180120142344,88.46001493875849,5.0,8775.35558906746,0.0,0.0,0.0,0.0,26.7,26.9,29.2,16.2,16.2,0.0,0.0,11,319
2025-11-16,A8,TARABERIA,0.0,27.1,16.4,22.821180120142344,88.46001493875849,5.0,8775.35558906746,0.0,0.0,0.0,0.0,27.0,26.7,28.0,16.4,16.2,0.0,0.0,11,320
2025-11-17,A8,TARABERIA,0.0,27.0,17.3,22.821180120142344,88.46001493875849,5.0,8775.35558906746,0.0,0.0,0.0,0.0,27.1,27.0,28.4,16.4,16.4,0.0,0.0,11,321
2025-11-18,A8,TARABERIA,0.0,27.9,16.9,22.821180120142344,88.46001493875849,5.0,8775.35558906746,0.0,0.0,0.0,0.0,27.0,27.1,27.5,17.3,16.4,0.0,0.0,11,322
2025-11-19,A8,TARABERIA,0.0,28.6,16.3,22.821180120142344,88.46001493875849,5.0,8775.35558906746,0.0,0.0,0.0,0.0,27.9,27.0,26.7,16.9,17.3,0.0,0.0,11,323
2025-11-20,A8,TARABERIA,0.0,28.1,17.4,22.821180120142344,88.46001493875849,5.0,8775.35558906746,0.0,0.0,0.0,0.0,28.6,27.9,26.9,16.3,16.9,0.0,0.0,11,324
2025-11-21,A8,TARABERIA,0.0,28.2,17.6,22.821180120142344,88.46001493875849,5.0,8775.35558906746,0.0,0.0,0.0,0.0,28.1,28.6,26.7,17.4,16.3,0.0,0.0,11,325
2025-11-22,A8,TARABERIA,0.0,27.8,17.1,22.821180120142344,88.46001493875849,5.0,8775.35558906746,0.0,0.0,0.0,0.0,28.2,28.1,27.0,17.6,17.4,0.0,0.0,11,326
2025-11-23,A8,TARABERIA,0.0,27.7,16.7,22.821180120142344,88.46001493875849,5.0,8775.35558906746,0.0,0.0,0.0,0.0,27.8,28.2,27.1,17.1,17.6,0.0,0.0,11,327
2025-11-24,A8,TARABERIA,0.0,26.7,16.4,22.821180120142344,88.46001493875849,5.0,8775.35558906746,0.0,0.0,0.0,0.0,27.7,27.8,27.0,16.7,17.1,0.0,0.0,11,328
2025-11-25,A8,TARABERIA,0.0,26.1,15.3,22.821180120142344,88.46001493875849,5.0,8775.35558906746,0.0,0.0,0.0,0.0,26.7,27.7,27.9,16.4,16.7,0.0,0.0,11,329
2025-11-26,A8,TARABERIA,0.0,25.8,14.7,22.821180120142344,88.46001493875849,5.0,8775.35558906746,0.0,0.0,0.0,0.0,26.1,26.7,28.6,15.3,16.4,0.0,0.0,11,330
2025-11-27,A8,TARABERIA,0.0,26.8,15.3,22.821180120142344,88.46001493875849,5.0,8775.35558906746,0.0,0.0,0.0,0.0,25.8,26.1,28.1,14.7,15.3,0.0,0.0,11,331
2025-11-28,A8,TARABERIA,0.0,27.1,16.5,22.821180120142344,88.46001493875849,5.0,8775.35558906746,0.0,0.0,0.0,0.0,26.8,25.8,28.2,15.3,14.7,0.0,0.0,11,332
2025-11-29,A8,TARABERIA,0.0,26.9,16.6,22.821180120142344,88.46001493875849,5.0,8775.35558906746,0.0,0.0,0.0,0.0,27.1,26.8,27.8,16.5,15.3,0.0,0.0,11,333
2025-11-30,A8,TARABERIA,0.0,26.9,16.5,22.821180120142344,88.46001493875849,5.0,8775.35558906746,0.0,0.0,0.0,0.0,26.9,27.1,27.7,16.6,16.5,0.0,0.0,11,334
2025-12-01,A8,TARABERIA,0.0,26.6,16.4,22.821180120142344,88.46001493875849,5.0,8775.35558906746,0.0,0.0,0.0,0.0,26.9,26.9,26.7,16.5,16.6,0.0,0.0,12,335
2025-12-02,A8,TARABERIA,0.0,26.7,17.2,22.821180120142344,88.46001493875849,5.0,8775.35558906746,0.0,0.0,0.0,0.0,26.6,26.9,26.1,16.4,16.5,0.0,0.0,12,336
2025-12-03,A8,TARABERIA,0.0,25.9,15.6,22.821180120142344,88.46001493875849,5.0,8775.35558906746,0.0,0.0,0.0,0.0,26.7,26.6,25.8,17.2,16.4,0.0,0.0,12,337
2025-12-04,A8,TARABERIA,0.0,25.3,14.3,22.821180120142344,88.46001493875849,5.0,8775.35558906746,0.0,0.0,0.0,0.0,25.9,26.7,26.8,15.6,17.2,0.0,0.0,12,338
2025-12-05,A8,TARABERIA,0.0,25.4,14.6,22.821180120142344,88.46001493875849,5.0,8775.35558906746,0.0,0.0,0.0,0.0,25.3,25.9,27.1,14.3,15.6,0.0,0.0,12,339
2025-12-06,A8,TARABERIA,0.0,24.5,12.6,22.821180120142344,88.46001493875849,5.0,8775.35558906746,0.0,0.0,0.0,0.0,25.4,25.3,26.9,14.6,14.3,0.0,0.0,12,340
2025-12-07,A8,TARABERIA,0.0,24.8,13.4,22.821180120142344,88.46001493875849,5.0,8775.35558906746,0.0,0.0,0.0,0.0,24.5,25.4,26.9,12.6,14.6,0.0,0.0,12,341
2025-12-08,A8,TARABERIA,0.0,24.9,13.7,22.821180120142344,88.46001493875849,5.0,8775.35558906746,0.0,0.0,0.0,0.0,24.8,24.5,26.6,13.4,12.6,0.0,0.0,12,342
2025-12-09,A8,TARABERIA,0.0,25.1,14.2,22.821180120142344,88.46001493875849,5.0,8775.35558906746,0.0,0.0,0.0,0.0,24.9,24.8,26.7,13.7,13.4,0.0,0.0,12,343
2025-12-10,A8,TARABERIA,0.0,25.2,14.1,22.821180120142344,88.46001493875849,5.0,8775.35558906746,0.0,0.0,0.0,0.0,25.1,24.9,25.9,14.2,13.7,0.0,0.0,12,344
2025-12-11,A8,TARABERIA,0.0,25.1,13.7,22.821180120142344,88.46001493875849,5.0,8775.35558906746,0.0,0.0,0.0,0.0,25.2,25.1,25.3,14.1,14.2,0.0,0.0,12,345
2025-12-12,A8,TARABERIA,0.0,25.0,13.9,22.821180120142344,88.46001493875849,5.0,8775.35558906746,0.0,0.0,0.0,0.0,25.1,25.2,25.4,13.7,14.1,0.0,0.0,12,346
2025-12-13,A8,TARABERIA,0.0,25.4,14.2,22.821180120142344,88.46001493875849,5.0,8775.35558906746,0.0,0.0,0.0,0.0,25.0,25.1,24.5,13.9,13.7,0.0,0.0,12,347
2025-12-14,A8,TARABERIA,0.0,26.5,14.4,22.821180120142344,88.46001493875849,5.0,8775.35558906746,0.0,0.0,0.0,0.0,25.4,25.0,24.8,14.2,13.9,0.0,0.0,12,348
2025-12-15,A8,TARABERIA,0.0,26.1,14.8,22.821180120142344,88.46001493875849,5.0,8775.35558906746,0.0,0.0,0.0,0.0,26.5,25.4,24.9,14.4,14.2,0.0,0.0,12,349
2025-12-16,A8,TARABERIA,0.0,25.1,14.4,22.821180120142344,88.46001493875849,5.0,8775.35558906746,0.0,0.0,0.0,0.0,26.1,26.5,25.1,14.8,14.4,0.0,0.0,12,350
2025-12-17,A8,TARABERIA,0.0,25.3,14.3,22.821180120142344,88.46001493875849,5.0,8775.35558906746,0.0,0.0,0.0,0.0,25.1,26.1,25.2,14.4,14.8,0.0,0.0,12,351
2025-12-18,A8,TARABERIA,0.0,26.4,14.6,22.821180120142344,88.46001493875849,5.0,8775.35558906746,0.0,0.0,0.0,0.0,25.3,25.1,25.1,14.3,14.4,0.0,0.0,12,352
2025-12-19,A8,TARABERIA,0.0,26.1,15.4,22.821180120142344,88.46001493875849,5.0,8775.35558906746,0.0,0.0,0.0,0.0,26.4,25.3,25.0,14.6,14.3,0.0,0.0,12,353
2025-12-20,A8,TARABERIA,0.0,24.0,15.2,22.821180120142344,88.46001493875849,5.0,8775.35558906746,0.0,0.0,0.0,0.0,26.1,26.4,25.4,15.4,14.6,0.0,0.0,12,354
2025-12-21,A8,TARABERIA,0.0,23.8,14.3,22.821180120142344,88.46001493875849,5.0,8775.35558906746,0.0,0.0,0.0,0.0,24.0,26.1,26.5,15.2,15.4,0.0,0.0,12,355
2025-12-22,A8,TARABERIA,0.0,24.5,14.4,22.821180120142344,88.46001493875849,5.0,8775.35558906746,0.0,0.0,0.0,0.0,23.8,24.0,26.1,14.3,15.2,0.0,0.0,12,356
2025-12-23,A8,TARABERIA,0.0,24.0,13.8,22.821180120142344,88.46001493875849,5.0,8775.35558906746,0.0,0.0,0.0,0.0,24.5,23.8,25.1,14.4,14.3,0.0,0.0,12,357
2025-12-24,A8,TARABERIA,0.0,23.7,13.2,22.821180120142344,88.46001493875849,5.0,8775.35558906746,0.0,0.0,0.0,0.0,24.0,24.5,25.3,13.8,14.4,0.0,0.0,12,358
2025-12-25,A8,TARABERIA,0.0,21.4,11.7,22.821180120142344,88.46001493875849,5.0,8775.35558906746,0.0,0.0,0.0,0.0,23.7,24.0,26.4,13.2,13.8,0.0,0.0,12,359
2025-12-26,A8,TARABERIA,0.0,21.8,10.9,22.821180120142344,88.46001493875849,5.0,8775.35558906746,0.0,0.0,0.0,0.0,21.4,23.7,26.1,11.7,13.2,0.0,0.0,12,360
2025-12-27,A8,TARABERIA,0.0,23.1,12.0,22.821180120142344,88.46001493875849,5.0,8775.35558906746,0.0,0.0,0.0,0.0,21.8,21.4,24.0,10.9,11.7,0.0,0.0,12,361
2025-12-28,A8,TARABERIA,0.0,22.0,12.7,22.821180120142344,88.46001493875849,5.0,8775.35558906746,0.0,0.0,0.0,0.0,23.1,21.8,23.8,12.0,10.9,0.0,0.0,12,362
2025-12-29,A8,TARABERIA,0.0,20.4,11.7,22.821180120142344,88.46001493875849,5.0,8775.35558906746,0.0,0.0,0.0,0.0,22.0,23.1,24.5,12.7,12.0,0.0,0.0,12,363
2025-12-30,A8,TARABERIA,0.0,19.6,10.4,22.821180120142344,88.46001493875849,5.0,8775.35558906746,0.0,0.0,0.0,0.0,20.4,22.0,24.0,11.7,12.7,0.0,0.0,12,364
2025-12-31,A8,TARABERIA,0.0,20.8,9.0,22.821180120142344,88.46001493875849,5.0,8775.35558906746,0.0,0.0,0.0,0.0,19.6,20.4,23.7,10.4,11.7,0.0,0.0,12,365
